job=40764934 array=40763057_10 host=g3122 gpu=NVIDIA L40S start=2026-09-27T04:13:55-07:00 commit=b7edc012ae318ffac8b2749a830cdaf6f471ca3c cmd=$PY -m paper_eval.component_sota.csl_l2m infer --which official --shard $SHARD --num-shards $NSHARDS
csl_off: tasks 1800 shard 112 todo 101
/gscratch/ark/pingw220/miniconda3/envs/midi-sag/lib/python3.9/site-packages/jieba/_compat.py:18: UserWarning: pkg_resources is deprecated as an API. See https://setuptools.pypa.io/en/latest/pkg_resources.html. The pkg_resources package is slated for removal as early as 2025-11-30. Refrain from using this package or pin to Setuptools<81.
  import pkg_resources
/gscratch/ark/pingw220/miniconda3/envs/midi-sag/lib/python3.9/site-packages/torch/nn/modules/transformer.py:379: UserWarning: enable_nested_tensor is True, but self.use_nested_tensor is False because encoder_layer.self_attn.batch_first was not True(use batch_first for better inference performance)
  warnings.warn(
/mmfs1/gscratch/scrubbed/pingw220/music_acc/Qwen-ABC-component/paper_eval/component_sota/csl_l2m.py:173: FutureWarning: You are using `torch.load` with `weights_only=False` (the current default value), which uses the default pickle module implicitly. It is possible to construct malicious pickle data which will execute arbitrary code during unpickling (See https://github.com/pytorch/pytorch/blob/main/SECURITY.md#untrusted-models for more details). In a future release, the default value for `weights_only` will be flipped to `True`. This limits the functions that could be executed during unpickling. Arbitrary objects will no longer be allowed to be loaded via this mode unless they are explicitly allowlisted by the user via `torch.serialization.add_safe_globals`. We recommend you start setting `weights_only=True` for any use case where you don't have full control of the loaded file. Please open an issue on GitHub for any issues related to this experimental feature.
  sd = torch.load(ckpt, map_location="cpu")
load: {"missing": [], "unexpected": ["notedensity_emb.emb_lookup.weight", "lyricVSnote_emb.emb_lookup.weight", "meanpitch_emb.emb_lookup.weight", "meanduration_emb.emb_lookup.weight"], "ckpt": "/gscratch/ark/pingw220/third_party/csl_l2m_ckpt/pretrained_CSLL2M_onlyLyrics.pt", "config": "/mmfs1/gscratch/scrubbed/pingw220/music_acc/Qwen-ABC-component/configs/component_sota/csl_l2m_onlylyrics_official.yaml"}
-- generated events: 1126
-- time elapsed: 9.87 secs
18wGt2QzrQO73VY4akreyx orig S3 ok=True fail=None 11.36s
-- generated events: 1059
-- time elapsed: 8.67 secs
19eK3bar5P6Xcw6LzdXCHb orig S3 ok=True fail=None 8.77s
[info] error EOS occurs, failed eos: 1
[info] error EOS occurs, failed eos: 2
[info] error EOS occurs, failed eos: 3
[info] error EOS occurs, failed eos: 4
[info] error EOS occurs, failed eos: 5
[info] error EOS occurs, failed eos: 6
[info] error EOS occurs, failed eos: 7
[info] error EOS occurs, failed eos: 8
[info] error EOS occurs, failed eos: 9
[info] error EOS occurs, failed eos: 10
[info] error EOS occurs, failed eos: 11
[info] error EOS occurs, failed eos: 12
[info] error EOS occurs, failed eos: 13
[info] error EOS occurs, failed eos: 14
[info] error EOS occurs, failed eos: 15
[info] error EOS occurs, failed eos: 16
[info] error EOS occurs, failed eos: 17
[info] error EOS occurs, failed eos: 18
[info] error EOS occurs, failed eos: 19
[info] error EOS occurs, failed eos: 20
[info] error EOS occurs, failed eos: 21
[info] error EOS occurs, failed eos: 22
[info] error EOS occurs, failed eos: 23
[info] error EOS occurs, failed eos: 24
[info] error EOS occurs, failed eos: 25
[info] error EOS occurs, failed eos: 26
[info] error EOS occurs, failed eos: 27
[info] error EOS occurs, failed eos: 28
[info] error EOS occurs, failed eos: 29
[info] error EOS occurs, failed eos: 30
[info] error EOS occurs, failed eos: 31
[info] error EOS occurs, failed eos: 32
[info] error EOS occurs, failed eos: 33
[info] error EOS occurs, failed eos: 34
[info] error EOS occurs, failed eos: 35
[info] error EOS occurs, failed eos: 36
[info] error EOS occurs, failed eos: 37
[info] error EOS occurs, failed eos: 38
[info] error EOS occurs, failed eos: 39
[info] error EOS occurs, failed eos: 40
[info] error EOS occurs, failed eos: 41
[info] error EOS occurs, failed eos: 42
[info] error EOS occurs, failed eos: 43
[info] error EOS occurs, failed eos: 44
[info] error EOS occurs, failed eos: 45
[info] error EOS occurs, failed eos: 46
[info] error EOS occurs, failed eos: 47
[info] error EOS occurs, failed eos: 48
[info] error EOS occurs, failed eos: 49
[info] error EOS occurs, failed eos: 50
[info] error EOS occurs, failed eos: 51
[info] error EOS occurs, failed eos: 52
[info] error EOS occurs, failed eos: 53
[info] error EOS occurs, failed eos: 54
[info] error EOS occurs, failed eos: 55
[info] error EOS occurs, failed eos: 56
[info] error EOS occurs, failed eos: 57
[info] error EOS occurs, failed eos: 58
[info] error EOS occurs, failed eos: 59
[info] error EOS occurs, failed eos: 60
[info] error EOS occurs, failed eos: 61
[info] error EOS occurs, failed eos: 62
[info] error EOS occurs, failed eos: 63
[info] error EOS occurs, failed eos: 64
[info] error EOS occurs, failed eos: 65
[info] error EOS occurs, failed eos: 66
[info] error EOS occurs, failed eos: 67
[info] error EOS occurs, failed eos: 68
[info] error EOS occurs, failed eos: 69
[info] error EOS occurs, failed eos: 70
[info] error EOS occurs, failed eos: 71
[info] error EOS occurs, failed eos: 72
[info] error EOS occurs, failed eos: 73
[info] error EOS occurs, failed eos: 74
[info] error EOS occurs, failed eos: 75
[info] error EOS occurs, failed eos: 76
[info] error EOS occurs, failed eos: 77
[info] error EOS occurs, failed eos: 78
[info] error EOS occurs, failed eos: 79
[info] error EOS occurs, failed eos: 80
[info] error EOS occurs, failed eos: 81
[info] error EOS occurs, failed eos: 82
[info] error EOS occurs, failed eos: 83
[info] error EOS occurs, failed eos: 84
[info] error EOS occurs, failed eos: 85
[info] error EOS occurs, failed eos: 86
[info] error EOS occurs, failed eos: 87
[info] error EOS occurs, failed eos: 88
[info] error EOS occurs, failed eos: 89
[info] error EOS occurs, failed eos: 90
[info] error EOS occurs, failed eos: 91
[info] error EOS occurs, failed eos: 92
[info] error EOS occurs, failed eos: 93
[info] error EOS occurs, failed eos: 94
[info] error EOS occurs, failed eos: 95
[info] error EOS occurs, failed eos: 96
[info] error EOS occurs, failed eos: 97
[info] error EOS occurs, failed eos: 98
[info] error EOS occurs, failed eos: 99
[info] error EOS occurs, failed eos: 100
[info] error EOS occurs, failed eos: 101
[info] error EOS occurs, failed eos: 102
[info] error EOS occurs, failed eos: 103
[info] error EOS occurs, failed eos: 104
[info] error EOS occurs, failed eos: 105
[info] error EOS occurs, failed eos: 106
[info] error EOS occurs, failed eos: 107
[info] error EOS occurs, failed eos: 108
[info] error EOS occurs, failed eos: 109
[info] error EOS occurs, failed eos: 110
[info] error EOS occurs, failed eos: 111
[info] error EOS occurs, failed eos: 112
[info] error EOS occurs, failed eos: 113
[info] error EOS occurs, failed eos: 114
[info] error EOS occurs, failed eos: 115
[info] error EOS occurs, failed eos: 116
[info] error EOS occurs, failed eos: 117
[info] error EOS occurs, failed eos: 118
[info] error EOS occurs, failed eos: 119
[info] error EOS occurs, failed eos: 120
[info] error EOS occurs, failed eos: 121
[info] error EOS occurs, failed eos: 122
[info] error EOS occurs, failed eos: 123
[info] error EOS occurs, failed eos: 124
[info] error EOS occurs, failed eos: 125
[info] error EOS occurs, failed eos: 126
[info] error EOS occurs, failed eos: 127
[info] error EOS occurs, failed eos: 128
[FATAL] model stuck, eos error ...
[info] position not increasing, failed cnt: 1
[info] position not increasing, failed cnt: 1
[info] position not increasing, failed cnt: 2
[info] position not increasing, failed cnt: 3
[info] position not increasing, failed cnt: 4
[info] position not increasing, failed cnt: 5
[info] position not increasing, failed cnt: 6
[info] position not increasing, failed cnt: 7
[info] position not increasing, failed cnt: 8
[info] position not increasing, failed cnt: 9
[info] position not increasing, failed cnt: 10
[info] position not increasing, failed cnt: 11
[info] position not increasing, failed cnt: 12
[info] position not increasing, failed cnt: 13
[info] position not increasing, failed cnt: 14
[info] position not increasing, failed cnt: 15
[info] position not increasing, failed cnt: 16
[info] position not increasing, failed cnt: 17
[info] position not increasing, failed cnt: 18
[info] position not increasing, failed cnt: 19
[info] position not increasing, failed cnt: 20
[info] position not increasing, failed cnt: 21
[info] position not increasing, failed cnt: 22
[info] position not increasing, failed cnt: 23
[info] position not increasing, failed cnt: 24
[info] position not increasing, failed cnt: 25
[info] position not increasing, failed cnt: 26
[info] position not increasing, failed cnt: 27
[info] position not increasing, failed cnt: 28
[info] position not increasing, failed cnt: 29
[info] position not increasing, failed cnt: 30
[info] position not increasing, failed cnt: 31
[info] position not increasing, failed cnt: 32
[info] position not increasing, failed cnt: 33
[info] position not increasing, failed cnt: 34
[info] position not increasing, failed cnt: 35
[info] position not increasing, failed cnt: 36
[info] position not increasing, failed cnt: 37
[info] position not increasing, failed cnt: 38
[info] position not increasing, failed cnt: 39
[info] position not increasing, failed cnt: 40
[info] position not increasing, failed cnt: 41
[info] position not increasing, failed cnt: 42
[info] position not increasing, failed cnt: 43
[info] position not increasing, failed cnt: 44
[info] position not increasing, failed cnt: 45
[info] position not increasing, failed cnt: 46
[info] position not increasing, failed cnt: 47
[info] position not increasing, failed cnt: 48
[info] position not increasing, failed cnt: 49
[info] position not increasing, failed cnt: 50
[info] position not increasing, failed cnt: 51
[info] position not increasing, failed cnt: 52
[info] position not increasing, failed cnt: 53
[info] position not increasing, failed cnt: 54
[info] position not increasing, failed cnt: 55
[info] position not increasing, failed cnt: 56
[info] position not increasing, failed cnt: 57
[info] position not increasing, failed cnt: 58
[info] position not increasing, failed cnt: 59
[info] position not increasing, failed cnt: 60
[info] position not increasing, failed cnt: 61
[info] position not increasing, failed cnt: 62
[info] position not increasing, failed cnt: 63
[info] position not increasing, failed cnt: 64
[info] position not increasing, failed cnt: 65
[info] position not increasing, failed cnt: 66
[info] position not increasing, failed cnt: 67
[info] position not increasing, failed cnt: 68
[info] position not increasing, failed cnt: 69
[info] position not increasing, failed cnt: 70
[info] position not increasing, failed cnt: 71
[info] position not increasing, failed cnt: 72
[info] position not increasing, failed cnt: 73
[info] position not increasing, failed cnt: 74
[info] position not increasing, failed cnt: 75
[info] position not increasing, failed cnt: 76
[info] position not increasing, failed cnt: 77
[info] position not increasing, failed cnt: 78
[info] position not increasing, failed cnt: 79
[info] position not increasing, failed cnt: 80
[info] position not increasing, failed cnt: 81
[info] position not increasing, failed cnt: 82
[info] position not increasing, failed cnt: 83
[info] position not increasing, failed cnt: 84
[info] position not increasing, failed cnt: 85
[info] position not increasing, failed cnt: 86
[info] position not increasing, failed cnt: 87
[info] position not increasing, failed cnt: 88
[info] position not increasing, failed cnt: 89
[info] position not increasing, failed cnt: 90
[info] position not increasing, failed cnt: 91
[info] position not increasing, failed cnt: 92
[info] position not increasing, failed cnt: 93
[info] position not increasing, failed cnt: 94
[info] position not increasing, failed cnt: 95
[info] position not increasing, failed cnt: 96
[info] position not increasing, failed cnt: 97
[info] position not increasing, failed cnt: 98
[info] position not increasing, failed cnt: 99
[info] position not increasing, failed cnt: 100
[info] position not increasing, failed cnt: 101
[info] position not increasing, failed cnt: 102
[info] position not increasing, failed cnt: 103
[info] position not increasing, failed cnt: 104
[info] position not increasing, failed cnt: 105
[info] position not increasing, failed cnt: 106
[info] position not increasing, failed cnt: 107
[info] position not increasing, failed cnt: 108
[info] position not increasing, failed cnt: 109
[info] position not increasing, failed cnt: 110
[info] position not increasing, failed cnt: 111
[info] position not increasing, failed cnt: 112
[info] position not increasing, failed cnt: 113
[info] position not increasing, failed cnt: 114
[info] position not increasing, failed cnt: 115
[info] position not increasing, failed cnt: 116
[info] position not increasing, failed cnt: 117
[info] position not increasing, failed cnt: 118
[info] position not increasing, failed cnt: 119
[info] position not increasing, failed cnt: 120
[info] position not increasing, failed cnt: 121
[info] position not increasing, failed cnt: 122
[info] position not increasing, failed cnt: 123
[info] position not increasing, failed cnt: 124
[info] position not increasing, failed cnt: 125
[info] position not increasing, failed cnt: 126
[info] position not increasing, failed cnt: 127
[info] position not increasing, failed cnt: 128
[FATAL] model stuck, exiting ...
[info] position not increasing, failed cnt: 1
[info] position not increasing, failed cnt: 2
[info] position not increasing, failed cnt: 3
[info] position not increasing, failed cnt: 4
[info] position not increasing, failed cnt: 5
[info] position not increasing, failed cnt: 6
[info] position not increasing, failed cnt: 7
[info] position not increasing, failed cnt: 8
[info] position not increasing, failed cnt: 9
[info] position not increasing, failed cnt: 10
[info] position not increasing, failed cnt: 11
[info] position not increasing, failed cnt: 12
[info] position not increasing, failed cnt: 13
[info] position not increasing, failed cnt: 14
[info] position not increasing, failed cnt: 15
[info] position not increasing, failed cnt: 16
[info] position not increasing, failed cnt: 17
[info] position not increasing, failed cnt: 18
[info] position not increasing, failed cnt: 19
[info] position not increasing, failed cnt: 20
[info] position not increasing, failed cnt: 21
[info] position not increasing, failed cnt: 22
[info] position not increasing, failed cnt: 23
[info] position not increasing, failed cnt: 24
[info] position not increasing, failed cnt: 25
[info] position not increasing, failed cnt: 26
[info] position not increasing, failed cnt: 27
[info] position not increasing, failed cnt: 28
[info] position not increasing, failed cnt: 29
[info] position not increasing, failed cnt: 30
[info] position not increasing, failed cnt: 31
[info] position not increasing, failed cnt: 32
[info] position not increasing, failed cnt: 33
[info] position not increasing, failed cnt: 34
[info] position not increasing, failed cnt: 35
[info] position not increasing, failed cnt: 36
[info] position not increasing, failed cnt: 37
[info] position not increasing, failed cnt: 38
[info] position not increasing, failed cnt: 39
[info] position not increasing, failed cnt: 40
[info] position not increasing, failed cnt: 41
[info] position not increasing, failed cnt: 42
[info] position not increasing, failed cnt: 43
[info] position not increasing, failed cnt: 44
[info] position not increasing, failed cnt: 45
[info] position not increasing, failed cnt: 46
[info] position not increasing, failed cnt: 47
[info] position not increasing, failed cnt: 48
[info] position not increasing, failed cnt: 49
[info] position not increasing, failed cnt: 50
[info] position not increasing, failed cnt: 51
[info] position not increasing, failed cnt: 52
[info] position not increasing, failed cnt: 53
[info] position not increasing, failed cnt: 54
[info] position not increasing, failed cnt: 55
[info] position not increasing, failed cnt: 56
[info] position not increasing, failed cnt: 57
[info] position not increasing, failed cnt: 58
[info] position not increasing, failed cnt: 59
[info] position not increasing, failed cnt: 60
[info] position not increasing, failed cnt: 61
[info] position not increasing, failed cnt: 62
[info] position not increasing, failed cnt: 63
[info] position not increasing, failed cnt: 64
[info] position not increasing, failed cnt: 65
[info] position not increasing, failed cnt: 66
[info] position not increasing, failed cnt: 67
[info] position not increasing, failed cnt: 68
[info] position not increasing, failed cnt: 69
[info] position not increasing, failed cnt: 70
[info] position not increasing, failed cnt: 71
[info] position not increasing, failed cnt: 72
[info] position not increasing, failed cnt: 73
[info] position not increasing, failed cnt: 74
[info] position not increasing, failed cnt: 75
[info] position not increasing, failed cnt: 76
[info] position not increasing, failed cnt: 77
[info] position not increasing, failed cnt: 78
[info] position not increasing, failed cnt: 79
[info] position not increasing, failed cnt: 80
[info] position not increasing, failed cnt: 81
[info] position not increasing, failed cnt: 82
[info] position not increasing, failed cnt: 83
[info] position not increasing, failed cnt: 84
[info] position not increasing, failed cnt: 85
[info] position not increasing, failed cnt: 86
[info] position not increasing, failed cnt: 87
[info] position not increasing, failed cnt: 88
[info] position not increasing, failed cnt: 89
[info] position not increasing, failed cnt: 90
[info] position not increasing, failed cnt: 91
[info] position not increasing, failed cnt: 92
[info] position not increasing, failed cnt: 93
[info] position not increasing, failed cnt: 94
[info] position not increasing, failed cnt: 95
[info] position not increasing, failed cnt: 96
[info] position not increasing, failed cnt: 97
[info] position not increasing, failed cnt: 98
[info] position not increasing, failed cnt: 99
[info] position not increasing, failed cnt: 100
[info] position not increasing, failed cnt: 101
[info] position not increasing, failed cnt: 102
[info] position not increasing, failed cnt: 103
[info] position not increasing, failed cnt: 104
[info] position not increasing, failed cnt: 105
[info] position not increasing, failed cnt: 106
[info] position not increasing, failed cnt: 107
[info] position not increasing, failed cnt: 108
[info] position not increasing, failed cnt: 109
[info] position not increasing, failed cnt: 110
[info] position not increasing, failed cnt: 111
[info] position not increasing, failed cnt: 112
[info] position not increasing, failed cnt: 113
[info] position not increasing, failed cnt: 114
[info] position not increasing, failed cnt: 115
[info] position not increasing, failed cnt: 116
[info] position not increasing, failed cnt: 117
[info] position not increasing, failed cnt: 118
[info] position not increasing, failed cnt: 119
[info] position not increasing, failed cnt: 120
[info] position not increasing, failed cnt: 121
[info] position not increasing, failed cnt: 122
[info] position not increasing, failed cnt: 123
[info] position not increasing, failed cnt: 124
[info] position not increasing, failed cnt: 125
[info] position not increasing, failed cnt: 126
[info] position not increasing, failed cnt: 127
[info] position not increasing, failed cnt: 128
[FATAL] model stuck, exiting ...
[info] position not increasing, failed cnt: 1
[info] position not increasing, failed cnt: 1
[info] position not increasing, failed cnt: 2
[info] position not increasing, failed cnt: 3
[info] position not increasing, failed cnt: 4
[info] position not increasing, failed cnt: 5
[info] position not increasing, failed cnt: 6
[info] position not increasing, failed cnt: 7
[info] position not increasing, failed cnt: 8
[info] position not increasing, failed cnt: 9
[info] position not increasing, failed cnt: 10
[info] position not increasing, failed cnt: 11
[info] position not increasing, failed cnt: 12
[info] position not increasing, failed cnt: 13
[info] position not increasing, failed cnt: 14
[info] position not increasing, failed cnt: 15
[info] position not increasing, failed cnt: 16
[info] position not increasing, failed cnt: 17
[info] position not increasing, failed cnt: 18
[info] position not increasing, failed cnt: 19
[info] position not increasing, failed cnt: 20
[info] position not increasing, failed cnt: 21
[info] position not increasing, failed cnt: 22
[info] position not increasing, failed cnt: 23
[info] position not increasing, failed cnt: 24
[info] position not increasing, failed cnt: 25
[info] position not increasing, failed cnt: 26
[info] position not increasing, failed cnt: 27
[info] position not increasing, failed cnt: 28
[info] position not increasing, failed cnt: 29
[info] position not increasing, failed cnt: 30
[info] position not increasing, failed cnt: 31
[info] position not increasing, failed cnt: 32
[info] position not increasing, failed cnt: 33
[info] position not increasing, failed cnt: 34
[info] position not increasing, failed cnt: 35
[info] position not increasing, failed cnt: 36
[info] position not increasing, failed cnt: 37
[info] position not increasing, failed cnt: 38
[info] position not increasing, failed cnt: 39
[info] position not increasing, failed cnt: 40
[info] position not increasing, failed cnt: 41
[info] position not increasing, failed cnt: 42
[info] position not increasing, failed cnt: 43
[info] position not increasing, failed cnt: 44
[info] position not increasing, failed cnt: 45
[info] position not increasing, failed cnt: 46
[info] position not increasing, failed cnt: 47
[info] position not increasing, failed cnt: 48
[info] position not increasing, failed cnt: 49
[info] position not increasing, failed cnt: 50
[info] position not increasing, failed cnt: 51
[info] position not increasing, failed cnt: 52
[info] position not increasing, failed cnt: 53
[info] position not increasing, failed cnt: 54
[info] position not increasing, failed cnt: 55
[info] position not increasing, failed cnt: 56
[info] position not increasing, failed cnt: 57
[info] position not increasing, failed cnt: 58
[info] position not increasing, failed cnt: 59
[info] position not increasing, failed cnt: 60
[info] position not increasing, failed cnt: 61
[info] position not increasing, failed cnt: 62
[info] position not increasing, failed cnt: 63
[info] position not increasing, failed cnt: 64
[info] position not increasing, failed cnt: 65
[info] position not increasing, failed cnt: 66
[info] position not increasing, failed cnt: 67
[info] position not increasing, failed cnt: 68
[info] position not increasing, failed cnt: 69
[info] position not increasing, failed cnt: 70
[info] position not increasing, failed cnt: 71
[info] position not increasing, failed cnt: 72
[info] position not increasing, failed cnt: 73
[info] position not increasing, failed cnt: 74
[info] position not increasing, failed cnt: 75
[info] position not increasing, failed cnt: 76
[info] position not increasing, failed cnt: 77
[info] position not increasing, failed cnt: 78
[info] position not increasing, failed cnt: 79
[info] position not increasing, failed cnt: 80
[info] position not increasing, failed cnt: 81
[info] position not increasing, failed cnt: 82
[info] position not increasing, failed cnt: 83
[info] position not increasing, failed cnt: 84
[info] position not increasing, failed cnt: 85
[info] position not increasing, failed cnt: 86
[info] position not increasing, failed cnt: 87
[info] position not increasing, failed cnt: 88
[info] position not increasing, failed cnt: 89
[info] position not increasing, failed cnt: 90
[info] position not increasing, failed cnt: 91
[info] position not increasing, failed cnt: 92
[info] position not increasing, failed cnt: 93
[info] position not increasing, failed cnt: 94
[info] position not increasing, failed cnt: 95
[info] position not increasing, failed cnt: 96
[info] position not increasing, failed cnt: 97
[info] position not increasing, failed cnt: 98
[info] position not increasing, failed cnt: 99
[info] position not increasing, failed cnt: 100
[info] position not increasing, failed cnt: 101
[info] position not increasing, failed cnt: 102
[info] position not increasing, failed cnt: 103
[info] position not increasing, failed cnt: 104
[info] position not increasing, failed cnt: 105
[info] position not increasing, failed cnt: 106
[info] position not increasing, failed cnt: 107
[info] position not increasing, failed cnt: 108
[info] position not increasing, failed cnt: 109
[info] position not increasing, failed cnt: 110
[info] position not increasing, failed cnt: 111
[info] position not increasing, failed cnt: 112
[info] position not increasing, failed cnt: 113
[info] position not increasing, failed cnt: 114
[info] position not increasing, failed cnt: 115
[info] position not increasing, failed cnt: 116
[info] position not increasing, failed cnt: 117
[info] position not increasing, failed cnt: 118
[info] position not increasing, failed cnt: 119
[info] position not increasing, failed cnt: 120
[info] position not increasing, failed cnt: 121
[info] position not increasing, failed cnt: 122
[info] position not increasing, failed cnt: 123
[info] position not increasing, failed cnt: 124
[info] position not increasing, failed cnt: 125
[info] position not increasing, failed cnt: 126
[info] position not increasing, failed cnt: 127
[info] position not increasing, failed cnt: 128
[FATAL] model stuck, exiting ...
[info] position not increasing, failed cnt: 1
[info] position not increasing, failed cnt: 2
[info] position not increasing, failed cnt: 3
[info] position not increasing, failed cnt: 1
[info] position not increasing, failed cnt: 2
[info] position not increasing, failed cnt: 3
[info] position not increasing, failed cnt: 4
[info] position not increasing, failed cnt: 5
[info] position not increasing, failed cnt: 6
[info] position not increasing, failed cnt: 7
[info] position not increasing, failed cnt: 8
[info] position not increasing, failed cnt: 9
[info] position not increasing, failed cnt: 10
[info] position not increasing, failed cnt: 11
[info] position not increasing, failed cnt: 12
[info] position not increasing, failed cnt: 13
[info] position not increasing, failed cnt: 14
[info] position not increasing, failed cnt: 15
[info] position not increasing, failed cnt: 16
[info] position not increasing, failed cnt: 17
[info] position not increasing, failed cnt: 18
[info] position not increasing, failed cnt: 19
[info] position not increasing, failed cnt: 20
[info] position not increasing, failed cnt: 21
[info] position not increasing, failed cnt: 22
[info] position not increasing, failed cnt: 23
[info] position not increasing, failed cnt: 24
[info] position not increasing, failed cnt: 25
[info] position not increasing, failed cnt: 26
[info] position not increasing, failed cnt: 27
[info] position not increasing, failed cnt: 28
[info] position not increasing, failed cnt: 29
[info] position not increasing, failed cnt: 30
[info] position not increasing, failed cnt: 31
[info] position not increasing, failed cnt: 32
[info] position not increasing, failed cnt: 33
[info] position not increasing, failed cnt: 34
[info] position not increasing, failed cnt: 35
[info] position not increasing, failed cnt: 36
[info] position not increasing, failed cnt: 37
[info] position not increasing, failed cnt: 38
[info] position not increasing, failed cnt: 39
[info] position not increasing, failed cnt: 40
[info] position not increasing, failed cnt: 41
[info] position not increasing, failed cnt: 42
[info] position not increasing, failed cnt: 43
[info] position not increasing, failed cnt: 44
[info] position not increasing, failed cnt: 45
[info] position not increasing, failed cnt: 46
[info] position not increasing, failed cnt: 47
[info] position not increasing, failed cnt: 48
[info] position not increasing, failed cnt: 49
[info] position not increasing, failed cnt: 50
[info] position not increasing, failed cnt: 51
[info] position not increasing, failed cnt: 52
[info] position not increasing, failed cnt: 53
[info] position not increasing, failed cnt: 54
[info] position not increasing, failed cnt: 55
[info] position not increasing, failed cnt: 56
[info] position not increasing, failed cnt: 57
[info] position not increasing, failed cnt: 58
[info] position not increasing, failed cnt: 59
[info] position not increasing, failed cnt: 60
[info] position not increasing, failed cnt: 61
[info] position not increasing, failed cnt: 62
[info] position not increasing, failed cnt: 63
[info] position not increasing, failed cnt: 64
[info] position not increasing, failed cnt: 65
[info] position not increasing, failed cnt: 66
[info] position not increasing, failed cnt: 67
[info] position not increasing, failed cnt: 68
[info] position not increasing, failed cnt: 69
[info] position not increasing, failed cnt: 70
[info] position not increasing, failed cnt: 71
[info] position not increasing, failed cnt: 72
[info] position not increasing, failed cnt: 73
[info] position not increasing, failed cnt: 74
[info] position not increasing, failed cnt: 75
[info] position not increasing, failed cnt: 76
[info] position not increasing, failed cnt: 77
[info] position not increasing, failed cnt: 78
[info] position not increasing, failed cnt: 79
[info] position not increasing, failed cnt: 80
[info] position not increasing, failed cnt: 81
[info] position not increasing, failed cnt: 82
[info] position not increasing, failed cnt: 83
[info] position not increasing, failed cnt: 84
[info] position not increasing, failed cnt: 85
[info] position not increasing, failed cnt: 86
[info] position not increasing, failed cnt: 87
[info] position not increasing, failed cnt: 88
[info] position not increasing, failed cnt: 89
[info] position not increasing, failed cnt: 90
[info] position not increasing, failed cnt: 91
[info] position not increasing, failed cnt: 92
[info] position not increasing, failed cnt: 93
[info] position not increasing, failed cnt: 94
[info] position not increasing, failed cnt: 95
[info] position not increasing, failed cnt: 96
[info] position not increasing, failed cnt: 97
[info] position not increasing, failed cnt: 98
[info] position not increasing, failed cnt: 99
[info] position not increasing, failed cnt: 100
[info] position not increasing, failed cnt: 101
[info] position not increasing, failed cnt: 102
[info] position not increasing, failed cnt: 103
[info] position not increasing, failed cnt: 104
[info] position not increasing, failed cnt: 105
[info] position not increasing, failed cnt: 106
[info] position not increasing, failed cnt: 107
[info] position not increasing, failed cnt: 108
[info] position not increasing, failed cnt: 109
[info] position not increasing, failed cnt: 110
[info] position not increasing, failed cnt: 111
[info] position not increasing, failed cnt: 112
[info] position not increasing, failed cnt: 113
[info] position not increasing, failed cnt: 114
[info] position not increasing, failed cnt: 115
[info] position not increasing, failed cnt: 116
[info] position not increasing, failed cnt: 117
[info] position not increasing, failed cnt: 118
[info] position not increasing, failed cnt: 119
[info] position not increasing, failed cnt: 120
[info] position not increasing, failed cnt: 121
[info] position not increasing, failed cnt: 122
[info] position not increasing, failed cnt: 123
[info] position not increasing, failed cnt: 124
[info] position not increasing, failed cnt: 125
[info] position not increasing, failed cnt: 126
[info] position not increasing, failed cnt: 127
[info] position not increasing, failed cnt: 128
[FATAL] model stuck, exiting ...
1EbYNhVhmnZpriRnaFygWN orig S3 ok=False fail=generation_failed_5_attempts 61.9s
[info] position not increasing, failed cnt: 1
[info] position not increasing, failed cnt: 2
[info] position not increasing, failed cnt: 3
[info] position not increasing, failed cnt: 4
[info] position not increasing, failed cnt: 5
[info] position not increasing, failed cnt: 6
[info] position not increasing, failed cnt: 7
[info] position not increasing, failed cnt: 8
[info] position not increasing, failed cnt: 9
[info] position not increasing, failed cnt: 10
[info] position not increasing, failed cnt: 11
[info] position not increasing, failed cnt: 12
[info] position not increasing, failed cnt: 13
[info] position not increasing, failed cnt: 14
[info] position not increasing, failed cnt: 15
[info] position not increasing, failed cnt: 16
[info] position not increasing, failed cnt: 17
[info] position not increasing, failed cnt: 18
[info] position not increasing, failed cnt: 19
[info] position not increasing, failed cnt: 20
[info] position not increasing, failed cnt: 21
[info] position not increasing, failed cnt: 22
[info] position not increasing, failed cnt: 23
[info] position not increasing, failed cnt: 24
[info] position not increasing, failed cnt: 25
[info] position not increasing, failed cnt: 26
[info] position not increasing, failed cnt: 27
[info] position not increasing, failed cnt: 28
[info] position not increasing, failed cnt: 29
[info] position not increasing, failed cnt: 30
[info] position not increasing, failed cnt: 31
[info] position not increasing, failed cnt: 32
[info] position not increasing, failed cnt: 33
[info] position not increasing, failed cnt: 34
[info] position not increasing, failed cnt: 35
[info] position not increasing, failed cnt: 36
[info] position not increasing, failed cnt: 37
[info] position not increasing, failed cnt: 38
[info] position not increasing, failed cnt: 39
[info] position not increasing, failed cnt: 40
[info] position not increasing, failed cnt: 41
[info] position not increasing, failed cnt: 42
[info] position not increasing, failed cnt: 43
[info] position not increasing, failed cnt: 44
[info] position not increasing, failed cnt: 45
[info] position not increasing, failed cnt: 46
[info] position not increasing, failed cnt: 47
[info] position not increasing, failed cnt: 48
[info] position not increasing, failed cnt: 49
[info] position not increasing, failed cnt: 50
[info] position not increasing, failed cnt: 51
[info] position not increasing, failed cnt: 52
[info] position not increasing, failed cnt: 53
[info] position not increasing, failed cnt: 54
[info] position not increasing, failed cnt: 55
[info] position not increasing, failed cnt: 56
[info] position not increasing, failed cnt: 57
[info] position not increasing, failed cnt: 58
[info] position not increasing, failed cnt: 59
[info] position not increasing, failed cnt: 60
[info] position not increasing, failed cnt: 61
[info] position not increasing, failed cnt: 62
[info] position not increasing, failed cnt: 63
[info] position not increasing, failed cnt: 64
[info] position not increasing, failed cnt: 65
[info] position not increasing, failed cnt: 66
[info] position not increasing, failed cnt: 67
[info] position not increasing, failed cnt: 68
[info] position not increasing, failed cnt: 69
[info] position not increasing, failed cnt: 70
[info] position not increasing, failed cnt: 71
[info] position not increasing, failed cnt: 72
[info] position not increasing, failed cnt: 73
[info] position not increasing, failed cnt: 74
[info] position not increasing, failed cnt: 75
[info] position not increasing, failed cnt: 76
[info] position not increasing, failed cnt: 77
[info] position not increasing, failed cnt: 78
[info] position not increasing, failed cnt: 79
[info] position not increasing, failed cnt: 80
[info] position not increasing, failed cnt: 81
[info] position not increasing, failed cnt: 82
[info] position not increasing, failed cnt: 83
[info] position not increasing, failed cnt: 84
[info] position not increasing, failed cnt: 85
[info] position not increasing, failed cnt: 86
[info] position not increasing, failed cnt: 87
[info] position not increasing, failed cnt: 88
[info] position not increasing, failed cnt: 89
[info] position not increasing, failed cnt: 90
[info] position not increasing, failed cnt: 91
[info] position not increasing, failed cnt: 92
[info] position not increasing, failed cnt: 93
[info] position not increasing, failed cnt: 94
[info] position not increasing, failed cnt: 95
[info] position not increasing, failed cnt: 96
[info] position not increasing, failed cnt: 97
[info] position not increasing, failed cnt: 98
[info] position not increasing, failed cnt: 99
[info] position not increasing, failed cnt: 100
[info] position not increasing, failed cnt: 101
[info] position not increasing, failed cnt: 102
[info] position not increasing, failed cnt: 103
[info] position not increasing, failed cnt: 104
[info] position not increasing, failed cnt: 105
[info] position not increasing, failed cnt: 106
[info] position not increasing, failed cnt: 107
[info] position not increasing, failed cnt: 108
[info] position not increasing, failed cnt: 109
[info] position not increasing, failed cnt: 110
[info] position not increasing, failed cnt: 111
[info] position not increasing, failed cnt: 112
[info] position not increasing, failed cnt: 113
[info] position not increasing, failed cnt: 114
[info] position not increasing, failed cnt: 115
[info] position not increasing, failed cnt: 116
[info] position not increasing, failed cnt: 117
[info] position not increasing, failed cnt: 118
[info] position not increasing, failed cnt: 119
[info] position not increasing, failed cnt: 120
[info] position not increasing, failed cnt: 121
[info] position not increasing, failed cnt: 122
[info] position not increasing, failed cnt: 123
[info] position not increasing, failed cnt: 124
[info] position not increasing, failed cnt: 125
[info] position not increasing, failed cnt: 126
[info] position not increasing, failed cnt: 127
[info] position not increasing, failed cnt: 128
[FATAL] model stuck, exiting ...
[info] position not increasing, failed cnt: 1
[info] position not increasing, failed cnt: 2
[info] position not increasing, failed cnt: 3
[info] position not increasing, failed cnt: 4
[info] position not increasing, failed cnt: 5
[info] position not increasing, failed cnt: 6
[info] position not increasing, failed cnt: 7
[info] position not increasing, failed cnt: 8
[info] position not increasing, failed cnt: 9
[info] position not increasing, failed cnt: 10
-- generated events: 1301
-- time elapsed: 12.14 secs
1FBJbPIt388FFDgZbHVRyV orig S3 ok=True fail=None 25.87s
-- generated events: 790
-- time elapsed: 6.03 secs
1QK8j48LA0pLCJly3Yqd82 orig S3 ok=True fail=None 6.12s
-- generated events: 1149
-- time elapsed: 9.73 secs
1WVlzSesyFUorHX8iso9dG orig S3 ok=True fail=None 9.83s
-- generated events: 548
-- time elapsed: 3.96 secs
1bIiaFMdH3udqWyXyeQMoH orig S3 ok=True fail=None 4.04s
-- generated events: 977
-- time elapsed: 7.78 secs
1hWIEh1MKbcB4ouWgWL5Og orig S3 ok=True fail=None 7.87s
-- generated events: 1144
-- time elapsed: 9.69 secs
1mcMqHzkg79tfjUqeLAzpI orig S3 ok=True fail=None 9.79s
[info] position not increasing, failed cnt: 1
[info] position not increasing, failed cnt: 2
[info] position not increasing, failed cnt: 3
[info] position not increasing, failed cnt: 4
[info] position not increasing, failed cnt: 5
[info] position not increasing, failed cnt: 6
[info] position not increasing, failed cnt: 7
[info] position not increasing, failed cnt: 8
[info] position not increasing, failed cnt: 9
[info] position not increasing, failed cnt: 10
[info] position not increasing, failed cnt: 11
[info] position not increasing, failed cnt: 12
-- generated events: 1086
-- time elapsed: 9.10 secs
1oWX2EGO7Z8YCZ5jJuGrpM orig S3 ok=True fail=None 9.2s
[info] position not increasing, failed cnt: 1
[info] position not increasing, failed cnt: 2
[info] position not increasing, failed cnt: 3
[info] position not increasing, failed cnt: 4
[info] position not increasing, failed cnt: 5
[info] position not increasing, failed cnt: 6
[info] position not increasing, failed cnt: 7
[info] position not increasing, failed cnt: 8
[info] position not increasing, failed cnt: 9
[info] position not increasing, failed cnt: 10
[info] position not increasing, failed cnt: 11
[info] position not increasing, failed cnt: 12
[info] position not increasing, failed cnt: 13
[info] position not increasing, failed cnt: 14
[info] position not increasing, failed cnt: 15
[info] position not increasing, failed cnt: 16
[info] position not increasing, failed cnt: 17
[info] position not increasing, failed cnt: 18
[info] position not increasing, failed cnt: 19
[info] position not increasing, failed cnt: 20
[info] position not increasing, failed cnt: 21
[info] position not increasing, failed cnt: 22
[info] position not increasing, failed cnt: 23
[info] position not increasing, failed cnt: 24
[info] position not increasing, failed cnt: 25
[info] position not increasing, failed cnt: 26
[info] position not increasing, failed cnt: 27
[info] position not increasing, failed cnt: 28
[info] position not increasing, failed cnt: 29
[info] position not increasing, failed cnt: 30
[info] position not increasing, failed cnt: 31
[info] position not increasing, failed cnt: 32
[info] position not increasing, failed cnt: 33
[info] position not increasing, failed cnt: 34
[info] position not increasing, failed cnt: 35
[info] position not increasing, failed cnt: 36
[info] position not increasing, failed cnt: 37
[info] position not increasing, failed cnt: 38
[info] position not increasing, failed cnt: 39
[info] position not increasing, failed cnt: 40
[info] position not increasing, failed cnt: 41
[info] position not increasing, failed cnt: 42
[info] position not increasing, failed cnt: 43
[info] position not increasing, failed cnt: 44
[info] position not increasing, failed cnt: 45
[info] position not increasing, failed cnt: 46
[info] position not increasing, failed cnt: 47
[info] position not increasing, failed cnt: 48
[info] position not increasing, failed cnt: 49
[info] position not increasing, failed cnt: 50
[info] position not increasing, failed cnt: 51
[info] position not increasing, failed cnt: 52
[info] position not increasing, failed cnt: 53
[info] position not increasing, failed cnt: 54
[info] position not increasing, failed cnt: 55
[info] position not increasing, failed cnt: 56
[info] position not increasing, failed cnt: 57
[info] position not increasing, failed cnt: 58
[info] position not increasing, failed cnt: 59
[info] position not increasing, failed cnt: 60
[info] position not increasing, failed cnt: 61
[info] position not increasing, failed cnt: 62
[info] position not increasing, failed cnt: 63
[info] position not increasing, failed cnt: 64
[info] position not increasing, failed cnt: 65
[info] position not increasing, failed cnt: 66
[info] position not increasing, failed cnt: 67
[info] position not increasing, failed cnt: 68
[info] position not increasing, failed cnt: 69
[info] position not increasing, failed cnt: 70
[info] position not increasing, failed cnt: 71
[info] position not increasing, failed cnt: 72
[info] position not increasing, failed cnt: 73
[info] position not increasing, failed cnt: 74
[info] position not increasing, failed cnt: 75
[info] position not increasing, failed cnt: 76
[info] position not increasing, failed cnt: 77
[info] position not increasing, failed cnt: 78
[info] position not increasing, failed cnt: 79
[info] position not increasing, failed cnt: 80
[info] position not increasing, failed cnt: 81
[info] position not increasing, failed cnt: 82
[info] position not increasing, failed cnt: 83
[info] position not increasing, failed cnt: 84
[info] position not increasing, failed cnt: 85
[info] position not increasing, failed cnt: 86
[info] position not increasing, failed cnt: 87
[info] position not increasing, failed cnt: 88
[info] position not increasing, failed cnt: 89
[info] position not increasing, failed cnt: 90
[info] position not increasing, failed cnt: 91
[info] position not increasing, failed cnt: 92
[info] position not increasing, failed cnt: 93
[info] position not increasing, failed cnt: 94
[info] position not increasing, failed cnt: 95
[info] position not increasing, failed cnt: 96
[info] position not increasing, failed cnt: 97
[info] position not increasing, failed cnt: 98
[info] position not increasing, failed cnt: 99
[info] position not increasing, failed cnt: 100
[info] position not increasing, failed cnt: 101
[info] position not increasing, failed cnt: 102
[info] position not increasing, failed cnt: 103
[info] position not increasing, failed cnt: 104
[info] position not increasing, failed cnt: 105
[info] position not increasing, failed cnt: 106
[info] position not increasing, failed cnt: 107
[info] position not increasing, failed cnt: 108
[info] position not increasing, failed cnt: 109
[info] position not increasing, failed cnt: 110
[info] position not increasing, failed cnt: 111
[info] position not increasing, failed cnt: 112
[info] position not increasing, failed cnt: 113
[info] position not increasing, failed cnt: 114
[info] position not increasing, failed cnt: 115
[info] position not increasing, failed cnt: 116
[info] position not increasing, failed cnt: 117
[info] position not increasing, failed cnt: 118
[info] position not increasing, failed cnt: 119
[info] position not increasing, failed cnt: 120
[info] position not increasing, failed cnt: 121
[info] position not increasing, failed cnt: 122
[info] position not increasing, failed cnt: 123
[info] position not increasing, failed cnt: 124
[info] position not increasing, failed cnt: 125
[info] position not increasing, failed cnt: 126
[info] position not increasing, failed cnt: 127
[info] position not increasing, failed cnt: 128
[FATAL] model stuck, exiting ...
-- generated events: 1135
-- time elapsed: 9.58 secs
1qcgbHATg4tVyVqudr2pxK orig S3 ok=True fail=None 11.96s
-- generated events: 1087
-- time elapsed: 8.98 secs
1tKSEmbS7vmv7cFc24sjlI orig S3 ok=True fail=None 9.07s
[info] position not increasing, failed cnt: 1
[info] position not increasing, failed cnt: 2
[info] position not increasing, failed cnt: 1
[info] position not increasing, failed cnt: 2
[info] position not increasing, failed cnt: 3
[info] position not increasing, failed cnt: 4
[info] position not increasing, failed cnt: 5
[info] position not increasing, failed cnt: 6
[info] position not increasing, failed cnt: 7
[info] position not increasing, failed cnt: 8
[info] position not increasing, failed cnt: 9
[info] position not increasing, failed cnt: 10
[info] position not increasing, failed cnt: 11
[info] position not increasing, failed cnt: 12
[info] position not increasing, failed cnt: 13
[info] position not increasing, failed cnt: 14
[info] position not increasing, failed cnt: 15
[info] position not increasing, failed cnt: 16
[info] position not increasing, failed cnt: 17
[info] position not increasing, failed cnt: 18
[info] position not increasing, failed cnt: 19
[info] position not increasing, failed cnt: 20
[info] position not increasing, failed cnt: 21
[info] position not increasing, failed cnt: 22
[info] position not increasing, failed cnt: 23
[info] position not increasing, failed cnt: 24
[info] position not increasing, failed cnt: 25
[info] position not increasing, failed cnt: 26
[info] position not increasing, failed cnt: 27
[info] position not increasing, failed cnt: 28
[info] position not increasing, failed cnt: 29
[info] position not increasing, failed cnt: 30
[info] position not increasing, failed cnt: 31
[info] position not increasing, failed cnt: 32
[info] position not increasing, failed cnt: 33
[info] position not increasing, failed cnt: 34
[info] position not increasing, failed cnt: 35
[info] position not increasing, failed cnt: 36
[info] position not increasing, failed cnt: 37
[info] position not increasing, failed cnt: 38
[info] position not increasing, failed cnt: 39
[info] position not increasing, failed cnt: 40
[info] position not increasing, failed cnt: 41
[info] position not increasing, failed cnt: 42
[info] position not increasing, failed cnt: 43
[info] position not increasing, failed cnt: 44
[info] position not increasing, failed cnt: 45
[info] position not increasing, failed cnt: 46
[info] position not increasing, failed cnt: 47
[info] position not increasing, failed cnt: 48
[info] position not increasing, failed cnt: 49
[info] position not increasing, failed cnt: 50
[info] position not increasing, failed cnt: 51
[info] position not increasing, failed cnt: 52
[info] position not increasing, failed cnt: 53
[info] position not increasing, failed cnt: 54
[info] position not increasing, failed cnt: 55
[info] position not increasing, failed cnt: 56
[info] position not increasing, failed cnt: 57
[info] position not increasing, failed cnt: 58
[info] position not increasing, failed cnt: 59
[info] position not increasing, failed cnt: 60
[info] position not increasing, failed cnt: 61
[info] position not increasing, failed cnt: 62
[info] position not increasing, failed cnt: 63
[info] position not increasing, failed cnt: 64
[info] position not increasing, failed cnt: 65
[info] position not increasing, failed cnt: 66
[info] position not increasing, failed cnt: 67
[info] position not increasing, failed cnt: 68
[info] position not increasing, failed cnt: 69
[info] position not increasing, failed cnt: 70
[info] position not increasing, failed cnt: 71
[info] position not increasing, failed cnt: 72
[info] position not increasing, failed cnt: 73
[info] position not increasing, failed cnt: 74
[info] position not increasing, failed cnt: 75
[info] position not increasing, failed cnt: 76
[info] position not increasing, failed cnt: 77
[info] position not increasing, failed cnt: 78
[info] position not increasing, failed cnt: 79
[info] position not increasing, failed cnt: 80
[info] position not increasing, failed cnt: 81
[info] position not increasing, failed cnt: 82
[info] position not increasing, failed cnt: 83
[info] position not increasing, failed cnt: 84
[info] position not increasing, failed cnt: 85
[info] position not increasing, failed cnt: 86
[info] position not increasing, failed cnt: 87
[info] position not increasing, failed cnt: 88
[info] position not increasing, failed cnt: 89
[info] position not increasing, failed cnt: 90
[info] position not increasing, failed cnt: 91
[info] position not increasing, failed cnt: 92
[info] position not increasing, failed cnt: 93
[info] position not increasing, failed cnt: 94
[info] position not increasing, failed cnt: 95
[info] position not increasing, failed cnt: 96
[info] position not increasing, failed cnt: 97
[info] position not increasing, failed cnt: 98
[info] position not increasing, failed cnt: 99
[info] position not increasing, failed cnt: 100
[info] position not increasing, failed cnt: 101
[info] position not increasing, failed cnt: 102
[info] position not increasing, failed cnt: 103
[info] position not increasing, failed cnt: 104
[info] position not increasing, failed cnt: 105
[info] position not increasing, failed cnt: 106
[info] position not increasing, failed cnt: 107
[info] position not increasing, failed cnt: 108
[info] position not increasing, failed cnt: 109
[info] position not increasing, failed cnt: 110
[info] position not increasing, failed cnt: 111
[info] position not increasing, failed cnt: 112
[info] position not increasing, failed cnt: 113
[info] position not increasing, failed cnt: 114
[info] position not increasing, failed cnt: 115
[info] position not increasing, failed cnt: 116
[info] position not increasing, failed cnt: 117
[info] position not increasing, failed cnt: 118
[info] position not increasing, failed cnt: 119
[info] position not increasing, failed cnt: 120
[info] position not increasing, failed cnt: 121
[info] position not increasing, failed cnt: 122
[info] position not increasing, failed cnt: 123
[info] position not increasing, failed cnt: 124
[info] position not increasing, failed cnt: 125
[info] position not increasing, failed cnt: 126
[info] position not increasing, failed cnt: 127
[info] position not increasing, failed cnt: 128
[FATAL] model stuck, exiting ...
[info] position not increasing, failed cnt: 1
[info] position not increasing, failed cnt: 2
[info] position not increasing, failed cnt: 3
[info] position not increasing, failed cnt: 4
[info] position not increasing, failed cnt: 5
[info] position not increasing, failed cnt: 6
[info] position not increasing, failed cnt: 7
[info] position not increasing, failed cnt: 8
[info] position not increasing, failed cnt: 9
[info] position not increasing, failed cnt: 10
[info] position not increasing, failed cnt: 11
[info] position not increasing, failed cnt: 12
[info] position not increasing, failed cnt: 13
[info] position not increasing, failed cnt: 14
[info] position not increasing, failed cnt: 15
[info] position not increasing, failed cnt: 16
[info] position not increasing, failed cnt: 17
[info] position not increasing, failed cnt: 18
[info] position not increasing, failed cnt: 19
[info] position not increasing, failed cnt: 20
[info] position not increasing, failed cnt: 21
[info] position not increasing, failed cnt: 22
[info] position not increasing, failed cnt: 23
[info] position not increasing, failed cnt: 24
[info] position not increasing, failed cnt: 25
[info] position not increasing, failed cnt: 26
[info] position not increasing, failed cnt: 27
[info] position not increasing, failed cnt: 28
[info] position not increasing, failed cnt: 29
[info] position not increasing, failed cnt: 30
[info] position not increasing, failed cnt: 31
[info] position not increasing, failed cnt: 32
[info] position not increasing, failed cnt: 33
[info] position not increasing, failed cnt: 34
[info] position not increasing, failed cnt: 35
[info] position not increasing, failed cnt: 36
[info] position not increasing, failed cnt: 37
[info] position not increasing, failed cnt: 38
[info] position not increasing, failed cnt: 39
[info] position not increasing, failed cnt: 40
[info] position not increasing, failed cnt: 41
[info] position not increasing, failed cnt: 42
[info] position not increasing, failed cnt: 43
[info] position not increasing, failed cnt: 44
[info] position not increasing, failed cnt: 45
[info] position not increasing, failed cnt: 46
[info] position not increasing, failed cnt: 47
[info] position not increasing, failed cnt: 48
[info] position not increasing, failed cnt: 49
[info] position not increasing, failed cnt: 50
[info] position not increasing, failed cnt: 51
[info] position not increasing, failed cnt: 52
[info] position not increasing, failed cnt: 53
[info] position not increasing, failed cnt: 54
[info] position not increasing, failed cnt: 55
[info] position not increasing, failed cnt: 56
[info] position not increasing, failed cnt: 57
[info] position not increasing, failed cnt: 58
[info] position not increasing, failed cnt: 59
[info] position not increasing, failed cnt: 60
[info] position not increasing, failed cnt: 61
[info] position not increasing, failed cnt: 62
[info] position not increasing, failed cnt: 63
[info] position not increasing, failed cnt: 64
[info] position not increasing, failed cnt: 65
[info] position not increasing, failed cnt: 66
[info] position not increasing, failed cnt: 67
[info] position not increasing, failed cnt: 68
[info] position not increasing, failed cnt: 69
[info] position not increasing, failed cnt: 70
[info] position not increasing, failed cnt: 71
[info] position not increasing, failed cnt: 72
[info] position not increasing, failed cnt: 73
[info] position not increasing, failed cnt: 74
[info] position not increasing, failed cnt: 75
[info] position not increasing, failed cnt: 76
[info] position not increasing, failed cnt: 77
[info] position not increasing, failed cnt: 78
[info] position not increasing, failed cnt: 79
[info] position not increasing, failed cnt: 80
[info] position not increasing, failed cnt: 81
[info] position not increasing, failed cnt: 82
[info] position not increasing, failed cnt: 83
[info] position not increasing, failed cnt: 84
[info] position not increasing, failed cnt: 85
[info] position not increasing, failed cnt: 86
[info] position not increasing, failed cnt: 87
[info] position not increasing, failed cnt: 88
[info] position not increasing, failed cnt: 89
[info] position not increasing, failed cnt: 90
[info] position not increasing, failed cnt: 91
[info] position not increasing, failed cnt: 92
[info] position not increasing, failed cnt: 93
[info] position not increasing, failed cnt: 94
[info] position not increasing, failed cnt: 95
[info] position not increasing, failed cnt: 96
[info] position not increasing, failed cnt: 97
[info] position not increasing, failed cnt: 98
[info] position not increasing, failed cnt: 99
[info] position not increasing, failed cnt: 100
[info] position not increasing, failed cnt: 101
[info] position not increasing, failed cnt: 102
[info] position not increasing, failed cnt: 103
[info] position not increasing, failed cnt: 104
[info] position not increasing, failed cnt: 105
[info] position not increasing, failed cnt: 106
[info] position not increasing, failed cnt: 107
[info] position not increasing, failed cnt: 108
[info] position not increasing, failed cnt: 109
[info] position not increasing, failed cnt: 110
[info] position not increasing, failed cnt: 111
[info] position not increasing, failed cnt: 112
[info] position not increasing, failed cnt: 113
[info] position not increasing, failed cnt: 114
[info] position not increasing, failed cnt: 115
[info] position not increasing, failed cnt: 116
[info] position not increasing, failed cnt: 117
[info] position not increasing, failed cnt: 118
[info] position not increasing, failed cnt: 119
[info] position not increasing, failed cnt: 120
[info] position not increasing, failed cnt: 121
[info] position not increasing, failed cnt: 122
[info] position not increasing, failed cnt: 123
[info] position not increasing, failed cnt: 124
[info] position not increasing, failed cnt: 125
[info] position not increasing, failed cnt: 126
[info] position not increasing, failed cnt: 127
[info] position not increasing, failed cnt: 128
[FATAL] model stuck, exiting ...
[info] error EOS occurs, failed eos: 1
[info] error EOS occurs, failed eos: 2
[info] error EOS occurs, failed eos: 3
[info] error EOS occurs, failed eos: 4
[info] error EOS occurs, failed eos: 5
[info] error EOS occurs, failed eos: 6
[info] error EOS occurs, failed eos: 7
[info] error EOS occurs, failed eos: 8
[info] error EOS occurs, failed eos: 9
[info] error EOS occurs, failed eos: 10
[info] error EOS occurs, failed eos: 11
[info] error EOS occurs, failed eos: 12
[info] error EOS occurs, failed eos: 13
[info] error EOS occurs, failed eos: 14
[info] error EOS occurs, failed eos: 15
[info] error EOS occurs, failed eos: 16
[info] error EOS occurs, failed eos: 17
[info] error EOS occurs, failed eos: 18
[info] error EOS occurs, failed eos: 19
[info] error EOS occurs, failed eos: 20
[info] error EOS occurs, failed eos: 21
[info] error EOS occurs, failed eos: 22
[info] error EOS occurs, failed eos: 23
[info] error EOS occurs, failed eos: 24
[info] error EOS occurs, failed eos: 25
[info] error EOS occurs, failed eos: 26
[info] error EOS occurs, failed eos: 27
[info] error EOS occurs, failed eos: 28
[info] error EOS occurs, failed eos: 29
[info] error EOS occurs, failed eos: 30
[info] error EOS occurs, failed eos: 31
[info] error EOS occurs, failed eos: 32
[info] error EOS occurs, failed eos: 33
[info] error EOS occurs, failed eos: 34
[info] error EOS occurs, failed eos: 35
[info] error EOS occurs, failed eos: 36
[info] error EOS occurs, failed eos: 37
[info] error EOS occurs, failed eos: 38
[info] error EOS occurs, failed eos: 39
[info] error EOS occurs, failed eos: 40
[info] error EOS occurs, failed eos: 41
[info] error EOS occurs, failed eos: 42
[info] error EOS occurs, failed eos: 43
[info] error EOS occurs, failed eos: 44
[info] error EOS occurs, failed eos: 45
[info] error EOS occurs, failed eos: 46
[info] error EOS occurs, failed eos: 47
[info] error EOS occurs, failed eos: 48
[info] error EOS occurs, failed eos: 49
[info] error EOS occurs, failed eos: 50
[info] error EOS occurs, failed eos: 51
[info] error EOS occurs, failed eos: 52
[info] error EOS occurs, failed eos: 53
[info] error EOS occurs, failed eos: 54
[info] error EOS occurs, failed eos: 55
[info] error EOS occurs, failed eos: 56
[info] error EOS occurs, failed eos: 57
[info] error EOS occurs, failed eos: 58
[info] error EOS occurs, failed eos: 59
[info] error EOS occurs, failed eos: 60
[info] error EOS occurs, failed eos: 61
[info] error EOS occurs, failed eos: 62
[info] error EOS occurs, failed eos: 63
[info] error EOS occurs, failed eos: 64
[info] error EOS occurs, failed eos: 65
[info] error EOS occurs, failed eos: 66
[info] error EOS occurs, failed eos: 67
[info] error EOS occurs, failed eos: 68
[info] error EOS occurs, failed eos: 69
[info] error EOS occurs, failed eos: 70
[info] error EOS occurs, failed eos: 71
[info] error EOS occurs, failed eos: 72
[info] error EOS occurs, failed eos: 73
[info] error EOS occurs, failed eos: 74
[info] error EOS occurs, failed eos: 75
[info] error EOS occurs, failed eos: 76
[info] error EOS occurs, failed eos: 77
[info] error EOS occurs, failed eos: 78
[info] error EOS occurs, failed eos: 79
[info] error EOS occurs, failed eos: 80
[info] error EOS occurs, failed eos: 81
[info] error EOS occurs, failed eos: 82
[info] error EOS occurs, failed eos: 83
[info] error EOS occurs, failed eos: 84
[info] error EOS occurs, failed eos: 85
[info] error EOS occurs, failed eos: 86
[info] error EOS occurs, failed eos: 87
[info] error EOS occurs, failed eos: 88
[info] error EOS occurs, failed eos: 89
[info] error EOS occurs, failed eos: 90
[info] error EOS occurs, failed eos: 91
[info] error EOS occurs, failed eos: 92
[info] error EOS occurs, failed eos: 93
[info] error EOS occurs, failed eos: 94
[info] error EOS occurs, failed eos: 95
[info] error EOS occurs, failed eos: 96
[info] error EOS occurs, failed eos: 97
[info] error EOS occurs, failed eos: 98
[info] error EOS occurs, failed eos: 99
[info] error EOS occurs, failed eos: 100
[info] error EOS occurs, failed eos: 101
[info] error EOS occurs, failed eos: 102
[info] error EOS occurs, failed eos: 103
[info] error EOS occurs, failed eos: 104
[info] error EOS occurs, failed eos: 105
[info] error EOS occurs, failed eos: 106
[info] error EOS occurs, failed eos: 107
[info] error EOS occurs, failed eos: 108
[info] error EOS occurs, failed eos: 109
[info] error EOS occurs, failed eos: 110
[info] error EOS occurs, failed eos: 111
[info] error EOS occurs, failed eos: 112
[info] error EOS occurs, failed eos: 113
[info] error EOS occurs, failed eos: 114
[info] error EOS occurs, failed eos: 115
[info] error EOS occurs, failed eos: 116
[info] error EOS occurs, failed eos: 117
[info] error EOS occurs, failed eos: 118
[info] error EOS occurs, failed eos: 119
[info] error EOS occurs, failed eos: 120
[info] error EOS occurs, failed eos: 121
[info] error EOS occurs, failed eos: 122
[info] error EOS occurs, failed eos: 123
[info] error EOS occurs, failed eos: 124
[info] error EOS occurs, failed eos: 125
[info] error EOS occurs, failed eos: 126
[info] error EOS occurs, failed eos: 127
[info] error EOS occurs, failed eos: 128
[FATAL] model stuck, eos error ...
[info] position not increasing, failed cnt: 1
[info] position not increasing, failed cnt: 2
[info] position not increasing, failed cnt: 3
[info] position not increasing, failed cnt: 4
[info] position not increasing, failed cnt: 5
[info] position not increasing, failed cnt: 6
[info] position not increasing, failed cnt: 7
[info] position not increasing, failed cnt: 8
[info] position not increasing, failed cnt: 9
[info] position not increasing, failed cnt: 10
[info] position not increasing, failed cnt: 11
[info] position not increasing, failed cnt: 12
[info] position not increasing, failed cnt: 13
[info] position not increasing, failed cnt: 14
[info] position not increasing, failed cnt: 15
[info] position not increasing, failed cnt: 16
[info] position not increasing, failed cnt: 17
[info] position not increasing, failed cnt: 18
[info] position not increasing, failed cnt: 19
[info] position not increasing, failed cnt: 20
[info] position not increasing, failed cnt: 21
[info] position not increasing, failed cnt: 22
[info] position not increasing, failed cnt: 23
[info] position not increasing, failed cnt: 24
[info] position not increasing, failed cnt: 25
[info] position not increasing, failed cnt: 26
[info] position not increasing, failed cnt: 27
[info] position not increasing, failed cnt: 28
[info] position not increasing, failed cnt: 29
[info] position not increasing, failed cnt: 30
[info] position not increasing, failed cnt: 31
[info] position not increasing, failed cnt: 32
[info] position not increasing, failed cnt: 33
[info] position not increasing, failed cnt: 34
[info] position not increasing, failed cnt: 35
[info] position not increasing, failed cnt: 36
[info] position not increasing, failed cnt: 37
[info] position not increasing, failed cnt: 38
[info] position not increasing, failed cnt: 39
[info] position not increasing, failed cnt: 40
[info] position not increasing, failed cnt: 41
[info] position not increasing, failed cnt: 42
[info] position not increasing, failed cnt: 43
[info] position not increasing, failed cnt: 44
[info] position not increasing, failed cnt: 45
[info] position not increasing, failed cnt: 46
[info] position not increasing, failed cnt: 47
[info] position not increasing, failed cnt: 48
[info] position not increasing, failed cnt: 49
[info] position not increasing, failed cnt: 50
[info] position not increasing, failed cnt: 51
[info] position not increasing, failed cnt: 52
[info] position not increasing, failed cnt: 53
[info] position not increasing, failed cnt: 54
[info] position not increasing, failed cnt: 55
[info] position not increasing, failed cnt: 56
[info] position not increasing, failed cnt: 57
[info] position not increasing, failed cnt: 58
[info] position not increasing, failed cnt: 59
[info] position not increasing, failed cnt: 60
[info] position not increasing, failed cnt: 61
[info] position not increasing, failed cnt: 62
[info] position not increasing, failed cnt: 63
[info] position not increasing, failed cnt: 64
[info] position not increasing, failed cnt: 65
[info] position not increasing, failed cnt: 66
[info] position not increasing, failed cnt: 67
[info] position not increasing, failed cnt: 68
[info] position not increasing, failed cnt: 69
[info] position not increasing, failed cnt: 70
[info] position not increasing, failed cnt: 71
[info] position not increasing, failed cnt: 72
[info] position not increasing, failed cnt: 73
[info] position not increasing, failed cnt: 74
[info] position not increasing, failed cnt: 75
[info] position not increasing, failed cnt: 76
[info] position not increasing, failed cnt: 77
[info] position not increasing, failed cnt: 78
[info] position not increasing, failed cnt: 79
[info] position not increasing, failed cnt: 80
[info] position not increasing, failed cnt: 81
[info] position not increasing, failed cnt: 82
[info] position not increasing, failed cnt: 83
[info] position not increasing, failed cnt: 84
[info] position not increasing, failed cnt: 85
[info] position not increasing, failed cnt: 86
[info] position not increasing, failed cnt: 87
[info] position not increasing, failed cnt: 88
[info] position not increasing, failed cnt: 89
[info] position not increasing, failed cnt: 90
[info] position not increasing, failed cnt: 91
[info] position not increasing, failed cnt: 92
[info] position not increasing, failed cnt: 93
[info] position not increasing, failed cnt: 94
[info] position not increasing, failed cnt: 95
[info] position not increasing, failed cnt: 96
[info] position not increasing, failed cnt: 97
[info] position not increasing, failed cnt: 98
[info] position not increasing, failed cnt: 99
[info] position not increasing, failed cnt: 100
[info] position not increasing, failed cnt: 101
[info] position not increasing, failed cnt: 102
[info] position not increasing, failed cnt: 103
[info] position not increasing, failed cnt: 104
[info] position not increasing, failed cnt: 105
[info] position not increasing, failed cnt: 106
[info] position not increasing, failed cnt: 107
[info] position not increasing, failed cnt: 108
[info] position not increasing, failed cnt: 109
[info] position not increasing, failed cnt: 110
[info] position not increasing, failed cnt: 111
[info] position not increasing, failed cnt: 112
[info] position not increasing, failed cnt: 113
[info] position not increasing, failed cnt: 114
[info] position not increasing, failed cnt: 115
[info] position not increasing, failed cnt: 116
[info] position not increasing, failed cnt: 117
[info] position not increasing, failed cnt: 118
[info] position not increasing, failed cnt: 119
[info] position not increasing, failed cnt: 120
[info] position not increasing, failed cnt: 121
[info] position not increasing, failed cnt: 122
[info] position not increasing, failed cnt: 123
[info] position not increasing, failed cnt: 124
[info] position not increasing, failed cnt: 125
[info] position not increasing, failed cnt: 126
[info] position not increasing, failed cnt: 127
[info] position not increasing, failed cnt: 128
[FATAL] model stuck, exiting ...
[info] position not increasing, failed cnt: 1
[info] position not increasing, failed cnt: 2
[info] position not increasing, failed cnt: 3
[info] position not increasing, failed cnt: 4
[info] position not increasing, failed cnt: 5
[info] position not increasing, failed cnt: 6
[info] position not increasing, failed cnt: 7
[info] position not increasing, failed cnt: 8
[info] position not increasing, failed cnt: 9
[info] position not increasing, failed cnt: 10
[info] position not increasing, failed cnt: 11
[info] position not increasing, failed cnt: 12
[info] position not increasing, failed cnt: 13
[info] position not increasing, failed cnt: 14
[info] position not increasing, failed cnt: 15
[info] position not increasing, failed cnt: 16
[info] position not increasing, failed cnt: 17
[info] position not increasing, failed cnt: 18
[info] position not increasing, failed cnt: 19
[info] position not increasing, failed cnt: 20
[info] position not increasing, failed cnt: 21
[info] position not increasing, failed cnt: 22
[info] position not increasing, failed cnt: 23
[info] position not increasing, failed cnt: 24
[info] position not increasing, failed cnt: 25
[info] position not increasing, failed cnt: 26
[info] position not increasing, failed cnt: 27
[info] position not increasing, failed cnt: 28
[info] position not increasing, failed cnt: 29
[info] position not increasing, failed cnt: 30
[info] position not increasing, failed cnt: 31
[info] position not increasing, failed cnt: 32
[info] position not increasing, failed cnt: 33
[info] position not increasing, failed cnt: 34
[info] position not increasing, failed cnt: 35
[info] position not increasing, failed cnt: 36
[info] position not increasing, failed cnt: 37
[info] position not increasing, failed cnt: 38
[info] position not increasing, failed cnt: 39
[info] position not increasing, failed cnt: 40
[info] position not increasing, failed cnt: 41
[info] position not increasing, failed cnt: 42
[info] position not increasing, failed cnt: 43
[info] position not increasing, failed cnt: 44
[info] position not increasing, failed cnt: 45
[info] position not increasing, failed cnt: 46
[info] position not increasing, failed cnt: 47
[info] position not increasing, failed cnt: 48
[info] position not increasing, failed cnt: 49
[info] position not increasing, failed cnt: 50
[info] position not increasing, failed cnt: 51
[info] position not increasing, failed cnt: 52
[info] position not increasing, failed cnt: 53
[info] position not increasing, failed cnt: 54
[info] position not increasing, failed cnt: 55
[info] position not increasing, failed cnt: 56
[info] position not increasing, failed cnt: 57
[info] position not increasing, failed cnt: 58
[info] position not increasing, failed cnt: 59
[info] position not increasing, failed cnt: 60
[info] position not increasing, failed cnt: 61
[info] position not increasing, failed cnt: 62
[info] position not increasing, failed cnt: 63
[info] position not increasing, failed cnt: 64
[info] position not increasing, failed cnt: 65
[info] position not increasing, failed cnt: 66
[info] position not increasing, failed cnt: 67
[info] position not increasing, failed cnt: 68
[info] position not increasing, failed cnt: 69
[info] position not increasing, failed cnt: 70
[info] position not increasing, failed cnt: 71
[info] position not increasing, failed cnt: 72
[info] position not increasing, failed cnt: 73
[info] position not increasing, failed cnt: 74
[info] position not increasing, failed cnt: 75
[info] position not increasing, failed cnt: 76
[info] position not increasing, failed cnt: 77
[info] position not increasing, failed cnt: 78
[info] position not increasing, failed cnt: 79
[info] position not increasing, failed cnt: 80
[info] position not increasing, failed cnt: 81
[info] position not increasing, failed cnt: 82
[info] position not increasing, failed cnt: 83
[info] position not increasing, failed cnt: 84
[info] position not increasing, failed cnt: 85
[info] position not increasing, failed cnt: 86
[info] position not increasing, failed cnt: 87
[info] position not increasing, failed cnt: 88
[info] position not increasing, failed cnt: 89
[info] position not increasing, failed cnt: 90
[info] position not increasing, failed cnt: 91
[info] position not increasing, failed cnt: 92
[info] position not increasing, failed cnt: 93
[info] position not increasing, failed cnt: 94
[info] position not increasing, failed cnt: 95
[info] position not increasing, failed cnt: 96
[info] position not increasing, failed cnt: 97
[info] position not increasing, failed cnt: 98
[info] position not increasing, failed cnt: 99
[info] position not increasing, failed cnt: 100
[info] position not increasing, failed cnt: 101
[info] position not increasing, failed cnt: 102
[info] position not increasing, failed cnt: 103
[info] position not increasing, failed cnt: 104
[info] position not increasing, failed cnt: 105
[info] position not increasing, failed cnt: 106
[info] position not increasing, failed cnt: 107
[info] position not increasing, failed cnt: 108
[info] position not increasing, failed cnt: 109
[info] position not increasing, failed cnt: 110
[info] position not increasing, failed cnt: 111
[info] position not increasing, failed cnt: 112
[info] position not increasing, failed cnt: 113
[info] position not increasing, failed cnt: 114
[info] position not increasing, failed cnt: 115
[info] position not increasing, failed cnt: 116
[info] position not increasing, failed cnt: 117
[info] position not increasing, failed cnt: 118
[info] position not increasing, failed cnt: 119
[info] position not increasing, failed cnt: 120
[info] position not increasing, failed cnt: 121
[info] position not increasing, failed cnt: 122
[info] position not increasing, failed cnt: 123
[info] position not increasing, failed cnt: 124
[info] position not increasing, failed cnt: 125
[info] position not increasing, failed cnt: 126
[info] position not increasing, failed cnt: 127
[info] position not increasing, failed cnt: 128
[FATAL] model stuck, exiting ...
1z51mKj5nHYxrGCEq6c3Eq orig S3 ok=False fail=generation_failed_5_attempts 57.17s
-- generated events: 1142
-- time elapsed: 9.73 secs
20WNhehqO6xfLVktkDefs2 orig S3 ok=True fail=None 9.83s
[info] position not increasing, failed cnt: 1
[info] position not increasing, failed cnt: 2
[info] position not increasing, failed cnt: 3
[info] position not increasing, failed cnt: 4
[info] position not increasing, failed cnt: 5
[info] position not increasing, failed cnt: 6
[info] position not increasing, failed cnt: 7
[info] position not increasing, failed cnt: 8
[info] position not increasing, failed cnt: 9
[info] position not increasing, failed cnt: 10
[info] position not increasing, failed cnt: 11
[info] position not increasing, failed cnt: 12
[info] position not increasing, failed cnt: 13
[info] position not increasing, failed cnt: 14
[info] position not increasing, failed cnt: 15
[info] position not increasing, failed cnt: 16
[info] position not increasing, failed cnt: 17
[info] position not increasing, failed cnt: 18
[info] position not increasing, failed cnt: 19
[info] position not increasing, failed cnt: 20
[info] position not increasing, failed cnt: 21
[info] position not increasing, failed cnt: 22
[info] position not increasing, failed cnt: 23
[info] position not increasing, failed cnt: 24
[info] position not increasing, failed cnt: 25
[info] position not increasing, failed cnt: 26
[info] position not increasing, failed cnt: 27
[info] position not increasing, failed cnt: 28
[info] position not increasing, failed cnt: 29
[info] position not increasing, failed cnt: 30
[info] position not increasing, failed cnt: 31
[info] position not increasing, failed cnt: 32
[info] position not increasing, failed cnt: 33
[info] position not increasing, failed cnt: 34
[info] position not increasing, failed cnt: 35
[info] position not increasing, failed cnt: 36
[info] position not increasing, failed cnt: 37
[info] position not increasing, failed cnt: 38
[info] position not increasing, failed cnt: 39
[info] position not increasing, failed cnt: 40
[info] position not increasing, failed cnt: 41
[info] position not increasing, failed cnt: 42
[info] position not increasing, failed cnt: 43
[info] position not increasing, failed cnt: 44
[info] position not increasing, failed cnt: 45
[info] position not increasing, failed cnt: 46
[info] position not increasing, failed cnt: 47
[info] position not increasing, failed cnt: 48
[info] position not increasing, failed cnt: 49
[info] position not increasing, failed cnt: 50
[info] position not increasing, failed cnt: 51
[info] position not increasing, failed cnt: 52
[info] position not increasing, failed cnt: 53
[info] position not increasing, failed cnt: 54
[info] position not increasing, failed cnt: 55
[info] position not increasing, failed cnt: 56
[info] position not increasing, failed cnt: 57
[info] position not increasing, failed cnt: 58
[info] position not increasing, failed cnt: 59
[info] position not increasing, failed cnt: 60
[info] position not increasing, failed cnt: 61
[info] position not increasing, failed cnt: 62
[info] position not increasing, failed cnt: 63
[info] position not increasing, failed cnt: 64
[info] position not increasing, failed cnt: 65
[info] position not increasing, failed cnt: 66
[info] position not increasing, failed cnt: 67
[info] position not increasing, failed cnt: 68
[info] position not increasing, failed cnt: 69
[info] position not increasing, failed cnt: 70
[info] position not increasing, failed cnt: 71
[info] position not increasing, failed cnt: 72
[info] position not increasing, failed cnt: 73
[info] position not increasing, failed cnt: 74
[info] position not increasing, failed cnt: 75
[info] position not increasing, failed cnt: 76
[info] position not increasing, failed cnt: 77
[info] position not increasing, failed cnt: 78
[info] position not increasing, failed cnt: 79
[info] position not increasing, failed cnt: 80
[info] position not increasing, failed cnt: 81
[info] position not increasing, failed cnt: 82
[info] position not increasing, failed cnt: 83
[info] position not increasing, failed cnt: 84
[info] position not increasing, failed cnt: 85
[info] position not increasing, failed cnt: 86
[info] position not increasing, failed cnt: 87
[info] position not increasing, failed cnt: 88
[info] position not increasing, failed cnt: 89
[info] position not increasing, failed cnt: 90
[info] position not increasing, failed cnt: 91
[info] position not increasing, failed cnt: 92
[info] position not increasing, failed cnt: 93
[info] position not increasing, failed cnt: 94
[info] position not increasing, failed cnt: 95
[info] position not increasing, failed cnt: 96
[info] position not increasing, failed cnt: 97
[info] position not increasing, failed cnt: 98
[info] position not increasing, failed cnt: 99
[info] position not increasing, failed cnt: 100
[info] position not increasing, failed cnt: 101
[info] position not increasing, failed cnt: 102
[info] position not increasing, failed cnt: 103
[info] position not increasing, failed cnt: 104
[info] position not increasing, failed cnt: 105
[info] position not increasing, failed cnt: 106
[info] position not increasing, failed cnt: 107
[info] position not increasing, failed cnt: 108
[info] position not increasing, failed cnt: 109
[info] position not increasing, failed cnt: 110
[info] position not increasing, failed cnt: 111
[info] position not increasing, failed cnt: 112
[info] position not increasing, failed cnt: 113
[info] position not increasing, failed cnt: 114
[info] position not increasing, failed cnt: 115
[info] position not increasing, failed cnt: 116
[info] position not increasing, failed cnt: 117
[info] position not increasing, failed cnt: 118
[info] position not increasing, failed cnt: 119
[info] position not increasing, failed cnt: 120
[info] position not increasing, failed cnt: 121
[info] position not increasing, failed cnt: 122
[info] position not increasing, failed cnt: 123
[info] position not increasing, failed cnt: 124
[info] position not increasing, failed cnt: 125
[info] position not increasing, failed cnt: 126
[info] position not increasing, failed cnt: 127
[info] position not increasing, failed cnt: 128
[FATAL] model stuck, exiting ...
[info] position not increasing, failed cnt: 1
[info] position not increasing, failed cnt: 2
[info] position not increasing, failed cnt: 1
[info] position not increasing, failed cnt: 2
[info] position not increasing, failed cnt: 3
[info] position not increasing, failed cnt: 4
[info] position not increasing, failed cnt: 5
[info] position not increasing, failed cnt: 6
[info] position not increasing, failed cnt: 7
[info] position not increasing, failed cnt: 8
[info] position not increasing, failed cnt: 9
[info] position not increasing, failed cnt: 10
[info] position not increasing, failed cnt: 11
[info] position not increasing, failed cnt: 12
[info] position not increasing, failed cnt: 13
[info] position not increasing, failed cnt: 14
[info] position not increasing, failed cnt: 15
[info] position not increasing, failed cnt: 16
[info] position not increasing, failed cnt: 17
[info] position not increasing, failed cnt: 18
[info] position not increasing, failed cnt: 19
[info] position not increasing, failed cnt: 20
[info] position not increasing, failed cnt: 21
[info] position not increasing, failed cnt: 22
[info] position not increasing, failed cnt: 23
[info] position not increasing, failed cnt: 24
[info] position not increasing, failed cnt: 25
[info] position not increasing, failed cnt: 26
[info] position not increasing, failed cnt: 27
[info] position not increasing, failed cnt: 28
[info] position not increasing, failed cnt: 29
[info] position not increasing, failed cnt: 30
[info] position not increasing, failed cnt: 31
[info] position not increasing, failed cnt: 32
[info] position not increasing, failed cnt: 33
[info] position not increasing, failed cnt: 34
[info] position not increasing, failed cnt: 35
[info] position not increasing, failed cnt: 36
[info] position not increasing, failed cnt: 37
[info] position not increasing, failed cnt: 38
[info] position not increasing, failed cnt: 39
[info] position not increasing, failed cnt: 40
[info] position not increasing, failed cnt: 41
[info] position not increasing, failed cnt: 42
[info] position not increasing, failed cnt: 43
[info] position not increasing, failed cnt: 44
[info] position not increasing, failed cnt: 45
[info] position not increasing, failed cnt: 46
[info] position not increasing, failed cnt: 47
[info] position not increasing, failed cnt: 48
[info] position not increasing, failed cnt: 49
[info] position not increasing, failed cnt: 50
[info] position not increasing, failed cnt: 51
[info] position not increasing, failed cnt: 52
[info] position not increasing, failed cnt: 53
[info] position not increasing, failed cnt: 54
[info] position not increasing, failed cnt: 55
[info] position not increasing, failed cnt: 56
[info] position not increasing, failed cnt: 57
[info] position not increasing, failed cnt: 58
[info] position not increasing, failed cnt: 59
[info] position not increasing, failed cnt: 60
[info] position not increasing, failed cnt: 61
[info] position not increasing, failed cnt: 62
[info] position not increasing, failed cnt: 63
[info] position not increasing, failed cnt: 64
[info] position not increasing, failed cnt: 65
[info] position not increasing, failed cnt: 66
[info] position not increasing, failed cnt: 67
[info] position not increasing, failed cnt: 68
[info] position not increasing, failed cnt: 69
[info] position not increasing, failed cnt: 70
[info] position not increasing, failed cnt: 71
[info] position not increasing, failed cnt: 72
[info] position not increasing, failed cnt: 73
[info] position not increasing, failed cnt: 74
[info] position not increasing, failed cnt: 75
[info] position not increasing, failed cnt: 76
[info] position not increasing, failed cnt: 77
[info] position not increasing, failed cnt: 78
[info] position not increasing, failed cnt: 79
[info] position not increasing, failed cnt: 80
[info] position not increasing, failed cnt: 81
[info] position not increasing, failed cnt: 82
[info] position not increasing, failed cnt: 83
[info] position not increasing, failed cnt: 84
[info] position not increasing, failed cnt: 85
[info] position not increasing, failed cnt: 86
[info] position not increasing, failed cnt: 87
[info] position not increasing, failed cnt: 88
[info] position not increasing, failed cnt: 89
[info] position not increasing, failed cnt: 90
[info] position not increasing, failed cnt: 91
[info] position not increasing, failed cnt: 92
[info] position not increasing, failed cnt: 93
[info] position not increasing, failed cnt: 94
[info] position not increasing, failed cnt: 95
[info] position not increasing, failed cnt: 96
[info] position not increasing, failed cnt: 97
[info] position not increasing, failed cnt: 98
[info] position not increasing, failed cnt: 99
[info] position not increasing, failed cnt: 100
[info] position not increasing, failed cnt: 101
[info] position not increasing, failed cnt: 102
[info] position not increasing, failed cnt: 103
[info] position not increasing, failed cnt: 104
[info] position not increasing, failed cnt: 105
[info] position not increasing, failed cnt: 106
[info] position not increasing, failed cnt: 107
[info] position not increasing, failed cnt: 108
[info] position not increasing, failed cnt: 109
[info] position not increasing, failed cnt: 110
[info] position not increasing, failed cnt: 111
[info] position not increasing, failed cnt: 112
[info] position not increasing, failed cnt: 113
[info] position not increasing, failed cnt: 114
[info] position not increasing, failed cnt: 115
[info] position not increasing, failed cnt: 116
[info] position not increasing, failed cnt: 117
[info] position not increasing, failed cnt: 118
[info] position not increasing, failed cnt: 119
[info] position not increasing, failed cnt: 120
[info] position not increasing, failed cnt: 121
[info] position not increasing, failed cnt: 122
[info] position not increasing, failed cnt: 123
[info] position not increasing, failed cnt: 124
[info] position not increasing, failed cnt: 125
[info] position not increasing, failed cnt: 126
[info] position not increasing, failed cnt: 127
[info] position not increasing, failed cnt: 128
[FATAL] model stuck, exiting ...
[info] position not increasing, failed cnt: 1
[info] position not increasing, failed cnt: 2
[info] position not increasing, failed cnt: 3
[info] position not increasing, failed cnt: 4
[info] position not increasing, failed cnt: 5
[info] position not increasing, failed cnt: 6
[info] position not increasing, failed cnt: 7
[info] position not increasing, failed cnt: 8
[info] position not increasing, failed cnt: 9
[info] position not increasing, failed cnt: 10
[info] position not increasing, failed cnt: 11
[info] position not increasing, failed cnt: 1
[info] position not increasing, failed cnt: 2
[info] position not increasing, failed cnt: 3
[info] position not increasing, failed cnt: 4
[info] position not increasing, failed cnt: 5
[info] position not increasing, failed cnt: 6
[info] position not increasing, failed cnt: 7
[info] position not increasing, failed cnt: 8
[info] position not increasing, failed cnt: 9
[info] position not increasing, failed cnt: 10
[info] position not increasing, failed cnt: 11
[info] position not increasing, failed cnt: 12
[info] position not increasing, failed cnt: 13
[info] position not increasing, failed cnt: 14
[info] position not increasing, failed cnt: 15
[info] position not increasing, failed cnt: 16
[info] position not increasing, failed cnt: 17
[info] position not increasing, failed cnt: 18
[info] position not increasing, failed cnt: 19
[info] position not increasing, failed cnt: 20
[info] position not increasing, failed cnt: 21
[info] position not increasing, failed cnt: 22
[info] position not increasing, failed cnt: 23
[info] position not increasing, failed cnt: 24
[info] position not increasing, failed cnt: 25
[info] position not increasing, failed cnt: 26
[info] position not increasing, failed cnt: 27
[info] position not increasing, failed cnt: 28
[info] position not increasing, failed cnt: 29
[info] position not increasing, failed cnt: 30
[info] position not increasing, failed cnt: 31
[info] position not increasing, failed cnt: 32
[info] position not increasing, failed cnt: 33
[info] position not increasing, failed cnt: 34
[info] position not increasing, failed cnt: 35
[info] position not increasing, failed cnt: 36
[info] position not increasing, failed cnt: 37
[info] position not increasing, failed cnt: 38
[info] position not increasing, failed cnt: 39
[info] position not increasing, failed cnt: 40
[info] position not increasing, failed cnt: 41
[info] position not increasing, failed cnt: 42
[info] position not increasing, failed cnt: 43
[info] position not increasing, failed cnt: 44
[info] position not increasing, failed cnt: 45
[info] position not increasing, failed cnt: 46
[info] position not increasing, failed cnt: 47
[info] position not increasing, failed cnt: 48
[info] position not increasing, failed cnt: 49
[info] position not increasing, failed cnt: 50
[info] position not increasing, failed cnt: 51
[info] position not increasing, failed cnt: 52
[info] position not increasing, failed cnt: 53
[info] position not increasing, failed cnt: 54
[info] position not increasing, failed cnt: 55
[info] position not increasing, failed cnt: 56
[info] position not increasing, failed cnt: 57
[info] position not increasing, failed cnt: 58
[info] position not increasing, failed cnt: 59
[info] position not increasing, failed cnt: 60
[info] position not increasing, failed cnt: 61
[info] position not increasing, failed cnt: 62
[info] position not increasing, failed cnt: 63
[info] position not increasing, failed cnt: 64
[info] position not increasing, failed cnt: 65
[info] position not increasing, failed cnt: 66
[info] position not increasing, failed cnt: 67
[info] position not increasing, failed cnt: 68
[info] position not increasing, failed cnt: 69
[info] position not increasing, failed cnt: 70
[info] position not increasing, failed cnt: 71
[info] position not increasing, failed cnt: 72
[info] position not increasing, failed cnt: 73
[info] position not increasing, failed cnt: 74
[info] position not increasing, failed cnt: 75
[info] position not increasing, failed cnt: 76
[info] position not increasing, failed cnt: 77
[info] position not increasing, failed cnt: 78
[info] position not increasing, failed cnt: 79
[info] position not increasing, failed cnt: 80
[info] position not increasing, failed cnt: 81
[info] position not increasing, failed cnt: 82
[info] position not increasing, failed cnt: 83
[info] position not increasing, failed cnt: 84
[info] position not increasing, failed cnt: 85
[info] position not increasing, failed cnt: 86
[info] position not increasing, failed cnt: 87
[info] position not increasing, failed cnt: 88
[info] position not increasing, failed cnt: 89
[info] position not increasing, failed cnt: 90
[info] position not increasing, failed cnt: 91
[info] position not increasing, failed cnt: 92
[info] position not increasing, failed cnt: 93
[info] position not increasing, failed cnt: 94
[info] position not increasing, failed cnt: 95
[info] position not increasing, failed cnt: 96
[info] position not increasing, failed cnt: 97
[info] position not increasing, failed cnt: 98
[info] position not increasing, failed cnt: 99
[info] position not increasing, failed cnt: 100
[info] position not increasing, failed cnt: 101
[info] position not increasing, failed cnt: 102
[info] position not increasing, failed cnt: 103
[info] position not increasing, failed cnt: 104
[info] position not increasing, failed cnt: 105
[info] position not increasing, failed cnt: 106
[info] position not increasing, failed cnt: 107
[info] position not increasing, failed cnt: 108
[info] position not increasing, failed cnt: 109
[info] position not increasing, failed cnt: 110
[info] position not increasing, failed cnt: 111
[info] position not increasing, failed cnt: 112
[info] position not increasing, failed cnt: 113
[info] position not increasing, failed cnt: 114
[info] position not increasing, failed cnt: 115
[info] position not increasing, failed cnt: 116
[info] position not increasing, failed cnt: 117
[info] position not increasing, failed cnt: 118
[info] position not increasing, failed cnt: 119
[info] position not increasing, failed cnt: 120
[info] position not increasing, failed cnt: 121
[info] position not increasing, failed cnt: 122
[info] position not increasing, failed cnt: 123
[info] position not increasing, failed cnt: 124
[info] position not increasing, failed cnt: 125
[info] position not increasing, failed cnt: 126
[info] position not increasing, failed cnt: 127
[info] position not increasing, failed cnt: 128
[FATAL] model stuck, exiting ...
[info] position not increasing, failed cnt: 1
[info] position not increasing, failed cnt: 2
[info] position not increasing, failed cnt: 3
[info] position not increasing, failed cnt: 4
[info] position not increasing, failed cnt: 5
[info] position not increasing, failed cnt: 6
[info] position not increasing, failed cnt: 7
[info] position not increasing, failed cnt: 8
[info] position not increasing, failed cnt: 1
[info] position not increasing, failed cnt: 2
[info] position not increasing, failed cnt: 3
[info] position not increasing, failed cnt: 4
[info] position not increasing, failed cnt: 5
[info] position not increasing, failed cnt: 6
[info] position not increasing, failed cnt: 7
[info] position not increasing, failed cnt: 8
[info] position not increasing, failed cnt: 9
[info] position not increasing, failed cnt: 10
[info] position not increasing, failed cnt: 11
[info] position not increasing, failed cnt: 12
[info] position not increasing, failed cnt: 13
[info] position not increasing, failed cnt: 14
[info] position not increasing, failed cnt: 15
[info] position not increasing, failed cnt: 16
[info] position not increasing, failed cnt: 17
[info] position not increasing, failed cnt: 18
[info] position not increasing, failed cnt: 19
[info] position not increasing, failed cnt: 20
[info] position not increasing, failed cnt: 21
[info] position not increasing, failed cnt: 22
[info] position not increasing, failed cnt: 23
[info] position not increasing, failed cnt: 24
[info] position not increasing, failed cnt: 25
[info] position not increasing, failed cnt: 26
[info] position not increasing, failed cnt: 27
[info] position not increasing, failed cnt: 28
[info] position not increasing, failed cnt: 29
[info] position not increasing, failed cnt: 30
[info] position not increasing, failed cnt: 31
[info] position not increasing, failed cnt: 32
[info] position not increasing, failed cnt: 33
[info] position not increasing, failed cnt: 34
[info] position not increasing, failed cnt: 35
[info] position not increasing, failed cnt: 36
[info] position not increasing, failed cnt: 37
[info] position not increasing, failed cnt: 38
[info] position not increasing, failed cnt: 39
[info] position not increasing, failed cnt: 40
[info] position not increasing, failed cnt: 41
[info] position not increasing, failed cnt: 42
[info] position not increasing, failed cnt: 43
[info] position not increasing, failed cnt: 44
[info] position not increasing, failed cnt: 45
[info] position not increasing, failed cnt: 46
[info] position not increasing, failed cnt: 47
[info] position not increasing, failed cnt: 48
[info] position not increasing, failed cnt: 49
[info] position not increasing, failed cnt: 50
[info] position not increasing, failed cnt: 51
[info] position not increasing, failed cnt: 52
[info] position not increasing, failed cnt: 53
[info] position not increasing, failed cnt: 54
[info] position not increasing, failed cnt: 55
[info] position not increasing, failed cnt: 56
[info] position not increasing, failed cnt: 57
[info] position not increasing, failed cnt: 58
[info] position not increasing, failed cnt: 59
[info] position not increasing, failed cnt: 60
[info] position not increasing, failed cnt: 61
[info] position not increasing, failed cnt: 62
[info] position not increasing, failed cnt: 63
[info] position not increasing, failed cnt: 64
[info] position not increasing, failed cnt: 65
[info] position not increasing, failed cnt: 66
[info] position not increasing, failed cnt: 67
[info] position not increasing, failed cnt: 68
[info] position not increasing, failed cnt: 69
[info] position not increasing, failed cnt: 70
[info] position not increasing, failed cnt: 71
[info] position not increasing, failed cnt: 72
[info] position not increasing, failed cnt: 73
[info] position not increasing, failed cnt: 74
[info] position not increasing, failed cnt: 75
[info] position not increasing, failed cnt: 76
[info] position not increasing, failed cnt: 77
[info] position not increasing, failed cnt: 78
[info] position not increasing, failed cnt: 79
[info] position not increasing, failed cnt: 80
[info] position not increasing, failed cnt: 81
[info] position not increasing, failed cnt: 82
[info] position not increasing, failed cnt: 83
[info] position not increasing, failed cnt: 84
[info] position not increasing, failed cnt: 85
[info] position not increasing, failed cnt: 86
[info] position not increasing, failed cnt: 87
[info] position not increasing, failed cnt: 88
[info] position not increasing, failed cnt: 89
[info] position not increasing, failed cnt: 90
[info] position not increasing, failed cnt: 91
[info] position not increasing, failed cnt: 92
[info] position not increasing, failed cnt: 93
[info] position not increasing, failed cnt: 94
[info] position not increasing, failed cnt: 95
[info] position not increasing, failed cnt: 96
[info] position not increasing, failed cnt: 97
[info] position not increasing, failed cnt: 98
[info] position not increasing, failed cnt: 99
[info] position not increasing, failed cnt: 100
[info] position not increasing, failed cnt: 101
[info] position not increasing, failed cnt: 102
[info] position not increasing, failed cnt: 103
[info] position not increasing, failed cnt: 104
[info] position not increasing, failed cnt: 105
[info] position not increasing, failed cnt: 106
[info] position not increasing, failed cnt: 107
[info] position not increasing, failed cnt: 108
[info] position not increasing, failed cnt: 109
[info] position not increasing, failed cnt: 110
[info] position not increasing, failed cnt: 111
[info] position not increasing, failed cnt: 112
[info] position not increasing, failed cnt: 113
[info] position not increasing, failed cnt: 114
[info] position not increasing, failed cnt: 115
[info] position not increasing, failed cnt: 116
[info] position not increasing, failed cnt: 117
[info] position not increasing, failed cnt: 118
[info] position not increasing, failed cnt: 119
[info] position not increasing, failed cnt: 120
[info] position not increasing, failed cnt: 121
[info] position not increasing, failed cnt: 122
[info] position not increasing, failed cnt: 123
[info] position not increasing, failed cnt: 124
[info] position not increasing, failed cnt: 125
[info] position not increasing, failed cnt: 126
[info] position not increasing, failed cnt: 127
[info] position not increasing, failed cnt: 128
[FATAL] model stuck, exiting ...
[info] position not increasing, failed cnt: 1
[info] position not increasing, failed cnt: 2
[info] position not increasing, failed cnt: 1
[info] position not increasing, failed cnt: 2
[info] position not increasing, failed cnt: 3
[info] position not increasing, failed cnt: 4
[info] position not increasing, failed cnt: 5
[info] position not increasing, failed cnt: 6
[info] position not increasing, failed cnt: 7
[info] position not increasing, failed cnt: 8
[info] position not increasing, failed cnt: 9
[info] position not increasing, failed cnt: 10
[info] position not increasing, failed cnt: 11
[info] position not increasing, failed cnt: 12
[info] position not increasing, failed cnt: 13
[info] position not increasing, failed cnt: 14
[info] position not increasing, failed cnt: 15
[info] position not increasing, failed cnt: 16
[info] position not increasing, failed cnt: 17
[info] position not increasing, failed cnt: 18
[info] position not increasing, failed cnt: 19
[info] position not increasing, failed cnt: 20
[info] position not increasing, failed cnt: 21
[info] position not increasing, failed cnt: 22
[info] position not increasing, failed cnt: 23
[info] position not increasing, failed cnt: 24
[info] position not increasing, failed cnt: 25
[info] position not increasing, failed cnt: 26
[info] position not increasing, failed cnt: 27
[info] position not increasing, failed cnt: 28
[info] position not increasing, failed cnt: 29
[info] position not increasing, failed cnt: 30
[info] position not increasing, failed cnt: 31
[info] position not increasing, failed cnt: 32
[info] position not increasing, failed cnt: 33
[info] position not increasing, failed cnt: 34
[info] position not increasing, failed cnt: 35
[info] position not increasing, failed cnt: 36
[info] position not increasing, failed cnt: 37
[info] position not increasing, failed cnt: 38
[info] position not increasing, failed cnt: 39
[info] position not increasing, failed cnt: 40
[info] position not increasing, failed cnt: 41
[info] position not increasing, failed cnt: 42
[info] position not increasing, failed cnt: 43
[info] position not increasing, failed cnt: 44
[info] position not increasing, failed cnt: 45
[info] position not increasing, failed cnt: 46
[info] position not increasing, failed cnt: 47
[info] position not increasing, failed cnt: 48
[info] position not increasing, failed cnt: 49
[info] position not increasing, failed cnt: 50
[info] position not increasing, failed cnt: 51
[info] position not increasing, failed cnt: 52
[info] position not increasing, failed cnt: 53
[info] position not increasing, failed cnt: 54
[info] position not increasing, failed cnt: 55
[info] position not increasing, failed cnt: 56
[info] position not increasing, failed cnt: 57
[info] position not increasing, failed cnt: 58
[info] position not increasing, failed cnt: 59
[info] position not increasing, failed cnt: 60
[info] position not increasing, failed cnt: 61
[info] position not increasing, failed cnt: 62
[info] position not increasing, failed cnt: 63
[info] position not increasing, failed cnt: 64
[info] position not increasing, failed cnt: 65
[info] position not increasing, failed cnt: 66
[info] position not increasing, failed cnt: 67
[info] position not increasing, failed cnt: 68
[info] position not increasing, failed cnt: 69
[info] position not increasing, failed cnt: 70
[info] position not increasing, failed cnt: 71
[info] position not increasing, failed cnt: 72
[info] position not increasing, failed cnt: 73
[info] position not increasing, failed cnt: 74
[info] position not increasing, failed cnt: 75
[info] position not increasing, failed cnt: 76
[info] position not increasing, failed cnt: 77
[info] position not increasing, failed cnt: 78
[info] position not increasing, failed cnt: 79
[info] position not increasing, failed cnt: 80
[info] position not increasing, failed cnt: 81
[info] position not increasing, failed cnt: 82
[info] position not increasing, failed cnt: 83
[info] position not increasing, failed cnt: 84
[info] position not increasing, failed cnt: 85
[info] position not increasing, failed cnt: 86
[info] position not increasing, failed cnt: 87
[info] position not increasing, failed cnt: 88
[info] position not increasing, failed cnt: 89
[info] position not increasing, failed cnt: 90
[info] position not increasing, failed cnt: 91
[info] position not increasing, failed cnt: 92
[info] position not increasing, failed cnt: 93
[info] position not increasing, failed cnt: 94
[info] position not increasing, failed cnt: 95
[info] position not increasing, failed cnt: 96
[info] position not increasing, failed cnt: 97
[info] position not increasing, failed cnt: 98
[info] position not increasing, failed cnt: 99
[info] position not increasing, failed cnt: 100
[info] position not increasing, failed cnt: 101
[info] position not increasing, failed cnt: 102
[info] position not increasing, failed cnt: 103
[info] position not increasing, failed cnt: 104
[info] position not increasing, failed cnt: 105
[info] position not increasing, failed cnt: 106
[info] position not increasing, failed cnt: 107
[info] position not increasing, failed cnt: 108
[info] position not increasing, failed cnt: 109
[info] position not increasing, failed cnt: 110
[info] position not increasing, failed cnt: 111
[info] position not increasing, failed cnt: 112
[info] position not increasing, failed cnt: 113
[info] position not increasing, failed cnt: 114
[info] position not increasing, failed cnt: 115
[info] position not increasing, failed cnt: 116
[info] position not increasing, failed cnt: 117
[info] position not increasing, failed cnt: 118
[info] position not increasing, failed cnt: 119
[info] position not increasing, failed cnt: 120
[info] position not increasing, failed cnt: 121
[info] position not increasing, failed cnt: 122
[info] position not increasing, failed cnt: 123
[info] position not increasing, failed cnt: 124
[info] position not increasing, failed cnt: 125
[info] position not increasing, failed cnt: 126
[info] position not increasing, failed cnt: 127
[info] position not increasing, failed cnt: 128
[FATAL] model stuck, exiting ...
27o7ErWiozSj47o3dnPvVf orig S3 ok=False fail=generation_failed_5_attempts 57.82s
[info] position not increasing, failed cnt: 1
[info] position not increasing, failed cnt: 2
[info] position not increasing, failed cnt: 3
[info] position not increasing, failed cnt: 4
[info] position not increasing, failed cnt: 5
[info] position not increasing, failed cnt: 6
[info] position not increasing, failed cnt: 1
[info] position not increasing, failed cnt: 2
[info] position not increasing, failed cnt: 3
[info] position not increasing, failed cnt: 4
[info] position not increasing, failed cnt: 5
[info] position not increasing, failed cnt: 6
[info] position not increasing, failed cnt: 7
[info] position not increasing, failed cnt: 8
[info] position not increasing, failed cnt: 9
[info] position not increasing, failed cnt: 10
[info] position not increasing, failed cnt: 11
[info] position not increasing, failed cnt: 12
[info] position not increasing, failed cnt: 13
[info] position not increasing, failed cnt: 14
[info] position not increasing, failed cnt: 15
[info] position not increasing, failed cnt: 16
[info] position not increasing, failed cnt: 17
[info] position not increasing, failed cnt: 18
[info] position not increasing, failed cnt: 19
[info] position not increasing, failed cnt: 20
[info] position not increasing, failed cnt: 21
[info] position not increasing, failed cnt: 22
[info] position not increasing, failed cnt: 23
[info] position not increasing, failed cnt: 24
[info] position not increasing, failed cnt: 25
[info] position not increasing, failed cnt: 26
[info] position not increasing, failed cnt: 27
[info] position not increasing, failed cnt: 28
[info] position not increasing, failed cnt: 29
[info] position not increasing, failed cnt: 30
[info] position not increasing, failed cnt: 31
[info] position not increasing, failed cnt: 32
[info] position not increasing, failed cnt: 33
[info] position not increasing, failed cnt: 34
[info] position not increasing, failed cnt: 35
[info] position not increasing, failed cnt: 36
[info] position not increasing, failed cnt: 37
[info] position not increasing, failed cnt: 38
[info] position not increasing, failed cnt: 39
[info] position not increasing, failed cnt: 40
[info] position not increasing, failed cnt: 41
[info] position not increasing, failed cnt: 42
[info] position not increasing, failed cnt: 43
[info] position not increasing, failed cnt: 44
[info] position not increasing, failed cnt: 45
[info] position not increasing, failed cnt: 46
[info] position not increasing, failed cnt: 47
[info] position not increasing, failed cnt: 48
[info] position not increasing, failed cnt: 49
[info] position not increasing, failed cnt: 50
[info] position not increasing, failed cnt: 51
[info] position not increasing, failed cnt: 52
[info] position not increasing, failed cnt: 53
[info] position not increasing, failed cnt: 54
[info] position not increasing, failed cnt: 55
[info] position not increasing, failed cnt: 56
[info] position not increasing, failed cnt: 57
[info] position not increasing, failed cnt: 58
[info] position not increasing, failed cnt: 59
[info] position not increasing, failed cnt: 60
[info] position not increasing, failed cnt: 61
[info] position not increasing, failed cnt: 62
[info] position not increasing, failed cnt: 63
[info] position not increasing, failed cnt: 64
[info] position not increasing, failed cnt: 65
[info] position not increasing, failed cnt: 66
[info] position not increasing, failed cnt: 67
[info] position not increasing, failed cnt: 68
[info] position not increasing, failed cnt: 69
[info] position not increasing, failed cnt: 70
[info] position not increasing, failed cnt: 71
[info] position not increasing, failed cnt: 72
[info] position not increasing, failed cnt: 73
[info] position not increasing, failed cnt: 74
[info] position not increasing, failed cnt: 75
[info] position not increasing, failed cnt: 76
[info] position not increasing, failed cnt: 77
[info] position not increasing, failed cnt: 78
[info] position not increasing, failed cnt: 79
[info] position not increasing, failed cnt: 80
[info] position not increasing, failed cnt: 81
[info] position not increasing, failed cnt: 82
[info] position not increasing, failed cnt: 83
[info] position not increasing, failed cnt: 84
[info] position not increasing, failed cnt: 85
[info] position not increasing, failed cnt: 86
[info] position not increasing, failed cnt: 87
[info] position not increasing, failed cnt: 88
[info] position not increasing, failed cnt: 89
[info] position not increasing, failed cnt: 90
[info] position not increasing, failed cnt: 91
[info] position not increasing, failed cnt: 92
[info] position not increasing, failed cnt: 93
[info] position not increasing, failed cnt: 94
[info] position not increasing, failed cnt: 95
[info] position not increasing, failed cnt: 96
[info] position not increasing, failed cnt: 97
[info] position not increasing, failed cnt: 98
[info] position not increasing, failed cnt: 99
[info] position not increasing, failed cnt: 100
[info] position not increasing, failed cnt: 101
[info] position not increasing, failed cnt: 102
[info] position not increasing, failed cnt: 103
[info] position not increasing, failed cnt: 104
[info] position not increasing, failed cnt: 105
[info] position not increasing, failed cnt: 106
[info] position not increasing, failed cnt: 107
[info] position not increasing, failed cnt: 108
[info] position not increasing, failed cnt: 109
[info] position not increasing, failed cnt: 110
[info] position not increasing, failed cnt: 111
[info] position not increasing, failed cnt: 112
[info] position not increasing, failed cnt: 113
[info] position not increasing, failed cnt: 114
[info] position not increasing, failed cnt: 115
[info] position not increasing, failed cnt: 116
[info] position not increasing, failed cnt: 117
[info] position not increasing, failed cnt: 118
[info] position not increasing, failed cnt: 119
[info] position not increasing, failed cnt: 120
[info] position not increasing, failed cnt: 121
[info] position not increasing, failed cnt: 122
[info] position not increasing, failed cnt: 123
[info] position not increasing, failed cnt: 124
[info] position not increasing, failed cnt: 125
[info] position not increasing, failed cnt: 126
[info] position not increasing, failed cnt: 127
[info] position not increasing, failed cnt: 128
[FATAL] model stuck, exiting ...
[info] position not increasing, failed cnt: 1
[info] position not increasing, failed cnt: 2
[info] position not increasing, failed cnt: 3
[info] position not increasing, failed cnt: 4
[info] position not increasing, failed cnt: 5
[info] position not increasing, failed cnt: 6
[info] position not increasing, failed cnt: 7
[info] position not increasing, failed cnt: 8
[info] position not increasing, failed cnt: 9
[info] position not increasing, failed cnt: 10
[info] position not increasing, failed cnt: 11
[info] position not increasing, failed cnt: 12
[info] position not increasing, failed cnt: 13
[info] position not increasing, failed cnt: 14
[info] position not increasing, failed cnt: 15
[info] position not increasing, failed cnt: 16
[info] position not increasing, failed cnt: 17
[info] position not increasing, failed cnt: 18
[info] position not increasing, failed cnt: 19
[info] position not increasing, failed cnt: 20
[info] position not increasing, failed cnt: 21
[info] position not increasing, failed cnt: 22
[info] position not increasing, failed cnt: 23
[info] position not increasing, failed cnt: 24
[info] position not increasing, failed cnt: 25
[info] position not increasing, failed cnt: 26
[info] position not increasing, failed cnt: 27
[info] position not increasing, failed cnt: 28
[info] position not increasing, failed cnt: 29
[info] position not increasing, failed cnt: 30
[info] position not increasing, failed cnt: 31
[info] position not increasing, failed cnt: 32
[info] position not increasing, failed cnt: 33
[info] position not increasing, failed cnt: 34
[info] position not increasing, failed cnt: 35
[info] position not increasing, failed cnt: 36
[info] position not increasing, failed cnt: 37
[info] position not increasing, failed cnt: 38
[info] position not increasing, failed cnt: 39
[info] position not increasing, failed cnt: 40
[info] position not increasing, failed cnt: 41
[info] position not increasing, failed cnt: 42
[info] position not increasing, failed cnt: 43
[info] position not increasing, failed cnt: 44
[info] position not increasing, failed cnt: 45
[info] position not increasing, failed cnt: 46
[info] position not increasing, failed cnt: 47
[info] position not increasing, failed cnt: 48
[info] position not increasing, failed cnt: 49
[info] position not increasing, failed cnt: 50
[info] position not increasing, failed cnt: 51
[info] position not increasing, failed cnt: 52
[info] position not increasing, failed cnt: 53
[info] position not increasing, failed cnt: 54
[info] position not increasing, failed cnt: 55
[info] position not increasing, failed cnt: 56
[info] position not increasing, failed cnt: 57
[info] position not increasing, failed cnt: 58
[info] position not increasing, failed cnt: 59
[info] position not increasing, failed cnt: 60
[info] position not increasing, failed cnt: 61
[info] position not increasing, failed cnt: 62
[info] position not increasing, failed cnt: 63
[info] position not increasing, failed cnt: 64
[info] position not increasing, failed cnt: 65
[info] position not increasing, failed cnt: 66
[info] position not increasing, failed cnt: 67
[info] position not increasing, failed cnt: 68
[info] position not increasing, failed cnt: 69
[info] position not increasing, failed cnt: 70
[info] position not increasing, failed cnt: 71
[info] position not increasing, failed cnt: 72
[info] position not increasing, failed cnt: 73
[info] position not increasing, failed cnt: 74
[info] position not increasing, failed cnt: 75
[info] position not increasing, failed cnt: 76
[info] position not increasing, failed cnt: 77
[info] position not increasing, failed cnt: 78
[info] position not increasing, failed cnt: 79
[info] position not increasing, failed cnt: 80
[info] position not increasing, failed cnt: 81
[info] position not increasing, failed cnt: 82
[info] position not increasing, failed cnt: 83
[info] position not increasing, failed cnt: 84
[info] position not increasing, failed cnt: 85
[info] position not increasing, failed cnt: 86
[info] position not increasing, failed cnt: 87
[info] position not increasing, failed cnt: 88
[info] position not increasing, failed cnt: 89
[info] position not increasing, failed cnt: 90
[info] position not increasing, failed cnt: 91
[info] position not increasing, failed cnt: 92
[info] position not increasing, failed cnt: 93
[info] position not increasing, failed cnt: 94
[info] position not increasing, failed cnt: 95
[info] position not increasing, failed cnt: 96
[info] position not increasing, failed cnt: 97
[info] position not increasing, failed cnt: 98
[info] position not increasing, failed cnt: 99
[info] position not increasing, failed cnt: 100
[info] position not increasing, failed cnt: 101
[info] position not increasing, failed cnt: 102
[info] position not increasing, failed cnt: 103
[info] position not increasing, failed cnt: 104
[info] position not increasing, failed cnt: 105
[info] position not increasing, failed cnt: 106
[info] position not increasing, failed cnt: 107
[info] position not increasing, failed cnt: 108
[info] position not increasing, failed cnt: 109
[info] position not increasing, failed cnt: 110
[info] position not increasing, failed cnt: 111
[info] position not increasing, failed cnt: 112
[info] position not increasing, failed cnt: 113
[info] position not increasing, failed cnt: 114
[info] position not increasing, failed cnt: 115
[info] position not increasing, failed cnt: 116
[info] position not increasing, failed cnt: 117
[info] position not increasing, failed cnt: 118
[info] position not increasing, failed cnt: 119
[info] position not increasing, failed cnt: 120
[info] position not increasing, failed cnt: 121
[info] position not increasing, failed cnt: 122
[info] position not increasing, failed cnt: 123
[info] position not increasing, failed cnt: 124
[info] position not increasing, failed cnt: 125
[info] position not increasing, failed cnt: 126
[info] position not increasing, failed cnt: 127
[info] position not increasing, failed cnt: 128
[FATAL] model stuck, exiting ...
[info] position not increasing, failed cnt: 1
[info] position not increasing, failed cnt: 2
[info] position not increasing, failed cnt: 3
[info] position not increasing, failed cnt: 4
[info] position not increasing, failed cnt: 5
[info] position not increasing, failed cnt: 6
[info] position not increasing, failed cnt: 7
[info] position not increasing, failed cnt: 8
[info] position not increasing, failed cnt: 9
[info] position not increasing, failed cnt: 10
[info] position not increasing, failed cnt: 11
[info] position not increasing, failed cnt: 12
[info] position not increasing, failed cnt: 13
[info] position not increasing, failed cnt: 14
[info] position not increasing, failed cnt: 15
[info] position not increasing, failed cnt: 16
[info] position not increasing, failed cnt: 17
[info] position not increasing, failed cnt: 18
[info] position not increasing, failed cnt: 19
[info] position not increasing, failed cnt: 20
[info] position not increasing, failed cnt: 21
[info] position not increasing, failed cnt: 22
[info] position not increasing, failed cnt: 23
[info] position not increasing, failed cnt: 24
[info] position not increasing, failed cnt: 25
[info] position not increasing, failed cnt: 26
[info] position not increasing, failed cnt: 27
[info] position not increasing, failed cnt: 28
[info] position not increasing, failed cnt: 29
[info] position not increasing, failed cnt: 30
[info] position not increasing, failed cnt: 31
[info] position not increasing, failed cnt: 32
[info] position not increasing, failed cnt: 33
[info] position not increasing, failed cnt: 34
[info] position not increasing, failed cnt: 35
[info] position not increasing, failed cnt: 36
[info] position not increasing, failed cnt: 37
[info] position not increasing, failed cnt: 38
[info] position not increasing, failed cnt: 39
[info] position not increasing, failed cnt: 40
[info] position not increasing, failed cnt: 41
[info] position not increasing, failed cnt: 42
[info] position not increasing, failed cnt: 43
[info] position not increasing, failed cnt: 44
[info] position not increasing, failed cnt: 45
[info] position not increasing, failed cnt: 46
[info] position not increasing, failed cnt: 47
[info] position not increasing, failed cnt: 48
[info] position not increasing, failed cnt: 49
[info] position not increasing, failed cnt: 50
[info] position not increasing, failed cnt: 51
[info] position not increasing, failed cnt: 52
[info] position not increasing, failed cnt: 53
[info] position not increasing, failed cnt: 54
[info] position not increasing, failed cnt: 55
[info] position not increasing, failed cnt: 56
[info] position not increasing, failed cnt: 57
[info] position not increasing, failed cnt: 58
[info] position not increasing, failed cnt: 59
[info] position not increasing, failed cnt: 60
[info] position not increasing, failed cnt: 61
[info] position not increasing, failed cnt: 62
[info] position not increasing, failed cnt: 63
[info] position not increasing, failed cnt: 64
[info] position not increasing, failed cnt: 65
[info] position not increasing, failed cnt: 66
[info] position not increasing, failed cnt: 67
[info] position not increasing, failed cnt: 68
[info] position not increasing, failed cnt: 69
[info] position not increasing, failed cnt: 70
[info] position not increasing, failed cnt: 71
[info] position not increasing, failed cnt: 72
[info] position not increasing, failed cnt: 73
[info] position not increasing, failed cnt: 74
[info] position not increasing, failed cnt: 75
[info] position not increasing, failed cnt: 76
[info] position not increasing, failed cnt: 77
[info] position not increasing, failed cnt: 78
[info] position not increasing, failed cnt: 79
[info] position not increasing, failed cnt: 80
[info] position not increasing, failed cnt: 81
[info] position not increasing, failed cnt: 82
[info] position not increasing, failed cnt: 83
[info] position not increasing, failed cnt: 84
[info] position not increasing, failed cnt: 85
[info] position not increasing, failed cnt: 86
[info] position not increasing, failed cnt: 87
[info] position not increasing, failed cnt: 88
[info] position not increasing, failed cnt: 89
[info] position not increasing, failed cnt: 90
[info] position not increasing, failed cnt: 91
[info] position not increasing, failed cnt: 92
[info] position not increasing, failed cnt: 93
[info] position not increasing, failed cnt: 94
[info] position not increasing, failed cnt: 95
[info] position not increasing, failed cnt: 96
[info] position not increasing, failed cnt: 97
[info] position not increasing, failed cnt: 98
[info] position not increasing, failed cnt: 99
[info] position not increasing, failed cnt: 100
[info] position not increasing, failed cnt: 101
[info] position not increasing, failed cnt: 102
[info] position not increasing, failed cnt: 103
[info] position not increasing, failed cnt: 104
[info] position not increasing, failed cnt: 105
[info] position not increasing, failed cnt: 106
[info] position not increasing, failed cnt: 107
[info] position not increasing, failed cnt: 108
[info] position not increasing, failed cnt: 109
[info] position not increasing, failed cnt: 110
[info] position not increasing, failed cnt: 111
[info] position not increasing, failed cnt: 112
[info] position not increasing, failed cnt: 113
[info] position not increasing, failed cnt: 114
[info] position not increasing, failed cnt: 115
[info] position not increasing, failed cnt: 116
[info] position not increasing, failed cnt: 117
[info] position not increasing, failed cnt: 118
[info] position not increasing, failed cnt: 119
[info] position not increasing, failed cnt: 120
[info] position not increasing, failed cnt: 121
[info] position not increasing, failed cnt: 122
[info] position not increasing, failed cnt: 123
[info] position not increasing, failed cnt: 124
[info] position not increasing, failed cnt: 125
[info] position not increasing, failed cnt: 126
[info] position not increasing, failed cnt: 127
[info] position not increasing, failed cnt: 128
[FATAL] model stuck, exiting ...
[info] error EOS occurs, failed eos: 1
[info] error EOS occurs, failed eos: 2
[info] error EOS occurs, failed eos: 3
[info] error EOS occurs, failed eos: 4
[info] error EOS occurs, failed eos: 5
[info] error EOS occurs, failed eos: 6
[info] error EOS occurs, failed eos: 7
[info] error EOS occurs, failed eos: 8
[info] error EOS occurs, failed eos: 9
[info] error EOS occurs, failed eos: 10
[info] error EOS occurs, failed eos: 11
[info] error EOS occurs, failed eos: 12
[info] error EOS occurs, failed eos: 13
[info] error EOS occurs, failed eos: 14
[info] error EOS occurs, failed eos: 15
[info] error EOS occurs, failed eos: 16
[info] error EOS occurs, failed eos: 17
[info] error EOS occurs, failed eos: 18
[info] error EOS occurs, failed eos: 19
[info] error EOS occurs, failed eos: 20
[info] error EOS occurs, failed eos: 21
[info] error EOS occurs, failed eos: 22
[info] error EOS occurs, failed eos: 23
[info] error EOS occurs, failed eos: 24
[info] error EOS occurs, failed eos: 25
[info] error EOS occurs, failed eos: 26
[info] error EOS occurs, failed eos: 27
[info] error EOS occurs, failed eos: 28
[info] error EOS occurs, failed eos: 29
[info] error EOS occurs, failed eos: 30
[info] error EOS occurs, failed eos: 31
[info] error EOS occurs, failed eos: 32
[info] error EOS occurs, failed eos: 33
[info] error EOS occurs, failed eos: 34
[info] error EOS occurs, failed eos: 35
[info] error EOS occurs, failed eos: 36
[info] error EOS occurs, failed eos: 37
[info] error EOS occurs, failed eos: 38
[info] error EOS occurs, failed eos: 39
[info] error EOS occurs, failed eos: 40
[info] error EOS occurs, failed eos: 41
[info] error EOS occurs, failed eos: 42
[info] error EOS occurs, failed eos: 43
[info] error EOS occurs, failed eos: 44
[info] error EOS occurs, failed eos: 45
[info] error EOS occurs, failed eos: 46
[info] error EOS occurs, failed eos: 47
[info] error EOS occurs, failed eos: 48
[info] error EOS occurs, failed eos: 49
[info] error EOS occurs, failed eos: 50
[info] error EOS occurs, failed eos: 51
[info] error EOS occurs, failed eos: 52
[info] error EOS occurs, failed eos: 53
[info] error EOS occurs, failed eos: 54
[info] error EOS occurs, failed eos: 55
[info] error EOS occurs, failed eos: 56
[info] error EOS occurs, failed eos: 57
[info] error EOS occurs, failed eos: 58
[info] error EOS occurs, failed eos: 59
[info] error EOS occurs, failed eos: 60
[info] error EOS occurs, failed eos: 61
[info] error EOS occurs, failed eos: 62
[info] error EOS occurs, failed eos: 63
[info] error EOS occurs, failed eos: 64
[info] error EOS occurs, failed eos: 65
[info] error EOS occurs, failed eos: 66
[info] error EOS occurs, failed eos: 67
[info] error EOS occurs, failed eos: 68
[info] error EOS occurs, failed eos: 69
[info] error EOS occurs, failed eos: 70
[info] error EOS occurs, failed eos: 71
[info] error EOS occurs, failed eos: 72
[info] error EOS occurs, failed eos: 73
[info] error EOS occurs, failed eos: 74
[info] error EOS occurs, failed eos: 75
[info] error EOS occurs, failed eos: 76
[info] error EOS occurs, failed eos: 77
[info] error EOS occurs, failed eos: 78
[info] error EOS occurs, failed eos: 79
[info] error EOS occurs, failed eos: 80
[info] error EOS occurs, failed eos: 81
[info] error EOS occurs, failed eos: 82
[info] error EOS occurs, failed eos: 83
[info] error EOS occurs, failed eos: 84
[info] error EOS occurs, failed eos: 85
[info] error EOS occurs, failed eos: 86
[info] error EOS occurs, failed eos: 87
[info] error EOS occurs, failed eos: 88
[info] error EOS occurs, failed eos: 89
[info] error EOS occurs, failed eos: 90
[info] error EOS occurs, failed eos: 91
[info] error EOS occurs, failed eos: 92
[info] error EOS occurs, failed eos: 93
[info] error EOS occurs, failed eos: 94
[info] error EOS occurs, failed eos: 95
[info] error EOS occurs, failed eos: 96
[info] error EOS occurs, failed eos: 97
[info] error EOS occurs, failed eos: 98
[info] error EOS occurs, failed eos: 99
[info] error EOS occurs, failed eos: 100
[info] error EOS occurs, failed eos: 101
[info] error EOS occurs, failed eos: 102
[info] error EOS occurs, failed eos: 103
[info] error EOS occurs, failed eos: 104
[info] error EOS occurs, failed eos: 105
[info] error EOS occurs, failed eos: 106
[info] error EOS occurs, failed eos: 107
[info] error EOS occurs, failed eos: 108
[info] error EOS occurs, failed eos: 109
[info] error EOS occurs, failed eos: 110
[info] error EOS occurs, failed eos: 111
[info] error EOS occurs, failed eos: 112
[info] error EOS occurs, failed eos: 113
[info] error EOS occurs, failed eos: 114
[info] error EOS occurs, failed eos: 115
[info] error EOS occurs, failed eos: 116
[info] error EOS occurs, failed eos: 117
[info] error EOS occurs, failed eos: 118
[info] error EOS occurs, failed eos: 119
[info] error EOS occurs, failed eos: 120
[info] error EOS occurs, failed eos: 121
[info] error EOS occurs, failed eos: 122
[info] error EOS occurs, failed eos: 123
[info] error EOS occurs, failed eos: 124
[info] error EOS occurs, failed eos: 125
[info] error EOS occurs, failed eos: 126
[info] error EOS occurs, failed eos: 127
[info] error EOS occurs, failed eos: 128
[FATAL] model stuck, eos error ...
[info] position not increasing, failed cnt: 1
[info] position not increasing, failed cnt: 2
[info] position not increasing, failed cnt: 3
[info] position not increasing, failed cnt: 4
[info] position not increasing, failed cnt: 5
[info] position not increasing, failed cnt: 6
[info] position not increasing, failed cnt: 7
[info] position not increasing, failed cnt: 8
[info] position not increasing, failed cnt: 9
[info] position not increasing, failed cnt: 10
[info] position not increasing, failed cnt: 11
[info] position not increasing, failed cnt: 12
[info] position not increasing, failed cnt: 13
[info] position not increasing, failed cnt: 14
[info] position not increasing, failed cnt: 15
[info] position not increasing, failed cnt: 16
[info] position not increasing, failed cnt: 17
[info] position not increasing, failed cnt: 18
[info] position not increasing, failed cnt: 19
[info] position not increasing, failed cnt: 20
[info] position not increasing, failed cnt: 21
[info] position not increasing, failed cnt: 22
[info] position not increasing, failed cnt: 23
[info] position not increasing, failed cnt: 24
[info] position not increasing, failed cnt: 25
[info] position not increasing, failed cnt: 26
[info] position not increasing, failed cnt: 27
[info] position not increasing, failed cnt: 28
[info] position not increasing, failed cnt: 29
[info] position not increasing, failed cnt: 30
[info] position not increasing, failed cnt: 31
[info] position not increasing, failed cnt: 32
[info] position not increasing, failed cnt: 33
[info] position not increasing, failed cnt: 34
[info] position not increasing, failed cnt: 35
[info] position not increasing, failed cnt: 36
[info] position not increasing, failed cnt: 37
[info] position not increasing, failed cnt: 38
[info] position not increasing, failed cnt: 39
[info] position not increasing, failed cnt: 40
[info] position not increasing, failed cnt: 41
[info] position not increasing, failed cnt: 42
[info] position not increasing, failed cnt: 43
[info] position not increasing, failed cnt: 44
[info] position not increasing, failed cnt: 45
[info] position not increasing, failed cnt: 46
[info] position not increasing, failed cnt: 47
[info] position not increasing, failed cnt: 48
[info] position not increasing, failed cnt: 49
[info] position not increasing, failed cnt: 50
[info] position not increasing, failed cnt: 51
[info] position not increasing, failed cnt: 52
[info] position not increasing, failed cnt: 53
[info] position not increasing, failed cnt: 54
[info] position not increasing, failed cnt: 55
[info] position not increasing, failed cnt: 56
[info] position not increasing, failed cnt: 57
[info] position not increasing, failed cnt: 58
[info] position not increasing, failed cnt: 59
[info] position not increasing, failed cnt: 60
[info] position not increasing, failed cnt: 61
[info] position not increasing, failed cnt: 62
[info] position not increasing, failed cnt: 63
[info] position not increasing, failed cnt: 64
[info] position not increasing, failed cnt: 65
[info] position not increasing, failed cnt: 66
[info] position not increasing, failed cnt: 67
[info] position not increasing, failed cnt: 68
[info] position not increasing, failed cnt: 69
[info] position not increasing, failed cnt: 70
[info] position not increasing, failed cnt: 71
[info] position not increasing, failed cnt: 72
[info] position not increasing, failed cnt: 73
[info] position not increasing, failed cnt: 74
[info] position not increasing, failed cnt: 75
[info] position not increasing, failed cnt: 76
[info] position not increasing, failed cnt: 77
[info] position not increasing, failed cnt: 78
[info] position not increasing, failed cnt: 79
[info] position not increasing, failed cnt: 80
[info] position not increasing, failed cnt: 81
[info] position not increasing, failed cnt: 82
[info] position not increasing, failed cnt: 83
[info] position not increasing, failed cnt: 84
[info] position not increasing, failed cnt: 85
[info] position not increasing, failed cnt: 86
[info] position not increasing, failed cnt: 87
[info] position not increasing, failed cnt: 88
[info] position not increasing, failed cnt: 89
[info] position not increasing, failed cnt: 90
[info] position not increasing, failed cnt: 91
[info] position not increasing, failed cnt: 92
[info] position not increasing, failed cnt: 93
[info] position not increasing, failed cnt: 94
[info] position not increasing, failed cnt: 95
[info] position not increasing, failed cnt: 96
[info] position not increasing, failed cnt: 97
[info] position not increasing, failed cnt: 98
[info] position not increasing, failed cnt: 99
[info] position not increasing, failed cnt: 100
[info] position not increasing, failed cnt: 101
[info] position not increasing, failed cnt: 102
[info] position not increasing, failed cnt: 103
[info] position not increasing, failed cnt: 104
[info] position not increasing, failed cnt: 105
[info] position not increasing, failed cnt: 106
[info] position not increasing, failed cnt: 107
[info] position not increasing, failed cnt: 108
[info] position not increasing, failed cnt: 109
[info] position not increasing, failed cnt: 110
[info] position not increasing, failed cnt: 111
[info] position not increasing, failed cnt: 112
[info] position not increasing, failed cnt: 113
[info] position not increasing, failed cnt: 114
[info] position not increasing, failed cnt: 115
[info] position not increasing, failed cnt: 116
[info] position not increasing, failed cnt: 117
[info] position not increasing, failed cnt: 118
[info] position not increasing, failed cnt: 119
[info] position not increasing, failed cnt: 120
[info] position not increasing, failed cnt: 121
[info] position not increasing, failed cnt: 122
[info] position not increasing, failed cnt: 123
[info] position not increasing, failed cnt: 124
[info] position not increasing, failed cnt: 125
[info] position not increasing, failed cnt: 126
[info] position not increasing, failed cnt: 127
[info] position not increasing, failed cnt: 128
[FATAL] model stuck, exiting ...
28IzuspwIj6C8XAOoIJ1Wp orig S3 ok=False fail=generation_failed_5_attempts 61.96s
-- generated events: 1017
-- time elapsed: 8.27 secs
2BOyzQctN9FQpLfNM9GHQW orig S3 ok=True fail=None 8.37s
2CowpOAsDHkhMHQRknInwx orig S3 ok=False fail=unsupported_meter 0.0s
[info] position not increasing, failed cnt: 1
[info] error EOS occurs, failed eos: 1
[info] error EOS occurs, failed eos: 2
[info] error EOS occurs, failed eos: 3
[info] error EOS occurs, failed eos: 4
[info] error EOS occurs, failed eos: 5
[info] error EOS occurs, failed eos: 6
[info] error EOS occurs, failed eos: 7
[info] error EOS occurs, failed eos: 8
[info] error EOS occurs, failed eos: 9
[info] error EOS occurs, failed eos: 10
[info] error EOS occurs, failed eos: 11
[info] error EOS occurs, failed eos: 12
[info] error EOS occurs, failed eos: 13
[info] error EOS occurs, failed eos: 14
[info] error EOS occurs, failed eos: 15
[info] error EOS occurs, failed eos: 16
[info] error EOS occurs, failed eos: 17
[info] error EOS occurs, failed eos: 18
[info] error EOS occurs, failed eos: 19
[info] error EOS occurs, failed eos: 20
[info] error EOS occurs, failed eos: 21
[info] error EOS occurs, failed eos: 22
[info] error EOS occurs, failed eos: 23
[info] error EOS occurs, failed eos: 24
[info] error EOS occurs, failed eos: 25
[info] error EOS occurs, failed eos: 26
[info] error EOS occurs, failed eos: 27
[info] error EOS occurs, failed eos: 28
[info] error EOS occurs, failed eos: 29
[info] error EOS occurs, failed eos: 30
[info] error EOS occurs, failed eos: 31
[info] error EOS occurs, failed eos: 32
[info] error EOS occurs, failed eos: 33
[info] error EOS occurs, failed eos: 34
[info] error EOS occurs, failed eos: 35
[info] error EOS occurs, failed eos: 36
[info] error EOS occurs, failed eos: 37
[info] error EOS occurs, failed eos: 38
[info] error EOS occurs, failed eos: 39
[info] error EOS occurs, failed eos: 40
[info] error EOS occurs, failed eos: 41
[info] error EOS occurs, failed eos: 42
[info] error EOS occurs, failed eos: 43
[info] error EOS occurs, failed eos: 44
[info] error EOS occurs, failed eos: 45
[info] error EOS occurs, failed eos: 46
[info] error EOS occurs, failed eos: 47
[info] error EOS occurs, failed eos: 48
[info] error EOS occurs, failed eos: 49
[info] error EOS occurs, failed eos: 50
[info] error EOS occurs, failed eos: 51
[info] error EOS occurs, failed eos: 52
[info] error EOS occurs, failed eos: 53
[info] error EOS occurs, failed eos: 54
[info] error EOS occurs, failed eos: 55
[info] error EOS occurs, failed eos: 56
[info] error EOS occurs, failed eos: 57
[info] error EOS occurs, failed eos: 58
[info] error EOS occurs, failed eos: 59
[info] error EOS occurs, failed eos: 60
[info] error EOS occurs, failed eos: 61
[info] error EOS occurs, failed eos: 62
[info] error EOS occurs, failed eos: 63
[info] error EOS occurs, failed eos: 64
[info] error EOS occurs, failed eos: 65
[info] error EOS occurs, failed eos: 66
[info] error EOS occurs, failed eos: 67
[info] error EOS occurs, failed eos: 68
[info] error EOS occurs, failed eos: 69
[info] error EOS occurs, failed eos: 70
[info] error EOS occurs, failed eos: 71
[info] error EOS occurs, failed eos: 72
[info] error EOS occurs, failed eos: 73
[info] error EOS occurs, failed eos: 74
[info] error EOS occurs, failed eos: 75
[info] error EOS occurs, failed eos: 76
[info] error EOS occurs, failed eos: 77
[info] error EOS occurs, failed eos: 78
[info] error EOS occurs, failed eos: 79
[info] error EOS occurs, failed eos: 80
[info] error EOS occurs, failed eos: 81
[info] error EOS occurs, failed eos: 82
[info] error EOS occurs, failed eos: 83
[info] error EOS occurs, failed eos: 84
[info] error EOS occurs, failed eos: 85
[info] error EOS occurs, failed eos: 86
[info] error EOS occurs, failed eos: 87
[info] error EOS occurs, failed eos: 88
[info] error EOS occurs, failed eos: 89
[info] error EOS occurs, failed eos: 90
[info] error EOS occurs, failed eos: 91
[info] error EOS occurs, failed eos: 92
[info] error EOS occurs, failed eos: 93
[info] error EOS occurs, failed eos: 94
[info] error EOS occurs, failed eos: 95
[info] error EOS occurs, failed eos: 96
[info] error EOS occurs, failed eos: 97
[info] error EOS occurs, failed eos: 98
[info] error EOS occurs, failed eos: 99
[info] error EOS occurs, failed eos: 100
[info] error EOS occurs, failed eos: 101
[info] error EOS occurs, failed eos: 102
[info] error EOS occurs, failed eos: 103
[info] error EOS occurs, failed eos: 104
[info] error EOS occurs, failed eos: 105
[info] error EOS occurs, failed eos: 106
[info] error EOS occurs, failed eos: 107
[info] error EOS occurs, failed eos: 108
[info] error EOS occurs, failed eos: 109
[info] error EOS occurs, failed eos: 110
[info] error EOS occurs, failed eos: 111
[info] error EOS occurs, failed eos: 112
[info] error EOS occurs, failed eos: 113
[info] error EOS occurs, failed eos: 114
[info] error EOS occurs, failed eos: 115
[info] error EOS occurs, failed eos: 116
[info] error EOS occurs, failed eos: 117
[info] error EOS occurs, failed eos: 118
[info] error EOS occurs, failed eos: 119
[info] error EOS occurs, failed eos: 120
[info] error EOS occurs, failed eos: 121
[info] error EOS occurs, failed eos: 122
[info] error EOS occurs, failed eos: 123
[info] error EOS occurs, failed eos: 124
[info] error EOS occurs, failed eos: 125
[info] error EOS occurs, failed eos: 126
[info] error EOS occurs, failed eos: 127
[info] error EOS occurs, failed eos: 128
[FATAL] model stuck, eos error ...
[info] error EOS occurs, failed eos: 1
[info] error EOS occurs, failed eos: 2
[info] error EOS occurs, failed eos: 3
[info] error EOS occurs, failed eos: 4
[info] error EOS occurs, failed eos: 5
[info] error EOS occurs, failed eos: 6
[info] error EOS occurs, failed eos: 7
[info] error EOS occurs, failed eos: 8
[info] error EOS occurs, failed eos: 9
[info] error EOS occurs, failed eos: 10
[info] error EOS occurs, failed eos: 11
[info] error EOS occurs, failed eos: 12
[info] error EOS occurs, failed eos: 13
[info] error EOS occurs, failed eos: 14
[info] error EOS occurs, failed eos: 15
[info] error EOS occurs, failed eos: 16
[info] error EOS occurs, failed eos: 17
[info] error EOS occurs, failed eos: 18
[info] error EOS occurs, failed eos: 19
[info] error EOS occurs, failed eos: 20
[info] error EOS occurs, failed eos: 21
[info] error EOS occurs, failed eos: 22
[info] error EOS occurs, failed eos: 23
[info] error EOS occurs, failed eos: 24
[info] error EOS occurs, failed eos: 25
[info] error EOS occurs, failed eos: 26
[info] error EOS occurs, failed eos: 27
[info] error EOS occurs, failed eos: 28
[info] error EOS occurs, failed eos: 29
[info] error EOS occurs, failed eos: 30
[info] error EOS occurs, failed eos: 31
[info] error EOS occurs, failed eos: 32
[info] error EOS occurs, failed eos: 33
[info] error EOS occurs, failed eos: 34
[info] error EOS occurs, failed eos: 35
[info] error EOS occurs, failed eos: 36
[info] error EOS occurs, failed eos: 37
[info] error EOS occurs, failed eos: 38
[info] error EOS occurs, failed eos: 39
[info] error EOS occurs, failed eos: 40
[info] error EOS occurs, failed eos: 41
[info] error EOS occurs, failed eos: 42
[info] error EOS occurs, failed eos: 43
[info] error EOS occurs, failed eos: 44
[info] error EOS occurs, failed eos: 45
[info] error EOS occurs, failed eos: 46
[info] error EOS occurs, failed eos: 47
[info] error EOS occurs, failed eos: 48
[info] error EOS occurs, failed eos: 49
[info] error EOS occurs, failed eos: 50
[info] error EOS occurs, failed eos: 51
[info] error EOS occurs, failed eos: 52
[info] error EOS occurs, failed eos: 53
[info] error EOS occurs, failed eos: 54
[info] error EOS occurs, failed eos: 55
[info] error EOS occurs, failed eos: 56
[info] error EOS occurs, failed eos: 57
[info] error EOS occurs, failed eos: 58
[info] error EOS occurs, failed eos: 59
[info] error EOS occurs, failed eos: 60
[info] error EOS occurs, failed eos: 61
[info] error EOS occurs, failed eos: 62
[info] error EOS occurs, failed eos: 63
[info] error EOS occurs, failed eos: 64
[info] error EOS occurs, failed eos: 65
[info] error EOS occurs, failed eos: 66
[info] error EOS occurs, failed eos: 67
[info] error EOS occurs, failed eos: 68
[info] error EOS occurs, failed eos: 69
[info] error EOS occurs, failed eos: 70
[info] error EOS occurs, failed eos: 71
[info] error EOS occurs, failed eos: 72
[info] error EOS occurs, failed eos: 73
[info] error EOS occurs, failed eos: 74
[info] error EOS occurs, failed eos: 75
[info] error EOS occurs, failed eos: 76
[info] error EOS occurs, failed eos: 77
[info] error EOS occurs, failed eos: 78
[info] error EOS occurs, failed eos: 79
[info] error EOS occurs, failed eos: 80
[info] error EOS occurs, failed eos: 81
[info] error EOS occurs, failed eos: 82
[info] error EOS occurs, failed eos: 83
[info] error EOS occurs, failed eos: 84
[info] error EOS occurs, failed eos: 85
[info] error EOS occurs, failed eos: 86
[info] error EOS occurs, failed eos: 87
[info] error EOS occurs, failed eos: 88
[info] error EOS occurs, failed eos: 89
[info] error EOS occurs, failed eos: 90
[info] error EOS occurs, failed eos: 91
[info] error EOS occurs, failed eos: 92
[info] error EOS occurs, failed eos: 93
[info] error EOS occurs, failed eos: 94
[info] error EOS occurs, failed eos: 95
[info] error EOS occurs, failed eos: 96
[info] error EOS occurs, failed eos: 97
[info] error EOS occurs, failed eos: 98
[info] error EOS occurs, failed eos: 99
[info] error EOS occurs, failed eos: 100
[info] error EOS occurs, failed eos: 101
[info] error EOS occurs, failed eos: 102
[info] error EOS occurs, failed eos: 103
[info] error EOS occurs, failed eos: 104
[info] error EOS occurs, failed eos: 105
[info] error EOS occurs, failed eos: 106
[info] error EOS occurs, failed eos: 107
[info] error EOS occurs, failed eos: 108
[info] error EOS occurs, failed eos: 109
[info] error EOS occurs, failed eos: 110
[info] error EOS occurs, failed eos: 111
[info] error EOS occurs, failed eos: 112
[info] error EOS occurs, failed eos: 113
[info] error EOS occurs, failed eos: 114
[info] error EOS occurs, failed eos: 115
[info] error EOS occurs, failed eos: 116
[info] error EOS occurs, failed eos: 117
[info] error EOS occurs, failed eos: 118
[info] error EOS occurs, failed eos: 119
[info] error EOS occurs, failed eos: 120
[info] error EOS occurs, failed eos: 121
[info] error EOS occurs, failed eos: 122
[info] error EOS occurs, failed eos: 123
[info] error EOS occurs, failed eos: 124
[info] error EOS occurs, failed eos: 125
[info] error EOS occurs, failed eos: 126
[info] error EOS occurs, failed eos: 127
[info] error EOS occurs, failed eos: 128
[FATAL] model stuck, eos error ...
[info] position not increasing, failed cnt: 1
[info] position not increasing, failed cnt: 2
[info] position not increasing, failed cnt: 3
[info] position not increasing, failed cnt: 4
[info] position not increasing, failed cnt: 5
[info] position not increasing, failed cnt: 6
[info] position not increasing, failed cnt: 7
[info] position not increasing, failed cnt: 8
[info] position not increasing, failed cnt: 9
[info] position not increasing, failed cnt: 10
[info] position not increasing, failed cnt: 11
[info] position not increasing, failed cnt: 12
[info] position not increasing, failed cnt: 13
[info] position not increasing, failed cnt: 14
[info] position not increasing, failed cnt: 15
[info] position not increasing, failed cnt: 16
[info] position not increasing, failed cnt: 17
[info] position not increasing, failed cnt: 18
[info] position not increasing, failed cnt: 19
[info] position not increasing, failed cnt: 20
[info] position not increasing, failed cnt: 21
[info] position not increasing, failed cnt: 22
[info] position not increasing, failed cnt: 23
[info] position not increasing, failed cnt: 24
[info] position not increasing, failed cnt: 25
[info] position not increasing, failed cnt: 26
[info] position not increasing, failed cnt: 27
[info] position not increasing, failed cnt: 28
[info] position not increasing, failed cnt: 29
[info] position not increasing, failed cnt: 30
[info] position not increasing, failed cnt: 31
[info] position not increasing, failed cnt: 32
[info] position not increasing, failed cnt: 33
[info] position not increasing, failed cnt: 34
[info] position not increasing, failed cnt: 35
[info] position not increasing, failed cnt: 36
[info] position not increasing, failed cnt: 37
[info] position not increasing, failed cnt: 38
[info] position not increasing, failed cnt: 39
[info] position not increasing, failed cnt: 40
[info] position not increasing, failed cnt: 41
[info] position not increasing, failed cnt: 42
[info] position not increasing, failed cnt: 43
[info] position not increasing, failed cnt: 44
[info] position not increasing, failed cnt: 45
[info] position not increasing, failed cnt: 46
[info] position not increasing, failed cnt: 47
[info] position not increasing, failed cnt: 48
[info] position not increasing, failed cnt: 49
[info] position not increasing, failed cnt: 50
[info] position not increasing, failed cnt: 51
[info] position not increasing, failed cnt: 52
[info] position not increasing, failed cnt: 53
[info] position not increasing, failed cnt: 54
[info] position not increasing, failed cnt: 55
[info] position not increasing, failed cnt: 56
[info] position not increasing, failed cnt: 57
[info] position not increasing, failed cnt: 58
[info] position not increasing, failed cnt: 59
[info] position not increasing, failed cnt: 60
[info] position not increasing, failed cnt: 61
[info] position not increasing, failed cnt: 62
[info] position not increasing, failed cnt: 63
[info] position not increasing, failed cnt: 64
[info] position not increasing, failed cnt: 65
[info] position not increasing, failed cnt: 66
[info] position not increasing, failed cnt: 67
[info] position not increasing, failed cnt: 68
[info] position not increasing, failed cnt: 69
[info] position not increasing, failed cnt: 70
[info] position not increasing, failed cnt: 71
[info] position not increasing, failed cnt: 72
[info] position not increasing, failed cnt: 73
[info] position not increasing, failed cnt: 74
[info] position not increasing, failed cnt: 75
[info] position not increasing, failed cnt: 76
[info] position not increasing, failed cnt: 77
[info] position not increasing, failed cnt: 78
[info] position not increasing, failed cnt: 79
[info] position not increasing, failed cnt: 80
[info] position not increasing, failed cnt: 81
[info] position not increasing, failed cnt: 82
[info] position not increasing, failed cnt: 83
[info] position not increasing, failed cnt: 84
[info] position not increasing, failed cnt: 85
[info] position not increasing, failed cnt: 86
[info] position not increasing, failed cnt: 87
[info] position not increasing, failed cnt: 88
[info] position not increasing, failed cnt: 89
[info] position not increasing, failed cnt: 90
[info] position not increasing, failed cnt: 91
[info] position not increasing, failed cnt: 92
[info] position not increasing, failed cnt: 93
[info] position not increasing, failed cnt: 94
[info] position not increasing, failed cnt: 95
[info] position not increasing, failed cnt: 96
[info] position not increasing, failed cnt: 97
[info] position not increasing, failed cnt: 98
[info] position not increasing, failed cnt: 99
[info] position not increasing, failed cnt: 100
[info] position not increasing, failed cnt: 101
[info] position not increasing, failed cnt: 102
[info] position not increasing, failed cnt: 103
[info] position not increasing, failed cnt: 104
[info] position not increasing, failed cnt: 105
[info] position not increasing, failed cnt: 106
[info] position not increasing, failed cnt: 107
[info] position not increasing, failed cnt: 108
[info] position not increasing, failed cnt: 109
[info] position not increasing, failed cnt: 110
[info] position not increasing, failed cnt: 111
[info] position not increasing, failed cnt: 112
[info] position not increasing, failed cnt: 113
[info] position not increasing, failed cnt: 114
[info] position not increasing, failed cnt: 115
[info] position not increasing, failed cnt: 116
[info] position not increasing, failed cnt: 117
[info] position not increasing, failed cnt: 118
[info] position not increasing, failed cnt: 119
[info] position not increasing, failed cnt: 120
[info] position not increasing, failed cnt: 121
[info] position not increasing, failed cnt: 122
[info] position not increasing, failed cnt: 123
[info] position not increasing, failed cnt: 124
[info] position not increasing, failed cnt: 125
[info] position not increasing, failed cnt: 126
[info] position not increasing, failed cnt: 127
[info] position not increasing, failed cnt: 128
[FATAL] model stuck, exiting ...
[info] position not increasing, failed cnt: 1
[info] position not increasing, failed cnt: 2
[info] position not increasing, failed cnt: 3
[info] position not increasing, failed cnt: 4
[info] position not increasing, failed cnt: 5
[info] position not increasing, failed cnt: 6
[info] position not increasing, failed cnt: 7
[info] position not increasing, failed cnt: 8
[info] position not increasing, failed cnt: 9
[info] position not increasing, failed cnt: 10
[info] position not increasing, failed cnt: 11
[info] position not increasing, failed cnt: 12
[info] position not increasing, failed cnt: 13
[info] position not increasing, failed cnt: 14
[info] position not increasing, failed cnt: 15
[info] position not increasing, failed cnt: 16
[info] position not increasing, failed cnt: 17
[info] position not increasing, failed cnt: 18
[info] position not increasing, failed cnt: 19
[info] position not increasing, failed cnt: 20
[info] position not increasing, failed cnt: 21
[info] position not increasing, failed cnt: 22
[info] position not increasing, failed cnt: 23
[info] position not increasing, failed cnt: 24
[info] position not increasing, failed cnt: 25
[info] position not increasing, failed cnt: 26
[info] position not increasing, failed cnt: 27
[info] position not increasing, failed cnt: 28
[info] position not increasing, failed cnt: 29
[info] position not increasing, failed cnt: 30
[info] position not increasing, failed cnt: 31
[info] position not increasing, failed cnt: 32
[info] position not increasing, failed cnt: 33
[info] position not increasing, failed cnt: 34
[info] position not increasing, failed cnt: 35
[info] position not increasing, failed cnt: 36
[info] position not increasing, failed cnt: 37
[info] position not increasing, failed cnt: 38
[info] position not increasing, failed cnt: 39
[info] position not increasing, failed cnt: 40
[info] position not increasing, failed cnt: 41
[info] position not increasing, failed cnt: 42
[info] position not increasing, failed cnt: 43
[info] position not increasing, failed cnt: 44
[info] position not increasing, failed cnt: 45
[info] position not increasing, failed cnt: 46
[info] position not increasing, failed cnt: 47
[info] position not increasing, failed cnt: 48
[info] position not increasing, failed cnt: 49
[info] position not increasing, failed cnt: 50
[info] position not increasing, failed cnt: 51
[info] position not increasing, failed cnt: 52
[info] position not increasing, failed cnt: 53
[info] position not increasing, failed cnt: 54
[info] position not increasing, failed cnt: 55
[info] position not increasing, failed cnt: 56
[info] position not increasing, failed cnt: 57
[info] position not increasing, failed cnt: 58
[info] position not increasing, failed cnt: 59
[info] position not increasing, failed cnt: 60
[info] position not increasing, failed cnt: 61
[info] position not increasing, failed cnt: 62
[info] position not increasing, failed cnt: 63
[info] position not increasing, failed cnt: 64
[info] position not increasing, failed cnt: 65
[info] position not increasing, failed cnt: 66
[info] position not increasing, failed cnt: 67
[info] position not increasing, failed cnt: 68
[info] position not increasing, failed cnt: 69
[info] position not increasing, failed cnt: 70
[info] position not increasing, failed cnt: 71
[info] position not increasing, failed cnt: 72
[info] position not increasing, failed cnt: 73
[info] position not increasing, failed cnt: 74
[info] position not increasing, failed cnt: 75
[info] position not increasing, failed cnt: 76
[info] position not increasing, failed cnt: 77
[info] position not increasing, failed cnt: 78
[info] position not increasing, failed cnt: 79
[info] position not increasing, failed cnt: 80
[info] position not increasing, failed cnt: 81
[info] position not increasing, failed cnt: 82
[info] position not increasing, failed cnt: 83
[info] position not increasing, failed cnt: 84
[info] position not increasing, failed cnt: 85
[info] position not increasing, failed cnt: 86
[info] position not increasing, failed cnt: 87
[info] position not increasing, failed cnt: 88
[info] position not increasing, failed cnt: 89
[info] position not increasing, failed cnt: 90
[info] position not increasing, failed cnt: 91
[info] position not increasing, failed cnt: 92
[info] position not increasing, failed cnt: 93
[info] position not increasing, failed cnt: 94
[info] position not increasing, failed cnt: 95
[info] position not increasing, failed cnt: 96
[info] position not increasing, failed cnt: 97
[info] position not increasing, failed cnt: 98
[info] position not increasing, failed cnt: 99
[info] position not increasing, failed cnt: 100
[info] position not increasing, failed cnt: 101
[info] position not increasing, failed cnt: 102
[info] position not increasing, failed cnt: 103
[info] position not increasing, failed cnt: 104
[info] position not increasing, failed cnt: 105
[info] position not increasing, failed cnt: 106
[info] position not increasing, failed cnt: 107
[info] position not increasing, failed cnt: 108
[info] position not increasing, failed cnt: 109
[info] position not increasing, failed cnt: 110
[info] position not increasing, failed cnt: 111
[info] position not increasing, failed cnt: 112
[info] position not increasing, failed cnt: 113
[info] position not increasing, failed cnt: 114
[info] position not increasing, failed cnt: 115
[info] position not increasing, failed cnt: 116
[info] position not increasing, failed cnt: 117
[info] position not increasing, failed cnt: 118
[info] position not increasing, failed cnt: 119
[info] position not increasing, failed cnt: 120
[info] position not increasing, failed cnt: 121
[info] position not increasing, failed cnt: 122
[info] position not increasing, failed cnt: 123
[info] position not increasing, failed cnt: 124
[info] position not increasing, failed cnt: 125
[info] position not increasing, failed cnt: 126
[info] position not increasing, failed cnt: 127
[info] position not increasing, failed cnt: 128
[FATAL] model stuck, exiting ...
[info] position not increasing, failed cnt: 1
[info] position not increasing, failed cnt: 2
[info] position not increasing, failed cnt: 3
[info] position not increasing, failed cnt: 4
[info] position not increasing, failed cnt: 5
[info] position not increasing, failed cnt: 6
[info] position not increasing, failed cnt: 7
[info] position not increasing, failed cnt: 8
[info] position not increasing, failed cnt: 9
[info] position not increasing, failed cnt: 10
[info] position not increasing, failed cnt: 11
[info] position not increasing, failed cnt: 12
[info] position not increasing, failed cnt: 13
[info] position not increasing, failed cnt: 14
[info] position not increasing, failed cnt: 15
[info] position not increasing, failed cnt: 16
[info] position not increasing, failed cnt: 17
[info] position not increasing, failed cnt: 18
[info] position not increasing, failed cnt: 19
[info] position not increasing, failed cnt: 20
[info] position not increasing, failed cnt: 21
[info] position not increasing, failed cnt: 22
[info] position not increasing, failed cnt: 23
[info] position not increasing, failed cnt: 24
[info] position not increasing, failed cnt: 25
[info] position not increasing, failed cnt: 26
[info] position not increasing, failed cnt: 27
[info] position not increasing, failed cnt: 28
[info] position not increasing, failed cnt: 29
[info] position not increasing, failed cnt: 30
[info] position not increasing, failed cnt: 31
[info] position not increasing, failed cnt: 32
[info] position not increasing, failed cnt: 33
[info] position not increasing, failed cnt: 34
[info] position not increasing, failed cnt: 35
[info] position not increasing, failed cnt: 36
[info] position not increasing, failed cnt: 37
[info] position not increasing, failed cnt: 38
[info] position not increasing, failed cnt: 39
[info] position not increasing, failed cnt: 40
[info] position not increasing, failed cnt: 41
[info] position not increasing, failed cnt: 42
[info] position not increasing, failed cnt: 43
[info] position not increasing, failed cnt: 44
[info] position not increasing, failed cnt: 45
[info] position not increasing, failed cnt: 46
[info] position not increasing, failed cnt: 47
[info] position not increasing, failed cnt: 48
[info] position not increasing, failed cnt: 49
[info] position not increasing, failed cnt: 50
[info] position not increasing, failed cnt: 51
[info] position not increasing, failed cnt: 52
[info] position not increasing, failed cnt: 53
[info] position not increasing, failed cnt: 54
[info] position not increasing, failed cnt: 55
[info] position not increasing, failed cnt: 56
[info] position not increasing, failed cnt: 57
[info] position not increasing, failed cnt: 58
[info] position not increasing, failed cnt: 59
[info] position not increasing, failed cnt: 60
[info] position not increasing, failed cnt: 61
[info] position not increasing, failed cnt: 62
[info] position not increasing, failed cnt: 63
[info] position not increasing, failed cnt: 64
[info] position not increasing, failed cnt: 65
[info] position not increasing, failed cnt: 66
[info] position not increasing, failed cnt: 67
[info] position not increasing, failed cnt: 68
[info] position not increasing, failed cnt: 69
[info] position not increasing, failed cnt: 70
[info] position not increasing, failed cnt: 71
[info] position not increasing, failed cnt: 72
[info] position not increasing, failed cnt: 73
[info] position not increasing, failed cnt: 74
[info] position not increasing, failed cnt: 75
[info] position not increasing, failed cnt: 76
[info] position not increasing, failed cnt: 77
[info] position not increasing, failed cnt: 78
[info] position not increasing, failed cnt: 79
[info] position not increasing, failed cnt: 80
[info] position not increasing, failed cnt: 81
[info] position not increasing, failed cnt: 82
[info] position not increasing, failed cnt: 83
[info] position not increasing, failed cnt: 84
[info] position not increasing, failed cnt: 85
[info] position not increasing, failed cnt: 86
[info] position not increasing, failed cnt: 87
[info] position not increasing, failed cnt: 88
[info] position not increasing, failed cnt: 89
[info] position not increasing, failed cnt: 90
[info] position not increasing, failed cnt: 91
[info] position not increasing, failed cnt: 92
[info] position not increasing, failed cnt: 93
[info] position not increasing, failed cnt: 94
[info] position not increasing, failed cnt: 95
[info] position not increasing, failed cnt: 96
[info] position not increasing, failed cnt: 97
[info] position not increasing, failed cnt: 98
[info] position not increasing, failed cnt: 99
[info] position not increasing, failed cnt: 100
[info] position not increasing, failed cnt: 101
[info] position not increasing, failed cnt: 102
[info] position not increasing, failed cnt: 103
[info] position not increasing, failed cnt: 104
[info] position not increasing, failed cnt: 105
[info] position not increasing, failed cnt: 106
[info] position not increasing, failed cnt: 107
[info] position not increasing, failed cnt: 108
[info] position not increasing, failed cnt: 109
[info] position not increasing, failed cnt: 110
[info] position not increasing, failed cnt: 111
[info] position not increasing, failed cnt: 112
[info] position not increasing, failed cnt: 113
[info] position not increasing, failed cnt: 114
[info] position not increasing, failed cnt: 115
[info] position not increasing, failed cnt: 116
[info] position not increasing, failed cnt: 117
[info] position not increasing, failed cnt: 118
[info] position not increasing, failed cnt: 119
[info] position not increasing, failed cnt: 120
[info] position not increasing, failed cnt: 121
[info] position not increasing, failed cnt: 122
[info] position not increasing, failed cnt: 123
[info] position not increasing, failed cnt: 124
[info] position not increasing, failed cnt: 125
[info] position not increasing, failed cnt: 126
[info] position not increasing, failed cnt: 127
[info] position not increasing, failed cnt: 128
[FATAL] model stuck, exiting ...
2MAwZYWDPVFHl7OFJ2vtS8 orig S3 ok=False fail=generation_failed_5_attempts 61.57s
-- generated events: 1038
-- time elapsed: 8.47 secs
2TSoqk7lI5AomIgffxCw4g orig S3 ok=True fail=None 8.57s
[info] position not increasing, failed cnt: 1
[info] position not increasing, failed cnt: 2
[info] position not increasing, failed cnt: 3
[info] position not increasing, failed cnt: 4
[info] position not increasing, failed cnt: 5
[info] position not increasing, failed cnt: 6
[info] position not increasing, failed cnt: 7
[info] position not increasing, failed cnt: 8
[info] position not increasing, failed cnt: 9
[info] position not increasing, failed cnt: 10
[info] position not increasing, failed cnt: 11
[info] position not increasing, failed cnt: 12
[info] position not increasing, failed cnt: 13
[info] position not increasing, failed cnt: 14
[info] position not increasing, failed cnt: 15
[info] position not increasing, failed cnt: 16
[info] position not increasing, failed cnt: 17
[info] position not increasing, failed cnt: 18
[info] position not increasing, failed cnt: 19
[info] position not increasing, failed cnt: 20
[info] position not increasing, failed cnt: 21
[info] position not increasing, failed cnt: 22
[info] position not increasing, failed cnt: 23
[info] position not increasing, failed cnt: 24
[info] position not increasing, failed cnt: 25
[info] position not increasing, failed cnt: 26
[info] position not increasing, failed cnt: 27
[info] position not increasing, failed cnt: 28
[info] position not increasing, failed cnt: 29
[info] position not increasing, failed cnt: 30
[info] position not increasing, failed cnt: 31
[info] position not increasing, failed cnt: 32
[info] position not increasing, failed cnt: 33
[info] position not increasing, failed cnt: 34
[info] position not increasing, failed cnt: 35
[info] position not increasing, failed cnt: 36
[info] position not increasing, failed cnt: 37
[info] position not increasing, failed cnt: 38
[info] position not increasing, failed cnt: 39
[info] position not increasing, failed cnt: 40
[info] position not increasing, failed cnt: 41
[info] position not increasing, failed cnt: 42
[info] position not increasing, failed cnt: 43
[info] position not increasing, failed cnt: 44
[info] position not increasing, failed cnt: 45
[info] position not increasing, failed cnt: 46
[info] position not increasing, failed cnt: 47
[info] position not increasing, failed cnt: 48
[info] position not increasing, failed cnt: 49
[info] position not increasing, failed cnt: 50
[info] position not increasing, failed cnt: 51
[info] position not increasing, failed cnt: 52
[info] position not increasing, failed cnt: 53
[info] position not increasing, failed cnt: 54
[info] position not increasing, failed cnt: 55
[info] position not increasing, failed cnt: 56
[info] position not increasing, failed cnt: 57
[info] position not increasing, failed cnt: 58
[info] position not increasing, failed cnt: 59
[info] position not increasing, failed cnt: 60
[info] position not increasing, failed cnt: 61
[info] position not increasing, failed cnt: 62
[info] position not increasing, failed cnt: 63
[info] position not increasing, failed cnt: 64
[info] position not increasing, failed cnt: 65
[info] position not increasing, failed cnt: 66
[info] position not increasing, failed cnt: 67
[info] position not increasing, failed cnt: 68
[info] position not increasing, failed cnt: 69
[info] position not increasing, failed cnt: 70
[info] position not increasing, failed cnt: 71
[info] position not increasing, failed cnt: 72
[info] position not increasing, failed cnt: 73
[info] position not increasing, failed cnt: 74
[info] position not increasing, failed cnt: 75
[info] position not increasing, failed cnt: 76
[info] position not increasing, failed cnt: 77
[info] position not increasing, failed cnt: 78
[info] position not increasing, failed cnt: 79
[info] position not increasing, failed cnt: 80
[info] position not increasing, failed cnt: 81
[info] position not increasing, failed cnt: 82
[info] position not increasing, failed cnt: 83
[info] position not increasing, failed cnt: 84
[info] position not increasing, failed cnt: 85
[info] position not increasing, failed cnt: 86
[info] position not increasing, failed cnt: 87
[info] position not increasing, failed cnt: 88
[info] position not increasing, failed cnt: 89
[info] position not increasing, failed cnt: 90
[info] position not increasing, failed cnt: 91
[info] position not increasing, failed cnt: 92
[info] position not increasing, failed cnt: 93
[info] position not increasing, failed cnt: 94
[info] position not increasing, failed cnt: 95
[info] position not increasing, failed cnt: 96
[info] position not increasing, failed cnt: 97
[info] position not increasing, failed cnt: 98
[info] position not increasing, failed cnt: 99
[info] position not increasing, failed cnt: 100
[info] position not increasing, failed cnt: 101
[info] position not increasing, failed cnt: 102
[info] position not increasing, failed cnt: 103
[info] position not increasing, failed cnt: 104
[info] position not increasing, failed cnt: 105
[info] position not increasing, failed cnt: 106
[info] position not increasing, failed cnt: 107
[info] position not increasing, failed cnt: 108
[info] position not increasing, failed cnt: 109
[info] position not increasing, failed cnt: 110
[info] position not increasing, failed cnt: 111
[info] position not increasing, failed cnt: 112
[info] position not increasing, failed cnt: 113
[info] position not increasing, failed cnt: 114
[info] position not increasing, failed cnt: 115
[info] position not increasing, failed cnt: 116
[info] position not increasing, failed cnt: 117
[info] position not increasing, failed cnt: 118
[info] position not increasing, failed cnt: 119
[info] position not increasing, failed cnt: 120
[info] position not increasing, failed cnt: 121
[info] position not increasing, failed cnt: 122
[info] position not increasing, failed cnt: 123
[info] position not increasing, failed cnt: 124
[info] position not increasing, failed cnt: 125
[info] position not increasing, failed cnt: 126
[info] position not increasing, failed cnt: 127
[info] position not increasing, failed cnt: 128
[FATAL] model stuck, exiting ...
[info] position not increasing, failed cnt: 1
[info] position not increasing, failed cnt: 2
[info] position not increasing, failed cnt: 3
[info] position not increasing, failed cnt: 4
[info] position not increasing, failed cnt: 5
[info] position not increasing, failed cnt: 6
[info] position not increasing, failed cnt: 7
[info] position not increasing, failed cnt: 8
[info] position not increasing, failed cnt: 9
[info] position not increasing, failed cnt: 10
[info] position not increasing, failed cnt: 11
[info] position not increasing, failed cnt: 12
[info] position not increasing, failed cnt: 13
[info] position not increasing, failed cnt: 14
[info] position not increasing, failed cnt: 15
[info] position not increasing, failed cnt: 16
[info] position not increasing, failed cnt: 17
[info] position not increasing, failed cnt: 18
[info] position not increasing, failed cnt: 19
[info] position not increasing, failed cnt: 20
[info] position not increasing, failed cnt: 21
[info] position not increasing, failed cnt: 22
[info] position not increasing, failed cnt: 23
[info] position not increasing, failed cnt: 24
[info] position not increasing, failed cnt: 25
[info] position not increasing, failed cnt: 26
[info] position not increasing, failed cnt: 27
[info] position not increasing, failed cnt: 28
[info] position not increasing, failed cnt: 29
[info] position not increasing, failed cnt: 30
[info] position not increasing, failed cnt: 31
[info] position not increasing, failed cnt: 32
[info] position not increasing, failed cnt: 33
[info] position not increasing, failed cnt: 34
[info] position not increasing, failed cnt: 35
[info] position not increasing, failed cnt: 36
[info] position not increasing, failed cnt: 37
[info] position not increasing, failed cnt: 38
[info] position not increasing, failed cnt: 39
[info] position not increasing, failed cnt: 40
[info] position not increasing, failed cnt: 41
[info] position not increasing, failed cnt: 42
[info] position not increasing, failed cnt: 43
[info] position not increasing, failed cnt: 44
[info] position not increasing, failed cnt: 45
[info] position not increasing, failed cnt: 46
[info] position not increasing, failed cnt: 47
[info] position not increasing, failed cnt: 48
[info] position not increasing, failed cnt: 49
[info] position not increasing, failed cnt: 50
[info] position not increasing, failed cnt: 51
[info] position not increasing, failed cnt: 52
[info] position not increasing, failed cnt: 53
[info] position not increasing, failed cnt: 54
[info] position not increasing, failed cnt: 55
[info] position not increasing, failed cnt: 56
[info] position not increasing, failed cnt: 57
[info] position not increasing, failed cnt: 58
[info] position not increasing, failed cnt: 59
[info] position not increasing, failed cnt: 60
[info] position not increasing, failed cnt: 61
[info] position not increasing, failed cnt: 62
[info] position not increasing, failed cnt: 63
[info] position not increasing, failed cnt: 64
[info] position not increasing, failed cnt: 65
[info] position not increasing, failed cnt: 66
[info] position not increasing, failed cnt: 67
[info] position not increasing, failed cnt: 68
[info] position not increasing, failed cnt: 69
[info] position not increasing, failed cnt: 70
[info] position not increasing, failed cnt: 71
[info] position not increasing, failed cnt: 72
[info] position not increasing, failed cnt: 73
[info] position not increasing, failed cnt: 74
[info] position not increasing, failed cnt: 75
[info] position not increasing, failed cnt: 76
[info] position not increasing, failed cnt: 77
[info] position not increasing, failed cnt: 78
[info] position not increasing, failed cnt: 79
[info] position not increasing, failed cnt: 80
[info] position not increasing, failed cnt: 81
[info] position not increasing, failed cnt: 82
[info] position not increasing, failed cnt: 83
[info] position not increasing, failed cnt: 84
[info] position not increasing, failed cnt: 85
[info] position not increasing, failed cnt: 86
[info] position not increasing, failed cnt: 87
[info] position not increasing, failed cnt: 88
[info] position not increasing, failed cnt: 89
[info] position not increasing, failed cnt: 90
[info] position not increasing, failed cnt: 91
[info] position not increasing, failed cnt: 92
[info] position not increasing, failed cnt: 93
[info] position not increasing, failed cnt: 94
[info] position not increasing, failed cnt: 95
[info] position not increasing, failed cnt: 96
[info] position not increasing, failed cnt: 97
[info] position not increasing, failed cnt: 98
[info] position not increasing, failed cnt: 99
[info] position not increasing, failed cnt: 100
[info] position not increasing, failed cnt: 101
[info] position not increasing, failed cnt: 102
[info] position not increasing, failed cnt: 103
[info] position not increasing, failed cnt: 104
[info] position not increasing, failed cnt: 105
[info] position not increasing, failed cnt: 106
[info] position not increasing, failed cnt: 107
[info] position not increasing, failed cnt: 108
[info] position not increasing, failed cnt: 109
[info] position not increasing, failed cnt: 110
[info] position not increasing, failed cnt: 111
[info] position not increasing, failed cnt: 112
[info] position not increasing, failed cnt: 113
[info] position not increasing, failed cnt: 114
[info] position not increasing, failed cnt: 115
[info] position not increasing, failed cnt: 116
[info] position not increasing, failed cnt: 117
[info] position not increasing, failed cnt: 118
[info] position not increasing, failed cnt: 119
[info] position not increasing, failed cnt: 120
[info] position not increasing, failed cnt: 121
[info] position not increasing, failed cnt: 122
[info] position not increasing, failed cnt: 123
[info] position not increasing, failed cnt: 124
[info] position not increasing, failed cnt: 125
[info] position not increasing, failed cnt: 126
[info] position not increasing, failed cnt: 127
[info] position not increasing, failed cnt: 128
[FATAL] model stuck, exiting ...
[info] position not increasing, failed cnt: 1
-- generated events: 1364
-- time elapsed: 12.90 secs
2YSqK9S0SZjulBJdc9BYuu orig S3 ok=True fail=None 29.02s
-- generated events: 1080
-- time elapsed: 8.94 secs
2dNIwWWsu0zmvKgHlE43dG orig S3 ok=True fail=None 9.04s
-- generated events: 940
-- time elapsed: 7.40 secs
2fqUJToyhc6bzIXootn4nv orig S3 ok=True fail=None 7.49s
[info] position not increasing, failed cnt: 1
[info] position not increasing, failed cnt: 2
[info] position not increasing, failed cnt: 3
[info] position not increasing, failed cnt: 4
[info] position not increasing, failed cnt: 5
[info] position not increasing, failed cnt: 6
[info] position not increasing, failed cnt: 1
[info] position not increasing, failed cnt: 2
[info] position not increasing, failed cnt: 3
[info] position not increasing, failed cnt: 4
[info] position not increasing, failed cnt: 5
[info] position not increasing, failed cnt: 6
[info] position not increasing, failed cnt: 7
[info] position not increasing, failed cnt: 8
[info] position not increasing, failed cnt: 9
[info] position not increasing, failed cnt: 10
[info] position not increasing, failed cnt: 1
[info] position not increasing, failed cnt: 2
[info] position not increasing, failed cnt: 3
[info] position not increasing, failed cnt: 4
[info] position not increasing, failed cnt: 5
[info] position not increasing, failed cnt: 6
[info] position not increasing, failed cnt: 7
[info] position not increasing, failed cnt: 8
[info] error EOS occurs, failed eos: 1
[info] error EOS occurs, failed eos: 2
[info] error EOS occurs, failed eos: 3
[info] error EOS occurs, failed eos: 4
[info] error EOS occurs, failed eos: 5
[info] error EOS occurs, failed eos: 6
[info] error EOS occurs, failed eos: 7
[info] error EOS occurs, failed eos: 8
[info] error EOS occurs, failed eos: 9
[info] error EOS occurs, failed eos: 10
[info] error EOS occurs, failed eos: 11
[info] error EOS occurs, failed eos: 12
[info] error EOS occurs, failed eos: 13
[info] error EOS occurs, failed eos: 14
[info] error EOS occurs, failed eos: 15
[info] error EOS occurs, failed eos: 16
[info] error EOS occurs, failed eos: 17
[info] error EOS occurs, failed eos: 18
[info] error EOS occurs, failed eos: 19
[info] error EOS occurs, failed eos: 20
[info] error EOS occurs, failed eos: 21
[info] error EOS occurs, failed eos: 22
[info] error EOS occurs, failed eos: 23
[info] error EOS occurs, failed eos: 24
[info] error EOS occurs, failed eos: 25
[info] error EOS occurs, failed eos: 26
[info] error EOS occurs, failed eos: 27
[info] error EOS occurs, failed eos: 28
[info] error EOS occurs, failed eos: 29
[info] error EOS occurs, failed eos: 30
[info] error EOS occurs, failed eos: 31
[info] error EOS occurs, failed eos: 32
[info] error EOS occurs, failed eos: 33
[info] error EOS occurs, failed eos: 34
[info] error EOS occurs, failed eos: 35
[info] error EOS occurs, failed eos: 36
[info] error EOS occurs, failed eos: 37
[info] error EOS occurs, failed eos: 38
[info] error EOS occurs, failed eos: 39
[info] error EOS occurs, failed eos: 40
[info] error EOS occurs, failed eos: 41
[info] error EOS occurs, failed eos: 42
[info] error EOS occurs, failed eos: 43
[info] error EOS occurs, failed eos: 44
[info] error EOS occurs, failed eos: 45
[info] error EOS occurs, failed eos: 46
[info] error EOS occurs, failed eos: 47
[info] error EOS occurs, failed eos: 48
[info] error EOS occurs, failed eos: 49
[info] error EOS occurs, failed eos: 50
[info] error EOS occurs, failed eos: 51
[info] error EOS occurs, failed eos: 52
[info] error EOS occurs, failed eos: 53
[info] error EOS occurs, failed eos: 54
[info] error EOS occurs, failed eos: 55
[info] error EOS occurs, failed eos: 56
[info] error EOS occurs, failed eos: 57
[info] error EOS occurs, failed eos: 58
[info] error EOS occurs, failed eos: 59
[info] error EOS occurs, failed eos: 60
[info] error EOS occurs, failed eos: 61
[info] error EOS occurs, failed eos: 62
[info] error EOS occurs, failed eos: 63
[info] error EOS occurs, failed eos: 64
[info] error EOS occurs, failed eos: 65
[info] error EOS occurs, failed eos: 66
[info] error EOS occurs, failed eos: 67
[info] error EOS occurs, failed eos: 68
[info] error EOS occurs, failed eos: 69
[info] error EOS occurs, failed eos: 70
[info] error EOS occurs, failed eos: 71
[info] error EOS occurs, failed eos: 72
[info] error EOS occurs, failed eos: 73
[info] error EOS occurs, failed eos: 74
[info] error EOS occurs, failed eos: 75
[info] error EOS occurs, failed eos: 76
[info] error EOS occurs, failed eos: 77
[info] error EOS occurs, failed eos: 78
[info] error EOS occurs, failed eos: 79
[info] error EOS occurs, failed eos: 80
[info] error EOS occurs, failed eos: 81
[info] error EOS occurs, failed eos: 82
[info] error EOS occurs, failed eos: 83
[info] error EOS occurs, failed eos: 84
[info] error EOS occurs, failed eos: 85
[info] error EOS occurs, failed eos: 86
[info] error EOS occurs, failed eos: 87
[info] error EOS occurs, failed eos: 88
[info] error EOS occurs, failed eos: 89
[info] error EOS occurs, failed eos: 90
[info] error EOS occurs, failed eos: 91
[info] error EOS occurs, failed eos: 92
[info] error EOS occurs, failed eos: 93
[info] error EOS occurs, failed eos: 94
[info] error EOS occurs, failed eos: 95
[info] error EOS occurs, failed eos: 96
[info] error EOS occurs, failed eos: 97
[info] error EOS occurs, failed eos: 98
[info] error EOS occurs, failed eos: 99
[info] error EOS occurs, failed eos: 100
[info] error EOS occurs, failed eos: 101
[info] error EOS occurs, failed eos: 102
[info] error EOS occurs, failed eos: 103
[info] error EOS occurs, failed eos: 104
[info] error EOS occurs, failed eos: 105
[info] error EOS occurs, failed eos: 106
[info] error EOS occurs, failed eos: 107
[info] error EOS occurs, failed eos: 108
[info] error EOS occurs, failed eos: 109
[info] error EOS occurs, failed eos: 110
[info] error EOS occurs, failed eos: 111
[info] error EOS occurs, failed eos: 112
[info] error EOS occurs, failed eos: 113
[info] error EOS occurs, failed eos: 114
[info] error EOS occurs, failed eos: 115
[info] error EOS occurs, failed eos: 116
[info] error EOS occurs, failed eos: 117
[info] error EOS occurs, failed eos: 118
[info] error EOS occurs, failed eos: 119
[info] error EOS occurs, failed eos: 120
[info] error EOS occurs, failed eos: 121
[info] error EOS occurs, failed eos: 122
[info] error EOS occurs, failed eos: 123
[info] error EOS occurs, failed eos: 124
[info] error EOS occurs, failed eos: 125
[info] error EOS occurs, failed eos: 126
[info] error EOS occurs, failed eos: 127
[info] error EOS occurs, failed eos: 128
[FATAL] model stuck, eos error ...
[info] position not increasing, failed cnt: 1
[info] position not increasing, failed cnt: 2
[info] position not increasing, failed cnt: 3
[info] position not increasing, failed cnt: 4
[info] position not increasing, failed cnt: 5
[info] position not increasing, failed cnt: 6
[info] position not increasing, failed cnt: 7
[info] position not increasing, failed cnt: 8
[info] position not increasing, failed cnt: 9
[info] position not increasing, failed cnt: 10
[info] position not increasing, failed cnt: 11
[info] position not increasing, failed cnt: 12
[info] position not increasing, failed cnt: 13
[info] position not increasing, failed cnt: 14
[info] position not increasing, failed cnt: 15
[info] position not increasing, failed cnt: 16
[info] position not increasing, failed cnt: 17
[info] position not increasing, failed cnt: 18
[info] position not increasing, failed cnt: 19
[info] position not increasing, failed cnt: 20
[info] position not increasing, failed cnt: 21
[info] position not increasing, failed cnt: 22
[info] position not increasing, failed cnt: 23
[info] position not increasing, failed cnt: 24
[info] position not increasing, failed cnt: 25
[info] position not increasing, failed cnt: 26
[info] position not increasing, failed cnt: 27
[info] position not increasing, failed cnt: 28
[info] position not increasing, failed cnt: 29
[info] position not increasing, failed cnt: 30
[info] position not increasing, failed cnt: 31
[info] position not increasing, failed cnt: 32
[info] position not increasing, failed cnt: 33
[info] position not increasing, failed cnt: 34
[info] position not increasing, failed cnt: 35
[info] position not increasing, failed cnt: 36
[info] position not increasing, failed cnt: 37
[info] position not increasing, failed cnt: 38
[info] position not increasing, failed cnt: 39
[info] position not increasing, failed cnt: 40
[info] position not increasing, failed cnt: 41
[info] position not increasing, failed cnt: 42
[info] position not increasing, failed cnt: 43
[info] position not increasing, failed cnt: 44
[info] position not increasing, failed cnt: 45
[info] position not increasing, failed cnt: 46
[info] position not increasing, failed cnt: 47
[info] position not increasing, failed cnt: 48
[info] position not increasing, failed cnt: 49
[info] position not increasing, failed cnt: 50
[info] position not increasing, failed cnt: 51
[info] position not increasing, failed cnt: 52
[info] position not increasing, failed cnt: 53
[info] position not increasing, failed cnt: 54
[info] position not increasing, failed cnt: 55
[info] position not increasing, failed cnt: 56
[info] position not increasing, failed cnt: 57
[info] position not increasing, failed cnt: 58
[info] position not increasing, failed cnt: 59
[info] position not increasing, failed cnt: 60
[info] position not increasing, failed cnt: 61
[info] position not increasing, failed cnt: 62
[info] position not increasing, failed cnt: 63
[info] position not increasing, failed cnt: 64
[info] position not increasing, failed cnt: 65
[info] position not increasing, failed cnt: 66
[info] position not increasing, failed cnt: 67
[info] position not increasing, failed cnt: 68
[info] position not increasing, failed cnt: 69
[info] position not increasing, failed cnt: 70
[info] position not increasing, failed cnt: 71
[info] position not increasing, failed cnt: 72
[info] position not increasing, failed cnt: 73
[info] position not increasing, failed cnt: 74
[info] position not increasing, failed cnt: 75
[info] position not increasing, failed cnt: 76
[info] position not increasing, failed cnt: 77
[info] position not increasing, failed cnt: 78
[info] position not increasing, failed cnt: 79
[info] position not increasing, failed cnt: 80
[info] position not increasing, failed cnt: 81
[info] position not increasing, failed cnt: 82
[info] position not increasing, failed cnt: 83
[info] position not increasing, failed cnt: 84
[info] position not increasing, failed cnt: 85
[info] position not increasing, failed cnt: 86
[info] position not increasing, failed cnt: 87
[info] position not increasing, failed cnt: 88
[info] position not increasing, failed cnt: 89
[info] position not increasing, failed cnt: 90
[info] position not increasing, failed cnt: 91
[info] position not increasing, failed cnt: 92
[info] position not increasing, failed cnt: 93
[info] position not increasing, failed cnt: 94
[info] position not increasing, failed cnt: 95
[info] position not increasing, failed cnt: 96
[info] position not increasing, failed cnt: 97
[info] position not increasing, failed cnt: 98
[info] position not increasing, failed cnt: 99
[info] position not increasing, failed cnt: 100
[info] position not increasing, failed cnt: 101
[info] position not increasing, failed cnt: 102
[info] position not increasing, failed cnt: 103
[info] position not increasing, failed cnt: 104
[info] position not increasing, failed cnt: 105
[info] position not increasing, failed cnt: 106
[info] position not increasing, failed cnt: 107
[info] position not increasing, failed cnt: 108
[info] position not increasing, failed cnt: 109
[info] position not increasing, failed cnt: 110
[info] position not increasing, failed cnt: 111
[info] position not increasing, failed cnt: 112
[info] position not increasing, failed cnt: 113
[info] position not increasing, failed cnt: 114
[info] position not increasing, failed cnt: 115
[info] position not increasing, failed cnt: 116
[info] position not increasing, failed cnt: 117
[info] position not increasing, failed cnt: 118
[info] position not increasing, failed cnt: 119
[info] position not increasing, failed cnt: 120
[info] position not increasing, failed cnt: 121
[info] position not increasing, failed cnt: 122
[info] position not increasing, failed cnt: 123
[info] position not increasing, failed cnt: 124
[info] position not increasing, failed cnt: 125
[info] position not increasing, failed cnt: 126
[info] position not increasing, failed cnt: 127
[info] position not increasing, failed cnt: 128
[FATAL] model stuck, exiting ...
[info] error EOS occurs, failed eos: 1
[info] error EOS occurs, failed eos: 2
[info] error EOS occurs, failed eos: 3
[info] error EOS occurs, failed eos: 4
[info] error EOS occurs, failed eos: 5
[info] error EOS occurs, failed eos: 6
[info] error EOS occurs, failed eos: 7
[info] error EOS occurs, failed eos: 8
[info] error EOS occurs, failed eos: 9
[info] error EOS occurs, failed eos: 10
[info] error EOS occurs, failed eos: 11
[info] error EOS occurs, failed eos: 12
[info] error EOS occurs, failed eos: 13
[info] error EOS occurs, failed eos: 14
[info] error EOS occurs, failed eos: 15
[info] error EOS occurs, failed eos: 16
[info] error EOS occurs, failed eos: 17
[info] error EOS occurs, failed eos: 18
[info] error EOS occurs, failed eos: 19
[info] error EOS occurs, failed eos: 20
[info] error EOS occurs, failed eos: 21
[info] error EOS occurs, failed eos: 22
[info] error EOS occurs, failed eos: 23
[info] error EOS occurs, failed eos: 24
[info] error EOS occurs, failed eos: 25
[info] error EOS occurs, failed eos: 26
[info] error EOS occurs, failed eos: 27
[info] error EOS occurs, failed eos: 28
[info] error EOS occurs, failed eos: 29
[info] error EOS occurs, failed eos: 30
[info] error EOS occurs, failed eos: 31
[info] error EOS occurs, failed eos: 32
[info] error EOS occurs, failed eos: 33
[info] error EOS occurs, failed eos: 34
[info] error EOS occurs, failed eos: 35
[info] error EOS occurs, failed eos: 36
[info] error EOS occurs, failed eos: 37
[info] error EOS occurs, failed eos: 38
[info] error EOS occurs, failed eos: 39
[info] error EOS occurs, failed eos: 40
[info] error EOS occurs, failed eos: 41
[info] error EOS occurs, failed eos: 42
[info] error EOS occurs, failed eos: 43
[info] error EOS occurs, failed eos: 44
[info] error EOS occurs, failed eos: 45
[info] error EOS occurs, failed eos: 46
[info] error EOS occurs, failed eos: 47
[info] error EOS occurs, failed eos: 48
[info] error EOS occurs, failed eos: 49
[info] error EOS occurs, failed eos: 50
[info] error EOS occurs, failed eos: 51
[info] error EOS occurs, failed eos: 52
[info] error EOS occurs, failed eos: 53
[info] error EOS occurs, failed eos: 54
[info] error EOS occurs, failed eos: 55
[info] error EOS occurs, failed eos: 56
[info] error EOS occurs, failed eos: 57
[info] error EOS occurs, failed eos: 58
[info] error EOS occurs, failed eos: 59
[info] error EOS occurs, failed eos: 60
[info] error EOS occurs, failed eos: 61
[info] error EOS occurs, failed eos: 62
[info] error EOS occurs, failed eos: 63
[info] error EOS occurs, failed eos: 64
[info] error EOS occurs, failed eos: 65
[info] error EOS occurs, failed eos: 66
[info] error EOS occurs, failed eos: 67
[info] error EOS occurs, failed eos: 68
[info] error EOS occurs, failed eos: 69
[info] error EOS occurs, failed eos: 70
[info] error EOS occurs, failed eos: 71
[info] error EOS occurs, failed eos: 72
[info] error EOS occurs, failed eos: 73
[info] error EOS occurs, failed eos: 74
[info] error EOS occurs, failed eos: 75
[info] error EOS occurs, failed eos: 76
[info] error EOS occurs, failed eos: 77
[info] error EOS occurs, failed eos: 78
[info] error EOS occurs, failed eos: 79
[info] error EOS occurs, failed eos: 80
[info] error EOS occurs, failed eos: 81
[info] error EOS occurs, failed eos: 82
[info] error EOS occurs, failed eos: 83
[info] error EOS occurs, failed eos: 84
[info] error EOS occurs, failed eos: 85
[info] error EOS occurs, failed eos: 86
[info] error EOS occurs, failed eos: 87
[info] error EOS occurs, failed eos: 88
[info] error EOS occurs, failed eos: 89
[info] error EOS occurs, failed eos: 90
[info] error EOS occurs, failed eos: 91
[info] error EOS occurs, failed eos: 92
[info] error EOS occurs, failed eos: 93
[info] error EOS occurs, failed eos: 94
[info] error EOS occurs, failed eos: 95
[info] error EOS occurs, failed eos: 96
[info] error EOS occurs, failed eos: 97
[info] error EOS occurs, failed eos: 98
[info] error EOS occurs, failed eos: 99
[info] error EOS occurs, failed eos: 100
[info] error EOS occurs, failed eos: 101
[info] error EOS occurs, failed eos: 102
[info] error EOS occurs, failed eos: 103
[info] error EOS occurs, failed eos: 104
[info] error EOS occurs, failed eos: 105
[info] error EOS occurs, failed eos: 106
[info] error EOS occurs, failed eos: 107
[info] error EOS occurs, failed eos: 108
[info] error EOS occurs, failed eos: 109
[info] error EOS occurs, failed eos: 110
[info] error EOS occurs, failed eos: 111
[info] error EOS occurs, failed eos: 112
[info] error EOS occurs, failed eos: 113
[info] error EOS occurs, failed eos: 114
[info] error EOS occurs, failed eos: 115
[info] error EOS occurs, failed eos: 116
[info] error EOS occurs, failed eos: 117
[info] error EOS occurs, failed eos: 118
[info] error EOS occurs, failed eos: 119
[info] error EOS occurs, failed eos: 120
[info] error EOS occurs, failed eos: 121
[info] error EOS occurs, failed eos: 122
[info] error EOS occurs, failed eos: 123
[info] error EOS occurs, failed eos: 124
[info] error EOS occurs, failed eos: 125
[info] error EOS occurs, failed eos: 126
[info] error EOS occurs, failed eos: 127
[info] error EOS occurs, failed eos: 128
[FATAL] model stuck, eos error ...
[info] error EOS occurs, failed eos: 1
[info] error EOS occurs, failed eos: 2
[info] error EOS occurs, failed eos: 3
[info] error EOS occurs, failed eos: 4
[info] error EOS occurs, failed eos: 5
[info] error EOS occurs, failed eos: 6
[info] error EOS occurs, failed eos: 7
[info] error EOS occurs, failed eos: 8
[info] error EOS occurs, failed eos: 9
[info] error EOS occurs, failed eos: 10
[info] error EOS occurs, failed eos: 11
[info] error EOS occurs, failed eos: 12
[info] error EOS occurs, failed eos: 13
[info] error EOS occurs, failed eos: 14
[info] error EOS occurs, failed eos: 15
[info] error EOS occurs, failed eos: 16
[info] error EOS occurs, failed eos: 17
[info] error EOS occurs, failed eos: 18
[info] error EOS occurs, failed eos: 19
[info] error EOS occurs, failed eos: 20
[info] error EOS occurs, failed eos: 21
[info] error EOS occurs, failed eos: 22
[info] error EOS occurs, failed eos: 23
[info] error EOS occurs, failed eos: 24
[info] error EOS occurs, failed eos: 25
[info] error EOS occurs, failed eos: 26
[info] error EOS occurs, failed eos: 27
[info] error EOS occurs, failed eos: 28
[info] error EOS occurs, failed eos: 29
[info] error EOS occurs, failed eos: 30
[info] error EOS occurs, failed eos: 31
[info] error EOS occurs, failed eos: 32
[info] error EOS occurs, failed eos: 33
[info] error EOS occurs, failed eos: 34
[info] error EOS occurs, failed eos: 35
[info] error EOS occurs, failed eos: 36
[info] error EOS occurs, failed eos: 37
[info] error EOS occurs, failed eos: 38
[info] error EOS occurs, failed eos: 39
[info] error EOS occurs, failed eos: 40
[info] error EOS occurs, failed eos: 41
[info] error EOS occurs, failed eos: 42
[info] error EOS occurs, failed eos: 43
[info] error EOS occurs, failed eos: 44
[info] error EOS occurs, failed eos: 45
[info] error EOS occurs, failed eos: 46
[info] error EOS occurs, failed eos: 47
[info] error EOS occurs, failed eos: 48
[info] error EOS occurs, failed eos: 49
[info] error EOS occurs, failed eos: 50
[info] error EOS occurs, failed eos: 51
[info] error EOS occurs, failed eos: 52
[info] error EOS occurs, failed eos: 53
[info] error EOS occurs, failed eos: 54
[info] error EOS occurs, failed eos: 55
[info] error EOS occurs, failed eos: 56
[info] error EOS occurs, failed eos: 57
[info] error EOS occurs, failed eos: 58
[info] error EOS occurs, failed eos: 59
[info] error EOS occurs, failed eos: 60
[info] error EOS occurs, failed eos: 61
[info] error EOS occurs, failed eos: 62
[info] error EOS occurs, failed eos: 63
[info] error EOS occurs, failed eos: 64
[info] error EOS occurs, failed eos: 65
[info] error EOS occurs, failed eos: 66
[info] error EOS occurs, failed eos: 67
[info] error EOS occurs, failed eos: 68
[info] error EOS occurs, failed eos: 69
[info] error EOS occurs, failed eos: 70
[info] error EOS occurs, failed eos: 71
[info] error EOS occurs, failed eos: 72
[info] error EOS occurs, failed eos: 73
[info] error EOS occurs, failed eos: 74
[info] error EOS occurs, failed eos: 75
[info] error EOS occurs, failed eos: 76
[info] error EOS occurs, failed eos: 77
[info] error EOS occurs, failed eos: 78
[info] error EOS occurs, failed eos: 79
[info] error EOS occurs, failed eos: 80
[info] error EOS occurs, failed eos: 81
[info] error EOS occurs, failed eos: 82
[info] error EOS occurs, failed eos: 83
[info] error EOS occurs, failed eos: 84
[info] error EOS occurs, failed eos: 85
[info] error EOS occurs, failed eos: 86
[info] error EOS occurs, failed eos: 87
[info] error EOS occurs, failed eos: 88
[info] error EOS occurs, failed eos: 89
[info] error EOS occurs, failed eos: 90
[info] error EOS occurs, failed eos: 91
[info] error EOS occurs, failed eos: 92
[info] error EOS occurs, failed eos: 93
[info] error EOS occurs, failed eos: 94
[info] error EOS occurs, failed eos: 95
[info] error EOS occurs, failed eos: 96
[info] error EOS occurs, failed eos: 97
[info] error EOS occurs, failed eos: 98
[info] error EOS occurs, failed eos: 99
[info] error EOS occurs, failed eos: 100
[info] error EOS occurs, failed eos: 101
[info] error EOS occurs, failed eos: 102
[info] error EOS occurs, failed eos: 103
[info] error EOS occurs, failed eos: 104
[info] error EOS occurs, failed eos: 105
[info] error EOS occurs, failed eos: 106
[info] error EOS occurs, failed eos: 107
[info] error EOS occurs, failed eos: 108
[info] error EOS occurs, failed eos: 109
[info] error EOS occurs, failed eos: 110
[info] error EOS occurs, failed eos: 111
[info] error EOS occurs, failed eos: 112
[info] error EOS occurs, failed eos: 113
[info] error EOS occurs, failed eos: 114
[info] error EOS occurs, failed eos: 115
[info] error EOS occurs, failed eos: 116
[info] error EOS occurs, failed eos: 117
[info] error EOS occurs, failed eos: 118
[info] error EOS occurs, failed eos: 119
[info] error EOS occurs, failed eos: 120
[info] error EOS occurs, failed eos: 121
[info] error EOS occurs, failed eos: 122
[info] error EOS occurs, failed eos: 123
[info] error EOS occurs, failed eos: 124
[info] error EOS occurs, failed eos: 125
[info] error EOS occurs, failed eos: 126
[info] error EOS occurs, failed eos: 127
[info] error EOS occurs, failed eos: 128
[FATAL] model stuck, eos error ...
[info] position not increasing, failed cnt: 1
[info] position not increasing, failed cnt: 2
[info] position not increasing, failed cnt: 3
[info] position not increasing, failed cnt: 4
[info] position not increasing, failed cnt: 5
[info] position not increasing, failed cnt: 6
[info] position not increasing, failed cnt: 7
[info] position not increasing, failed cnt: 8
[info] position not increasing, failed cnt: 9
[info] position not increasing, failed cnt: 10
[info] position not increasing, failed cnt: 11
[info] position not increasing, failed cnt: 12
[info] position not increasing, failed cnt: 13
[info] position not increasing, failed cnt: 14
[info] position not increasing, failed cnt: 15
[info] position not increasing, failed cnt: 16
[info] position not increasing, failed cnt: 17
[info] position not increasing, failed cnt: 18
[info] position not increasing, failed cnt: 19
[info] position not increasing, failed cnt: 20
[info] position not increasing, failed cnt: 21
[info] position not increasing, failed cnt: 22
[info] position not increasing, failed cnt: 23
[info] position not increasing, failed cnt: 24
[info] position not increasing, failed cnt: 25
[info] position not increasing, failed cnt: 26
[info] position not increasing, failed cnt: 27
[info] position not increasing, failed cnt: 28
[info] position not increasing, failed cnt: 29
[info] position not increasing, failed cnt: 30
[info] position not increasing, failed cnt: 31
[info] position not increasing, failed cnt: 32
[info] position not increasing, failed cnt: 33
[info] position not increasing, failed cnt: 34
[info] position not increasing, failed cnt: 35
[info] position not increasing, failed cnt: 36
[info] position not increasing, failed cnt: 37
[info] position not increasing, failed cnt: 38
[info] position not increasing, failed cnt: 39
[info] position not increasing, failed cnt: 40
[info] position not increasing, failed cnt: 41
[info] position not increasing, failed cnt: 42
[info] position not increasing, failed cnt: 43
[info] position not increasing, failed cnt: 44
[info] position not increasing, failed cnt: 45
[info] position not increasing, failed cnt: 46
[info] position not increasing, failed cnt: 47
[info] position not increasing, failed cnt: 48
[info] position not increasing, failed cnt: 49
[info] position not increasing, failed cnt: 50
[info] position not increasing, failed cnt: 51
[info] position not increasing, failed cnt: 52
[info] position not increasing, failed cnt: 53
[info] position not increasing, failed cnt: 54
[info] position not increasing, failed cnt: 55
[info] position not increasing, failed cnt: 56
[info] position not increasing, failed cnt: 57
[info] position not increasing, failed cnt: 58
[info] position not increasing, failed cnt: 59
[info] position not increasing, failed cnt: 60
[info] position not increasing, failed cnt: 61
[info] position not increasing, failed cnt: 62
[info] position not increasing, failed cnt: 63
[info] position not increasing, failed cnt: 64
[info] position not increasing, failed cnt: 65
[info] position not increasing, failed cnt: 66
[info] position not increasing, failed cnt: 67
[info] position not increasing, failed cnt: 68
[info] position not increasing, failed cnt: 69
[info] position not increasing, failed cnt: 70
[info] position not increasing, failed cnt: 71
[info] position not increasing, failed cnt: 72
[info] position not increasing, failed cnt: 73
[info] position not increasing, failed cnt: 74
[info] position not increasing, failed cnt: 75
[info] position not increasing, failed cnt: 76
[info] position not increasing, failed cnt: 77
[info] position not increasing, failed cnt: 78
[info] position not increasing, failed cnt: 79
[info] position not increasing, failed cnt: 80
[info] position not increasing, failed cnt: 81
[info] position not increasing, failed cnt: 82
[info] position not increasing, failed cnt: 83
[info] position not increasing, failed cnt: 84
[info] position not increasing, failed cnt: 85
[info] position not increasing, failed cnt: 86
[info] position not increasing, failed cnt: 87
[info] position not increasing, failed cnt: 88
[info] position not increasing, failed cnt: 89
[info] position not increasing, failed cnt: 90
[info] position not increasing, failed cnt: 91
[info] position not increasing, failed cnt: 92
[info] position not increasing, failed cnt: 93
[info] position not increasing, failed cnt: 94
[info] position not increasing, failed cnt: 95
[info] position not increasing, failed cnt: 96
[info] position not increasing, failed cnt: 97
[info] position not increasing, failed cnt: 98
[info] position not increasing, failed cnt: 99
[info] position not increasing, failed cnt: 100
[info] position not increasing, failed cnt: 101
[info] position not increasing, failed cnt: 102
[info] position not increasing, failed cnt: 103
[info] position not increasing, failed cnt: 104
[info] position not increasing, failed cnt: 105
[info] position not increasing, failed cnt: 106
[info] position not increasing, failed cnt: 107
[info] position not increasing, failed cnt: 108
[info] position not increasing, failed cnt: 109
[info] position not increasing, failed cnt: 110
[info] position not increasing, failed cnt: 111
[info] position not increasing, failed cnt: 112
[info] position not increasing, failed cnt: 113
[info] position not increasing, failed cnt: 114
[info] position not increasing, failed cnt: 115
[info] position not increasing, failed cnt: 116
[info] position not increasing, failed cnt: 117
[info] position not increasing, failed cnt: 118
[info] position not increasing, failed cnt: 119
[info] position not increasing, failed cnt: 120
[info] position not increasing, failed cnt: 121
[info] position not increasing, failed cnt: 122
[info] position not increasing, failed cnt: 123
[info] position not increasing, failed cnt: 124
[info] position not increasing, failed cnt: 125
[info] position not increasing, failed cnt: 126
[info] position not increasing, failed cnt: 127
[info] position not increasing, failed cnt: 128
[FATAL] model stuck, exiting ...
2gDzOOf3ElxOa1v6g0Xk7M orig S3 ok=False fail=generation_failed_5_attempts 74.74s
-- generated events: 1240
-- time elapsed: 11.03 secs
2jnjsOk91pDjhn7AI9C7eC orig S3 ok=True fail=None 11.13s
[info] position not increasing, failed cnt: 1
[info] position not increasing, failed cnt: 2
[info] position not increasing, failed cnt: 3
[info] position not increasing, failed cnt: 1
[info] position not increasing, failed cnt: 2
[info] position not increasing, failed cnt: 3
[info] position not increasing, failed cnt: 4
[info] position not increasing, failed cnt: 5
[info] position not increasing, failed cnt: 6
[info] position not increasing, failed cnt: 7
[info] position not increasing, failed cnt: 8
[info] position not increasing, failed cnt: 9
[info] position not increasing, failed cnt: 10
[info] position not increasing, failed cnt: 11
[info] position not increasing, failed cnt: 12
[info] position not increasing, failed cnt: 13
[info] position not increasing, failed cnt: 14
[info] position not increasing, failed cnt: 15
[info] position not increasing, failed cnt: 16
[info] position not increasing, failed cnt: 17
[info] position not increasing, failed cnt: 18
[info] position not increasing, failed cnt: 19
[info] position not increasing, failed cnt: 20
[info] position not increasing, failed cnt: 21
[info] position not increasing, failed cnt: 22
[info] position not increasing, failed cnt: 23
[info] position not increasing, failed cnt: 24
[info] position not increasing, failed cnt: 25
[info] position not increasing, failed cnt: 26
[info] position not increasing, failed cnt: 27
[info] position not increasing, failed cnt: 28
[info] position not increasing, failed cnt: 29
[info] position not increasing, failed cnt: 30
[info] position not increasing, failed cnt: 31
[info] position not increasing, failed cnt: 32
[info] position not increasing, failed cnt: 33
[info] position not increasing, failed cnt: 34
[info] position not increasing, failed cnt: 35
[info] position not increasing, failed cnt: 36
[info] position not increasing, failed cnt: 37
[info] position not increasing, failed cnt: 38
[info] position not increasing, failed cnt: 39
[info] position not increasing, failed cnt: 40
[info] position not increasing, failed cnt: 41
[info] position not increasing, failed cnt: 42
[info] position not increasing, failed cnt: 43
[info] position not increasing, failed cnt: 44
[info] position not increasing, failed cnt: 45
[info] position not increasing, failed cnt: 46
[info] position not increasing, failed cnt: 47
[info] position not increasing, failed cnt: 48
[info] position not increasing, failed cnt: 49
[info] position not increasing, failed cnt: 50
[info] position not increasing, failed cnt: 51
[info] position not increasing, failed cnt: 52
[info] position not increasing, failed cnt: 53
[info] position not increasing, failed cnt: 54
[info] position not increasing, failed cnt: 55
[info] position not increasing, failed cnt: 56
[info] position not increasing, failed cnt: 57
[info] position not increasing, failed cnt: 58
[info] position not increasing, failed cnt: 59
[info] position not increasing, failed cnt: 60
[info] position not increasing, failed cnt: 61
[info] position not increasing, failed cnt: 62
[info] position not increasing, failed cnt: 63
[info] position not increasing, failed cnt: 64
[info] position not increasing, failed cnt: 65
[info] position not increasing, failed cnt: 66
[info] position not increasing, failed cnt: 67
[info] position not increasing, failed cnt: 68
[info] position not increasing, failed cnt: 69
[info] position not increasing, failed cnt: 70
[info] position not increasing, failed cnt: 71
[info] position not increasing, failed cnt: 72
[info] position not increasing, failed cnt: 73
[info] position not increasing, failed cnt: 74
[info] position not increasing, failed cnt: 75
[info] position not increasing, failed cnt: 76
[info] position not increasing, failed cnt: 77
[info] position not increasing, failed cnt: 78
[info] position not increasing, failed cnt: 79
[info] position not increasing, failed cnt: 80
[info] position not increasing, failed cnt: 81
[info] position not increasing, failed cnt: 82
[info] position not increasing, failed cnt: 83
[info] position not increasing, failed cnt: 84
[info] position not increasing, failed cnt: 85
[info] position not increasing, failed cnt: 86
[info] position not increasing, failed cnt: 87
[info] position not increasing, failed cnt: 88
[info] position not increasing, failed cnt: 89
[info] position not increasing, failed cnt: 90
[info] position not increasing, failed cnt: 91
[info] position not increasing, failed cnt: 92
[info] position not increasing, failed cnt: 93
[info] position not increasing, failed cnt: 94
[info] position not increasing, failed cnt: 95
[info] position not increasing, failed cnt: 96
[info] position not increasing, failed cnt: 97
[info] position not increasing, failed cnt: 98
[info] position not increasing, failed cnt: 99
[info] position not increasing, failed cnt: 100
[info] position not increasing, failed cnt: 101
[info] position not increasing, failed cnt: 102
[info] position not increasing, failed cnt: 103
[info] position not increasing, failed cnt: 104
[info] position not increasing, failed cnt: 105
[info] position not increasing, failed cnt: 106
[info] position not increasing, failed cnt: 107
[info] position not increasing, failed cnt: 108
[info] position not increasing, failed cnt: 109
[info] position not increasing, failed cnt: 110
[info] position not increasing, failed cnt: 111
[info] position not increasing, failed cnt: 112
[info] position not increasing, failed cnt: 113
[info] position not increasing, failed cnt: 114
[info] position not increasing, failed cnt: 115
[info] position not increasing, failed cnt: 116
[info] position not increasing, failed cnt: 117
[info] position not increasing, failed cnt: 118
[info] position not increasing, failed cnt: 119
[info] position not increasing, failed cnt: 120
[info] position not increasing, failed cnt: 121
[info] position not increasing, failed cnt: 122
[info] position not increasing, failed cnt: 123
[info] position not increasing, failed cnt: 124
[info] position not increasing, failed cnt: 125
[info] position not increasing, failed cnt: 126
[info] position not increasing, failed cnt: 127
[info] position not increasing, failed cnt: 128
[FATAL] model stuck, exiting ...
[info] position not increasing, failed cnt: 1
-- generated events: 1243
-- time elapsed: 11.05 secs
2mwrlsAA6AzX0AgheZBF41 orig S3 ok=True fail=None 24.78s
[info] error EOS occurs, failed eos: 1
-- generated events: 1141
-- time elapsed: 9.64 secs
2r6PR48twaBEyqvTggRzZa orig S3 ok=True fail=None 9.73s
-- generated events: 710
-- time elapsed: 5.29 secs
2vnn9onO7sQBevG0O2iPHi orig S3 ok=True fail=None 5.38s
-- generated events: 1088
-- time elapsed: 9.02 secs
2y0wImEpj5p6SxBmY0opQN orig S3 ok=True fail=None 9.11s
-- generated events: 1033
-- time elapsed: 8.40 secs
32fzm1b8Ivyyj9qKXjiMZw orig S3 ok=True fail=None 8.5s
-- generated events: 1170
-- time elapsed: 10.08 secs
3DtjJWwGp2qAVFkqeZ2Fgn orig S3 ok=True fail=None 10.18s
[info] position not increasing, failed cnt: 1
[info] position not increasing, failed cnt: 2
[info] position not increasing, failed cnt: 3
[info] position not increasing, failed cnt: 4
[info] position not increasing, failed cnt: 5
[info] position not increasing, failed cnt: 6
[info] position not increasing, failed cnt: 7
[info] position not increasing, failed cnt: 8
[info] position not increasing, failed cnt: 9
[info] position not increasing, failed cnt: 10
[info] position not increasing, failed cnt: 11
[info] position not increasing, failed cnt: 12
[info] position not increasing, failed cnt: 13
[info] position not increasing, failed cnt: 14
[info] position not increasing, failed cnt: 15
[info] position not increasing, failed cnt: 16
[info] position not increasing, failed cnt: 17
[info] position not increasing, failed cnt: 18
[info] position not increasing, failed cnt: 19
[info] position not increasing, failed cnt: 20
[info] position not increasing, failed cnt: 21
[info] position not increasing, failed cnt: 22
[info] position not increasing, failed cnt: 23
[info] position not increasing, failed cnt: 24
[info] position not increasing, failed cnt: 25
[info] position not increasing, failed cnt: 26
[info] position not increasing, failed cnt: 27
[info] position not increasing, failed cnt: 28
[info] position not increasing, failed cnt: 29
[info] position not increasing, failed cnt: 30
[info] position not increasing, failed cnt: 31
[info] position not increasing, failed cnt: 32
[info] position not increasing, failed cnt: 33
[info] position not increasing, failed cnt: 34
[info] position not increasing, failed cnt: 35
[info] position not increasing, failed cnt: 36
[info] position not increasing, failed cnt: 37
[info] position not increasing, failed cnt: 38
[info] position not increasing, failed cnt: 39
[info] position not increasing, failed cnt: 40
[info] position not increasing, failed cnt: 41
[info] position not increasing, failed cnt: 42
[info] position not increasing, failed cnt: 43
[info] position not increasing, failed cnt: 44
[info] position not increasing, failed cnt: 45
[info] position not increasing, failed cnt: 46
[info] position not increasing, failed cnt: 47
[info] position not increasing, failed cnt: 48
[info] position not increasing, failed cnt: 49
[info] position not increasing, failed cnt: 50
[info] position not increasing, failed cnt: 51
[info] position not increasing, failed cnt: 52
[info] position not increasing, failed cnt: 53
[info] position not increasing, failed cnt: 54
[info] position not increasing, failed cnt: 55
[info] position not increasing, failed cnt: 56
[info] position not increasing, failed cnt: 57
[info] position not increasing, failed cnt: 58
[info] position not increasing, failed cnt: 59
[info] position not increasing, failed cnt: 60
[info] position not increasing, failed cnt: 61
[info] position not increasing, failed cnt: 62
[info] position not increasing, failed cnt: 63
[info] position not increasing, failed cnt: 64
[info] position not increasing, failed cnt: 65
[info] position not increasing, failed cnt: 66
[info] position not increasing, failed cnt: 67
[info] position not increasing, failed cnt: 68
[info] position not increasing, failed cnt: 69
[info] position not increasing, failed cnt: 70
[info] position not increasing, failed cnt: 71
[info] position not increasing, failed cnt: 72
[info] position not increasing, failed cnt: 73
[info] position not increasing, failed cnt: 74
[info] position not increasing, failed cnt: 75
[info] position not increasing, failed cnt: 76
[info] position not increasing, failed cnt: 77
[info] position not increasing, failed cnt: 78
[info] position not increasing, failed cnt: 79
[info] position not increasing, failed cnt: 80
[info] position not increasing, failed cnt: 81
[info] position not increasing, failed cnt: 82
[info] position not increasing, failed cnt: 83
[info] position not increasing, failed cnt: 84
[info] position not increasing, failed cnt: 85
[info] position not increasing, failed cnt: 86
[info] position not increasing, failed cnt: 87
[info] position not increasing, failed cnt: 88
[info] position not increasing, failed cnt: 89
[info] position not increasing, failed cnt: 90
[info] position not increasing, failed cnt: 91
[info] position not increasing, failed cnt: 92
[info] position not increasing, failed cnt: 93
[info] position not increasing, failed cnt: 94
[info] position not increasing, failed cnt: 95
[info] position not increasing, failed cnt: 96
[info] position not increasing, failed cnt: 97
[info] position not increasing, failed cnt: 98
[info] position not increasing, failed cnt: 99
[info] position not increasing, failed cnt: 100
[info] position not increasing, failed cnt: 101
[info] position not increasing, failed cnt: 102
[info] position not increasing, failed cnt: 103
[info] position not increasing, failed cnt: 104
[info] position not increasing, failed cnt: 105
[info] position not increasing, failed cnt: 106
[info] position not increasing, failed cnt: 107
[info] position not increasing, failed cnt: 108
[info] position not increasing, failed cnt: 109
[info] position not increasing, failed cnt: 110
[info] position not increasing, failed cnt: 111
[info] position not increasing, failed cnt: 112
[info] position not increasing, failed cnt: 113
[info] position not increasing, failed cnt: 114
[info] position not increasing, failed cnt: 115
[info] position not increasing, failed cnt: 116
[info] position not increasing, failed cnt: 117
[info] position not increasing, failed cnt: 118
[info] position not increasing, failed cnt: 119
[info] position not increasing, failed cnt: 120
[info] position not increasing, failed cnt: 121
[info] position not increasing, failed cnt: 122
[info] position not increasing, failed cnt: 123
[info] position not increasing, failed cnt: 124
[info] position not increasing, failed cnt: 125
[info] position not increasing, failed cnt: 126
[info] position not increasing, failed cnt: 127
[info] position not increasing, failed cnt: 128
[FATAL] model stuck, exiting ...
-- generated events: 1199
-- time elapsed: 10.45 secs
3IIAyAsxuQR9jsikumTVHo orig S3 ok=True fail=None 24.13s
-- generated events: 1095
-- time elapsed: 9.12 secs
3KEgUftkAZzQeugm2kVwbT orig S3 ok=True fail=None 9.21s
-- generated events: 765
-- time elapsed: 5.78 secs
3QdCMpU6fQ1dsJ3GTzG5HW orig S3 ok=True fail=None 5.87s
[info] position not increasing, failed cnt: 1
[info] position not increasing, failed cnt: 2
[info] position not increasing, failed cnt: 3
[info] error EOS occurs, failed eos: 1
[info] error EOS occurs, failed eos: 2
[info] error EOS occurs, failed eos: 3
[info] error EOS occurs, failed eos: 4
[info] error EOS occurs, failed eos: 5
[info] error EOS occurs, failed eos: 6
[info] error EOS occurs, failed eos: 7
[info] error EOS occurs, failed eos: 8
[info] position not increasing, failed cnt: 1
[info] position not increasing, failed cnt: 2
[info] position not increasing, failed cnt: 3
[info] position not increasing, failed cnt: 4
[info] position not increasing, failed cnt: 5
[info] position not increasing, failed cnt: 6
[info] position not increasing, failed cnt: 7
[info] position not increasing, failed cnt: 8
[info] position not increasing, failed cnt: 9
[info] position not increasing, failed cnt: 10
[info] position not increasing, failed cnt: 11
[info] position not increasing, failed cnt: 12
[info] position not increasing, failed cnt: 13
[info] position not increasing, failed cnt: 14
[info] position not increasing, failed cnt: 15
[info] position not increasing, failed cnt: 16
[info] position not increasing, failed cnt: 17
[info] position not increasing, failed cnt: 18
[info] position not increasing, failed cnt: 19
[info] position not increasing, failed cnt: 20
[info] position not increasing, failed cnt: 21
[info] position not increasing, failed cnt: 22
[info] position not increasing, failed cnt: 23
[info] position not increasing, failed cnt: 24
[info] position not increasing, failed cnt: 25
[info] position not increasing, failed cnt: 26
[info] position not increasing, failed cnt: 27
[info] position not increasing, failed cnt: 28
[info] position not increasing, failed cnt: 29
[info] position not increasing, failed cnt: 30
[info] position not increasing, failed cnt: 31
[info] position not increasing, failed cnt: 32
[info] position not increasing, failed cnt: 33
[info] position not increasing, failed cnt: 34
[info] position not increasing, failed cnt: 35
[info] position not increasing, failed cnt: 36
[info] position not increasing, failed cnt: 37
[info] position not increasing, failed cnt: 38
[info] position not increasing, failed cnt: 39
[info] position not increasing, failed cnt: 40
[info] position not increasing, failed cnt: 41
[info] position not increasing, failed cnt: 42
[info] position not increasing, failed cnt: 43
[info] position not increasing, failed cnt: 44
[info] position not increasing, failed cnt: 45
[info] position not increasing, failed cnt: 46
[info] position not increasing, failed cnt: 47
[info] position not increasing, failed cnt: 48
[info] position not increasing, failed cnt: 49
[info] position not increasing, failed cnt: 50
[info] position not increasing, failed cnt: 51
[info] position not increasing, failed cnt: 52
[info] position not increasing, failed cnt: 53
[info] position not increasing, failed cnt: 54
[info] position not increasing, failed cnt: 55
[info] position not increasing, failed cnt: 56
[info] position not increasing, failed cnt: 57
[info] position not increasing, failed cnt: 58
[info] position not increasing, failed cnt: 59
[info] position not increasing, failed cnt: 60
[info] position not increasing, failed cnt: 61
[info] position not increasing, failed cnt: 62
[info] position not increasing, failed cnt: 63
[info] position not increasing, failed cnt: 64
[info] position not increasing, failed cnt: 65
[info] position not increasing, failed cnt: 66
[info] position not increasing, failed cnt: 67
[info] position not increasing, failed cnt: 68
[info] position not increasing, failed cnt: 69
[info] position not increasing, failed cnt: 70
[info] position not increasing, failed cnt: 71
[info] position not increasing, failed cnt: 72
[info] position not increasing, failed cnt: 73
[info] position not increasing, failed cnt: 74
[info] position not increasing, failed cnt: 75
[info] position not increasing, failed cnt: 76
[info] position not increasing, failed cnt: 77
[info] position not increasing, failed cnt: 78
[info] position not increasing, failed cnt: 79
[info] position not increasing, failed cnt: 80
[info] position not increasing, failed cnt: 81
[info] position not increasing, failed cnt: 82
[info] position not increasing, failed cnt: 83
[info] position not increasing, failed cnt: 84
[info] position not increasing, failed cnt: 85
[info] position not increasing, failed cnt: 86
[info] position not increasing, failed cnt: 87
[info] position not increasing, failed cnt: 88
[info] position not increasing, failed cnt: 89
[info] position not increasing, failed cnt: 90
[info] position not increasing, failed cnt: 91
[info] position not increasing, failed cnt: 92
[info] position not increasing, failed cnt: 93
[info] position not increasing, failed cnt: 94
[info] position not increasing, failed cnt: 95
[info] position not increasing, failed cnt: 96
[info] position not increasing, failed cnt: 97
[info] position not increasing, failed cnt: 98
[info] position not increasing, failed cnt: 99
[info] position not increasing, failed cnt: 100
[info] position not increasing, failed cnt: 101
[info] position not increasing, failed cnt: 102
[info] position not increasing, failed cnt: 103
[info] position not increasing, failed cnt: 104
[info] position not increasing, failed cnt: 105
[info] position not increasing, failed cnt: 106
[info] position not increasing, failed cnt: 107
[info] position not increasing, failed cnt: 108
[info] position not increasing, failed cnt: 109
[info] position not increasing, failed cnt: 110
[info] position not increasing, failed cnt: 111
[info] position not increasing, failed cnt: 112
[info] position not increasing, failed cnt: 113
[info] position not increasing, failed cnt: 114
[info] position not increasing, failed cnt: 115
[info] position not increasing, failed cnt: 116
[info] position not increasing, failed cnt: 117
[info] position not increasing, failed cnt: 118
[info] position not increasing, failed cnt: 119
[info] position not increasing, failed cnt: 120
[info] position not increasing, failed cnt: 121
[info] position not increasing, failed cnt: 122
[info] position not increasing, failed cnt: 123
[info] position not increasing, failed cnt: 124
[info] position not increasing, failed cnt: 125
[info] position not increasing, failed cnt: 126
[info] position not increasing, failed cnt: 127
[info] position not increasing, failed cnt: 128
[FATAL] model stuck, exiting ...
[info] position not increasing, failed cnt: 1
[info] position not increasing, failed cnt: 2
[info] position not increasing, failed cnt: 3
[info] position not increasing, failed cnt: 4
[info] position not increasing, failed cnt: 5
[info] position not increasing, failed cnt: 6
[info] position not increasing, failed cnt: 7
[info] position not increasing, failed cnt: 8
[info] position not increasing, failed cnt: 9
[info] position not increasing, failed cnt: 10
[info] position not increasing, failed cnt: 11
[info] position not increasing, failed cnt: 12
[info] position not increasing, failed cnt: 13
[info] position not increasing, failed cnt: 14
[info] position not increasing, failed cnt: 15
[info] position not increasing, failed cnt: 16
[info] position not increasing, failed cnt: 17
[info] position not increasing, failed cnt: 18
[info] position not increasing, failed cnt: 19
[info] position not increasing, failed cnt: 20
[info] position not increasing, failed cnt: 21
[info] position not increasing, failed cnt: 22
[info] position not increasing, failed cnt: 23
[info] position not increasing, failed cnt: 24
[info] position not increasing, failed cnt: 25
[info] position not increasing, failed cnt: 26
[info] position not increasing, failed cnt: 27
[info] position not increasing, failed cnt: 28
[info] position not increasing, failed cnt: 29
[info] position not increasing, failed cnt: 30
[info] position not increasing, failed cnt: 31
[info] position not increasing, failed cnt: 32
[info] position not increasing, failed cnt: 33
[info] position not increasing, failed cnt: 34
[info] position not increasing, failed cnt: 35
[info] position not increasing, failed cnt: 36
[info] position not increasing, failed cnt: 37
[info] position not increasing, failed cnt: 38
[info] position not increasing, failed cnt: 39
[info] position not increasing, failed cnt: 40
[info] position not increasing, failed cnt: 41
[info] position not increasing, failed cnt: 42
[info] position not increasing, failed cnt: 43
[info] position not increasing, failed cnt: 44
[info] position not increasing, failed cnt: 45
[info] position not increasing, failed cnt: 46
[info] position not increasing, failed cnt: 47
[info] position not increasing, failed cnt: 48
[info] position not increasing, failed cnt: 49
[info] position not increasing, failed cnt: 50
[info] position not increasing, failed cnt: 51
[info] position not increasing, failed cnt: 52
[info] position not increasing, failed cnt: 53
[info] position not increasing, failed cnt: 54
[info] position not increasing, failed cnt: 55
[info] position not increasing, failed cnt: 56
[info] position not increasing, failed cnt: 57
[info] position not increasing, failed cnt: 58
[info] position not increasing, failed cnt: 59
[info] position not increasing, failed cnt: 60
[info] position not increasing, failed cnt: 61
[info] position not increasing, failed cnt: 62
[info] position not increasing, failed cnt: 63
[info] position not increasing, failed cnt: 64
[info] position not increasing, failed cnt: 65
[info] position not increasing, failed cnt: 66
[info] position not increasing, failed cnt: 67
[info] position not increasing, failed cnt: 68
[info] position not increasing, failed cnt: 69
[info] position not increasing, failed cnt: 70
[info] position not increasing, failed cnt: 71
[info] position not increasing, failed cnt: 72
[info] position not increasing, failed cnt: 73
[info] position not increasing, failed cnt: 74
[info] position not increasing, failed cnt: 75
[info] position not increasing, failed cnt: 76
[info] position not increasing, failed cnt: 77
[info] position not increasing, failed cnt: 78
[info] position not increasing, failed cnt: 79
[info] position not increasing, failed cnt: 80
[info] position not increasing, failed cnt: 81
[info] position not increasing, failed cnt: 82
[info] position not increasing, failed cnt: 83
[info] position not increasing, failed cnt: 84
[info] position not increasing, failed cnt: 85
[info] position not increasing, failed cnt: 86
[info] position not increasing, failed cnt: 87
[info] position not increasing, failed cnt: 88
[info] position not increasing, failed cnt: 89
[info] position not increasing, failed cnt: 90
[info] position not increasing, failed cnt: 91
[info] position not increasing, failed cnt: 92
[info] position not increasing, failed cnt: 93
[info] position not increasing, failed cnt: 94
[info] position not increasing, failed cnt: 95
[info] position not increasing, failed cnt: 96
[info] position not increasing, failed cnt: 97
[info] position not increasing, failed cnt: 98
[info] position not increasing, failed cnt: 99
[info] position not increasing, failed cnt: 100
[info] position not increasing, failed cnt: 101
[info] position not increasing, failed cnt: 102
[info] position not increasing, failed cnt: 103
[info] position not increasing, failed cnt: 104
[info] position not increasing, failed cnt: 105
[info] position not increasing, failed cnt: 106
[info] position not increasing, failed cnt: 107
[info] position not increasing, failed cnt: 108
[info] position not increasing, failed cnt: 109
[info] position not increasing, failed cnt: 110
[info] position not increasing, failed cnt: 111
[info] position not increasing, failed cnt: 112
[info] position not increasing, failed cnt: 113
[info] position not increasing, failed cnt: 114
[info] position not increasing, failed cnt: 115
[info] position not increasing, failed cnt: 116
[info] position not increasing, failed cnt: 117
[info] position not increasing, failed cnt: 118
[info] position not increasing, failed cnt: 119
[info] position not increasing, failed cnt: 120
[info] position not increasing, failed cnt: 121
[info] position not increasing, failed cnt: 122
[info] position not increasing, failed cnt: 123
[info] position not increasing, failed cnt: 124
[info] position not increasing, failed cnt: 125
[info] position not increasing, failed cnt: 126
[info] position not increasing, failed cnt: 127
[info] position not increasing, failed cnt: 128
[FATAL] model stuck, exiting ...
[info] position not increasing, failed cnt: 1
[info] position not increasing, failed cnt: 2
[info] position not increasing, failed cnt: 3
[info] position not increasing, failed cnt: 4
[info] position not increasing, failed cnt: 5
[info] position not increasing, failed cnt: 6
[info] position not increasing, failed cnt: 7
[info] position not increasing, failed cnt: 8
[info] position not increasing, failed cnt: 9
[info] position not increasing, failed cnt: 10
[info] position not increasing, failed cnt: 11
[info] position not increasing, failed cnt: 12
[info] position not increasing, failed cnt: 13
[info] position not increasing, failed cnt: 14
[info] position not increasing, failed cnt: 15
[info] position not increasing, failed cnt: 16
[info] position not increasing, failed cnt: 17
[info] position not increasing, failed cnt: 18
[info] position not increasing, failed cnt: 19
[info] position not increasing, failed cnt: 20
[info] position not increasing, failed cnt: 21
[info] position not increasing, failed cnt: 22
[info] position not increasing, failed cnt: 23
[info] position not increasing, failed cnt: 24
[info] position not increasing, failed cnt: 25
[info] position not increasing, failed cnt: 26
[info] position not increasing, failed cnt: 27
[info] position not increasing, failed cnt: 28
[info] position not increasing, failed cnt: 29
[info] position not increasing, failed cnt: 30
[info] position not increasing, failed cnt: 31
[info] position not increasing, failed cnt: 32
[info] position not increasing, failed cnt: 33
[info] position not increasing, failed cnt: 34
[info] position not increasing, failed cnt: 35
[info] position not increasing, failed cnt: 36
[info] position not increasing, failed cnt: 37
[info] position not increasing, failed cnt: 38
[info] position not increasing, failed cnt: 39
[info] position not increasing, failed cnt: 40
[info] position not increasing, failed cnt: 41
[info] position not increasing, failed cnt: 42
[info] position not increasing, failed cnt: 43
[info] position not increasing, failed cnt: 44
[info] position not increasing, failed cnt: 45
[info] position not increasing, failed cnt: 46
[info] position not increasing, failed cnt: 47
[info] position not increasing, failed cnt: 48
[info] position not increasing, failed cnt: 49
[info] position not increasing, failed cnt: 50
[info] position not increasing, failed cnt: 51
[info] position not increasing, failed cnt: 52
[info] position not increasing, failed cnt: 53
[info] position not increasing, failed cnt: 54
[info] position not increasing, failed cnt: 55
[info] position not increasing, failed cnt: 56
[info] position not increasing, failed cnt: 57
[info] position not increasing, failed cnt: 58
[info] position not increasing, failed cnt: 59
[info] position not increasing, failed cnt: 60
[info] position not increasing, failed cnt: 61
[info] position not increasing, failed cnt: 62
[info] position not increasing, failed cnt: 63
[info] position not increasing, failed cnt: 64
[info] position not increasing, failed cnt: 65
[info] position not increasing, failed cnt: 66
[info] position not increasing, failed cnt: 67
[info] position not increasing, failed cnt: 68
[info] position not increasing, failed cnt: 69
[info] position not increasing, failed cnt: 70
[info] position not increasing, failed cnt: 71
[info] position not increasing, failed cnt: 72
[info] position not increasing, failed cnt: 73
[info] position not increasing, failed cnt: 74
[info] position not increasing, failed cnt: 75
[info] position not increasing, failed cnt: 76
[info] position not increasing, failed cnt: 77
[info] position not increasing, failed cnt: 78
[info] position not increasing, failed cnt: 79
[info] position not increasing, failed cnt: 80
[info] position not increasing, failed cnt: 81
[info] position not increasing, failed cnt: 82
[info] position not increasing, failed cnt: 83
[info] position not increasing, failed cnt: 84
[info] position not increasing, failed cnt: 85
[info] position not increasing, failed cnt: 86
[info] position not increasing, failed cnt: 87
[info] position not increasing, failed cnt: 88
[info] position not increasing, failed cnt: 89
[info] position not increasing, failed cnt: 90
[info] position not increasing, failed cnt: 91
[info] position not increasing, failed cnt: 92
[info] position not increasing, failed cnt: 93
[info] position not increasing, failed cnt: 94
[info] position not increasing, failed cnt: 95
[info] position not increasing, failed cnt: 96
[info] position not increasing, failed cnt: 97
[info] position not increasing, failed cnt: 98
[info] position not increasing, failed cnt: 99
[info] position not increasing, failed cnt: 100
[info] position not increasing, failed cnt: 101
[info] position not increasing, failed cnt: 102
[info] position not increasing, failed cnt: 103
[info] position not increasing, failed cnt: 104
[info] position not increasing, failed cnt: 105
[info] position not increasing, failed cnt: 106
[info] position not increasing, failed cnt: 107
[info] position not increasing, failed cnt: 108
[info] position not increasing, failed cnt: 109
[info] position not increasing, failed cnt: 110
[info] position not increasing, failed cnt: 111
[info] position not increasing, failed cnt: 112
[info] position not increasing, failed cnt: 113
[info] position not increasing, failed cnt: 114
[info] position not increasing, failed cnt: 115
[info] position not increasing, failed cnt: 116
[info] position not increasing, failed cnt: 117
[info] position not increasing, failed cnt: 118
[info] position not increasing, failed cnt: 119
[info] position not increasing, failed cnt: 120
[info] position not increasing, failed cnt: 121
[info] position not increasing, failed cnt: 122
[info] position not increasing, failed cnt: 123
[info] position not increasing, failed cnt: 124
[info] position not increasing, failed cnt: 125
[info] position not increasing, failed cnt: 126
[info] position not increasing, failed cnt: 127
[info] position not increasing, failed cnt: 128
[FATAL] model stuck, exiting ...
[info] position not increasing, failed cnt: 1
[info] position not increasing, failed cnt: 2
[info] position not increasing, failed cnt: 3
[info] position not increasing, failed cnt: 4
[info] position not increasing, failed cnt: 5
[info] position not increasing, failed cnt: 6
[info] position not increasing, failed cnt: 7
[info] position not increasing, failed cnt: 8
[info] position not increasing, failed cnt: 9
[info] position not increasing, failed cnt: 10
[info] position not increasing, failed cnt: 11
[info] position not increasing, failed cnt: 12
[info] position not increasing, failed cnt: 13
[info] position not increasing, failed cnt: 14
[info] position not increasing, failed cnt: 15
[info] position not increasing, failed cnt: 16
[info] position not increasing, failed cnt: 17
[info] position not increasing, failed cnt: 18
[info] position not increasing, failed cnt: 19
[info] position not increasing, failed cnt: 20
[info] position not increasing, failed cnt: 21
[info] position not increasing, failed cnt: 22
[info] position not increasing, failed cnt: 23
[info] position not increasing, failed cnt: 24
[info] position not increasing, failed cnt: 25
[info] position not increasing, failed cnt: 26
[info] position not increasing, failed cnt: 27
[info] position not increasing, failed cnt: 28
[info] position not increasing, failed cnt: 29
[info] position not increasing, failed cnt: 30
[info] position not increasing, failed cnt: 31
[info] position not increasing, failed cnt: 32
[info] position not increasing, failed cnt: 33
[info] position not increasing, failed cnt: 34
[info] position not increasing, failed cnt: 35
[info] position not increasing, failed cnt: 36
[info] position not increasing, failed cnt: 37
[info] position not increasing, failed cnt: 38
[info] position not increasing, failed cnt: 39
[info] position not increasing, failed cnt: 40
[info] position not increasing, failed cnt: 41
[info] position not increasing, failed cnt: 42
[info] position not increasing, failed cnt: 43
[info] position not increasing, failed cnt: 44
[info] position not increasing, failed cnt: 45
[info] position not increasing, failed cnt: 46
[info] position not increasing, failed cnt: 47
[info] position not increasing, failed cnt: 48
[info] position not increasing, failed cnt: 49
[info] position not increasing, failed cnt: 50
[info] position not increasing, failed cnt: 51
[info] position not increasing, failed cnt: 52
[info] position not increasing, failed cnt: 53
[info] position not increasing, failed cnt: 54
[info] position not increasing, failed cnt: 55
[info] position not increasing, failed cnt: 56
[info] position not increasing, failed cnt: 57
[info] position not increasing, failed cnt: 58
[info] position not increasing, failed cnt: 59
[info] position not increasing, failed cnt: 60
[info] position not increasing, failed cnt: 61
[info] position not increasing, failed cnt: 62
[info] position not increasing, failed cnt: 63
[info] position not increasing, failed cnt: 64
[info] position not increasing, failed cnt: 65
[info] position not increasing, failed cnt: 66
[info] position not increasing, failed cnt: 67
[info] position not increasing, failed cnt: 68
[info] position not increasing, failed cnt: 69
[info] position not increasing, failed cnt: 70
[info] position not increasing, failed cnt: 71
[info] position not increasing, failed cnt: 72
[info] position not increasing, failed cnt: 73
[info] position not increasing, failed cnt: 74
[info] position not increasing, failed cnt: 75
[info] position not increasing, failed cnt: 76
[info] position not increasing, failed cnt: 77
[info] position not increasing, failed cnt: 78
[info] position not increasing, failed cnt: 79
[info] position not increasing, failed cnt: 80
[info] position not increasing, failed cnt: 81
[info] position not increasing, failed cnt: 82
[info] position not increasing, failed cnt: 83
[info] position not increasing, failed cnt: 84
[info] position not increasing, failed cnt: 85
[info] position not increasing, failed cnt: 86
[info] position not increasing, failed cnt: 87
[info] position not increasing, failed cnt: 88
[info] position not increasing, failed cnt: 89
[info] position not increasing, failed cnt: 90
[info] position not increasing, failed cnt: 91
[info] position not increasing, failed cnt: 92
[info] position not increasing, failed cnt: 93
[info] position not increasing, failed cnt: 94
[info] position not increasing, failed cnt: 95
[info] position not increasing, failed cnt: 96
[info] position not increasing, failed cnt: 97
[info] position not increasing, failed cnt: 98
[info] position not increasing, failed cnt: 99
[info] position not increasing, failed cnt: 100
[info] position not increasing, failed cnt: 101
[info] position not increasing, failed cnt: 102
[info] position not increasing, failed cnt: 103
[info] position not increasing, failed cnt: 104
[info] position not increasing, failed cnt: 105
[info] position not increasing, failed cnt: 106
[info] position not increasing, failed cnt: 107
[info] position not increasing, failed cnt: 108
[info] position not increasing, failed cnt: 109
[info] position not increasing, failed cnt: 110
[info] position not increasing, failed cnt: 111
[info] position not increasing, failed cnt: 112
[info] position not increasing, failed cnt: 113
[info] position not increasing, failed cnt: 114
[info] position not increasing, failed cnt: 115
[info] position not increasing, failed cnt: 116
[info] position not increasing, failed cnt: 117
[info] position not increasing, failed cnt: 118
[info] position not increasing, failed cnt: 119
[info] position not increasing, failed cnt: 120
[info] position not increasing, failed cnt: 121
[info] position not increasing, failed cnt: 122
[info] position not increasing, failed cnt: 123
[info] position not increasing, failed cnt: 124
[info] position not increasing, failed cnt: 125
[info] position not increasing, failed cnt: 126
[info] position not increasing, failed cnt: 127
[info] position not increasing, failed cnt: 128
[FATAL] model stuck, exiting ...
[info] position not increasing, failed cnt: 1
[info] position not increasing, failed cnt: 2
[info] position not increasing, failed cnt: 3
[info] position not increasing, failed cnt: 4
[info] position not increasing, failed cnt: 5
[info] position not increasing, failed cnt: 6
[info] position not increasing, failed cnt: 7
[info] position not increasing, failed cnt: 8
[info] position not increasing, failed cnt: 9
[info] position not increasing, failed cnt: 10
[info] position not increasing, failed cnt: 11
[info] position not increasing, failed cnt: 12
[info] position not increasing, failed cnt: 13
[info] position not increasing, failed cnt: 14
[info] position not increasing, failed cnt: 15
[info] position not increasing, failed cnt: 16
[info] position not increasing, failed cnt: 17
[info] position not increasing, failed cnt: 18
[info] position not increasing, failed cnt: 19
[info] position not increasing, failed cnt: 20
[info] position not increasing, failed cnt: 21
[info] position not increasing, failed cnt: 22
[info] position not increasing, failed cnt: 23
[info] position not increasing, failed cnt: 24
[info] position not increasing, failed cnt: 25
[info] position not increasing, failed cnt: 26
[info] position not increasing, failed cnt: 27
[info] position not increasing, failed cnt: 28
[info] position not increasing, failed cnt: 29
[info] position not increasing, failed cnt: 30
[info] position not increasing, failed cnt: 31
[info] position not increasing, failed cnt: 32
[info] position not increasing, failed cnt: 33
[info] position not increasing, failed cnt: 34
[info] position not increasing, failed cnt: 35
[info] position not increasing, failed cnt: 36
[info] position not increasing, failed cnt: 37
[info] position not increasing, failed cnt: 38
[info] position not increasing, failed cnt: 39
[info] position not increasing, failed cnt: 40
[info] position not increasing, failed cnt: 41
[info] position not increasing, failed cnt: 42
[info] position not increasing, failed cnt: 43
[info] position not increasing, failed cnt: 44
[info] position not increasing, failed cnt: 45
[info] position not increasing, failed cnt: 46
[info] position not increasing, failed cnt: 47
[info] position not increasing, failed cnt: 48
[info] position not increasing, failed cnt: 49
[info] position not increasing, failed cnt: 50
[info] position not increasing, failed cnt: 51
[info] position not increasing, failed cnt: 52
[info] position not increasing, failed cnt: 53
[info] position not increasing, failed cnt: 54
[info] position not increasing, failed cnt: 55
[info] position not increasing, failed cnt: 56
[info] position not increasing, failed cnt: 57
[info] position not increasing, failed cnt: 58
[info] position not increasing, failed cnt: 59
[info] position not increasing, failed cnt: 60
[info] position not increasing, failed cnt: 61
[info] position not increasing, failed cnt: 62
[info] position not increasing, failed cnt: 63
[info] position not increasing, failed cnt: 64
[info] position not increasing, failed cnt: 65
[info] position not increasing, failed cnt: 66
[info] position not increasing, failed cnt: 67
[info] position not increasing, failed cnt: 68
[info] position not increasing, failed cnt: 69
[info] position not increasing, failed cnt: 70
[info] position not increasing, failed cnt: 71
[info] position not increasing, failed cnt: 72
[info] position not increasing, failed cnt: 73
[info] position not increasing, failed cnt: 74
[info] position not increasing, failed cnt: 75
[info] position not increasing, failed cnt: 76
[info] position not increasing, failed cnt: 77
[info] position not increasing, failed cnt: 78
[info] position not increasing, failed cnt: 79
[info] position not increasing, failed cnt: 80
[info] position not increasing, failed cnt: 81
[info] position not increasing, failed cnt: 82
[info] position not increasing, failed cnt: 83
[info] position not increasing, failed cnt: 84
[info] position not increasing, failed cnt: 85
[info] position not increasing, failed cnt: 86
[info] position not increasing, failed cnt: 87
[info] position not increasing, failed cnt: 88
[info] position not increasing, failed cnt: 89
[info] position not increasing, failed cnt: 90
[info] position not increasing, failed cnt: 91
[info] position not increasing, failed cnt: 92
[info] position not increasing, failed cnt: 93
[info] position not increasing, failed cnt: 94
[info] position not increasing, failed cnt: 95
[info] position not increasing, failed cnt: 96
[info] position not increasing, failed cnt: 97
[info] position not increasing, failed cnt: 98
[info] position not increasing, failed cnt: 99
[info] position not increasing, failed cnt: 100
[info] position not increasing, failed cnt: 101
[info] position not increasing, failed cnt: 102
[info] position not increasing, failed cnt: 103
[info] position not increasing, failed cnt: 104
[info] position not increasing, failed cnt: 105
[info] position not increasing, failed cnt: 106
[info] position not increasing, failed cnt: 107
[info] position not increasing, failed cnt: 108
[info] position not increasing, failed cnt: 109
[info] position not increasing, failed cnt: 110
[info] position not increasing, failed cnt: 111
[info] position not increasing, failed cnt: 112
[info] position not increasing, failed cnt: 113
[info] position not increasing, failed cnt: 114
[info] position not increasing, failed cnt: 115
[info] position not increasing, failed cnt: 116
[info] position not increasing, failed cnt: 117
[info] position not increasing, failed cnt: 118
[info] position not increasing, failed cnt: 119
[info] position not increasing, failed cnt: 120
[info] position not increasing, failed cnt: 121
[info] position not increasing, failed cnt: 122
[info] position not increasing, failed cnt: 123
[info] position not increasing, failed cnt: 124
[info] position not increasing, failed cnt: 125
[info] position not increasing, failed cnt: 126
[info] position not increasing, failed cnt: 127
[info] position not increasing, failed cnt: 128
[FATAL] model stuck, exiting ...
3SZ3hiasAHYoajQX3XH4FU orig S3 ok=False fail=generation_failed_5_attempts 60.73s
[info] error EOS occurs, failed eos: 1
[info] error EOS occurs, failed eos: 2
[info] error EOS occurs, failed eos: 3
[info] error EOS occurs, failed eos: 4
[info] error EOS occurs, failed eos: 5
[info] error EOS occurs, failed eos: 6
[info] error EOS occurs, failed eos: 7
[info] error EOS occurs, failed eos: 8
[info] error EOS occurs, failed eos: 9
[info] error EOS occurs, failed eos: 10
[info] error EOS occurs, failed eos: 11
[info] error EOS occurs, failed eos: 12
[info] error EOS occurs, failed eos: 13
[info] error EOS occurs, failed eos: 14
[info] error EOS occurs, failed eos: 15
[info] error EOS occurs, failed eos: 16
[info] error EOS occurs, failed eos: 17
[info] error EOS occurs, failed eos: 18
[info] error EOS occurs, failed eos: 19
[info] error EOS occurs, failed eos: 20
[info] error EOS occurs, failed eos: 21
[info] error EOS occurs, failed eos: 22
[info] error EOS occurs, failed eos: 23
[info] error EOS occurs, failed eos: 24
[info] error EOS occurs, failed eos: 25
[info] error EOS occurs, failed eos: 26
[info] error EOS occurs, failed eos: 27
[info] error EOS occurs, failed eos: 28
[info] error EOS occurs, failed eos: 29
[info] error EOS occurs, failed eos: 30
[info] error EOS occurs, failed eos: 31
[info] error EOS occurs, failed eos: 32
[info] error EOS occurs, failed eos: 33
[info] error EOS occurs, failed eos: 34
[info] error EOS occurs, failed eos: 35
[info] error EOS occurs, failed eos: 36
[info] error EOS occurs, failed eos: 37
[info] error EOS occurs, failed eos: 38
[info] error EOS occurs, failed eos: 39
[info] error EOS occurs, failed eos: 40
[info] error EOS occurs, failed eos: 41
[info] error EOS occurs, failed eos: 42
[info] error EOS occurs, failed eos: 43
[info] error EOS occurs, failed eos: 44
[info] error EOS occurs, failed eos: 45
[info] error EOS occurs, failed eos: 46
[info] error EOS occurs, failed eos: 47
[info] error EOS occurs, failed eos: 48
[info] error EOS occurs, failed eos: 49
[info] error EOS occurs, failed eos: 50
[info] error EOS occurs, failed eos: 51
[info] error EOS occurs, failed eos: 52
[info] error EOS occurs, failed eos: 53
[info] error EOS occurs, failed eos: 54
[info] error EOS occurs, failed eos: 55
[info] error EOS occurs, failed eos: 56
[info] error EOS occurs, failed eos: 57
[info] error EOS occurs, failed eos: 58
[info] error EOS occurs, failed eos: 59
[info] error EOS occurs, failed eos: 60
[info] error EOS occurs, failed eos: 61
[info] error EOS occurs, failed eos: 62
[info] error EOS occurs, failed eos: 63
[info] error EOS occurs, failed eos: 64
[info] error EOS occurs, failed eos: 65
[info] error EOS occurs, failed eos: 66
[info] error EOS occurs, failed eos: 67
[info] error EOS occurs, failed eos: 68
[info] error EOS occurs, failed eos: 69
[info] error EOS occurs, failed eos: 70
[info] error EOS occurs, failed eos: 71
[info] error EOS occurs, failed eos: 72
[info] error EOS occurs, failed eos: 73
[info] error EOS occurs, failed eos: 74
[info] error EOS occurs, failed eos: 75
[info] error EOS occurs, failed eos: 76
[info] error EOS occurs, failed eos: 77
[info] error EOS occurs, failed eos: 78
[info] error EOS occurs, failed eos: 79
[info] error EOS occurs, failed eos: 80
[info] error EOS occurs, failed eos: 81
[info] error EOS occurs, failed eos: 82
[info] error EOS occurs, failed eos: 83
[info] error EOS occurs, failed eos: 84
[info] error EOS occurs, failed eos: 85
[info] error EOS occurs, failed eos: 86
[info] error EOS occurs, failed eos: 87
[info] error EOS occurs, failed eos: 88
[info] error EOS occurs, failed eos: 89
[info] error EOS occurs, failed eos: 90
[info] error EOS occurs, failed eos: 91
[info] error EOS occurs, failed eos: 92
[info] error EOS occurs, failed eos: 93
[info] error EOS occurs, failed eos: 94
[info] error EOS occurs, failed eos: 95
[info] error EOS occurs, failed eos: 96
[info] error EOS occurs, failed eos: 97
[info] error EOS occurs, failed eos: 98
[info] error EOS occurs, failed eos: 99
[info] error EOS occurs, failed eos: 100
[info] error EOS occurs, failed eos: 101
[info] error EOS occurs, failed eos: 102
[info] error EOS occurs, failed eos: 103
[info] error EOS occurs, failed eos: 104
[info] error EOS occurs, failed eos: 105
[info] error EOS occurs, failed eos: 106
[info] error EOS occurs, failed eos: 107
[info] error EOS occurs, failed eos: 108
[info] error EOS occurs, failed eos: 109
[info] error EOS occurs, failed eos: 110
[info] error EOS occurs, failed eos: 111
[info] error EOS occurs, failed eos: 112
[info] error EOS occurs, failed eos: 113
[info] error EOS occurs, failed eos: 114
[info] error EOS occurs, failed eos: 115
[info] error EOS occurs, failed eos: 116
[info] error EOS occurs, failed eos: 117
[info] error EOS occurs, failed eos: 118
[info] error EOS occurs, failed eos: 119
[info] error EOS occurs, failed eos: 120
[info] error EOS occurs, failed eos: 121
[info] error EOS occurs, failed eos: 122
[info] error EOS occurs, failed eos: 123
[info] error EOS occurs, failed eos: 124
[info] error EOS occurs, failed eos: 125
[info] error EOS occurs, failed eos: 126
[info] error EOS occurs, failed eos: 127
[info] error EOS occurs, failed eos: 128
[FATAL] model stuck, eos error ...
[info] error EOS occurs, failed eos: 1
[info] error EOS occurs, failed eos: 2
[info] error EOS occurs, failed eos: 3
[info] error EOS occurs, failed eos: 4
[info] error EOS occurs, failed eos: 5
[info] error EOS occurs, failed eos: 6
[info] error EOS occurs, failed eos: 7
[info] error EOS occurs, failed eos: 8
[info] error EOS occurs, failed eos: 9
[info] error EOS occurs, failed eos: 10
[info] error EOS occurs, failed eos: 11
[info] error EOS occurs, failed eos: 12
[info] error EOS occurs, failed eos: 13
[info] error EOS occurs, failed eos: 14
[info] error EOS occurs, failed eos: 15
[info] error EOS occurs, failed eos: 16
[info] error EOS occurs, failed eos: 17
[info] error EOS occurs, failed eos: 18
[info] error EOS occurs, failed eos: 19
[info] error EOS occurs, failed eos: 20
[info] error EOS occurs, failed eos: 21
[info] error EOS occurs, failed eos: 22
[info] error EOS occurs, failed eos: 23
[info] error EOS occurs, failed eos: 24
[info] error EOS occurs, failed eos: 25
[info] error EOS occurs, failed eos: 26
[info] error EOS occurs, failed eos: 27
[info] error EOS occurs, failed eos: 28
[info] error EOS occurs, failed eos: 29
[info] error EOS occurs, failed eos: 30
[info] error EOS occurs, failed eos: 31
[info] error EOS occurs, failed eos: 32
[info] error EOS occurs, failed eos: 33
[info] error EOS occurs, failed eos: 34
[info] error EOS occurs, failed eos: 35
[info] error EOS occurs, failed eos: 36
[info] error EOS occurs, failed eos: 37
[info] error EOS occurs, failed eos: 38
[info] error EOS occurs, failed eos: 39
[info] error EOS occurs, failed eos: 40
[info] error EOS occurs, failed eos: 41
[info] error EOS occurs, failed eos: 42
[info] error EOS occurs, failed eos: 43
[info] error EOS occurs, failed eos: 44
[info] error EOS occurs, failed eos: 45
[info] error EOS occurs, failed eos: 46
[info] error EOS occurs, failed eos: 47
[info] error EOS occurs, failed eos: 48
[info] error EOS occurs, failed eos: 49
[info] error EOS occurs, failed eos: 50
[info] error EOS occurs, failed eos: 51
[info] error EOS occurs, failed eos: 52
[info] error EOS occurs, failed eos: 53
[info] error EOS occurs, failed eos: 54
[info] error EOS occurs, failed eos: 55
[info] error EOS occurs, failed eos: 56
[info] error EOS occurs, failed eos: 57
[info] error EOS occurs, failed eos: 58
[info] error EOS occurs, failed eos: 59
[info] error EOS occurs, failed eos: 60
[info] error EOS occurs, failed eos: 61
[info] error EOS occurs, failed eos: 62
[info] error EOS occurs, failed eos: 63
[info] error EOS occurs, failed eos: 64
[info] error EOS occurs, failed eos: 65
[info] error EOS occurs, failed eos: 66
[info] error EOS occurs, failed eos: 67
[info] error EOS occurs, failed eos: 68
[info] error EOS occurs, failed eos: 69
[info] error EOS occurs, failed eos: 70
[info] error EOS occurs, failed eos: 71
[info] error EOS occurs, failed eos: 72
[info] error EOS occurs, failed eos: 73
[info] error EOS occurs, failed eos: 74
[info] error EOS occurs, failed eos: 75
[info] error EOS occurs, failed eos: 76
[info] error EOS occurs, failed eos: 77
[info] error EOS occurs, failed eos: 78
[info] error EOS occurs, failed eos: 79
[info] error EOS occurs, failed eos: 80
[info] error EOS occurs, failed eos: 81
[info] error EOS occurs, failed eos: 82
[info] error EOS occurs, failed eos: 83
[info] error EOS occurs, failed eos: 84
[info] error EOS occurs, failed eos: 85
[info] error EOS occurs, failed eos: 86
[info] error EOS occurs, failed eos: 87
[info] error EOS occurs, failed eos: 88
[info] error EOS occurs, failed eos: 89
[info] error EOS occurs, failed eos: 90
[info] error EOS occurs, failed eos: 91
[info] error EOS occurs, failed eos: 92
[info] error EOS occurs, failed eos: 93
[info] error EOS occurs, failed eos: 94
[info] error EOS occurs, failed eos: 95
[info] error EOS occurs, failed eos: 96
[info] error EOS occurs, failed eos: 97
[info] error EOS occurs, failed eos: 98
[info] error EOS occurs, failed eos: 99
[info] error EOS occurs, failed eos: 100
[info] error EOS occurs, failed eos: 101
[info] error EOS occurs, failed eos: 102
[info] error EOS occurs, failed eos: 103
[info] error EOS occurs, failed eos: 104
[info] error EOS occurs, failed eos: 105
[info] error EOS occurs, failed eos: 106
[info] error EOS occurs, failed eos: 107
[info] error EOS occurs, failed eos: 108
[info] error EOS occurs, failed eos: 109
[info] error EOS occurs, failed eos: 110
[info] error EOS occurs, failed eos: 111
[info] error EOS occurs, failed eos: 112
[info] error EOS occurs, failed eos: 113
[info] error EOS occurs, failed eos: 114
[info] error EOS occurs, failed eos: 115
[info] error EOS occurs, failed eos: 116
[info] error EOS occurs, failed eos: 117
[info] error EOS occurs, failed eos: 118
[info] error EOS occurs, failed eos: 119
[info] error EOS occurs, failed eos: 120
[info] error EOS occurs, failed eos: 121
[info] error EOS occurs, failed eos: 122
[info] error EOS occurs, failed eos: 123
[info] error EOS occurs, failed eos: 124
[info] error EOS occurs, failed eos: 125
[info] error EOS occurs, failed eos: 126
[info] error EOS occurs, failed eos: 127
[info] error EOS occurs, failed eos: 128
[FATAL] model stuck, eos error ...
[info] error EOS occurs, failed eos: 1
-- generated events: 1275
-- time elapsed: 11.53 secs
3UD90WH9z5Ftofm8XRf3Ld orig S3 ok=True fail=None 30.58s
[info] error EOS occurs, failed eos: 1
[info] error EOS occurs, failed eos: 2
[info] error EOS occurs, failed eos: 3
[info] error EOS occurs, failed eos: 4
[info] error EOS occurs, failed eos: 5
[info] error EOS occurs, failed eos: 6
[info] error EOS occurs, failed eos: 7
[info] error EOS occurs, failed eos: 8
[info] error EOS occurs, failed eos: 9
[info] error EOS occurs, failed eos: 10
[info] error EOS occurs, failed eos: 11
[info] error EOS occurs, failed eos: 12
[info] error EOS occurs, failed eos: 13
[info] error EOS occurs, failed eos: 14
[info] error EOS occurs, failed eos: 15
[info] error EOS occurs, failed eos: 16
[info] error EOS occurs, failed eos: 17
[info] error EOS occurs, failed eos: 18
[info] error EOS occurs, failed eos: 19
[info] error EOS occurs, failed eos: 20
[info] error EOS occurs, failed eos: 21
[info] error EOS occurs, failed eos: 22
[info] error EOS occurs, failed eos: 23
[info] error EOS occurs, failed eos: 24
[info] error EOS occurs, failed eos: 25
[info] error EOS occurs, failed eos: 26
[info] error EOS occurs, failed eos: 27
[info] error EOS occurs, failed eos: 28
[info] error EOS occurs, failed eos: 29
[info] error EOS occurs, failed eos: 30
[info] error EOS occurs, failed eos: 31
[info] error EOS occurs, failed eos: 32
[info] error EOS occurs, failed eos: 33
[info] error EOS occurs, failed eos: 34
[info] error EOS occurs, failed eos: 35
[info] error EOS occurs, failed eos: 36
[info] error EOS occurs, failed eos: 37
[info] error EOS occurs, failed eos: 38
[info] error EOS occurs, failed eos: 39
[info] error EOS occurs, failed eos: 40
[info] error EOS occurs, failed eos: 41
[info] error EOS occurs, failed eos: 42
[info] error EOS occurs, failed eos: 43
[info] error EOS occurs, failed eos: 44
[info] error EOS occurs, failed eos: 45
[info] error EOS occurs, failed eos: 46
[info] error EOS occurs, failed eos: 47
[info] error EOS occurs, failed eos: 48
[info] error EOS occurs, failed eos: 49
[info] error EOS occurs, failed eos: 50
[info] error EOS occurs, failed eos: 51
[info] error EOS occurs, failed eos: 52
[info] error EOS occurs, failed eos: 53
[info] error EOS occurs, failed eos: 54
[info] error EOS occurs, failed eos: 55
[info] error EOS occurs, failed eos: 56
[info] error EOS occurs, failed eos: 57
[info] error EOS occurs, failed eos: 58
[info] error EOS occurs, failed eos: 59
[info] error EOS occurs, failed eos: 60
[info] error EOS occurs, failed eos: 61
[info] error EOS occurs, failed eos: 62
[info] error EOS occurs, failed eos: 63
[info] error EOS occurs, failed eos: 64
[info] error EOS occurs, failed eos: 65
[info] error EOS occurs, failed eos: 66
[info] error EOS occurs, failed eos: 67
[info] error EOS occurs, failed eos: 68
[info] error EOS occurs, failed eos: 69
[info] error EOS occurs, failed eos: 70
[info] error EOS occurs, failed eos: 71
[info] error EOS occurs, failed eos: 72
[info] error EOS occurs, failed eos: 73
[info] error EOS occurs, failed eos: 74
[info] error EOS occurs, failed eos: 75
[info] error EOS occurs, failed eos: 76
[info] error EOS occurs, failed eos: 77
[info] error EOS occurs, failed eos: 78
[info] error EOS occurs, failed eos: 79
[info] error EOS occurs, failed eos: 80
[info] error EOS occurs, failed eos: 81
[info] error EOS occurs, failed eos: 82
[info] error EOS occurs, failed eos: 83
[info] error EOS occurs, failed eos: 84
[info] error EOS occurs, failed eos: 85
[info] error EOS occurs, failed eos: 86
[info] error EOS occurs, failed eos: 87
[info] error EOS occurs, failed eos: 88
[info] error EOS occurs, failed eos: 89
[info] error EOS occurs, failed eos: 90
[info] error EOS occurs, failed eos: 91
[info] error EOS occurs, failed eos: 92
[info] error EOS occurs, failed eos: 93
[info] error EOS occurs, failed eos: 94
[info] error EOS occurs, failed eos: 95
[info] error EOS occurs, failed eos: 96
[info] error EOS occurs, failed eos: 97
[info] error EOS occurs, failed eos: 98
[info] error EOS occurs, failed eos: 99
[info] error EOS occurs, failed eos: 100
[info] error EOS occurs, failed eos: 101
[info] error EOS occurs, failed eos: 102
[info] error EOS occurs, failed eos: 103
[info] error EOS occurs, failed eos: 104
[info] error EOS occurs, failed eos: 105
[info] error EOS occurs, failed eos: 106
[info] error EOS occurs, failed eos: 107
[info] error EOS occurs, failed eos: 108
[info] error EOS occurs, failed eos: 109
[info] error EOS occurs, failed eos: 110
[info] error EOS occurs, failed eos: 111
[info] error EOS occurs, failed eos: 112
[info] error EOS occurs, failed eos: 113
[info] error EOS occurs, failed eos: 114
[info] error EOS occurs, failed eos: 115
[info] error EOS occurs, failed eos: 116
[info] error EOS occurs, failed eos: 117
[info] error EOS occurs, failed eos: 118
[info] error EOS occurs, failed eos: 119
[info] error EOS occurs, failed eos: 120
[info] error EOS occurs, failed eos: 121
[info] error EOS occurs, failed eos: 122
[info] error EOS occurs, failed eos: 123
[info] error EOS occurs, failed eos: 124
[info] error EOS occurs, failed eos: 125
[info] error EOS occurs, failed eos: 126
[info] error EOS occurs, failed eos: 127
[info] error EOS occurs, failed eos: 128
[FATAL] model stuck, eos error ...
[info] position not increasing, failed cnt: 1
[info] position not increasing, failed cnt: 2
[info] position not increasing, failed cnt: 3
[info] position not increasing, failed cnt: 4
[info] position not increasing, failed cnt: 5
[info] position not increasing, failed cnt: 6
[info] position not increasing, failed cnt: 7
[info] position not increasing, failed cnt: 8
[info] position not increasing, failed cnt: 9
[info] position not increasing, failed cnt: 10
[info] position not increasing, failed cnt: 11
[info] position not increasing, failed cnt: 12
[info] position not increasing, failed cnt: 13
[info] position not increasing, failed cnt: 14
[info] position not increasing, failed cnt: 15
[info] position not increasing, failed cnt: 16
[info] position not increasing, failed cnt: 17
[info] position not increasing, failed cnt: 18
[info] position not increasing, failed cnt: 19
[info] position not increasing, failed cnt: 20
[info] position not increasing, failed cnt: 21
[info] position not increasing, failed cnt: 22
[info] position not increasing, failed cnt: 23
[info] position not increasing, failed cnt: 24
[info] position not increasing, failed cnt: 25
[info] position not increasing, failed cnt: 26
[info] position not increasing, failed cnt: 27
[info] position not increasing, failed cnt: 28
[info] position not increasing, failed cnt: 29
[info] position not increasing, failed cnt: 30
[info] position not increasing, failed cnt: 31
[info] position not increasing, failed cnt: 32
[info] position not increasing, failed cnt: 33
[info] position not increasing, failed cnt: 34
[info] position not increasing, failed cnt: 35
[info] position not increasing, failed cnt: 36
[info] position not increasing, failed cnt: 37
[info] position not increasing, failed cnt: 38
[info] position not increasing, failed cnt: 39
[info] position not increasing, failed cnt: 40
[info] position not increasing, failed cnt: 41
[info] position not increasing, failed cnt: 42
[info] position not increasing, failed cnt: 43
[info] position not increasing, failed cnt: 44
[info] position not increasing, failed cnt: 45
[info] position not increasing, failed cnt: 46
[info] position not increasing, failed cnt: 47
[info] position not increasing, failed cnt: 48
[info] position not increasing, failed cnt: 49
[info] position not increasing, failed cnt: 50
[info] position not increasing, failed cnt: 51
[info] position not increasing, failed cnt: 52
[info] position not increasing, failed cnt: 53
[info] position not increasing, failed cnt: 54
[info] position not increasing, failed cnt: 55
[info] position not increasing, failed cnt: 56
[info] position not increasing, failed cnt: 57
[info] position not increasing, failed cnt: 58
[info] position not increasing, failed cnt: 59
[info] position not increasing, failed cnt: 60
[info] position not increasing, failed cnt: 61
[info] position not increasing, failed cnt: 62
[info] position not increasing, failed cnt: 63
[info] position not increasing, failed cnt: 64
[info] position not increasing, failed cnt: 65
[info] position not increasing, failed cnt: 66
[info] position not increasing, failed cnt: 67
[info] position not increasing, failed cnt: 68
[info] position not increasing, failed cnt: 69
[info] position not increasing, failed cnt: 70
[info] position not increasing, failed cnt: 71
[info] position not increasing, failed cnt: 72
[info] position not increasing, failed cnt: 73
[info] position not increasing, failed cnt: 74
[info] position not increasing, failed cnt: 75
[info] position not increasing, failed cnt: 76
[info] position not increasing, failed cnt: 77
[info] position not increasing, failed cnt: 78
[info] position not increasing, failed cnt: 79
[info] position not increasing, failed cnt: 80
[info] position not increasing, failed cnt: 81
[info] position not increasing, failed cnt: 82
[info] position not increasing, failed cnt: 83
[info] position not increasing, failed cnt: 84
[info] position not increasing, failed cnt: 85
[info] position not increasing, failed cnt: 86
[info] position not increasing, failed cnt: 87
[info] position not increasing, failed cnt: 88
[info] position not increasing, failed cnt: 89
[info] position not increasing, failed cnt: 90
[info] position not increasing, failed cnt: 91
[info] position not increasing, failed cnt: 92
[info] position not increasing, failed cnt: 93
[info] position not increasing, failed cnt: 94
[info] position not increasing, failed cnt: 95
[info] position not increasing, failed cnt: 96
[info] position not increasing, failed cnt: 97
[info] position not increasing, failed cnt: 98
[info] position not increasing, failed cnt: 99
[info] position not increasing, failed cnt: 100
[info] position not increasing, failed cnt: 101
[info] position not increasing, failed cnt: 102
[info] position not increasing, failed cnt: 103
[info] position not increasing, failed cnt: 104
[info] position not increasing, failed cnt: 105
[info] position not increasing, failed cnt: 106
[info] position not increasing, failed cnt: 107
[info] position not increasing, failed cnt: 108
[info] position not increasing, failed cnt: 109
[info] position not increasing, failed cnt: 110
[info] position not increasing, failed cnt: 111
[info] position not increasing, failed cnt: 112
[info] position not increasing, failed cnt: 113
[info] position not increasing, failed cnt: 114
[info] position not increasing, failed cnt: 115
[info] position not increasing, failed cnt: 116
[info] position not increasing, failed cnt: 117
[info] position not increasing, failed cnt: 118
[info] position not increasing, failed cnt: 119
[info] position not increasing, failed cnt: 120
[info] position not increasing, failed cnt: 121
[info] position not increasing, failed cnt: 122
[info] position not increasing, failed cnt: 123
[info] position not increasing, failed cnt: 124
[info] position not increasing, failed cnt: 125
[info] position not increasing, failed cnt: 126
[info] position not increasing, failed cnt: 127
[info] position not increasing, failed cnt: 128
[FATAL] model stuck, exiting ...
[info] error EOS occurs, failed eos: 1
-- generated events: 1156
-- time elapsed: 9.88 secs
3X3BdYpVpN78IFIpmhhEmU orig S3 ok=True fail=None 27.74s
-- generated events: 1177
-- time elapsed: 10.15 secs
3fqOOwQx6M8XpJMf8Bsp9K orig S3 ok=True fail=None 10.25s
[info] position not increasing, failed cnt: 1
[info] position not increasing, failed cnt: 2
[info] position not increasing, failed cnt: 3
[info] position not increasing, failed cnt: 4
[info] position not increasing, failed cnt: 5
[info] position not increasing, failed cnt: 6
[info] position not increasing, failed cnt: 7
[info] position not increasing, failed cnt: 8
[info] position not increasing, failed cnt: 9
[info] position not increasing, failed cnt: 10
[info] position not increasing, failed cnt: 11
[info] position not increasing, failed cnt: 12
[info] position not increasing, failed cnt: 13
[info] position not increasing, failed cnt: 14
[info] position not increasing, failed cnt: 15
[info] position not increasing, failed cnt: 16
[info] position not increasing, failed cnt: 17
[info] position not increasing, failed cnt: 18
[info] position not increasing, failed cnt: 19
[info] position not increasing, failed cnt: 20
[info] position not increasing, failed cnt: 21
[info] position not increasing, failed cnt: 22
[info] position not increasing, failed cnt: 23
[info] position not increasing, failed cnt: 24
[info] position not increasing, failed cnt: 25
[info] position not increasing, failed cnt: 26
[info] position not increasing, failed cnt: 27
[info] position not increasing, failed cnt: 28
[info] position not increasing, failed cnt: 29
[info] position not increasing, failed cnt: 30
[info] position not increasing, failed cnt: 31
[info] position not increasing, failed cnt: 32
[info] position not increasing, failed cnt: 33
[info] position not increasing, failed cnt: 34
[info] position not increasing, failed cnt: 35
[info] position not increasing, failed cnt: 36
[info] position not increasing, failed cnt: 37
[info] position not increasing, failed cnt: 38
[info] position not increasing, failed cnt: 39
[info] position not increasing, failed cnt: 40
[info] position not increasing, failed cnt: 41
[info] position not increasing, failed cnt: 42
[info] position not increasing, failed cnt: 43
[info] position not increasing, failed cnt: 44
[info] position not increasing, failed cnt: 45
[info] position not increasing, failed cnt: 46
[info] position not increasing, failed cnt: 47
[info] position not increasing, failed cnt: 48
[info] position not increasing, failed cnt: 49
[info] position not increasing, failed cnt: 50
[info] position not increasing, failed cnt: 51
[info] position not increasing, failed cnt: 52
[info] position not increasing, failed cnt: 53
[info] position not increasing, failed cnt: 54
[info] position not increasing, failed cnt: 55
[info] position not increasing, failed cnt: 56
[info] position not increasing, failed cnt: 57
[info] position not increasing, failed cnt: 58
[info] position not increasing, failed cnt: 59
[info] position not increasing, failed cnt: 60
[info] position not increasing, failed cnt: 61
[info] position not increasing, failed cnt: 62
[info] position not increasing, failed cnt: 63
[info] position not increasing, failed cnt: 64
[info] position not increasing, failed cnt: 65
[info] position not increasing, failed cnt: 66
[info] position not increasing, failed cnt: 67
[info] position not increasing, failed cnt: 68
[info] position not increasing, failed cnt: 69
[info] position not increasing, failed cnt: 70
[info] position not increasing, failed cnt: 71
[info] position not increasing, failed cnt: 72
[info] position not increasing, failed cnt: 73
[info] position not increasing, failed cnt: 74
[info] position not increasing, failed cnt: 75
[info] position not increasing, failed cnt: 76
[info] position not increasing, failed cnt: 77
[info] position not increasing, failed cnt: 78
[info] position not increasing, failed cnt: 79
[info] position not increasing, failed cnt: 80
[info] position not increasing, failed cnt: 81
[info] position not increasing, failed cnt: 82
[info] position not increasing, failed cnt: 83
[info] position not increasing, failed cnt: 84
[info] position not increasing, failed cnt: 85
[info] position not increasing, failed cnt: 86
[info] position not increasing, failed cnt: 87
[info] position not increasing, failed cnt: 88
[info] position not increasing, failed cnt: 89
[info] position not increasing, failed cnt: 90
[info] position not increasing, failed cnt: 91
[info] position not increasing, failed cnt: 92
[info] position not increasing, failed cnt: 93
[info] position not increasing, failed cnt: 94
[info] position not increasing, failed cnt: 95
[info] position not increasing, failed cnt: 96
[info] position not increasing, failed cnt: 97
[info] position not increasing, failed cnt: 98
[info] position not increasing, failed cnt: 99
[info] position not increasing, failed cnt: 100
[info] position not increasing, failed cnt: 101
[info] position not increasing, failed cnt: 102
[info] position not increasing, failed cnt: 103
[info] position not increasing, failed cnt: 104
[info] position not increasing, failed cnt: 105
[info] position not increasing, failed cnt: 106
[info] position not increasing, failed cnt: 107
[info] position not increasing, failed cnt: 108
[info] position not increasing, failed cnt: 109
[info] position not increasing, failed cnt: 110
[info] position not increasing, failed cnt: 111
[info] position not increasing, failed cnt: 112
[info] position not increasing, failed cnt: 113
[info] position not increasing, failed cnt: 114
[info] position not increasing, failed cnt: 115
[info] position not increasing, failed cnt: 116
[info] position not increasing, failed cnt: 117
[info] position not increasing, failed cnt: 118
[info] position not increasing, failed cnt: 119
[info] position not increasing, failed cnt: 120
[info] position not increasing, failed cnt: 121
[info] position not increasing, failed cnt: 122
[info] position not increasing, failed cnt: 123
[info] position not increasing, failed cnt: 124
[info] position not increasing, failed cnt: 125
[info] position not increasing, failed cnt: 126
[info] position not increasing, failed cnt: 127
[info] position not increasing, failed cnt: 128
[FATAL] model stuck, exiting ...
[info] position not increasing, failed cnt: 1
[info] position not increasing, failed cnt: 2
[info] position not increasing, failed cnt: 3
[info] position not increasing, failed cnt: 4
[info] position not increasing, failed cnt: 5
[info] position not increasing, failed cnt: 6
[info] position not increasing, failed cnt: 7
[info] position not increasing, failed cnt: 8
[info] position not increasing, failed cnt: 9
[info] position not increasing, failed cnt: 10
[info] position not increasing, failed cnt: 11
[info] position not increasing, failed cnt: 12
[info] position not increasing, failed cnt: 13
[info] position not increasing, failed cnt: 14
[info] position not increasing, failed cnt: 15
[info] position not increasing, failed cnt: 16
[info] position not increasing, failed cnt: 17
[info] position not increasing, failed cnt: 18
[info] position not increasing, failed cnt: 19
[info] position not increasing, failed cnt: 20
[info] position not increasing, failed cnt: 21
[info] position not increasing, failed cnt: 22
[info] position not increasing, failed cnt: 23
[info] position not increasing, failed cnt: 24
[info] position not increasing, failed cnt: 25
[info] position not increasing, failed cnt: 26
[info] position not increasing, failed cnt: 27
[info] position not increasing, failed cnt: 28
[info] position not increasing, failed cnt: 29
[info] position not increasing, failed cnt: 30
[info] position not increasing, failed cnt: 31
[info] position not increasing, failed cnt: 32
[info] position not increasing, failed cnt: 33
[info] position not increasing, failed cnt: 34
[info] position not increasing, failed cnt: 35
[info] position not increasing, failed cnt: 36
[info] position not increasing, failed cnt: 37
[info] position not increasing, failed cnt: 38
[info] position not increasing, failed cnt: 39
[info] position not increasing, failed cnt: 40
[info] position not increasing, failed cnt: 41
[info] position not increasing, failed cnt: 42
[info] position not increasing, failed cnt: 43
[info] position not increasing, failed cnt: 44
[info] position not increasing, failed cnt: 45
[info] position not increasing, failed cnt: 46
[info] position not increasing, failed cnt: 47
[info] position not increasing, failed cnt: 48
[info] position not increasing, failed cnt: 49
[info] position not increasing, failed cnt: 50
[info] position not increasing, failed cnt: 51
[info] position not increasing, failed cnt: 52
[info] position not increasing, failed cnt: 53
[info] position not increasing, failed cnt: 54
[info] position not increasing, failed cnt: 55
[info] position not increasing, failed cnt: 56
[info] position not increasing, failed cnt: 57
[info] position not increasing, failed cnt: 58
[info] position not increasing, failed cnt: 59
[info] position not increasing, failed cnt: 60
[info] position not increasing, failed cnt: 61
[info] position not increasing, failed cnt: 62
[info] position not increasing, failed cnt: 63
[info] position not increasing, failed cnt: 64
[info] position not increasing, failed cnt: 65
[info] position not increasing, failed cnt: 66
[info] position not increasing, failed cnt: 67
[info] position not increasing, failed cnt: 68
[info] position not increasing, failed cnt: 69
[info] position not increasing, failed cnt: 70
[info] position not increasing, failed cnt: 71
[info] position not increasing, failed cnt: 72
[info] position not increasing, failed cnt: 73
[info] position not increasing, failed cnt: 74
[info] position not increasing, failed cnt: 75
[info] position not increasing, failed cnt: 76
[info] position not increasing, failed cnt: 77
[info] position not increasing, failed cnt: 78
[info] position not increasing, failed cnt: 79
[info] position not increasing, failed cnt: 80
[info] position not increasing, failed cnt: 81
[info] position not increasing, failed cnt: 82
[info] position not increasing, failed cnt: 83
[info] position not increasing, failed cnt: 84
[info] position not increasing, failed cnt: 85
[info] position not increasing, failed cnt: 86
[info] position not increasing, failed cnt: 87
[info] position not increasing, failed cnt: 88
[info] position not increasing, failed cnt: 89
[info] position not increasing, failed cnt: 90
[info] position not increasing, failed cnt: 91
[info] position not increasing, failed cnt: 92
[info] position not increasing, failed cnt: 93
[info] position not increasing, failed cnt: 94
[info] position not increasing, failed cnt: 95
[info] position not increasing, failed cnt: 96
[info] position not increasing, failed cnt: 97
[info] position not increasing, failed cnt: 98
[info] position not increasing, failed cnt: 99
[info] position not increasing, failed cnt: 100
[info] position not increasing, failed cnt: 101
[info] position not increasing, failed cnt: 102
[info] position not increasing, failed cnt: 103
[info] position not increasing, failed cnt: 104
[info] position not increasing, failed cnt: 105
[info] position not increasing, failed cnt: 106
[info] position not increasing, failed cnt: 107
[info] position not increasing, failed cnt: 108
[info] position not increasing, failed cnt: 109
[info] position not increasing, failed cnt: 110
[info] position not increasing, failed cnt: 111
[info] position not increasing, failed cnt: 112
[info] position not increasing, failed cnt: 113
[info] position not increasing, failed cnt: 114
[info] position not increasing, failed cnt: 115
[info] position not increasing, failed cnt: 116
[info] position not increasing, failed cnt: 117
[info] position not increasing, failed cnt: 118
[info] position not increasing, failed cnt: 119
[info] position not increasing, failed cnt: 120
[info] position not increasing, failed cnt: 121
[info] position not increasing, failed cnt: 122
[info] position not increasing, failed cnt: 123
[info] position not increasing, failed cnt: 124
[info] position not increasing, failed cnt: 125
[info] position not increasing, failed cnt: 126
[info] position not increasing, failed cnt: 127
[info] position not increasing, failed cnt: 128
[FATAL] model stuck, exiting ...
[info] position not increasing, failed cnt: 1
[info] position not increasing, failed cnt: 2
[info] position not increasing, failed cnt: 3
[info] position not increasing, failed cnt: 4
[info] position not increasing, failed cnt: 5
[info] position not increasing, failed cnt: 1
[info] position not increasing, failed cnt: 2
[info] position not increasing, failed cnt: 3
[info] position not increasing, failed cnt: 4
[info] position not increasing, failed cnt: 1
[info] error EOS occurs, failed eos: 1
[info] error EOS occurs, failed eos: 2
[info] error EOS occurs, failed eos: 3
[info] error EOS occurs, failed eos: 4
[info] error EOS occurs, failed eos: 5
[info] error EOS occurs, failed eos: 6
[info] error EOS occurs, failed eos: 7
[info] error EOS occurs, failed eos: 8
[info] error EOS occurs, failed eos: 9
[info] error EOS occurs, failed eos: 10
[info] error EOS occurs, failed eos: 11
[info] error EOS occurs, failed eos: 12
[info] error EOS occurs, failed eos: 13
[info] error EOS occurs, failed eos: 14
[info] error EOS occurs, failed eos: 15
[info] error EOS occurs, failed eos: 16
[info] error EOS occurs, failed eos: 17
[info] error EOS occurs, failed eos: 18
[info] error EOS occurs, failed eos: 19
[info] error EOS occurs, failed eos: 20
[info] error EOS occurs, failed eos: 21
[info] error EOS occurs, failed eos: 22
[info] error EOS occurs, failed eos: 23
[info] error EOS occurs, failed eos: 24
[info] error EOS occurs, failed eos: 25
[info] error EOS occurs, failed eos: 26
[info] error EOS occurs, failed eos: 27
[info] error EOS occurs, failed eos: 28
[info] error EOS occurs, failed eos: 29
[info] error EOS occurs, failed eos: 30
[info] error EOS occurs, failed eos: 31
[info] error EOS occurs, failed eos: 32
[info] error EOS occurs, failed eos: 33
[info] error EOS occurs, failed eos: 34
[info] error EOS occurs, failed eos: 35
[info] error EOS occurs, failed eos: 36
[info] error EOS occurs, failed eos: 37
[info] error EOS occurs, failed eos: 38
[info] error EOS occurs, failed eos: 39
[info] error EOS occurs, failed eos: 40
[info] error EOS occurs, failed eos: 41
[info] error EOS occurs, failed eos: 42
[info] error EOS occurs, failed eos: 43
[info] error EOS occurs, failed eos: 44
[info] error EOS occurs, failed eos: 45
[info] error EOS occurs, failed eos: 46
[info] error EOS occurs, failed eos: 47
[info] error EOS occurs, failed eos: 48
[info] error EOS occurs, failed eos: 49
[info] error EOS occurs, failed eos: 50
[info] error EOS occurs, failed eos: 51
[info] error EOS occurs, failed eos: 52
[info] error EOS occurs, failed eos: 53
[info] error EOS occurs, failed eos: 54
[info] error EOS occurs, failed eos: 55
[info] error EOS occurs, failed eos: 56
[info] error EOS occurs, failed eos: 57
[info] error EOS occurs, failed eos: 58
[info] error EOS occurs, failed eos: 59
[info] error EOS occurs, failed eos: 60
[info] error EOS occurs, failed eos: 61
[info] error EOS occurs, failed eos: 62
[info] error EOS occurs, failed eos: 63
[info] error EOS occurs, failed eos: 64
[info] error EOS occurs, failed eos: 65
[info] error EOS occurs, failed eos: 66
[info] error EOS occurs, failed eos: 67
[info] error EOS occurs, failed eos: 68
[info] error EOS occurs, failed eos: 69
[info] error EOS occurs, failed eos: 70
[info] error EOS occurs, failed eos: 71
[info] error EOS occurs, failed eos: 72
[info] error EOS occurs, failed eos: 73
[info] error EOS occurs, failed eos: 74
[info] error EOS occurs, failed eos: 75
[info] error EOS occurs, failed eos: 76
[info] error EOS occurs, failed eos: 77
[info] error EOS occurs, failed eos: 78
[info] error EOS occurs, failed eos: 79
[info] error EOS occurs, failed eos: 80
[info] error EOS occurs, failed eos: 81
[info] error EOS occurs, failed eos: 82
[info] error EOS occurs, failed eos: 83
[info] error EOS occurs, failed eos: 84
[info] error EOS occurs, failed eos: 85
[info] error EOS occurs, failed eos: 86
[info] error EOS occurs, failed eos: 87
[info] error EOS occurs, failed eos: 88
[info] error EOS occurs, failed eos: 89
[info] error EOS occurs, failed eos: 90
[info] error EOS occurs, failed eos: 91
[info] error EOS occurs, failed eos: 92
[info] error EOS occurs, failed eos: 93
[info] error EOS occurs, failed eos: 94
[info] error EOS occurs, failed eos: 95
[info] error EOS occurs, failed eos: 96
[info] error EOS occurs, failed eos: 97
[info] error EOS occurs, failed eos: 98
[info] error EOS occurs, failed eos: 99
[info] error EOS occurs, failed eos: 100
[info] error EOS occurs, failed eos: 101
[info] error EOS occurs, failed eos: 102
[info] error EOS occurs, failed eos: 103
[info] error EOS occurs, failed eos: 104
[info] error EOS occurs, failed eos: 105
[info] error EOS occurs, failed eos: 106
[info] error EOS occurs, failed eos: 107
[info] error EOS occurs, failed eos: 108
[info] error EOS occurs, failed eos: 109
[info] error EOS occurs, failed eos: 110
[info] error EOS occurs, failed eos: 111
[info] error EOS occurs, failed eos: 112
[info] error EOS occurs, failed eos: 113
[info] error EOS occurs, failed eos: 114
[info] error EOS occurs, failed eos: 115
[info] error EOS occurs, failed eos: 116
[info] error EOS occurs, failed eos: 117
[info] error EOS occurs, failed eos: 118
[info] error EOS occurs, failed eos: 119
[info] error EOS occurs, failed eos: 120
[info] error EOS occurs, failed eos: 121
[info] error EOS occurs, failed eos: 122
[info] error EOS occurs, failed eos: 123
[info] error EOS occurs, failed eos: 124
[info] error EOS occurs, failed eos: 125
[info] error EOS occurs, failed eos: 126
[info] error EOS occurs, failed eos: 127
[info] error EOS occurs, failed eos: 128
[FATAL] model stuck, eos error ...
[info] position not increasing, failed cnt: 1
[info] position not increasing, failed cnt: 2
[info] position not increasing, failed cnt: 3
[info] position not increasing, failed cnt: 4
[info] position not increasing, failed cnt: 5
[info] position not increasing, failed cnt: 6
[info] position not increasing, failed cnt: 7
[info] position not increasing, failed cnt: 8
[info] position not increasing, failed cnt: 9
[info] position not increasing, failed cnt: 10
[info] position not increasing, failed cnt: 11
[info] position not increasing, failed cnt: 12
[info] position not increasing, failed cnt: 13
[info] position not increasing, failed cnt: 14
[info] position not increasing, failed cnt: 15
[info] position not increasing, failed cnt: 16
[info] position not increasing, failed cnt: 17
[info] position not increasing, failed cnt: 18
[info] position not increasing, failed cnt: 19
[info] position not increasing, failed cnt: 20
[info] position not increasing, failed cnt: 21
[info] position not increasing, failed cnt: 22
[info] position not increasing, failed cnt: 23
[info] position not increasing, failed cnt: 24
[info] position not increasing, failed cnt: 25
[info] position not increasing, failed cnt: 26
[info] position not increasing, failed cnt: 27
[info] position not increasing, failed cnt: 28
[info] position not increasing, failed cnt: 29
[info] position not increasing, failed cnt: 30
[info] position not increasing, failed cnt: 31
[info] position not increasing, failed cnt: 32
[info] position not increasing, failed cnt: 33
[info] position not increasing, failed cnt: 34
[info] position not increasing, failed cnt: 35
[info] position not increasing, failed cnt: 36
[info] position not increasing, failed cnt: 37
[info] position not increasing, failed cnt: 38
[info] position not increasing, failed cnt: 39
[info] position not increasing, failed cnt: 40
[info] position not increasing, failed cnt: 41
[info] position not increasing, failed cnt: 42
[info] position not increasing, failed cnt: 43
[info] position not increasing, failed cnt: 44
[info] position not increasing, failed cnt: 45
[info] position not increasing, failed cnt: 46
[info] position not increasing, failed cnt: 47
[info] position not increasing, failed cnt: 48
[info] position not increasing, failed cnt: 49
[info] position not increasing, failed cnt: 50
[info] position not increasing, failed cnt: 51
[info] position not increasing, failed cnt: 52
[info] position not increasing, failed cnt: 53
[info] position not increasing, failed cnt: 54
[info] position not increasing, failed cnt: 55
[info] position not increasing, failed cnt: 56
[info] position not increasing, failed cnt: 57
[info] position not increasing, failed cnt: 58
[info] position not increasing, failed cnt: 59
[info] position not increasing, failed cnt: 60
[info] position not increasing, failed cnt: 61
[info] position not increasing, failed cnt: 62
[info] position not increasing, failed cnt: 63
[info] position not increasing, failed cnt: 64
[info] position not increasing, failed cnt: 65
[info] position not increasing, failed cnt: 66
[info] position not increasing, failed cnt: 67
[info] position not increasing, failed cnt: 68
[info] position not increasing, failed cnt: 69
[info] position not increasing, failed cnt: 70
[info] position not increasing, failed cnt: 71
[info] position not increasing, failed cnt: 72
[info] position not increasing, failed cnt: 73
[info] position not increasing, failed cnt: 74
[info] position not increasing, failed cnt: 75
[info] position not increasing, failed cnt: 76
[info] position not increasing, failed cnt: 77
[info] position not increasing, failed cnt: 78
[info] position not increasing, failed cnt: 79
[info] position not increasing, failed cnt: 80
[info] position not increasing, failed cnt: 81
[info] position not increasing, failed cnt: 82
[info] position not increasing, failed cnt: 83
[info] position not increasing, failed cnt: 84
[info] position not increasing, failed cnt: 85
[info] position not increasing, failed cnt: 86
[info] position not increasing, failed cnt: 87
[info] position not increasing, failed cnt: 88
[info] position not increasing, failed cnt: 89
[info] position not increasing, failed cnt: 90
[info] position not increasing, failed cnt: 91
[info] position not increasing, failed cnt: 92
[info] position not increasing, failed cnt: 93
[info] position not increasing, failed cnt: 94
[info] position not increasing, failed cnt: 95
[info] position not increasing, failed cnt: 96
[info] position not increasing, failed cnt: 97
[info] position not increasing, failed cnt: 98
[info] position not increasing, failed cnt: 99
[info] position not increasing, failed cnt: 100
[info] position not increasing, failed cnt: 101
[info] position not increasing, failed cnt: 102
[info] position not increasing, failed cnt: 103
[info] position not increasing, failed cnt: 104
[info] position not increasing, failed cnt: 105
[info] position not increasing, failed cnt: 106
[info] position not increasing, failed cnt: 107
[info] position not increasing, failed cnt: 108
[info] position not increasing, failed cnt: 109
[info] position not increasing, failed cnt: 110
[info] position not increasing, failed cnt: 111
[info] position not increasing, failed cnt: 112
[info] position not increasing, failed cnt: 113
[info] position not increasing, failed cnt: 114
[info] position not increasing, failed cnt: 115
[info] position not increasing, failed cnt: 116
[info] position not increasing, failed cnt: 117
[info] position not increasing, failed cnt: 118
[info] position not increasing, failed cnt: 119
[info] position not increasing, failed cnt: 120
[info] position not increasing, failed cnt: 121
[info] position not increasing, failed cnt: 122
[info] position not increasing, failed cnt: 123
[info] position not increasing, failed cnt: 124
[info] position not increasing, failed cnt: 125
[info] position not increasing, failed cnt: 126
[info] position not increasing, failed cnt: 127
[info] position not increasing, failed cnt: 128
[FATAL] model stuck, exiting ...
[info] position not increasing, failed cnt: 1
[info] position not increasing, failed cnt: 1
[info] position not increasing, failed cnt: 2
[info] position not increasing, failed cnt: 3
[info] position not increasing, failed cnt: 4
[info] position not increasing, failed cnt: 5
[info] position not increasing, failed cnt: 6
[info] position not increasing, failed cnt: 7
[info] position not increasing, failed cnt: 8
[info] position not increasing, failed cnt: 9
[info] position not increasing, failed cnt: 10
[info] position not increasing, failed cnt: 11
[info] position not increasing, failed cnt: 12
[info] position not increasing, failed cnt: 13
[info] position not increasing, failed cnt: 14
[info] position not increasing, failed cnt: 15
[info] position not increasing, failed cnt: 16
[info] position not increasing, failed cnt: 17
[info] position not increasing, failed cnt: 18
[info] position not increasing, failed cnt: 19
[info] position not increasing, failed cnt: 20
[info] position not increasing, failed cnt: 21
[info] position not increasing, failed cnt: 22
[info] position not increasing, failed cnt: 23
[info] position not increasing, failed cnt: 24
[info] position not increasing, failed cnt: 25
[info] position not increasing, failed cnt: 26
[info] position not increasing, failed cnt: 27
[info] position not increasing, failed cnt: 28
[info] position not increasing, failed cnt: 29
[info] position not increasing, failed cnt: 30
[info] position not increasing, failed cnt: 31
[info] position not increasing, failed cnt: 32
[info] position not increasing, failed cnt: 33
[info] position not increasing, failed cnt: 34
[info] position not increasing, failed cnt: 35
[info] position not increasing, failed cnt: 36
[info] position not increasing, failed cnt: 37
[info] position not increasing, failed cnt: 38
[info] position not increasing, failed cnt: 39
[info] position not increasing, failed cnt: 40
[info] position not increasing, failed cnt: 41
[info] position not increasing, failed cnt: 42
[info] position not increasing, failed cnt: 43
[info] position not increasing, failed cnt: 44
[info] position not increasing, failed cnt: 45
[info] position not increasing, failed cnt: 46
[info] position not increasing, failed cnt: 47
[info] position not increasing, failed cnt: 48
[info] position not increasing, failed cnt: 49
[info] position not increasing, failed cnt: 50
[info] position not increasing, failed cnt: 51
[info] position not increasing, failed cnt: 52
[info] position not increasing, failed cnt: 53
[info] position not increasing, failed cnt: 54
[info] position not increasing, failed cnt: 55
[info] position not increasing, failed cnt: 56
[info] position not increasing, failed cnt: 57
[info] position not increasing, failed cnt: 58
[info] position not increasing, failed cnt: 59
[info] position not increasing, failed cnt: 60
[info] position not increasing, failed cnt: 61
[info] position not increasing, failed cnt: 62
[info] position not increasing, failed cnt: 63
[info] position not increasing, failed cnt: 64
[info] position not increasing, failed cnt: 65
[info] position not increasing, failed cnt: 66
[info] position not increasing, failed cnt: 67
[info] position not increasing, failed cnt: 68
[info] position not increasing, failed cnt: 69
[info] position not increasing, failed cnt: 70
[info] position not increasing, failed cnt: 71
[info] position not increasing, failed cnt: 72
[info] position not increasing, failed cnt: 73
[info] position not increasing, failed cnt: 74
[info] position not increasing, failed cnt: 75
[info] position not increasing, failed cnt: 76
[info] position not increasing, failed cnt: 77
[info] position not increasing, failed cnt: 78
[info] position not increasing, failed cnt: 79
[info] position not increasing, failed cnt: 80
[info] position not increasing, failed cnt: 81
[info] position not increasing, failed cnt: 82
[info] position not increasing, failed cnt: 83
[info] position not increasing, failed cnt: 84
[info] position not increasing, failed cnt: 85
[info] position not increasing, failed cnt: 86
[info] position not increasing, failed cnt: 87
[info] position not increasing, failed cnt: 88
[info] position not increasing, failed cnt: 89
[info] position not increasing, failed cnt: 90
[info] position not increasing, failed cnt: 91
[info] position not increasing, failed cnt: 92
[info] position not increasing, failed cnt: 93
[info] position not increasing, failed cnt: 94
[info] position not increasing, failed cnt: 95
[info] position not increasing, failed cnt: 96
[info] position not increasing, failed cnt: 97
[info] position not increasing, failed cnt: 98
[info] position not increasing, failed cnt: 99
[info] position not increasing, failed cnt: 100
[info] position not increasing, failed cnt: 101
[info] position not increasing, failed cnt: 102
[info] position not increasing, failed cnt: 103
[info] position not increasing, failed cnt: 104
[info] position not increasing, failed cnt: 105
[info] position not increasing, failed cnt: 106
[info] position not increasing, failed cnt: 107
[info] position not increasing, failed cnt: 108
[info] position not increasing, failed cnt: 109
[info] position not increasing, failed cnt: 110
[info] position not increasing, failed cnt: 111
[info] position not increasing, failed cnt: 112
[info] position not increasing, failed cnt: 113
[info] position not increasing, failed cnt: 114
[info] position not increasing, failed cnt: 115
[info] position not increasing, failed cnt: 116
[info] position not increasing, failed cnt: 117
[info] position not increasing, failed cnt: 118
[info] position not increasing, failed cnt: 119
[info] position not increasing, failed cnt: 120
[info] position not increasing, failed cnt: 121
[info] position not increasing, failed cnt: 122
[info] position not increasing, failed cnt: 123
[info] position not increasing, failed cnt: 124
[info] position not increasing, failed cnt: 125
[info] position not increasing, failed cnt: 126
[info] position not increasing, failed cnt: 127
[info] position not increasing, failed cnt: 128
[FATAL] model stuck, exiting ...
3im9iOhpZNgaTS4VGYOGF9 orig S3 ok=False fail=generation_failed_5_attempts 63.55s
[info] position not increasing, failed cnt: 1
[info] position not increasing, failed cnt: 2
[info] position not increasing, failed cnt: 3
[info] position not increasing, failed cnt: 4
[info] position not increasing, failed cnt: 5
[info] position not increasing, failed cnt: 6
[info] position not increasing, failed cnt: 7
[info] position not increasing, failed cnt: 8
[info] position not increasing, failed cnt: 9
[info] position not increasing, failed cnt: 10
[info] position not increasing, failed cnt: 11
[info] position not increasing, failed cnt: 12
[info] position not increasing, failed cnt: 13
[info] position not increasing, failed cnt: 14
[info] position not increasing, failed cnt: 15
[info] position not increasing, failed cnt: 16
[info] position not increasing, failed cnt: 17
[info] position not increasing, failed cnt: 18
[info] position not increasing, failed cnt: 19
[info] position not increasing, failed cnt: 20
[info] position not increasing, failed cnt: 21
[info] position not increasing, failed cnt: 22
[info] position not increasing, failed cnt: 23
[info] position not increasing, failed cnt: 24
[info] position not increasing, failed cnt: 25
[info] position not increasing, failed cnt: 26
[info] position not increasing, failed cnt: 27
[info] position not increasing, failed cnt: 28
[info] position not increasing, failed cnt: 29
[info] position not increasing, failed cnt: 30
[info] position not increasing, failed cnt: 31
[info] position not increasing, failed cnt: 32
[info] position not increasing, failed cnt: 33
[info] position not increasing, failed cnt: 34
[info] position not increasing, failed cnt: 35
[info] position not increasing, failed cnt: 36
[info] position not increasing, failed cnt: 37
[info] position not increasing, failed cnt: 38
[info] position not increasing, failed cnt: 39
[info] position not increasing, failed cnt: 40
[info] position not increasing, failed cnt: 41
[info] position not increasing, failed cnt: 42
[info] position not increasing, failed cnt: 43
[info] position not increasing, failed cnt: 44
[info] position not increasing, failed cnt: 45
[info] position not increasing, failed cnt: 46
[info] position not increasing, failed cnt: 47
[info] position not increasing, failed cnt: 48
[info] position not increasing, failed cnt: 49
[info] position not increasing, failed cnt: 50
[info] position not increasing, failed cnt: 51
[info] position not increasing, failed cnt: 52
[info] position not increasing, failed cnt: 53
[info] position not increasing, failed cnt: 54
[info] position not increasing, failed cnt: 55
[info] position not increasing, failed cnt: 56
[info] position not increasing, failed cnt: 57
[info] position not increasing, failed cnt: 58
[info] position not increasing, failed cnt: 59
[info] position not increasing, failed cnt: 60
[info] position not increasing, failed cnt: 61
[info] position not increasing, failed cnt: 62
[info] position not increasing, failed cnt: 63
[info] position not increasing, failed cnt: 64
[info] position not increasing, failed cnt: 65
[info] position not increasing, failed cnt: 66
[info] position not increasing, failed cnt: 67
[info] position not increasing, failed cnt: 68
[info] position not increasing, failed cnt: 69
[info] position not increasing, failed cnt: 70
[info] position not increasing, failed cnt: 71
[info] position not increasing, failed cnt: 72
[info] position not increasing, failed cnt: 73
[info] position not increasing, failed cnt: 74
[info] position not increasing, failed cnt: 75
[info] position not increasing, failed cnt: 76
[info] position not increasing, failed cnt: 77
[info] position not increasing, failed cnt: 78
[info] position not increasing, failed cnt: 79
[info] position not increasing, failed cnt: 80
[info] position not increasing, failed cnt: 81
[info] position not increasing, failed cnt: 82
[info] position not increasing, failed cnt: 83
[info] position not increasing, failed cnt: 84
[info] position not increasing, failed cnt: 85
[info] position not increasing, failed cnt: 86
[info] position not increasing, failed cnt: 87
[info] position not increasing, failed cnt: 88
[info] position not increasing, failed cnt: 89
[info] position not increasing, failed cnt: 90
[info] position not increasing, failed cnt: 91
[info] position not increasing, failed cnt: 92
[info] position not increasing, failed cnt: 93
[info] position not increasing, failed cnt: 94
[info] position not increasing, failed cnt: 95
[info] position not increasing, failed cnt: 96
[info] position not increasing, failed cnt: 97
[info] position not increasing, failed cnt: 98
[info] position not increasing, failed cnt: 99
[info] position not increasing, failed cnt: 100
[info] position not increasing, failed cnt: 101
[info] position not increasing, failed cnt: 102
[info] position not increasing, failed cnt: 103
[info] position not increasing, failed cnt: 104
[info] position not increasing, failed cnt: 105
[info] position not increasing, failed cnt: 106
[info] position not increasing, failed cnt: 107
[info] position not increasing, failed cnt: 108
[info] position not increasing, failed cnt: 109
[info] position not increasing, failed cnt: 110
[info] position not increasing, failed cnt: 111
[info] position not increasing, failed cnt: 112
[info] position not increasing, failed cnt: 113
[info] position not increasing, failed cnt: 114
[info] position not increasing, failed cnt: 115
[info] position not increasing, failed cnt: 116
[info] position not increasing, failed cnt: 117
[info] position not increasing, failed cnt: 118
[info] position not increasing, failed cnt: 119
[info] position not increasing, failed cnt: 120
[info] position not increasing, failed cnt: 121
[info] position not increasing, failed cnt: 122
[info] position not increasing, failed cnt: 123
[info] position not increasing, failed cnt: 124
[info] position not increasing, failed cnt: 125
[info] position not increasing, failed cnt: 126
[info] position not increasing, failed cnt: 127
[info] position not increasing, failed cnt: 128
[FATAL] model stuck, exiting ...
[info] position not increasing, failed cnt: 1
[info] position not increasing, failed cnt: 2
[info] position not increasing, failed cnt: 3
[info] position not increasing, failed cnt: 4
[info] position not increasing, failed cnt: 5
[info] position not increasing, failed cnt: 6
[info] position not increasing, failed cnt: 7
[info] position not increasing, failed cnt: 8
[info] position not increasing, failed cnt: 9
[info] position not increasing, failed cnt: 10
[info] position not increasing, failed cnt: 11
[info] position not increasing, failed cnt: 12
[info] position not increasing, failed cnt: 13
[info] position not increasing, failed cnt: 14
[info] position not increasing, failed cnt: 15
[info] position not increasing, failed cnt: 16
[info] position not increasing, failed cnt: 17
[info] position not increasing, failed cnt: 18
[info] position not increasing, failed cnt: 19
[info] position not increasing, failed cnt: 20
[info] position not increasing, failed cnt: 21
[info] position not increasing, failed cnt: 22
[info] position not increasing, failed cnt: 23
[info] position not increasing, failed cnt: 24
[info] position not increasing, failed cnt: 25
[info] position not increasing, failed cnt: 26
[info] position not increasing, failed cnt: 27
[info] position not increasing, failed cnt: 28
[info] position not increasing, failed cnt: 29
[info] position not increasing, failed cnt: 30
[info] position not increasing, failed cnt: 31
[info] position not increasing, failed cnt: 32
[info] position not increasing, failed cnt: 33
[info] position not increasing, failed cnt: 34
[info] position not increasing, failed cnt: 35
[info] position not increasing, failed cnt: 36
[info] position not increasing, failed cnt: 37
[info] position not increasing, failed cnt: 38
[info] position not increasing, failed cnt: 39
[info] position not increasing, failed cnt: 40
[info] position not increasing, failed cnt: 41
[info] position not increasing, failed cnt: 42
[info] position not increasing, failed cnt: 43
[info] position not increasing, failed cnt: 44
[info] position not increasing, failed cnt: 45
[info] position not increasing, failed cnt: 46
[info] position not increasing, failed cnt: 47
[info] position not increasing, failed cnt: 48
[info] position not increasing, failed cnt: 49
[info] position not increasing, failed cnt: 50
[info] position not increasing, failed cnt: 51
[info] position not increasing, failed cnt: 52
[info] position not increasing, failed cnt: 53
[info] position not increasing, failed cnt: 54
[info] position not increasing, failed cnt: 55
[info] position not increasing, failed cnt: 56
[info] position not increasing, failed cnt: 57
[info] position not increasing, failed cnt: 58
[info] position not increasing, failed cnt: 59
[info] position not increasing, failed cnt: 60
[info] position not increasing, failed cnt: 61
[info] position not increasing, failed cnt: 62
[info] position not increasing, failed cnt: 63
[info] position not increasing, failed cnt: 64
[info] position not increasing, failed cnt: 65
[info] position not increasing, failed cnt: 66
[info] position not increasing, failed cnt: 67
[info] position not increasing, failed cnt: 68
[info] position not increasing, failed cnt: 69
[info] position not increasing, failed cnt: 70
[info] position not increasing, failed cnt: 71
[info] position not increasing, failed cnt: 72
[info] position not increasing, failed cnt: 73
[info] position not increasing, failed cnt: 74
[info] position not increasing, failed cnt: 75
[info] position not increasing, failed cnt: 76
[info] position not increasing, failed cnt: 77
[info] position not increasing, failed cnt: 78
[info] position not increasing, failed cnt: 79
[info] position not increasing, failed cnt: 80
[info] position not increasing, failed cnt: 81
[info] position not increasing, failed cnt: 82
[info] position not increasing, failed cnt: 83
[info] position not increasing, failed cnt: 84
[info] position not increasing, failed cnt: 85
[info] position not increasing, failed cnt: 86
[info] position not increasing, failed cnt: 87
[info] position not increasing, failed cnt: 88
[info] position not increasing, failed cnt: 89
[info] position not increasing, failed cnt: 90
[info] position not increasing, failed cnt: 91
[info] position not increasing, failed cnt: 92
[info] position not increasing, failed cnt: 93
[info] position not increasing, failed cnt: 94
[info] position not increasing, failed cnt: 95
[info] position not increasing, failed cnt: 96
[info] position not increasing, failed cnt: 97
[info] position not increasing, failed cnt: 98
[info] position not increasing, failed cnt: 99
[info] position not increasing, failed cnt: 100
[info] position not increasing, failed cnt: 101
[info] position not increasing, failed cnt: 102
[info] position not increasing, failed cnt: 103
[info] position not increasing, failed cnt: 104
[info] position not increasing, failed cnt: 105
[info] position not increasing, failed cnt: 106
[info] position not increasing, failed cnt: 107
[info] position not increasing, failed cnt: 108
[info] position not increasing, failed cnt: 109
[info] position not increasing, failed cnt: 110
[info] position not increasing, failed cnt: 111
[info] position not increasing, failed cnt: 112
[info] position not increasing, failed cnt: 113
[info] position not increasing, failed cnt: 114
[info] position not increasing, failed cnt: 115
[info] position not increasing, failed cnt: 116
[info] position not increasing, failed cnt: 117
[info] position not increasing, failed cnt: 118
[info] position not increasing, failed cnt: 119
[info] position not increasing, failed cnt: 120
[info] position not increasing, failed cnt: 121
[info] position not increasing, failed cnt: 122
[info] position not increasing, failed cnt: 123
[info] position not increasing, failed cnt: 124
[info] position not increasing, failed cnt: 125
[info] position not increasing, failed cnt: 126
[info] position not increasing, failed cnt: 127
[info] position not increasing, failed cnt: 128
[FATAL] model stuck, exiting ...
[info] position not increasing, failed cnt: 1
[info] position not increasing, failed cnt: 2
[info] position not increasing, failed cnt: 3
[info] position not increasing, failed cnt: 4
[info] position not increasing, failed cnt: 5
[info] position not increasing, failed cnt: 6
[info] position not increasing, failed cnt: 7
[info] position not increasing, failed cnt: 8
[info] position not increasing, failed cnt: 9
[info] position not increasing, failed cnt: 10
[info] position not increasing, failed cnt: 11
[info] position not increasing, failed cnt: 12
[info] position not increasing, failed cnt: 13
[info] position not increasing, failed cnt: 14
[info] position not increasing, failed cnt: 15
[info] position not increasing, failed cnt: 16
[info] position not increasing, failed cnt: 17
[info] position not increasing, failed cnt: 18
[info] position not increasing, failed cnt: 19
[info] position not increasing, failed cnt: 20
[info] position not increasing, failed cnt: 21
[info] position not increasing, failed cnt: 22
[info] position not increasing, failed cnt: 23
[info] position not increasing, failed cnt: 24
[info] position not increasing, failed cnt: 25
[info] position not increasing, failed cnt: 26
[info] position not increasing, failed cnt: 27
[info] position not increasing, failed cnt: 28
[info] position not increasing, failed cnt: 29
[info] position not increasing, failed cnt: 30
[info] position not increasing, failed cnt: 31
[info] position not increasing, failed cnt: 32
[info] position not increasing, failed cnt: 33
[info] position not increasing, failed cnt: 34
[info] position not increasing, failed cnt: 35
[info] position not increasing, failed cnt: 36
[info] position not increasing, failed cnt: 37
[info] position not increasing, failed cnt: 38
[info] position not increasing, failed cnt: 39
[info] position not increasing, failed cnt: 40
[info] position not increasing, failed cnt: 41
[info] position not increasing, failed cnt: 42
[info] position not increasing, failed cnt: 43
[info] position not increasing, failed cnt: 44
[info] position not increasing, failed cnt: 45
[info] position not increasing, failed cnt: 46
[info] position not increasing, failed cnt: 47
[info] position not increasing, failed cnt: 48
[info] position not increasing, failed cnt: 49
[info] position not increasing, failed cnt: 50
[info] position not increasing, failed cnt: 51
[info] position not increasing, failed cnt: 52
[info] position not increasing, failed cnt: 53
[info] position not increasing, failed cnt: 54
[info] position not increasing, failed cnt: 55
[info] position not increasing, failed cnt: 56
[info] position not increasing, failed cnt: 57
[info] position not increasing, failed cnt: 58
[info] position not increasing, failed cnt: 59
[info] position not increasing, failed cnt: 60
[info] position not increasing, failed cnt: 61
[info] position not increasing, failed cnt: 62
[info] position not increasing, failed cnt: 63
[info] position not increasing, failed cnt: 64
[info] position not increasing, failed cnt: 65
[info] position not increasing, failed cnt: 66
[info] position not increasing, failed cnt: 67
[info] position not increasing, failed cnt: 68
[info] position not increasing, failed cnt: 69
[info] position not increasing, failed cnt: 70
[info] position not increasing, failed cnt: 71
[info] position not increasing, failed cnt: 72
[info] position not increasing, failed cnt: 73
[info] position not increasing, failed cnt: 74
[info] position not increasing, failed cnt: 75
[info] position not increasing, failed cnt: 76
[info] position not increasing, failed cnt: 77
[info] position not increasing, failed cnt: 78
[info] position not increasing, failed cnt: 79
[info] position not increasing, failed cnt: 80
[info] position not increasing, failed cnt: 81
[info] position not increasing, failed cnt: 82
[info] position not increasing, failed cnt: 83
[info] position not increasing, failed cnt: 84
[info] position not increasing, failed cnt: 85
[info] position not increasing, failed cnt: 86
[info] position not increasing, failed cnt: 87
[info] position not increasing, failed cnt: 88
[info] position not increasing, failed cnt: 89
[info] position not increasing, failed cnt: 90
[info] position not increasing, failed cnt: 91
[info] position not increasing, failed cnt: 92
[info] position not increasing, failed cnt: 93
[info] position not increasing, failed cnt: 94
[info] position not increasing, failed cnt: 95
[info] position not increasing, failed cnt: 96
[info] position not increasing, failed cnt: 97
[info] position not increasing, failed cnt: 98
[info] position not increasing, failed cnt: 99
[info] position not increasing, failed cnt: 100
[info] position not increasing, failed cnt: 101
[info] position not increasing, failed cnt: 102
[info] position not increasing, failed cnt: 103
[info] position not increasing, failed cnt: 104
[info] position not increasing, failed cnt: 105
[info] position not increasing, failed cnt: 106
[info] position not increasing, failed cnt: 107
[info] position not increasing, failed cnt: 108
[info] position not increasing, failed cnt: 109
[info] position not increasing, failed cnt: 110
[info] position not increasing, failed cnt: 111
[info] position not increasing, failed cnt: 112
[info] position not increasing, failed cnt: 113
[info] position not increasing, failed cnt: 114
[info] position not increasing, failed cnt: 115
[info] position not increasing, failed cnt: 116
[info] position not increasing, failed cnt: 117
[info] position not increasing, failed cnt: 118
[info] position not increasing, failed cnt: 119
[info] position not increasing, failed cnt: 120
[info] position not increasing, failed cnt: 121
[info] position not increasing, failed cnt: 122
[info] position not increasing, failed cnt: 123
[info] position not increasing, failed cnt: 124
[info] position not increasing, failed cnt: 125
[info] position not increasing, failed cnt: 126
[info] position not increasing, failed cnt: 127
[info] position not increasing, failed cnt: 128
[FATAL] model stuck, exiting ...
[info] position not increasing, failed cnt: 1
[info] position not increasing, failed cnt: 2
[info] position not increasing, failed cnt: 3
[info] position not increasing, failed cnt: 4
[info] position not increasing, failed cnt: 5
[info] position not increasing, failed cnt: 6
[info] position not increasing, failed cnt: 7
[info] position not increasing, failed cnt: 8
[info] position not increasing, failed cnt: 9
[info] position not increasing, failed cnt: 10
[info] position not increasing, failed cnt: 11
[info] position not increasing, failed cnt: 12
[info] position not increasing, failed cnt: 13
[info] position not increasing, failed cnt: 14
[info] position not increasing, failed cnt: 15
[info] position not increasing, failed cnt: 16
[info] position not increasing, failed cnt: 17
[info] position not increasing, failed cnt: 18
[info] position not increasing, failed cnt: 19
[info] position not increasing, failed cnt: 20
[info] position not increasing, failed cnt: 21
[info] position not increasing, failed cnt: 22
[info] position not increasing, failed cnt: 23
[info] position not increasing, failed cnt: 24
[info] position not increasing, failed cnt: 25
[info] position not increasing, failed cnt: 26
[info] position not increasing, failed cnt: 27
[info] position not increasing, failed cnt: 28
[info] position not increasing, failed cnt: 29
[info] position not increasing, failed cnt: 30
[info] position not increasing, failed cnt: 31
[info] position not increasing, failed cnt: 32
[info] position not increasing, failed cnt: 33
[info] position not increasing, failed cnt: 34
[info] position not increasing, failed cnt: 35
[info] position not increasing, failed cnt: 36
[info] position not increasing, failed cnt: 37
[info] position not increasing, failed cnt: 38
[info] position not increasing, failed cnt: 39
[info] position not increasing, failed cnt: 40
[info] position not increasing, failed cnt: 41
[info] position not increasing, failed cnt: 42
[info] position not increasing, failed cnt: 43
[info] position not increasing, failed cnt: 44
[info] position not increasing, failed cnt: 45
[info] position not increasing, failed cnt: 46
[info] position not increasing, failed cnt: 47
[info] position not increasing, failed cnt: 48
[info] position not increasing, failed cnt: 49
[info] position not increasing, failed cnt: 50
[info] position not increasing, failed cnt: 51
[info] position not increasing, failed cnt: 52
[info] position not increasing, failed cnt: 53
[info] position not increasing, failed cnt: 54
[info] position not increasing, failed cnt: 55
[info] position not increasing, failed cnt: 56
[info] position not increasing, failed cnt: 57
[info] position not increasing, failed cnt: 58
[info] position not increasing, failed cnt: 59
[info] position not increasing, failed cnt: 60
[info] position not increasing, failed cnt: 61
[info] position not increasing, failed cnt: 62
[info] position not increasing, failed cnt: 63
[info] position not increasing, failed cnt: 64
[info] position not increasing, failed cnt: 65
[info] position not increasing, failed cnt: 66
[info] position not increasing, failed cnt: 67
[info] position not increasing, failed cnt: 68
[info] position not increasing, failed cnt: 69
[info] position not increasing, failed cnt: 70
[info] position not increasing, failed cnt: 71
[info] position not increasing, failed cnt: 72
[info] position not increasing, failed cnt: 73
[info] position not increasing, failed cnt: 74
[info] position not increasing, failed cnt: 75
[info] position not increasing, failed cnt: 76
[info] position not increasing, failed cnt: 77
[info] position not increasing, failed cnt: 78
[info] position not increasing, failed cnt: 79
[info] position not increasing, failed cnt: 80
[info] position not increasing, failed cnt: 81
[info] position not increasing, failed cnt: 82
[info] position not increasing, failed cnt: 83
[info] position not increasing, failed cnt: 84
[info] position not increasing, failed cnt: 85
[info] position not increasing, failed cnt: 86
[info] position not increasing, failed cnt: 87
[info] position not increasing, failed cnt: 88
[info] position not increasing, failed cnt: 89
[info] position not increasing, failed cnt: 90
[info] position not increasing, failed cnt: 91
[info] position not increasing, failed cnt: 92
[info] position not increasing, failed cnt: 93
[info] position not increasing, failed cnt: 94
[info] position not increasing, failed cnt: 95
[info] position not increasing, failed cnt: 96
[info] position not increasing, failed cnt: 97
[info] position not increasing, failed cnt: 98
[info] position not increasing, failed cnt: 99
[info] position not increasing, failed cnt: 100
[info] position not increasing, failed cnt: 101
[info] position not increasing, failed cnt: 102
[info] position not increasing, failed cnt: 103
[info] position not increasing, failed cnt: 104
[info] position not increasing, failed cnt: 105
[info] position not increasing, failed cnt: 106
[info] position not increasing, failed cnt: 107
[info] position not increasing, failed cnt: 108
[info] position not increasing, failed cnt: 109
[info] position not increasing, failed cnt: 110
[info] position not increasing, failed cnt: 111
[info] position not increasing, failed cnt: 112
[info] position not increasing, failed cnt: 113
[info] position not increasing, failed cnt: 114
[info] position not increasing, failed cnt: 115
[info] position not increasing, failed cnt: 116
[info] position not increasing, failed cnt: 117
[info] position not increasing, failed cnt: 118
[info] position not increasing, failed cnt: 119
[info] position not increasing, failed cnt: 120
[info] position not increasing, failed cnt: 121
[info] position not increasing, failed cnt: 122
[info] position not increasing, failed cnt: 123
[info] position not increasing, failed cnt: 124
[info] position not increasing, failed cnt: 125
[info] position not increasing, failed cnt: 126
[info] position not increasing, failed cnt: 127
[info] position not increasing, failed cnt: 128
[FATAL] model stuck, exiting ...
[info] error EOS occurs, failed eos: 1
[info] error EOS occurs, failed eos: 2
[info] error EOS occurs, failed eos: 3
[info] error EOS occurs, failed eos: 4
[info] error EOS occurs, failed eos: 5
[info] error EOS occurs, failed eos: 6
[info] error EOS occurs, failed eos: 7
[info] error EOS occurs, failed eos: 8
[info] error EOS occurs, failed eos: 9
[info] error EOS occurs, failed eos: 10
[info] error EOS occurs, failed eos: 11
[info] error EOS occurs, failed eos: 12
[info] error EOS occurs, failed eos: 13
[info] error EOS occurs, failed eos: 14
[info] error EOS occurs, failed eos: 15
[info] error EOS occurs, failed eos: 16
[info] error EOS occurs, failed eos: 17
[info] position not increasing, failed cnt: 1
[info] position not increasing, failed cnt: 2
[info] position not increasing, failed cnt: 1
[info] position not increasing, failed cnt: 2
[info] position not increasing, failed cnt: 3
[info] position not increasing, failed cnt: 4
[info] position not increasing, failed cnt: 5
[info] position not increasing, failed cnt: 6
[info] position not increasing, failed cnt: 7
[info] position not increasing, failed cnt: 8
[info] position not increasing, failed cnt: 9
[info] position not increasing, failed cnt: 10
[info] position not increasing, failed cnt: 11
[info] position not increasing, failed cnt: 12
[info] position not increasing, failed cnt: 13
[info] position not increasing, failed cnt: 14
[info] position not increasing, failed cnt: 15
[info] position not increasing, failed cnt: 16
[info] position not increasing, failed cnt: 17
[info] position not increasing, failed cnt: 18
[info] position not increasing, failed cnt: 19
[info] position not increasing, failed cnt: 20
[info] position not increasing, failed cnt: 21
[info] position not increasing, failed cnt: 22
[info] position not increasing, failed cnt: 23
[info] position not increasing, failed cnt: 24
[info] position not increasing, failed cnt: 25
[info] position not increasing, failed cnt: 26
[info] position not increasing, failed cnt: 27
[info] position not increasing, failed cnt: 28
[info] position not increasing, failed cnt: 29
[info] position not increasing, failed cnt: 30
[info] position not increasing, failed cnt: 31
[info] position not increasing, failed cnt: 32
[info] position not increasing, failed cnt: 33
[info] position not increasing, failed cnt: 34
[info] position not increasing, failed cnt: 35
[info] position not increasing, failed cnt: 36
[info] position not increasing, failed cnt: 37
[info] position not increasing, failed cnt: 38
[info] position not increasing, failed cnt: 39
[info] position not increasing, failed cnt: 40
[info] position not increasing, failed cnt: 41
[info] position not increasing, failed cnt: 42
[info] position not increasing, failed cnt: 43
[info] position not increasing, failed cnt: 44
[info] position not increasing, failed cnt: 45
[info] position not increasing, failed cnt: 46
[info] position not increasing, failed cnt: 47
[info] position not increasing, failed cnt: 48
[info] position not increasing, failed cnt: 49
[info] position not increasing, failed cnt: 50
[info] position not increasing, failed cnt: 51
[info] position not increasing, failed cnt: 52
[info] position not increasing, failed cnt: 53
[info] position not increasing, failed cnt: 54
[info] position not increasing, failed cnt: 55
[info] position not increasing, failed cnt: 56
[info] position not increasing, failed cnt: 57
[info] position not increasing, failed cnt: 58
[info] position not increasing, failed cnt: 59
[info] position not increasing, failed cnt: 60
[info] position not increasing, failed cnt: 61
[info] position not increasing, failed cnt: 62
[info] position not increasing, failed cnt: 63
[info] position not increasing, failed cnt: 64
[info] position not increasing, failed cnt: 65
[info] position not increasing, failed cnt: 66
[info] position not increasing, failed cnt: 67
[info] position not increasing, failed cnt: 68
[info] position not increasing, failed cnt: 69
[info] position not increasing, failed cnt: 70
[info] position not increasing, failed cnt: 71
[info] position not increasing, failed cnt: 72
[info] position not increasing, failed cnt: 73
[info] position not increasing, failed cnt: 74
[info] position not increasing, failed cnt: 75
[info] position not increasing, failed cnt: 76
[info] position not increasing, failed cnt: 77
[info] position not increasing, failed cnt: 78
[info] position not increasing, failed cnt: 79
[info] position not increasing, failed cnt: 80
[info] position not increasing, failed cnt: 81
[info] position not increasing, failed cnt: 82
[info] position not increasing, failed cnt: 83
[info] position not increasing, failed cnt: 84
[info] position not increasing, failed cnt: 85
[info] position not increasing, failed cnt: 86
[info] position not increasing, failed cnt: 87
[info] position not increasing, failed cnt: 88
[info] position not increasing, failed cnt: 89
[info] position not increasing, failed cnt: 90
[info] position not increasing, failed cnt: 91
[info] position not increasing, failed cnt: 92
[info] position not increasing, failed cnt: 93
[info] position not increasing, failed cnt: 94
[info] position not increasing, failed cnt: 95
[info] position not increasing, failed cnt: 96
[info] position not increasing, failed cnt: 97
[info] position not increasing, failed cnt: 98
[info] position not increasing, failed cnt: 99
[info] position not increasing, failed cnt: 100
[info] position not increasing, failed cnt: 101
[info] position not increasing, failed cnt: 102
[info] position not increasing, failed cnt: 103
[info] position not increasing, failed cnt: 104
[info] position not increasing, failed cnt: 105
[info] position not increasing, failed cnt: 106
[info] position not increasing, failed cnt: 107
[info] position not increasing, failed cnt: 108
[info] position not increasing, failed cnt: 109
[info] position not increasing, failed cnt: 110
[info] position not increasing, failed cnt: 111
[info] position not increasing, failed cnt: 112
[info] position not increasing, failed cnt: 113
[info] position not increasing, failed cnt: 114
[info] position not increasing, failed cnt: 115
[info] position not increasing, failed cnt: 116
[info] position not increasing, failed cnt: 117
[info] position not increasing, failed cnt: 118
[info] position not increasing, failed cnt: 119
[info] position not increasing, failed cnt: 120
[info] position not increasing, failed cnt: 121
[info] position not increasing, failed cnt: 122
[info] position not increasing, failed cnt: 123
[info] position not increasing, failed cnt: 124
[info] position not increasing, failed cnt: 125
[info] position not increasing, failed cnt: 126
[info] position not increasing, failed cnt: 127
[info] position not increasing, failed cnt: 128
[FATAL] model stuck, exiting ...
3q9kTZg82Fxa7KptbOLqav orig S3 ok=False fail=generation_failed_5_attempts 69.28s
[info] error EOS occurs, failed eos: 1
-- generated events: 1605
-- time elapsed: 17.35 secs
3tOVrJlfy9g1dPBI8czFIy orig S3 ok=True fail=None 17.45s
[info] position not increasing, failed cnt: 1
[info] position not increasing, failed cnt: 2
[info] position not increasing, failed cnt: 3
[info] position not increasing, failed cnt: 4
[info] position not increasing, failed cnt: 5
[info] position not increasing, failed cnt: 6
[info] position not increasing, failed cnt: 7
[info] position not increasing, failed cnt: 8
[info] position not increasing, failed cnt: 9
[info] position not increasing, failed cnt: 10
[info] position not increasing, failed cnt: 11
[info] position not increasing, failed cnt: 12
[info] position not increasing, failed cnt: 13
[info] position not increasing, failed cnt: 14
[info] position not increasing, failed cnt: 15
[info] position not increasing, failed cnt: 16
[info] position not increasing, failed cnt: 17
[info] position not increasing, failed cnt: 18
[info] position not increasing, failed cnt: 19
[info] position not increasing, failed cnt: 20
[info] position not increasing, failed cnt: 21
[info] position not increasing, failed cnt: 22
[info] position not increasing, failed cnt: 23
[info] position not increasing, failed cnt: 24
[info] position not increasing, failed cnt: 25
[info] position not increasing, failed cnt: 26
[info] position not increasing, failed cnt: 27
[info] position not increasing, failed cnt: 28
[info] position not increasing, failed cnt: 29
[info] position not increasing, failed cnt: 30
[info] position not increasing, failed cnt: 31
[info] position not increasing, failed cnt: 32
[info] position not increasing, failed cnt: 33
[info] position not increasing, failed cnt: 34
[info] position not increasing, failed cnt: 35
[info] position not increasing, failed cnt: 36
[info] position not increasing, failed cnt: 37
[info] position not increasing, failed cnt: 38
[info] position not increasing, failed cnt: 39
[info] position not increasing, failed cnt: 40
[info] position not increasing, failed cnt: 41
[info] position not increasing, failed cnt: 42
[info] position not increasing, failed cnt: 43
[info] position not increasing, failed cnt: 44
[info] position not increasing, failed cnt: 45
[info] position not increasing, failed cnt: 46
[info] position not increasing, failed cnt: 47
[info] position not increasing, failed cnt: 48
[info] position not increasing, failed cnt: 49
[info] position not increasing, failed cnt: 50
[info] position not increasing, failed cnt: 51
[info] position not increasing, failed cnt: 52
[info] position not increasing, failed cnt: 53
[info] position not increasing, failed cnt: 54
[info] position not increasing, failed cnt: 55
[info] position not increasing, failed cnt: 56
[info] position not increasing, failed cnt: 57
[info] position not increasing, failed cnt: 58
[info] position not increasing, failed cnt: 59
[info] position not increasing, failed cnt: 60
[info] position not increasing, failed cnt: 61
[info] position not increasing, failed cnt: 62
[info] position not increasing, failed cnt: 63
[info] position not increasing, failed cnt: 64
[info] position not increasing, failed cnt: 65
[info] position not increasing, failed cnt: 66
[info] position not increasing, failed cnt: 67
[info] position not increasing, failed cnt: 68
[info] position not increasing, failed cnt: 69
[info] position not increasing, failed cnt: 70
[info] position not increasing, failed cnt: 71
[info] position not increasing, failed cnt: 72
[info] position not increasing, failed cnt: 73
[info] position not increasing, failed cnt: 74
[info] position not increasing, failed cnt: 75
[info] position not increasing, failed cnt: 76
[info] position not increasing, failed cnt: 77
[info] position not increasing, failed cnt: 78
[info] position not increasing, failed cnt: 79
[info] position not increasing, failed cnt: 80
[info] position not increasing, failed cnt: 81
[info] position not increasing, failed cnt: 82
[info] position not increasing, failed cnt: 83
[info] position not increasing, failed cnt: 84
[info] position not increasing, failed cnt: 85
[info] position not increasing, failed cnt: 86
[info] position not increasing, failed cnt: 87
[info] position not increasing, failed cnt: 88
[info] position not increasing, failed cnt: 89
[info] position not increasing, failed cnt: 90
[info] position not increasing, failed cnt: 91
[info] position not increasing, failed cnt: 92
[info] position not increasing, failed cnt: 93
[info] position not increasing, failed cnt: 94
[info] position not increasing, failed cnt: 95
[info] position not increasing, failed cnt: 96
[info] position not increasing, failed cnt: 97
[info] position not increasing, failed cnt: 98
[info] position not increasing, failed cnt: 99
[info] position not increasing, failed cnt: 100
[info] position not increasing, failed cnt: 101
[info] position not increasing, failed cnt: 102
[info] position not increasing, failed cnt: 103
[info] position not increasing, failed cnt: 104
[info] position not increasing, failed cnt: 105
[info] position not increasing, failed cnt: 106
[info] position not increasing, failed cnt: 107
[info] position not increasing, failed cnt: 108
[info] position not increasing, failed cnt: 109
[info] position not increasing, failed cnt: 110
[info] position not increasing, failed cnt: 111
[info] position not increasing, failed cnt: 112
[info] position not increasing, failed cnt: 113
[info] position not increasing, failed cnt: 114
[info] position not increasing, failed cnt: 115
[info] position not increasing, failed cnt: 116
[info] position not increasing, failed cnt: 117
[info] position not increasing, failed cnt: 118
[info] position not increasing, failed cnt: 119
[info] position not increasing, failed cnt: 120
[info] position not increasing, failed cnt: 121
[info] position not increasing, failed cnt: 122
[info] position not increasing, failed cnt: 123
[info] position not increasing, failed cnt: 124
[info] position not increasing, failed cnt: 125
[info] position not increasing, failed cnt: 126
[info] position not increasing, failed cnt: 127
[info] position not increasing, failed cnt: 128
[FATAL] model stuck, exiting ...
-- generated events: 1109
-- time elapsed: 9.31 secs
3xqFOwya52XoVYyO2HphmG orig S3 ok=True fail=None 16.6s
[info] position not increasing, failed cnt: 1
[info] position not increasing, failed cnt: 2
[info] position not increasing, failed cnt: 3
[info] position not increasing, failed cnt: 4
[info] position not increasing, failed cnt: 5
[info] position not increasing, failed cnt: 6
[info] position not increasing, failed cnt: 1
[info] position not increasing, failed cnt: 2
[info] position not increasing, failed cnt: 3
[info] position not increasing, failed cnt: 4
[info] position not increasing, failed cnt: 5
[info] position not increasing, failed cnt: 6
[info] position not increasing, failed cnt: 7
[info] position not increasing, failed cnt: 8
[info] position not increasing, failed cnt: 9
[info] position not increasing, failed cnt: 10
[info] position not increasing, failed cnt: 11
[info] position not increasing, failed cnt: 12
[info] position not increasing, failed cnt: 13
[info] position not increasing, failed cnt: 14
[info] position not increasing, failed cnt: 15
[info] position not increasing, failed cnt: 16
[info] position not increasing, failed cnt: 17
[info] position not increasing, failed cnt: 18
[info] position not increasing, failed cnt: 19
[info] position not increasing, failed cnt: 20
[info] position not increasing, failed cnt: 21
[info] position not increasing, failed cnt: 22
[info] position not increasing, failed cnt: 23
[info] position not increasing, failed cnt: 24
[info] position not increasing, failed cnt: 25
[info] position not increasing, failed cnt: 26
[info] position not increasing, failed cnt: 27
[info] position not increasing, failed cnt: 28
[info] position not increasing, failed cnt: 29
[info] position not increasing, failed cnt: 30
[info] position not increasing, failed cnt: 31
[info] position not increasing, failed cnt: 32
[info] position not increasing, failed cnt: 33
[info] position not increasing, failed cnt: 34
[info] position not increasing, failed cnt: 35
[info] position not increasing, failed cnt: 36
[info] position not increasing, failed cnt: 37
[info] position not increasing, failed cnt: 38
[info] position not increasing, failed cnt: 39
[info] position not increasing, failed cnt: 40
[info] position not increasing, failed cnt: 41
[info] position not increasing, failed cnt: 42
[info] position not increasing, failed cnt: 43
[info] position not increasing, failed cnt: 44
[info] position not increasing, failed cnt: 45
[info] position not increasing, failed cnt: 46
[info] position not increasing, failed cnt: 47
[info] position not increasing, failed cnt: 48
[info] position not increasing, failed cnt: 49
[info] position not increasing, failed cnt: 50
[info] position not increasing, failed cnt: 51
[info] position not increasing, failed cnt: 52
[info] position not increasing, failed cnt: 53
[info] position not increasing, failed cnt: 54
[info] position not increasing, failed cnt: 55
[info] position not increasing, failed cnt: 56
[info] position not increasing, failed cnt: 57
[info] position not increasing, failed cnt: 58
[info] position not increasing, failed cnt: 59
[info] position not increasing, failed cnt: 60
[info] position not increasing, failed cnt: 61
[info] position not increasing, failed cnt: 62
[info] position not increasing, failed cnt: 63
[info] position not increasing, failed cnt: 64
[info] position not increasing, failed cnt: 65
[info] position not increasing, failed cnt: 66
[info] position not increasing, failed cnt: 67
[info] position not increasing, failed cnt: 68
[info] position not increasing, failed cnt: 69
[info] position not increasing, failed cnt: 70
[info] position not increasing, failed cnt: 71
[info] position not increasing, failed cnt: 72
[info] position not increasing, failed cnt: 73
[info] position not increasing, failed cnt: 74
[info] position not increasing, failed cnt: 75
[info] position not increasing, failed cnt: 76
[info] position not increasing, failed cnt: 77
[info] position not increasing, failed cnt: 78
[info] position not increasing, failed cnt: 79
[info] position not increasing, failed cnt: 80
[info] position not increasing, failed cnt: 81
[info] position not increasing, failed cnt: 82
[info] position not increasing, failed cnt: 83
[info] position not increasing, failed cnt: 84
[info] position not increasing, failed cnt: 85
[info] position not increasing, failed cnt: 86
[info] position not increasing, failed cnt: 87
[info] position not increasing, failed cnt: 88
[info] position not increasing, failed cnt: 89
[info] position not increasing, failed cnt: 90
[info] position not increasing, failed cnt: 91
[info] position not increasing, failed cnt: 92
[info] position not increasing, failed cnt: 93
[info] position not increasing, failed cnt: 94
[info] position not increasing, failed cnt: 95
[info] position not increasing, failed cnt: 96
[info] position not increasing, failed cnt: 97
[info] position not increasing, failed cnt: 98
[info] position not increasing, failed cnt: 99
[info] position not increasing, failed cnt: 100
[info] position not increasing, failed cnt: 101
[info] position not increasing, failed cnt: 102
[info] position not increasing, failed cnt: 103
[info] position not increasing, failed cnt: 104
[info] position not increasing, failed cnt: 105
[info] position not increasing, failed cnt: 106
[info] position not increasing, failed cnt: 107
[info] position not increasing, failed cnt: 108
[info] position not increasing, failed cnt: 109
[info] position not increasing, failed cnt: 110
[info] position not increasing, failed cnt: 111
[info] position not increasing, failed cnt: 112
[info] position not increasing, failed cnt: 113
[info] position not increasing, failed cnt: 114
[info] position not increasing, failed cnt: 115
[info] position not increasing, failed cnt: 116
[info] position not increasing, failed cnt: 117
[info] position not increasing, failed cnt: 118
[info] position not increasing, failed cnt: 119
[info] position not increasing, failed cnt: 120
[info] position not increasing, failed cnt: 121
[info] position not increasing, failed cnt: 122
[info] position not increasing, failed cnt: 123
[info] position not increasing, failed cnt: 124
[info] position not increasing, failed cnt: 125
[info] position not increasing, failed cnt: 126
[info] position not increasing, failed cnt: 127
[info] position not increasing, failed cnt: 128
[FATAL] model stuck, exiting ...
[info] position not increasing, failed cnt: 1
[info] position not increasing, failed cnt: 2
[info] position not increasing, failed cnt: 3
[info] position not increasing, failed cnt: 4
[info] position not increasing, failed cnt: 5
[info] position not increasing, failed cnt: 6
[info] position not increasing, failed cnt: 7
[info] position not increasing, failed cnt: 8
[info] position not increasing, failed cnt: 9
[info] position not increasing, failed cnt: 10
[info] position not increasing, failed cnt: 11
[info] position not increasing, failed cnt: 12
[info] position not increasing, failed cnt: 13
[info] position not increasing, failed cnt: 14
[info] position not increasing, failed cnt: 15
[info] position not increasing, failed cnt: 16
[info] position not increasing, failed cnt: 17
[info] position not increasing, failed cnt: 18
[info] position not increasing, failed cnt: 19
[info] position not increasing, failed cnt: 20
[info] position not increasing, failed cnt: 21
[info] position not increasing, failed cnt: 22
[info] position not increasing, failed cnt: 23
[info] position not increasing, failed cnt: 24
[info] position not increasing, failed cnt: 25
[info] position not increasing, failed cnt: 26
[info] position not increasing, failed cnt: 27
[info] position not increasing, failed cnt: 28
[info] position not increasing, failed cnt: 29
[info] position not increasing, failed cnt: 30
[info] position not increasing, failed cnt: 31
[info] position not increasing, failed cnt: 32
[info] position not increasing, failed cnt: 33
[info] position not increasing, failed cnt: 34
[info] position not increasing, failed cnt: 35
[info] position not increasing, failed cnt: 36
[info] position not increasing, failed cnt: 37
[info] position not increasing, failed cnt: 38
[info] position not increasing, failed cnt: 39
[info] position not increasing, failed cnt: 40
[info] position not increasing, failed cnt: 41
[info] position not increasing, failed cnt: 42
[info] position not increasing, failed cnt: 43
[info] position not increasing, failed cnt: 44
[info] position not increasing, failed cnt: 45
[info] position not increasing, failed cnt: 46
[info] position not increasing, failed cnt: 47
[info] position not increasing, failed cnt: 48
[info] position not increasing, failed cnt: 49
[info] position not increasing, failed cnt: 50
[info] position not increasing, failed cnt: 51
[info] position not increasing, failed cnt: 52
[info] position not increasing, failed cnt: 53
[info] position not increasing, failed cnt: 54
[info] position not increasing, failed cnt: 55
[info] position not increasing, failed cnt: 56
[info] position not increasing, failed cnt: 57
[info] position not increasing, failed cnt: 58
[info] position not increasing, failed cnt: 59
[info] position not increasing, failed cnt: 60
[info] position not increasing, failed cnt: 61
[info] position not increasing, failed cnt: 62
[info] position not increasing, failed cnt: 63
[info] position not increasing, failed cnt: 64
[info] position not increasing, failed cnt: 65
[info] position not increasing, failed cnt: 66
[info] position not increasing, failed cnt: 67
[info] position not increasing, failed cnt: 68
[info] position not increasing, failed cnt: 69
[info] position not increasing, failed cnt: 70
[info] position not increasing, failed cnt: 71
[info] position not increasing, failed cnt: 72
[info] position not increasing, failed cnt: 73
[info] position not increasing, failed cnt: 74
[info] position not increasing, failed cnt: 75
[info] position not increasing, failed cnt: 76
[info] position not increasing, failed cnt: 77
[info] position not increasing, failed cnt: 78
[info] position not increasing, failed cnt: 79
[info] position not increasing, failed cnt: 80
[info] position not increasing, failed cnt: 81
[info] position not increasing, failed cnt: 82
[info] position not increasing, failed cnt: 83
[info] position not increasing, failed cnt: 84
[info] position not increasing, failed cnt: 85
[info] position not increasing, failed cnt: 86
[info] position not increasing, failed cnt: 87
[info] position not increasing, failed cnt: 88
[info] position not increasing, failed cnt: 89
[info] position not increasing, failed cnt: 90
[info] position not increasing, failed cnt: 91
[info] position not increasing, failed cnt: 92
[info] position not increasing, failed cnt: 93
[info] position not increasing, failed cnt: 94
[info] position not increasing, failed cnt: 95
[info] position not increasing, failed cnt: 96
[info] position not increasing, failed cnt: 97
[info] position not increasing, failed cnt: 98
[info] position not increasing, failed cnt: 99
[info] position not increasing, failed cnt: 100
[info] position not increasing, failed cnt: 101
[info] position not increasing, failed cnt: 102
[info] position not increasing, failed cnt: 103
[info] position not increasing, failed cnt: 104
[info] position not increasing, failed cnt: 105
[info] position not increasing, failed cnt: 106
[info] position not increasing, failed cnt: 107
[info] position not increasing, failed cnt: 108
[info] position not increasing, failed cnt: 109
[info] position not increasing, failed cnt: 110
[info] position not increasing, failed cnt: 111
[info] position not increasing, failed cnt: 112
[info] position not increasing, failed cnt: 113
[info] position not increasing, failed cnt: 114
[info] position not increasing, failed cnt: 115
[info] position not increasing, failed cnt: 116
[info] position not increasing, failed cnt: 117
[info] position not increasing, failed cnt: 118
[info] position not increasing, failed cnt: 119
[info] position not increasing, failed cnt: 120
[info] position not increasing, failed cnt: 121
[info] position not increasing, failed cnt: 122
[info] position not increasing, failed cnt: 123
[info] position not increasing, failed cnt: 124
[info] position not increasing, failed cnt: 125
[info] position not increasing, failed cnt: 126
[info] position not increasing, failed cnt: 127
[info] position not increasing, failed cnt: 128
[FATAL] model stuck, exiting ...
[info] error EOS occurs, failed eos: 1
[info] error EOS occurs, failed eos: 2
[info] error EOS occurs, failed eos: 3
[info] error EOS occurs, failed eos: 4
[info] error EOS occurs, failed eos: 5
[info] error EOS occurs, failed eos: 6
[info] error EOS occurs, failed eos: 7
[info] error EOS occurs, failed eos: 8
[info] error EOS occurs, failed eos: 9
[info] error EOS occurs, failed eos: 10
[info] error EOS occurs, failed eos: 11
[info] error EOS occurs, failed eos: 12
[info] error EOS occurs, failed eos: 13
[info] error EOS occurs, failed eos: 14
[info] error EOS occurs, failed eos: 15
[info] error EOS occurs, failed eos: 16
[info] error EOS occurs, failed eos: 17
[info] error EOS occurs, failed eos: 18
[info] error EOS occurs, failed eos: 19
[info] error EOS occurs, failed eos: 20
[info] error EOS occurs, failed eos: 21
[info] error EOS occurs, failed eos: 22
[info] error EOS occurs, failed eos: 23
[info] error EOS occurs, failed eos: 24
[info] error EOS occurs, failed eos: 25
[info] error EOS occurs, failed eos: 26
[info] error EOS occurs, failed eos: 27
[info] error EOS occurs, failed eos: 28
[info] error EOS occurs, failed eos: 29
[info] error EOS occurs, failed eos: 30
[info] error EOS occurs, failed eos: 31
[info] error EOS occurs, failed eos: 32
[info] error EOS occurs, failed eos: 33
[info] error EOS occurs, failed eos: 34
[info] error EOS occurs, failed eos: 35
[info] error EOS occurs, failed eos: 36
[info] error EOS occurs, failed eos: 37
[info] error EOS occurs, failed eos: 38
[info] error EOS occurs, failed eos: 39
[info] error EOS occurs, failed eos: 40
[info] error EOS occurs, failed eos: 41
[info] error EOS occurs, failed eos: 42
[info] error EOS occurs, failed eos: 43
[info] error EOS occurs, failed eos: 44
[info] error EOS occurs, failed eos: 45
[info] error EOS occurs, failed eos: 46
[info] error EOS occurs, failed eos: 47
[info] error EOS occurs, failed eos: 48
[info] error EOS occurs, failed eos: 49
[info] error EOS occurs, failed eos: 50
[info] error EOS occurs, failed eos: 51
[info] error EOS occurs, failed eos: 52
[info] error EOS occurs, failed eos: 53
[info] error EOS occurs, failed eos: 54
[info] error EOS occurs, failed eos: 55
[info] error EOS occurs, failed eos: 56
[info] error EOS occurs, failed eos: 57
[info] error EOS occurs, failed eos: 58
[info] error EOS occurs, failed eos: 59
[info] error EOS occurs, failed eos: 60
[info] error EOS occurs, failed eos: 61
[info] error EOS occurs, failed eos: 62
[info] error EOS occurs, failed eos: 63
[info] error EOS occurs, failed eos: 64
[info] error EOS occurs, failed eos: 65
[info] error EOS occurs, failed eos: 66
[info] error EOS occurs, failed eos: 67
[info] error EOS occurs, failed eos: 68
[info] error EOS occurs, failed eos: 69
[info] error EOS occurs, failed eos: 70
[info] error EOS occurs, failed eos: 71
[info] error EOS occurs, failed eos: 72
[info] error EOS occurs, failed eos: 73
[info] error EOS occurs, failed eos: 74
[info] error EOS occurs, failed eos: 75
[info] error EOS occurs, failed eos: 76
[info] error EOS occurs, failed eos: 77
[info] error EOS occurs, failed eos: 78
[info] error EOS occurs, failed eos: 79
[info] error EOS occurs, failed eos: 80
[info] error EOS occurs, failed eos: 81
[info] error EOS occurs, failed eos: 82
[info] error EOS occurs, failed eos: 83
[info] error EOS occurs, failed eos: 84
[info] error EOS occurs, failed eos: 85
[info] error EOS occurs, failed eos: 86
[info] error EOS occurs, failed eos: 87
[info] error EOS occurs, failed eos: 88
[info] error EOS occurs, failed eos: 89
[info] error EOS occurs, failed eos: 90
[info] error EOS occurs, failed eos: 91
[info] error EOS occurs, failed eos: 92
[info] error EOS occurs, failed eos: 93
[info] error EOS occurs, failed eos: 94
[info] error EOS occurs, failed eos: 95
[info] error EOS occurs, failed eos: 96
[info] error EOS occurs, failed eos: 97
[info] error EOS occurs, failed eos: 98
[info] error EOS occurs, failed eos: 99
[info] error EOS occurs, failed eos: 100
[info] error EOS occurs, failed eos: 101
[info] error EOS occurs, failed eos: 102
[info] error EOS occurs, failed eos: 103
[info] error EOS occurs, failed eos: 104
[info] error EOS occurs, failed eos: 105
[info] error EOS occurs, failed eos: 106
[info] error EOS occurs, failed eos: 107
[info] error EOS occurs, failed eos: 108
[info] error EOS occurs, failed eos: 109
[info] error EOS occurs, failed eos: 110
[info] error EOS occurs, failed eos: 111
[info] error EOS occurs, failed eos: 112
[info] error EOS occurs, failed eos: 113
[info] error EOS occurs, failed eos: 114
[info] error EOS occurs, failed eos: 115
[info] error EOS occurs, failed eos: 116
[info] error EOS occurs, failed eos: 117
[info] error EOS occurs, failed eos: 118
[info] error EOS occurs, failed eos: 119
[info] error EOS occurs, failed eos: 120
[info] error EOS occurs, failed eos: 121
[info] error EOS occurs, failed eos: 122
[info] error EOS occurs, failed eos: 123
[info] error EOS occurs, failed eos: 124
[info] error EOS occurs, failed eos: 125
[info] error EOS occurs, failed eos: 126
[info] error EOS occurs, failed eos: 127
[info] error EOS occurs, failed eos: 128
[FATAL] model stuck, eos error ...
[info] position not increasing, failed cnt: 1
[info] position not increasing, failed cnt: 2
[info] position not increasing, failed cnt: 3
[info] position not increasing, failed cnt: 4
[info] position not increasing, failed cnt: 5
[info] position not increasing, failed cnt: 1
[info] position not increasing, failed cnt: 2
[info] position not increasing, failed cnt: 1
[info] position not increasing, failed cnt: 2
[info] position not increasing, failed cnt: 3
[info] position not increasing, failed cnt: 4
[info] position not increasing, failed cnt: 5
[info] position not increasing, failed cnt: 6
[info] position not increasing, failed cnt: 7
[info] position not increasing, failed cnt: 8
[info] position not increasing, failed cnt: 9
[info] position not increasing, failed cnt: 10
[info] position not increasing, failed cnt: 11
[info] position not increasing, failed cnt: 12
[info] position not increasing, failed cnt: 13
[info] position not increasing, failed cnt: 14
[info] position not increasing, failed cnt: 15
[info] position not increasing, failed cnt: 16
[info] position not increasing, failed cnt: 17
[info] position not increasing, failed cnt: 18
[info] position not increasing, failed cnt: 19
[info] position not increasing, failed cnt: 20
[info] position not increasing, failed cnt: 21
[info] position not increasing, failed cnt: 22
[info] position not increasing, failed cnt: 23
[info] position not increasing, failed cnt: 24
[info] position not increasing, failed cnt: 25
[info] position not increasing, failed cnt: 26
[info] position not increasing, failed cnt: 27
[info] position not increasing, failed cnt: 28
[info] position not increasing, failed cnt: 29
[info] position not increasing, failed cnt: 30
[info] position not increasing, failed cnt: 31
[info] position not increasing, failed cnt: 32
[info] position not increasing, failed cnt: 33
[info] position not increasing, failed cnt: 34
[info] position not increasing, failed cnt: 35
[info] position not increasing, failed cnt: 36
[info] position not increasing, failed cnt: 37
[info] position not increasing, failed cnt: 38
[info] position not increasing, failed cnt: 39
[info] position not increasing, failed cnt: 40
[info] position not increasing, failed cnt: 41
[info] position not increasing, failed cnt: 42
[info] position not increasing, failed cnt: 43
[info] position not increasing, failed cnt: 44
[info] position not increasing, failed cnt: 45
[info] position not increasing, failed cnt: 46
[info] position not increasing, failed cnt: 47
[info] position not increasing, failed cnt: 48
[info] position not increasing, failed cnt: 49
[info] position not increasing, failed cnt: 50
[info] position not increasing, failed cnt: 51
[info] position not increasing, failed cnt: 52
[info] position not increasing, failed cnt: 53
[info] position not increasing, failed cnt: 54
[info] position not increasing, failed cnt: 55
[info] position not increasing, failed cnt: 56
[info] position not increasing, failed cnt: 57
[info] position not increasing, failed cnt: 58
[info] position not increasing, failed cnt: 59
[info] position not increasing, failed cnt: 60
[info] position not increasing, failed cnt: 61
[info] position not increasing, failed cnt: 62
[info] position not increasing, failed cnt: 63
[info] position not increasing, failed cnt: 64
[info] position not increasing, failed cnt: 65
[info] position not increasing, failed cnt: 66
[info] position not increasing, failed cnt: 67
[info] position not increasing, failed cnt: 68
[info] position not increasing, failed cnt: 69
[info] position not increasing, failed cnt: 70
[info] position not increasing, failed cnt: 71
[info] position not increasing, failed cnt: 72
[info] position not increasing, failed cnt: 73
[info] position not increasing, failed cnt: 74
[info] position not increasing, failed cnt: 75
[info] position not increasing, failed cnt: 76
[info] position not increasing, failed cnt: 77
[info] position not increasing, failed cnt: 78
[info] position not increasing, failed cnt: 79
[info] position not increasing, failed cnt: 80
[info] position not increasing, failed cnt: 81
[info] position not increasing, failed cnt: 82
[info] position not increasing, failed cnt: 83
[info] position not increasing, failed cnt: 84
[info] position not increasing, failed cnt: 85
[info] position not increasing, failed cnt: 86
[info] position not increasing, failed cnt: 87
[info] position not increasing, failed cnt: 88
[info] position not increasing, failed cnt: 89
[info] position not increasing, failed cnt: 90
[info] position not increasing, failed cnt: 91
[info] position not increasing, failed cnt: 92
[info] position not increasing, failed cnt: 93
[info] position not increasing, failed cnt: 94
[info] position not increasing, failed cnt: 95
[info] position not increasing, failed cnt: 96
[info] position not increasing, failed cnt: 97
[info] position not increasing, failed cnt: 98
[info] position not increasing, failed cnt: 99
[info] position not increasing, failed cnt: 100
[info] position not increasing, failed cnt: 101
[info] position not increasing, failed cnt: 102
[info] position not increasing, failed cnt: 103
[info] position not increasing, failed cnt: 104
[info] position not increasing, failed cnt: 105
[info] position not increasing, failed cnt: 106
[info] position not increasing, failed cnt: 107
[info] position not increasing, failed cnt: 108
[info] position not increasing, failed cnt: 109
[info] position not increasing, failed cnt: 110
[info] position not increasing, failed cnt: 111
[info] position not increasing, failed cnt: 112
[info] position not increasing, failed cnt: 113
[info] position not increasing, failed cnt: 114
[info] position not increasing, failed cnt: 115
[info] position not increasing, failed cnt: 116
[info] position not increasing, failed cnt: 117
[info] position not increasing, failed cnt: 118
[info] position not increasing, failed cnt: 119
[info] position not increasing, failed cnt: 120
[info] position not increasing, failed cnt: 121
[info] position not increasing, failed cnt: 122
[info] position not increasing, failed cnt: 123
[info] position not increasing, failed cnt: 124
[info] position not increasing, failed cnt: 125
[info] position not increasing, failed cnt: 126
[info] position not increasing, failed cnt: 127
[info] position not increasing, failed cnt: 128
[FATAL] model stuck, exiting ...
[info] position not increasing, failed cnt: 1
[info] position not increasing, failed cnt: 2
[info] position not increasing, failed cnt: 3
[info] position not increasing, failed cnt: 4
[info] position not increasing, failed cnt: 5
[info] position not increasing, failed cnt: 6
[info] position not increasing, failed cnt: 7
[info] position not increasing, failed cnt: 8
[info] position not increasing, failed cnt: 9
[info] position not increasing, failed cnt: 10
[info] position not increasing, failed cnt: 11
[info] position not increasing, failed cnt: 12
[info] position not increasing, failed cnt: 13
[info] position not increasing, failed cnt: 14
[info] position not increasing, failed cnt: 15
[info] position not increasing, failed cnt: 16
[info] position not increasing, failed cnt: 17
[info] position not increasing, failed cnt: 18
[info] position not increasing, failed cnt: 19
[info] position not increasing, failed cnt: 20
[info] position not increasing, failed cnt: 21
[info] position not increasing, failed cnt: 22
[info] position not increasing, failed cnt: 23
[info] position not increasing, failed cnt: 24
[info] position not increasing, failed cnt: 25
[info] position not increasing, failed cnt: 26
[info] position not increasing, failed cnt: 27
[info] position not increasing, failed cnt: 28
[info] position not increasing, failed cnt: 29
[info] position not increasing, failed cnt: 30
[info] position not increasing, failed cnt: 31
[info] position not increasing, failed cnt: 32
[info] position not increasing, failed cnt: 33
[info] position not increasing, failed cnt: 34
[info] position not increasing, failed cnt: 35
[info] position not increasing, failed cnt: 36
[info] position not increasing, failed cnt: 37
[info] position not increasing, failed cnt: 38
[info] position not increasing, failed cnt: 39
[info] position not increasing, failed cnt: 40
[info] position not increasing, failed cnt: 41
[info] position not increasing, failed cnt: 42
[info] position not increasing, failed cnt: 43
[info] position not increasing, failed cnt: 44
[info] position not increasing, failed cnt: 45
[info] position not increasing, failed cnt: 46
[info] position not increasing, failed cnt: 47
[info] position not increasing, failed cnt: 48
[info] position not increasing, failed cnt: 49
[info] position not increasing, failed cnt: 50
[info] position not increasing, failed cnt: 51
[info] position not increasing, failed cnt: 52
[info] position not increasing, failed cnt: 53
[info] position not increasing, failed cnt: 54
[info] position not increasing, failed cnt: 55
[info] position not increasing, failed cnt: 56
[info] position not increasing, failed cnt: 57
[info] position not increasing, failed cnt: 58
[info] position not increasing, failed cnt: 59
[info] position not increasing, failed cnt: 60
[info] position not increasing, failed cnt: 61
[info] position not increasing, failed cnt: 62
[info] position not increasing, failed cnt: 63
[info] position not increasing, failed cnt: 64
[info] position not increasing, failed cnt: 65
[info] position not increasing, failed cnt: 66
[info] position not increasing, failed cnt: 67
[info] position not increasing, failed cnt: 68
[info] position not increasing, failed cnt: 69
[info] position not increasing, failed cnt: 70
[info] position not increasing, failed cnt: 71
[info] position not increasing, failed cnt: 72
[info] position not increasing, failed cnt: 73
[info] position not increasing, failed cnt: 74
[info] position not increasing, failed cnt: 75
[info] position not increasing, failed cnt: 76
[info] position not increasing, failed cnt: 77
[info] position not increasing, failed cnt: 78
[info] position not increasing, failed cnt: 79
[info] position not increasing, failed cnt: 80
[info] position not increasing, failed cnt: 81
[info] position not increasing, failed cnt: 82
[info] position not increasing, failed cnt: 83
[info] position not increasing, failed cnt: 84
[info] position not increasing, failed cnt: 85
[info] position not increasing, failed cnt: 86
[info] position not increasing, failed cnt: 87
[info] position not increasing, failed cnt: 88
[info] position not increasing, failed cnt: 89
[info] position not increasing, failed cnt: 90
[info] position not increasing, failed cnt: 91
[info] position not increasing, failed cnt: 92
[info] position not increasing, failed cnt: 93
[info] position not increasing, failed cnt: 94
[info] position not increasing, failed cnt: 95
[info] position not increasing, failed cnt: 96
[info] position not increasing, failed cnt: 97
[info] position not increasing, failed cnt: 98
[info] position not increasing, failed cnt: 99
[info] position not increasing, failed cnt: 100
[info] position not increasing, failed cnt: 101
[info] position not increasing, failed cnt: 102
[info] position not increasing, failed cnt: 103
[info] position not increasing, failed cnt: 104
[info] position not increasing, failed cnt: 105
[info] position not increasing, failed cnt: 106
[info] position not increasing, failed cnt: 107
[info] position not increasing, failed cnt: 108
[info] position not increasing, failed cnt: 109
[info] position not increasing, failed cnt: 110
[info] position not increasing, failed cnt: 111
[info] position not increasing, failed cnt: 112
[info] position not increasing, failed cnt: 113
[info] position not increasing, failed cnt: 114
[info] position not increasing, failed cnt: 115
[info] position not increasing, failed cnt: 116
[info] position not increasing, failed cnt: 117
[info] position not increasing, failed cnt: 118
[info] position not increasing, failed cnt: 119
[info] position not increasing, failed cnt: 120
[info] position not increasing, failed cnt: 121
[info] position not increasing, failed cnt: 122
[info] position not increasing, failed cnt: 123
[info] position not increasing, failed cnt: 124
[info] position not increasing, failed cnt: 125
[info] position not increasing, failed cnt: 126
[info] position not increasing, failed cnt: 127
[info] position not increasing, failed cnt: 128
[FATAL] model stuck, exiting ...
4218Xav4mopAXlguvSJ9Uv orig S3 ok=False fail=generation_failed_5_attempts 66.22s
[info] position not increasing, failed cnt: 1
[info] position not increasing, failed cnt: 2
[info] position not increasing, failed cnt: 3
[info] position not increasing, failed cnt: 4
[info] position not increasing, failed cnt: 5
[info] position not increasing, failed cnt: 6
[info] position not increasing, failed cnt: 7
[info] position not increasing, failed cnt: 8
[info] position not increasing, failed cnt: 9
[info] position not increasing, failed cnt: 10
[info] position not increasing, failed cnt: 11
[info] position not increasing, failed cnt: 12
[info] position not increasing, failed cnt: 13
[info] position not increasing, failed cnt: 14
[info] position not increasing, failed cnt: 15
[info] position not increasing, failed cnt: 16
[info] position not increasing, failed cnt: 17
[info] position not increasing, failed cnt: 18
[info] position not increasing, failed cnt: 19
[info] position not increasing, failed cnt: 20
[info] position not increasing, failed cnt: 21
[info] position not increasing, failed cnt: 22
[info] position not increasing, failed cnt: 23
[info] position not increasing, failed cnt: 24
[info] position not increasing, failed cnt: 25
[info] position not increasing, failed cnt: 26
[info] position not increasing, failed cnt: 27
[info] position not increasing, failed cnt: 28
[info] position not increasing, failed cnt: 29
[info] position not increasing, failed cnt: 30
[info] position not increasing, failed cnt: 31
[info] position not increasing, failed cnt: 32
[info] position not increasing, failed cnt: 33
[info] position not increasing, failed cnt: 34
[info] position not increasing, failed cnt: 35
[info] position not increasing, failed cnt: 36
[info] position not increasing, failed cnt: 37
[info] position not increasing, failed cnt: 38
[info] position not increasing, failed cnt: 39
[info] position not increasing, failed cnt: 40
[info] position not increasing, failed cnt: 41
[info] position not increasing, failed cnt: 42
[info] position not increasing, failed cnt: 43
[info] position not increasing, failed cnt: 44
[info] position not increasing, failed cnt: 45
[info] position not increasing, failed cnt: 46
[info] position not increasing, failed cnt: 47
[info] position not increasing, failed cnt: 48
[info] position not increasing, failed cnt: 49
[info] position not increasing, failed cnt: 50
[info] position not increasing, failed cnt: 51
[info] position not increasing, failed cnt: 52
[info] position not increasing, failed cnt: 53
[info] position not increasing, failed cnt: 54
[info] position not increasing, failed cnt: 55
[info] position not increasing, failed cnt: 56
[info] position not increasing, failed cnt: 57
[info] position not increasing, failed cnt: 58
[info] position not increasing, failed cnt: 59
[info] position not increasing, failed cnt: 60
[info] position not increasing, failed cnt: 61
[info] position not increasing, failed cnt: 62
[info] position not increasing, failed cnt: 63
[info] position not increasing, failed cnt: 64
[info] position not increasing, failed cnt: 65
[info] position not increasing, failed cnt: 66
[info] position not increasing, failed cnt: 67
[info] position not increasing, failed cnt: 68
[info] position not increasing, failed cnt: 69
[info] position not increasing, failed cnt: 70
[info] position not increasing, failed cnt: 71
[info] position not increasing, failed cnt: 72
[info] position not increasing, failed cnt: 73
[info] position not increasing, failed cnt: 74
[info] position not increasing, failed cnt: 75
[info] position not increasing, failed cnt: 76
[info] position not increasing, failed cnt: 77
[info] position not increasing, failed cnt: 78
[info] position not increasing, failed cnt: 79
[info] position not increasing, failed cnt: 80
[info] position not increasing, failed cnt: 81
[info] position not increasing, failed cnt: 82
[info] position not increasing, failed cnt: 83
[info] position not increasing, failed cnt: 84
[info] position not increasing, failed cnt: 85
[info] position not increasing, failed cnt: 86
[info] position not increasing, failed cnt: 87
[info] position not increasing, failed cnt: 88
[info] position not increasing, failed cnt: 89
[info] position not increasing, failed cnt: 90
[info] position not increasing, failed cnt: 91
[info] position not increasing, failed cnt: 92
[info] position not increasing, failed cnt: 93
[info] position not increasing, failed cnt: 94
[info] position not increasing, failed cnt: 95
[info] position not increasing, failed cnt: 96
[info] position not increasing, failed cnt: 97
[info] position not increasing, failed cnt: 98
[info] position not increasing, failed cnt: 99
[info] position not increasing, failed cnt: 100
[info] position not increasing, failed cnt: 101
[info] position not increasing, failed cnt: 102
[info] position not increasing, failed cnt: 103
[info] position not increasing, failed cnt: 104
[info] position not increasing, failed cnt: 105
[info] position not increasing, failed cnt: 106
[info] position not increasing, failed cnt: 107
[info] position not increasing, failed cnt: 108
[info] position not increasing, failed cnt: 109
[info] position not increasing, failed cnt: 110
[info] position not increasing, failed cnt: 111
[info] position not increasing, failed cnt: 112
[info] position not increasing, failed cnt: 113
[info] position not increasing, failed cnt: 114
[info] position not increasing, failed cnt: 115
[info] position not increasing, failed cnt: 116
[info] position not increasing, failed cnt: 117
[info] position not increasing, failed cnt: 118
[info] position not increasing, failed cnt: 119
[info] position not increasing, failed cnt: 120
[info] position not increasing, failed cnt: 121
[info] position not increasing, failed cnt: 122
[info] position not increasing, failed cnt: 123
[info] position not increasing, failed cnt: 124
[info] position not increasing, failed cnt: 125
[info] position not increasing, failed cnt: 126
[info] position not increasing, failed cnt: 127
[info] position not increasing, failed cnt: 128
[FATAL] model stuck, exiting ...
[info] position not increasing, failed cnt: 1
[info] position not increasing, failed cnt: 2
[info] position not increasing, failed cnt: 3
[info] position not increasing, failed cnt: 4
[info] position not increasing, failed cnt: 5
[info] position not increasing, failed cnt: 6
[info] position not increasing, failed cnt: 7
[info] position not increasing, failed cnt: 8
[info] position not increasing, failed cnt: 9
[info] position not increasing, failed cnt: 10
[info] position not increasing, failed cnt: 11
[info] position not increasing, failed cnt: 12
[info] position not increasing, failed cnt: 13
[info] position not increasing, failed cnt: 14
[info] position not increasing, failed cnt: 15
[info] position not increasing, failed cnt: 16
[info] position not increasing, failed cnt: 17
[info] position not increasing, failed cnt: 18
[info] position not increasing, failed cnt: 19
[info] position not increasing, failed cnt: 20
[info] position not increasing, failed cnt: 21
[info] position not increasing, failed cnt: 22
[info] position not increasing, failed cnt: 23
[info] position not increasing, failed cnt: 24
[info] position not increasing, failed cnt: 25
[info] position not increasing, failed cnt: 26
[info] position not increasing, failed cnt: 27
[info] position not increasing, failed cnt: 28
[info] position not increasing, failed cnt: 29
[info] position not increasing, failed cnt: 30
[info] position not increasing, failed cnt: 31
[info] position not increasing, failed cnt: 32
[info] position not increasing, failed cnt: 33
[info] position not increasing, failed cnt: 34
[info] position not increasing, failed cnt: 35
[info] position not increasing, failed cnt: 36
[info] position not increasing, failed cnt: 37
[info] position not increasing, failed cnt: 38
[info] position not increasing, failed cnt: 39
[info] position not increasing, failed cnt: 40
[info] position not increasing, failed cnt: 41
[info] position not increasing, failed cnt: 42
[info] position not increasing, failed cnt: 43
[info] position not increasing, failed cnt: 44
[info] position not increasing, failed cnt: 45
[info] position not increasing, failed cnt: 46
[info] position not increasing, failed cnt: 47
[info] position not increasing, failed cnt: 48
[info] position not increasing, failed cnt: 49
[info] position not increasing, failed cnt: 50
[info] position not increasing, failed cnt: 51
[info] position not increasing, failed cnt: 52
[info] position not increasing, failed cnt: 53
[info] position not increasing, failed cnt: 54
[info] position not increasing, failed cnt: 55
[info] position not increasing, failed cnt: 56
[info] position not increasing, failed cnt: 57
[info] position not increasing, failed cnt: 58
[info] position not increasing, failed cnt: 59
[info] position not increasing, failed cnt: 60
[info] position not increasing, failed cnt: 61
[info] position not increasing, failed cnt: 62
[info] position not increasing, failed cnt: 63
[info] position not increasing, failed cnt: 64
[info] position not increasing, failed cnt: 65
[info] position not increasing, failed cnt: 66
[info] position not increasing, failed cnt: 67
[info] position not increasing, failed cnt: 68
[info] position not increasing, failed cnt: 69
[info] position not increasing, failed cnt: 70
[info] position not increasing, failed cnt: 71
[info] position not increasing, failed cnt: 72
[info] position not increasing, failed cnt: 73
[info] position not increasing, failed cnt: 74
[info] position not increasing, failed cnt: 75
[info] position not increasing, failed cnt: 76
[info] position not increasing, failed cnt: 77
[info] position not increasing, failed cnt: 78
[info] position not increasing, failed cnt: 79
[info] position not increasing, failed cnt: 80
[info] position not increasing, failed cnt: 81
[info] position not increasing, failed cnt: 82
[info] position not increasing, failed cnt: 83
[info] position not increasing, failed cnt: 84
[info] position not increasing, failed cnt: 85
[info] position not increasing, failed cnt: 86
[info] position not increasing, failed cnt: 87
[info] position not increasing, failed cnt: 88
[info] position not increasing, failed cnt: 89
[info] position not increasing, failed cnt: 90
[info] position not increasing, failed cnt: 91
[info] position not increasing, failed cnt: 92
[info] position not increasing, failed cnt: 93
[info] position not increasing, failed cnt: 94
[info] position not increasing, failed cnt: 95
[info] position not increasing, failed cnt: 96
[info] position not increasing, failed cnt: 97
[info] position not increasing, failed cnt: 98
[info] position not increasing, failed cnt: 99
[info] position not increasing, failed cnt: 100
[info] position not increasing, failed cnt: 101
[info] position not increasing, failed cnt: 102
[info] position not increasing, failed cnt: 103
[info] position not increasing, failed cnt: 104
[info] position not increasing, failed cnt: 105
[info] position not increasing, failed cnt: 106
[info] position not increasing, failed cnt: 107
[info] position not increasing, failed cnt: 108
[info] position not increasing, failed cnt: 109
[info] position not increasing, failed cnt: 110
[info] position not increasing, failed cnt: 111
[info] position not increasing, failed cnt: 112
[info] position not increasing, failed cnt: 113
[info] position not increasing, failed cnt: 114
[info] position not increasing, failed cnt: 115
[info] position not increasing, failed cnt: 116
[info] position not increasing, failed cnt: 117
[info] position not increasing, failed cnt: 118
[info] position not increasing, failed cnt: 119
[info] position not increasing, failed cnt: 120
[info] position not increasing, failed cnt: 121
[info] position not increasing, failed cnt: 122
[info] position not increasing, failed cnt: 123
[info] position not increasing, failed cnt: 124
[info] position not increasing, failed cnt: 125
[info] position not increasing, failed cnt: 126
[info] position not increasing, failed cnt: 127
[info] position not increasing, failed cnt: 128
[FATAL] model stuck, exiting ...
[info] position not increasing, failed cnt: 1
[info] position not increasing, failed cnt: 2
[info] position not increasing, failed cnt: 3
[info] position not increasing, failed cnt: 4
[info] position not increasing, failed cnt: 5
[info] position not increasing, failed cnt: 6
[info] position not increasing, failed cnt: 7
[info] position not increasing, failed cnt: 8
[info] position not increasing, failed cnt: 9
[info] position not increasing, failed cnt: 10
[info] position not increasing, failed cnt: 11
[info] position not increasing, failed cnt: 12
[info] position not increasing, failed cnt: 13
[info] position not increasing, failed cnt: 14
[info] position not increasing, failed cnt: 15
[info] position not increasing, failed cnt: 16
[info] position not increasing, failed cnt: 17
[info] position not increasing, failed cnt: 18
[info] position not increasing, failed cnt: 19
[info] position not increasing, failed cnt: 20
[info] position not increasing, failed cnt: 21
[info] position not increasing, failed cnt: 22
[info] position not increasing, failed cnt: 23
[info] position not increasing, failed cnt: 24
[info] position not increasing, failed cnt: 25
[info] position not increasing, failed cnt: 26
[info] position not increasing, failed cnt: 27
[info] position not increasing, failed cnt: 28
[info] position not increasing, failed cnt: 29
[info] position not increasing, failed cnt: 30
[info] position not increasing, failed cnt: 31
[info] position not increasing, failed cnt: 32
[info] position not increasing, failed cnt: 33
[info] position not increasing, failed cnt: 34
[info] position not increasing, failed cnt: 35
[info] position not increasing, failed cnt: 36
[info] position not increasing, failed cnt: 37
[info] position not increasing, failed cnt: 38
[info] position not increasing, failed cnt: 39
[info] position not increasing, failed cnt: 40
[info] position not increasing, failed cnt: 41
[info] position not increasing, failed cnt: 42
[info] position not increasing, failed cnt: 43
[info] position not increasing, failed cnt: 44
[info] position not increasing, failed cnt: 45
[info] position not increasing, failed cnt: 46
[info] position not increasing, failed cnt: 47
[info] position not increasing, failed cnt: 48
[info] position not increasing, failed cnt: 49
[info] position not increasing, failed cnt: 50
[info] position not increasing, failed cnt: 51
[info] position not increasing, failed cnt: 52
[info] position not increasing, failed cnt: 53
[info] position not increasing, failed cnt: 54
[info] position not increasing, failed cnt: 55
[info] position not increasing, failed cnt: 56
[info] position not increasing, failed cnt: 57
[info] position not increasing, failed cnt: 58
[info] position not increasing, failed cnt: 59
[info] position not increasing, failed cnt: 60
[info] position not increasing, failed cnt: 61
[info] position not increasing, failed cnt: 62
[info] position not increasing, failed cnt: 63
[info] position not increasing, failed cnt: 64
[info] position not increasing, failed cnt: 65
[info] position not increasing, failed cnt: 66
[info] position not increasing, failed cnt: 67
[info] position not increasing, failed cnt: 68
[info] position not increasing, failed cnt: 69
[info] position not increasing, failed cnt: 70
[info] position not increasing, failed cnt: 71
[info] position not increasing, failed cnt: 72
[info] position not increasing, failed cnt: 73
[info] position not increasing, failed cnt: 74
[info] position not increasing, failed cnt: 75
[info] position not increasing, failed cnt: 76
[info] position not increasing, failed cnt: 77
[info] position not increasing, failed cnt: 78
[info] position not increasing, failed cnt: 79
[info] position not increasing, failed cnt: 80
[info] position not increasing, failed cnt: 81
[info] position not increasing, failed cnt: 82
[info] position not increasing, failed cnt: 83
[info] position not increasing, failed cnt: 84
[info] position not increasing, failed cnt: 85
[info] position not increasing, failed cnt: 86
[info] position not increasing, failed cnt: 87
[info] position not increasing, failed cnt: 88
[info] position not increasing, failed cnt: 89
[info] position not increasing, failed cnt: 90
[info] position not increasing, failed cnt: 91
[info] position not increasing, failed cnt: 92
[info] position not increasing, failed cnt: 93
[info] position not increasing, failed cnt: 94
[info] position not increasing, failed cnt: 95
[info] position not increasing, failed cnt: 96
[info] position not increasing, failed cnt: 97
[info] position not increasing, failed cnt: 98
[info] position not increasing, failed cnt: 99
[info] position not increasing, failed cnt: 100
[info] position not increasing, failed cnt: 101
[info] position not increasing, failed cnt: 102
[info] position not increasing, failed cnt: 103
[info] position not increasing, failed cnt: 104
[info] position not increasing, failed cnt: 105
[info] position not increasing, failed cnt: 106
[info] position not increasing, failed cnt: 107
[info] position not increasing, failed cnt: 108
[info] position not increasing, failed cnt: 109
[info] position not increasing, failed cnt: 110
[info] position not increasing, failed cnt: 111
[info] position not increasing, failed cnt: 112
[info] position not increasing, failed cnt: 113
[info] position not increasing, failed cnt: 114
[info] position not increasing, failed cnt: 115
[info] position not increasing, failed cnt: 116
[info] position not increasing, failed cnt: 117
[info] position not increasing, failed cnt: 118
[info] position not increasing, failed cnt: 119
[info] position not increasing, failed cnt: 120
[info] position not increasing, failed cnt: 121
[info] position not increasing, failed cnt: 122
[info] position not increasing, failed cnt: 123
[info] position not increasing, failed cnt: 124
[info] position not increasing, failed cnt: 125
[info] position not increasing, failed cnt: 126
[info] position not increasing, failed cnt: 127
[info] position not increasing, failed cnt: 128
[FATAL] model stuck, exiting ...
[info] error EOS occurs, failed eos: 1
[info] error EOS occurs, failed eos: 2
[info] error EOS occurs, failed eos: 3
[info] error EOS occurs, failed eos: 4
[info] error EOS occurs, failed eos: 5
[info] error EOS occurs, failed eos: 6
[info] error EOS occurs, failed eos: 7
[info] error EOS occurs, failed eos: 8
[info] error EOS occurs, failed eos: 9
[info] error EOS occurs, failed eos: 10
[info] error EOS occurs, failed eos: 11
[info] error EOS occurs, failed eos: 12
[info] error EOS occurs, failed eos: 13
[info] error EOS occurs, failed eos: 14
[info] error EOS occurs, failed eos: 15
[info] error EOS occurs, failed eos: 16
[info] error EOS occurs, failed eos: 17
[info] error EOS occurs, failed eos: 18
[info] error EOS occurs, failed eos: 19
[info] error EOS occurs, failed eos: 20
[info] error EOS occurs, failed eos: 21
[info] error EOS occurs, failed eos: 22
[info] error EOS occurs, failed eos: 23
[info] error EOS occurs, failed eos: 24
[info] error EOS occurs, failed eos: 25
[info] error EOS occurs, failed eos: 26
[info] error EOS occurs, failed eos: 27
[info] error EOS occurs, failed eos: 28
[info] error EOS occurs, failed eos: 29
[info] error EOS occurs, failed eos: 30
[info] error EOS occurs, failed eos: 31
[info] error EOS occurs, failed eos: 32
[info] error EOS occurs, failed eos: 33
[info] error EOS occurs, failed eos: 34
[info] error EOS occurs, failed eos: 35
[info] error EOS occurs, failed eos: 36
[info] error EOS occurs, failed eos: 37
[info] error EOS occurs, failed eos: 38
[info] error EOS occurs, failed eos: 39
[info] error EOS occurs, failed eos: 40
[info] error EOS occurs, failed eos: 41
[info] error EOS occurs, failed eos: 42
[info] error EOS occurs, failed eos: 43
[info] error EOS occurs, failed eos: 44
[info] error EOS occurs, failed eos: 45
[info] error EOS occurs, failed eos: 46
[info] error EOS occurs, failed eos: 47
[info] error EOS occurs, failed eos: 48
[info] error EOS occurs, failed eos: 49
[info] error EOS occurs, failed eos: 50
[info] error EOS occurs, failed eos: 51
[info] error EOS occurs, failed eos: 52
[info] error EOS occurs, failed eos: 53
[info] error EOS occurs, failed eos: 54
[info] error EOS occurs, failed eos: 55
[info] error EOS occurs, failed eos: 56
[info] error EOS occurs, failed eos: 57
[info] error EOS occurs, failed eos: 58
[info] error EOS occurs, failed eos: 59
[info] error EOS occurs, failed eos: 60
[info] error EOS occurs, failed eos: 61
[info] error EOS occurs, failed eos: 62
[info] error EOS occurs, failed eos: 63
[info] error EOS occurs, failed eos: 64
[info] error EOS occurs, failed eos: 65
[info] error EOS occurs, failed eos: 66
[info] error EOS occurs, failed eos: 67
[info] error EOS occurs, failed eos: 68
[info] error EOS occurs, failed eos: 69
[info] error EOS occurs, failed eos: 70
[info] error EOS occurs, failed eos: 71
[info] error EOS occurs, failed eos: 72
[info] error EOS occurs, failed eos: 73
[info] error EOS occurs, failed eos: 74
[info] error EOS occurs, failed eos: 75
[info] error EOS occurs, failed eos: 76
[info] error EOS occurs, failed eos: 77
[info] error EOS occurs, failed eos: 78
[info] error EOS occurs, failed eos: 79
[info] error EOS occurs, failed eos: 80
[info] error EOS occurs, failed eos: 81
[info] error EOS occurs, failed eos: 82
[info] error EOS occurs, failed eos: 83
[info] error EOS occurs, failed eos: 84
[info] error EOS occurs, failed eos: 85
[info] error EOS occurs, failed eos: 86
[info] error EOS occurs, failed eos: 87
[info] error EOS occurs, failed eos: 88
[info] error EOS occurs, failed eos: 89
[info] error EOS occurs, failed eos: 90
[info] error EOS occurs, failed eos: 91
[info] error EOS occurs, failed eos: 92
[info] error EOS occurs, failed eos: 93
[info] error EOS occurs, failed eos: 94
[info] error EOS occurs, failed eos: 95
[info] error EOS occurs, failed eos: 96
[info] error EOS occurs, failed eos: 97
[info] error EOS occurs, failed eos: 98
[info] error EOS occurs, failed eos: 99
[info] error EOS occurs, failed eos: 100
[info] error EOS occurs, failed eos: 101
[info] error EOS occurs, failed eos: 102
[info] error EOS occurs, failed eos: 103
[info] error EOS occurs, failed eos: 104
[info] error EOS occurs, failed eos: 105
[info] error EOS occurs, failed eos: 106
[info] error EOS occurs, failed eos: 107
[info] error EOS occurs, failed eos: 108
[info] error EOS occurs, failed eos: 109
[info] error EOS occurs, failed eos: 110
[info] error EOS occurs, failed eos: 111
[info] error EOS occurs, failed eos: 112
[info] error EOS occurs, failed eos: 113
[info] error EOS occurs, failed eos: 114
[info] error EOS occurs, failed eos: 115
[info] error EOS occurs, failed eos: 116
[info] error EOS occurs, failed eos: 117
[info] error EOS occurs, failed eos: 118
[info] error EOS occurs, failed eos: 119
[info] error EOS occurs, failed eos: 120
[info] error EOS occurs, failed eos: 121
[info] error EOS occurs, failed eos: 122
[info] error EOS occurs, failed eos: 123
[info] error EOS occurs, failed eos: 124
[info] error EOS occurs, failed eos: 125
[info] error EOS occurs, failed eos: 126
[info] error EOS occurs, failed eos: 127
[info] error EOS occurs, failed eos: 128
[FATAL] model stuck, eos error ...
[info] position not increasing, failed cnt: 1
[info] position not increasing, failed cnt: 2
[info] position not increasing, failed cnt: 3
[info] position not increasing, failed cnt: 4
[info] position not increasing, failed cnt: 5
[info] position not increasing, failed cnt: 6
[info] position not increasing, failed cnt: 7
[info] position not increasing, failed cnt: 8
[info] position not increasing, failed cnt: 9
[info] position not increasing, failed cnt: 10
[info] position not increasing, failed cnt: 11
[info] position not increasing, failed cnt: 12
[info] position not increasing, failed cnt: 13
[info] position not increasing, failed cnt: 14
[info] position not increasing, failed cnt: 15
[info] position not increasing, failed cnt: 16
[info] position not increasing, failed cnt: 17
[info] position not increasing, failed cnt: 18
[info] position not increasing, failed cnt: 19
[info] position not increasing, failed cnt: 20
[info] position not increasing, failed cnt: 21
[info] position not increasing, failed cnt: 22
[info] position not increasing, failed cnt: 23
[info] position not increasing, failed cnt: 24
[info] position not increasing, failed cnt: 25
[info] position not increasing, failed cnt: 26
[info] position not increasing, failed cnt: 27
[info] position not increasing, failed cnt: 28
[info] position not increasing, failed cnt: 29
[info] position not increasing, failed cnt: 30
[info] position not increasing, failed cnt: 31
[info] position not increasing, failed cnt: 32
[info] position not increasing, failed cnt: 33
[info] position not increasing, failed cnt: 34
[info] position not increasing, failed cnt: 35
[info] position not increasing, failed cnt: 36
[info] position not increasing, failed cnt: 37
[info] position not increasing, failed cnt: 38
[info] position not increasing, failed cnt: 39
[info] position not increasing, failed cnt: 40
[info] position not increasing, failed cnt: 41
[info] position not increasing, failed cnt: 42
[info] position not increasing, failed cnt: 43
[info] position not increasing, failed cnt: 44
[info] position not increasing, failed cnt: 45
[info] position not increasing, failed cnt: 46
[info] position not increasing, failed cnt: 47
[info] position not increasing, failed cnt: 48
[info] position not increasing, failed cnt: 49
[info] position not increasing, failed cnt: 50
[info] position not increasing, failed cnt: 51
[info] position not increasing, failed cnt: 52
[info] position not increasing, failed cnt: 53
[info] position not increasing, failed cnt: 54
[info] position not increasing, failed cnt: 55
[info] position not increasing, failed cnt: 56
[info] position not increasing, failed cnt: 57
[info] position not increasing, failed cnt: 58
[info] position not increasing, failed cnt: 59
[info] position not increasing, failed cnt: 60
[info] position not increasing, failed cnt: 61
[info] position not increasing, failed cnt: 62
[info] position not increasing, failed cnt: 63
[info] position not increasing, failed cnt: 64
[info] position not increasing, failed cnt: 65
[info] position not increasing, failed cnt: 66
[info] position not increasing, failed cnt: 67
[info] position not increasing, failed cnt: 68
[info] position not increasing, failed cnt: 69
[info] position not increasing, failed cnt: 70
[info] position not increasing, failed cnt: 71
[info] position not increasing, failed cnt: 72
[info] position not increasing, failed cnt: 73
[info] position not increasing, failed cnt: 74
[info] position not increasing, failed cnt: 75
[info] position not increasing, failed cnt: 76
[info] position not increasing, failed cnt: 77
[info] position not increasing, failed cnt: 78
[info] position not increasing, failed cnt: 79
[info] position not increasing, failed cnt: 80
[info] position not increasing, failed cnt: 81
[info] position not increasing, failed cnt: 82
[info] position not increasing, failed cnt: 83
[info] position not increasing, failed cnt: 84
[info] position not increasing, failed cnt: 85
[info] position not increasing, failed cnt: 86
[info] position not increasing, failed cnt: 87
[info] position not increasing, failed cnt: 88
[info] position not increasing, failed cnt: 89
[info] position not increasing, failed cnt: 90
[info] position not increasing, failed cnt: 91
[info] position not increasing, failed cnt: 92
[info] position not increasing, failed cnt: 93
[info] position not increasing, failed cnt: 94
[info] position not increasing, failed cnt: 95
[info] position not increasing, failed cnt: 96
[info] position not increasing, failed cnt: 97
[info] position not increasing, failed cnt: 98
[info] position not increasing, failed cnt: 99
[info] position not increasing, failed cnt: 100
[info] position not increasing, failed cnt: 101
[info] position not increasing, failed cnt: 102
[info] position not increasing, failed cnt: 103
[info] position not increasing, failed cnt: 104
[info] position not increasing, failed cnt: 105
[info] position not increasing, failed cnt: 106
[info] position not increasing, failed cnt: 107
[info] position not increasing, failed cnt: 108
[info] position not increasing, failed cnt: 109
[info] position not increasing, failed cnt: 110
[info] position not increasing, failed cnt: 111
[info] position not increasing, failed cnt: 112
[info] position not increasing, failed cnt: 113
[info] position not increasing, failed cnt: 114
[info] position not increasing, failed cnt: 115
[info] position not increasing, failed cnt: 116
[info] position not increasing, failed cnt: 117
[info] position not increasing, failed cnt: 118
[info] position not increasing, failed cnt: 119
[info] position not increasing, failed cnt: 120
[info] position not increasing, failed cnt: 121
[info] position not increasing, failed cnt: 122
[info] position not increasing, failed cnt: 123
[info] position not increasing, failed cnt: 124
[info] position not increasing, failed cnt: 125
[info] position not increasing, failed cnt: 126
[info] position not increasing, failed cnt: 127
[info] position not increasing, failed cnt: 128
[FATAL] model stuck, exiting ...
47ZxPbe5sBnGaQanA7sQDq orig S3 ok=False fail=generation_failed_5_attempts 61.68s
-- generated events: 1111
-- time elapsed: 9.34 secs
49pMRkESXndNlp0jD1Vxnj orig S3 ok=True fail=None 9.44s
-- generated events: 671
-- time elapsed: 4.99 secs
4BDdKKIImyCOH0UFXGSoMu orig S3 ok=True fail=None 5.08s
-- generated events: 978
-- time elapsed: 7.78 secs
4C8V4YVVhGQdsoyD1uuhyJ orig S3 ok=True fail=None 7.88s
-- generated events: 994
-- time elapsed: 7.97 secs
4DJ0DsOmFv6fR5LeyUsslY orig S3 ok=True fail=None 8.06s
4M901X90BfY3H74MqcXZNi orig S3 ok=False fail=unsupported_meter 0.0s
[info] error EOS occurs, failed eos: 1
[info] position not increasing, failed cnt: 1
[info] position not increasing, failed cnt: 2
[info] position not increasing, failed cnt: 3
[info] position not increasing, failed cnt: 4
[info] position not increasing, failed cnt: 5
[info] position not increasing, failed cnt: 6
[info] position not increasing, failed cnt: 7
[info] position not increasing, failed cnt: 8
[info] position not increasing, failed cnt: 9
[info] position not increasing, failed cnt: 10
[info] position not increasing, failed cnt: 11
[info] position not increasing, failed cnt: 12
[info] position not increasing, failed cnt: 13
[info] position not increasing, failed cnt: 14
[info] position not increasing, failed cnt: 15
[info] position not increasing, failed cnt: 16
[info] position not increasing, failed cnt: 17
[info] position not increasing, failed cnt: 18
[info] position not increasing, failed cnt: 19
[info] position not increasing, failed cnt: 20
[info] position not increasing, failed cnt: 21
[info] position not increasing, failed cnt: 22
[info] position not increasing, failed cnt: 23
[info] position not increasing, failed cnt: 24
[info] position not increasing, failed cnt: 25
[info] position not increasing, failed cnt: 26
[info] position not increasing, failed cnt: 27
[info] position not increasing, failed cnt: 28
[info] position not increasing, failed cnt: 29
[info] position not increasing, failed cnt: 30
[info] position not increasing, failed cnt: 31
[info] position not increasing, failed cnt: 32
[info] position not increasing, failed cnt: 33
[info] position not increasing, failed cnt: 34
[info] position not increasing, failed cnt: 35
[info] position not increasing, failed cnt: 36
[info] position not increasing, failed cnt: 37
[info] position not increasing, failed cnt: 38
[info] position not increasing, failed cnt: 39
[info] position not increasing, failed cnt: 40
[info] position not increasing, failed cnt: 41
[info] position not increasing, failed cnt: 42
[info] position not increasing, failed cnt: 43
[info] position not increasing, failed cnt: 44
[info] position not increasing, failed cnt: 45
[info] position not increasing, failed cnt: 46
[info] position not increasing, failed cnt: 47
[info] position not increasing, failed cnt: 48
[info] position not increasing, failed cnt: 49
[info] position not increasing, failed cnt: 50
[info] position not increasing, failed cnt: 51
[info] position not increasing, failed cnt: 52
[info] position not increasing, failed cnt: 53
[info] position not increasing, failed cnt: 54
[info] position not increasing, failed cnt: 55
[info] position not increasing, failed cnt: 56
[info] position not increasing, failed cnt: 57
[info] position not increasing, failed cnt: 58
[info] position not increasing, failed cnt: 59
[info] position not increasing, failed cnt: 60
[info] position not increasing, failed cnt: 61
[info] position not increasing, failed cnt: 62
[info] position not increasing, failed cnt: 63
[info] position not increasing, failed cnt: 64
[info] position not increasing, failed cnt: 65
[info] position not increasing, failed cnt: 66
[info] position not increasing, failed cnt: 67
[info] position not increasing, failed cnt: 68
[info] position not increasing, failed cnt: 69
[info] position not increasing, failed cnt: 70
[info] position not increasing, failed cnt: 71
[info] position not increasing, failed cnt: 72
[info] position not increasing, failed cnt: 73
[info] position not increasing, failed cnt: 74
[info] position not increasing, failed cnt: 75
[info] position not increasing, failed cnt: 76
[info] position not increasing, failed cnt: 77
[info] position not increasing, failed cnt: 78
[info] position not increasing, failed cnt: 79
[info] position not increasing, failed cnt: 80
[info] position not increasing, failed cnt: 81
[info] position not increasing, failed cnt: 82
[info] position not increasing, failed cnt: 83
[info] position not increasing, failed cnt: 84
[info] position not increasing, failed cnt: 85
[info] position not increasing, failed cnt: 86
[info] position not increasing, failed cnt: 87
[info] position not increasing, failed cnt: 88
[info] position not increasing, failed cnt: 89
[info] position not increasing, failed cnt: 90
[info] position not increasing, failed cnt: 91
[info] position not increasing, failed cnt: 92
[info] position not increasing, failed cnt: 93
[info] position not increasing, failed cnt: 94
[info] position not increasing, failed cnt: 95
[info] position not increasing, failed cnt: 96
[info] position not increasing, failed cnt: 97
[info] position not increasing, failed cnt: 98
[info] position not increasing, failed cnt: 99
[info] position not increasing, failed cnt: 100
[info] position not increasing, failed cnt: 101
[info] position not increasing, failed cnt: 102
[info] position not increasing, failed cnt: 103
[info] position not increasing, failed cnt: 104
[info] position not increasing, failed cnt: 105
[info] position not increasing, failed cnt: 106
[info] position not increasing, failed cnt: 107
[info] position not increasing, failed cnt: 108
[info] position not increasing, failed cnt: 109
[info] position not increasing, failed cnt: 110
[info] position not increasing, failed cnt: 111
[info] position not increasing, failed cnt: 112
[info] position not increasing, failed cnt: 113
[info] position not increasing, failed cnt: 114
[info] position not increasing, failed cnt: 115
[info] position not increasing, failed cnt: 116
[info] position not increasing, failed cnt: 117
[info] position not increasing, failed cnt: 118
[info] position not increasing, failed cnt: 119
[info] position not increasing, failed cnt: 120
[info] position not increasing, failed cnt: 121
[info] position not increasing, failed cnt: 122
[info] position not increasing, failed cnt: 123
[info] position not increasing, failed cnt: 124
[info] position not increasing, failed cnt: 125
[info] position not increasing, failed cnt: 126
[info] position not increasing, failed cnt: 127
[info] position not increasing, failed cnt: 128
[FATAL] model stuck, exiting ...
[info] position not increasing, failed cnt: 1
[info] position not increasing, failed cnt: 1
[info] position not increasing, failed cnt: 2
[info] position not increasing, failed cnt: 3
[info] position not increasing, failed cnt: 4
[info] position not increasing, failed cnt: 5
[info] position not increasing, failed cnt: 6
[info] position not increasing, failed cnt: 7
[info] position not increasing, failed cnt: 8
[info] position not increasing, failed cnt: 9
[info] position not increasing, failed cnt: 10
[info] position not increasing, failed cnt: 11
[info] position not increasing, failed cnt: 12
[info] position not increasing, failed cnt: 13
[info] position not increasing, failed cnt: 14
[info] position not increasing, failed cnt: 15
[info] position not increasing, failed cnt: 16
[info] position not increasing, failed cnt: 17
[info] position not increasing, failed cnt: 18
[info] position not increasing, failed cnt: 19
[info] position not increasing, failed cnt: 20
[info] position not increasing, failed cnt: 21
[info] position not increasing, failed cnt: 22
[info] position not increasing, failed cnt: 23
[info] position not increasing, failed cnt: 24
[info] position not increasing, failed cnt: 25
[info] position not increasing, failed cnt: 26
[info] position not increasing, failed cnt: 27
[info] position not increasing, failed cnt: 28
[info] position not increasing, failed cnt: 29
[info] position not increasing, failed cnt: 30
[info] position not increasing, failed cnt: 31
[info] position not increasing, failed cnt: 32
[info] position not increasing, failed cnt: 33
[info] position not increasing, failed cnt: 34
[info] position not increasing, failed cnt: 35
[info] position not increasing, failed cnt: 36
[info] position not increasing, failed cnt: 37
[info] position not increasing, failed cnt: 38
[info] position not increasing, failed cnt: 39
[info] position not increasing, failed cnt: 40
[info] position not increasing, failed cnt: 41
[info] position not increasing, failed cnt: 42
[info] position not increasing, failed cnt: 43
[info] position not increasing, failed cnt: 44
[info] position not increasing, failed cnt: 45
[info] position not increasing, failed cnt: 46
[info] position not increasing, failed cnt: 47
[info] position not increasing, failed cnt: 48
[info] position not increasing, failed cnt: 49
[info] position not increasing, failed cnt: 50
[info] position not increasing, failed cnt: 51
[info] position not increasing, failed cnt: 52
[info] position not increasing, failed cnt: 53
[info] position not increasing, failed cnt: 54
[info] position not increasing, failed cnt: 55
[info] position not increasing, failed cnt: 56
[info] position not increasing, failed cnt: 57
[info] position not increasing, failed cnt: 58
[info] position not increasing, failed cnt: 59
[info] position not increasing, failed cnt: 60
[info] position not increasing, failed cnt: 61
[info] position not increasing, failed cnt: 62
[info] position not increasing, failed cnt: 63
[info] position not increasing, failed cnt: 64
[info] position not increasing, failed cnt: 65
[info] position not increasing, failed cnt: 66
[info] position not increasing, failed cnt: 67
[info] position not increasing, failed cnt: 68
[info] position not increasing, failed cnt: 69
[info] position not increasing, failed cnt: 70
[info] position not increasing, failed cnt: 71
[info] position not increasing, failed cnt: 72
[info] position not increasing, failed cnt: 73
[info] position not increasing, failed cnt: 74
[info] position not increasing, failed cnt: 75
[info] position not increasing, failed cnt: 76
[info] position not increasing, failed cnt: 77
[info] position not increasing, failed cnt: 78
[info] position not increasing, failed cnt: 79
[info] position not increasing, failed cnt: 80
[info] position not increasing, failed cnt: 81
[info] position not increasing, failed cnt: 82
[info] position not increasing, failed cnt: 83
[info] position not increasing, failed cnt: 84
[info] position not increasing, failed cnt: 85
[info] position not increasing, failed cnt: 86
[info] position not increasing, failed cnt: 87
[info] position not increasing, failed cnt: 88
[info] position not increasing, failed cnt: 89
[info] position not increasing, failed cnt: 90
[info] position not increasing, failed cnt: 91
[info] position not increasing, failed cnt: 92
[info] position not increasing, failed cnt: 93
[info] position not increasing, failed cnt: 94
[info] position not increasing, failed cnt: 95
[info] position not increasing, failed cnt: 96
[info] position not increasing, failed cnt: 97
[info] position not increasing, failed cnt: 98
[info] position not increasing, failed cnt: 99
[info] position not increasing, failed cnt: 100
[info] position not increasing, failed cnt: 101
[info] position not increasing, failed cnt: 102
[info] position not increasing, failed cnt: 103
[info] position not increasing, failed cnt: 104
[info] position not increasing, failed cnt: 105
[info] position not increasing, failed cnt: 106
[info] position not increasing, failed cnt: 107
[info] position not increasing, failed cnt: 108
[info] position not increasing, failed cnt: 109
[info] position not increasing, failed cnt: 110
[info] position not increasing, failed cnt: 111
[info] position not increasing, failed cnt: 112
[info] position not increasing, failed cnt: 113
[info] position not increasing, failed cnt: 114
[info] position not increasing, failed cnt: 115
[info] position not increasing, failed cnt: 116
[info] position not increasing, failed cnt: 117
[info] position not increasing, failed cnt: 118
[info] position not increasing, failed cnt: 119
[info] position not increasing, failed cnt: 120
[info] position not increasing, failed cnt: 121
[info] position not increasing, failed cnt: 122
[info] position not increasing, failed cnt: 123
[info] position not increasing, failed cnt: 124
[info] position not increasing, failed cnt: 125
[info] position not increasing, failed cnt: 126
[info] position not increasing, failed cnt: 127
[info] position not increasing, failed cnt: 128
[FATAL] model stuck, exiting ...
[info] position not increasing, failed cnt: 1
[info] position not increasing, failed cnt: 2
[info] position not increasing, failed cnt: 3
[info] position not increasing, failed cnt: 4
[info] position not increasing, failed cnt: 5
[info] position not increasing, failed cnt: 6
[info] position not increasing, failed cnt: 7
[info] position not increasing, failed cnt: 8
[info] position not increasing, failed cnt: 9
[info] position not increasing, failed cnt: 10
[info] position not increasing, failed cnt: 11
[info] position not increasing, failed cnt: 12
[info] position not increasing, failed cnt: 13
[info] position not increasing, failed cnt: 14
[info] position not increasing, failed cnt: 15
[info] position not increasing, failed cnt: 16
[info] position not increasing, failed cnt: 17
[info] position not increasing, failed cnt: 18
[info] position not increasing, failed cnt: 19
[info] position not increasing, failed cnt: 20
[info] position not increasing, failed cnt: 21
[info] position not increasing, failed cnt: 22
[info] position not increasing, failed cnt: 23
[info] position not increasing, failed cnt: 24
[info] position not increasing, failed cnt: 25
[info] position not increasing, failed cnt: 26
[info] position not increasing, failed cnt: 27
[info] position not increasing, failed cnt: 28
[info] position not increasing, failed cnt: 29
[info] position not increasing, failed cnt: 30
[info] position not increasing, failed cnt: 31
[info] position not increasing, failed cnt: 32
[info] position not increasing, failed cnt: 33
[info] position not increasing, failed cnt: 34
[info] position not increasing, failed cnt: 35
[info] position not increasing, failed cnt: 36
[info] position not increasing, failed cnt: 37
[info] position not increasing, failed cnt: 38
[info] position not increasing, failed cnt: 39
[info] position not increasing, failed cnt: 40
[info] position not increasing, failed cnt: 41
[info] position not increasing, failed cnt: 42
[info] position not increasing, failed cnt: 43
[info] position not increasing, failed cnt: 44
[info] position not increasing, failed cnt: 45
[info] position not increasing, failed cnt: 46
[info] position not increasing, failed cnt: 47
[info] position not increasing, failed cnt: 48
[info] position not increasing, failed cnt: 49
[info] position not increasing, failed cnt: 50
[info] position not increasing, failed cnt: 51
[info] position not increasing, failed cnt: 52
[info] position not increasing, failed cnt: 53
[info] position not increasing, failed cnt: 54
[info] position not increasing, failed cnt: 55
[info] position not increasing, failed cnt: 56
[info] position not increasing, failed cnt: 57
[info] position not increasing, failed cnt: 58
[info] position not increasing, failed cnt: 59
[info] position not increasing, failed cnt: 60
[info] position not increasing, failed cnt: 61
[info] position not increasing, failed cnt: 62
[info] position not increasing, failed cnt: 63
[info] position not increasing, failed cnt: 64
[info] position not increasing, failed cnt: 65
[info] position not increasing, failed cnt: 66
[info] position not increasing, failed cnt: 67
[info] position not increasing, failed cnt: 68
[info] position not increasing, failed cnt: 69
[info] position not increasing, failed cnt: 70
[info] position not increasing, failed cnt: 71
[info] position not increasing, failed cnt: 72
[info] position not increasing, failed cnt: 73
[info] position not increasing, failed cnt: 74
[info] position not increasing, failed cnt: 75
[info] position not increasing, failed cnt: 76
[info] position not increasing, failed cnt: 77
[info] position not increasing, failed cnt: 78
[info] position not increasing, failed cnt: 79
[info] position not increasing, failed cnt: 80
[info] position not increasing, failed cnt: 81
[info] position not increasing, failed cnt: 82
[info] position not increasing, failed cnt: 83
[info] position not increasing, failed cnt: 84
[info] position not increasing, failed cnt: 85
[info] position not increasing, failed cnt: 86
[info] position not increasing, failed cnt: 87
[info] position not increasing, failed cnt: 88
[info] position not increasing, failed cnt: 89
[info] position not increasing, failed cnt: 90
[info] position not increasing, failed cnt: 91
[info] position not increasing, failed cnt: 92
[info] position not increasing, failed cnt: 93
[info] position not increasing, failed cnt: 94
[info] position not increasing, failed cnt: 95
[info] position not increasing, failed cnt: 96
[info] position not increasing, failed cnt: 97
[info] position not increasing, failed cnt: 98
[info] position not increasing, failed cnt: 99
[info] position not increasing, failed cnt: 100
[info] position not increasing, failed cnt: 101
[info] position not increasing, failed cnt: 102
[info] position not increasing, failed cnt: 103
[info] position not increasing, failed cnt: 104
[info] position not increasing, failed cnt: 105
[info] position not increasing, failed cnt: 106
[info] position not increasing, failed cnt: 107
[info] position not increasing, failed cnt: 108
[info] position not increasing, failed cnt: 109
[info] position not increasing, failed cnt: 110
[info] position not increasing, failed cnt: 111
[info] position not increasing, failed cnt: 112
[info] position not increasing, failed cnt: 113
[info] position not increasing, failed cnt: 114
[info] position not increasing, failed cnt: 115
[info] position not increasing, failed cnt: 116
[info] position not increasing, failed cnt: 117
[info] position not increasing, failed cnt: 118
[info] position not increasing, failed cnt: 119
[info] position not increasing, failed cnt: 120
[info] position not increasing, failed cnt: 121
[info] position not increasing, failed cnt: 122
[info] position not increasing, failed cnt: 123
[info] position not increasing, failed cnt: 124
[info] position not increasing, failed cnt: 125
[info] position not increasing, failed cnt: 126
[info] position not increasing, failed cnt: 127
[info] position not increasing, failed cnt: 128
[FATAL] model stuck, exiting ...
[info] position not increasing, failed cnt: 1
[info] position not increasing, failed cnt: 1
[info] position not increasing, failed cnt: 2
[info] position not increasing, failed cnt: 3
[info] position not increasing, failed cnt: 4
[info] position not increasing, failed cnt: 5
[info] position not increasing, failed cnt: 6
[info] position not increasing, failed cnt: 7
[info] position not increasing, failed cnt: 8
[info] position not increasing, failed cnt: 9
[info] position not increasing, failed cnt: 10
[info] position not increasing, failed cnt: 11
[info] position not increasing, failed cnt: 12
[info] position not increasing, failed cnt: 13
[info] position not increasing, failed cnt: 14
[info] position not increasing, failed cnt: 15
[info] position not increasing, failed cnt: 16
[info] position not increasing, failed cnt: 17
[info] position not increasing, failed cnt: 18
[info] position not increasing, failed cnt: 19
[info] position not increasing, failed cnt: 20
[info] position not increasing, failed cnt: 21
[info] position not increasing, failed cnt: 22
[info] position not increasing, failed cnt: 23
[info] position not increasing, failed cnt: 24
[info] position not increasing, failed cnt: 25
[info] position not increasing, failed cnt: 26
[info] position not increasing, failed cnt: 27
[info] position not increasing, failed cnt: 28
[info] position not increasing, failed cnt: 29
[info] position not increasing, failed cnt: 30
[info] position not increasing, failed cnt: 31
[info] position not increasing, failed cnt: 32
[info] position not increasing, failed cnt: 33
[info] position not increasing, failed cnt: 34
[info] position not increasing, failed cnt: 35
[info] position not increasing, failed cnt: 36
[info] position not increasing, failed cnt: 37
[info] position not increasing, failed cnt: 38
[info] position not increasing, failed cnt: 39
[info] position not increasing, failed cnt: 40
[info] position not increasing, failed cnt: 41
[info] position not increasing, failed cnt: 42
[info] position not increasing, failed cnt: 43
[info] position not increasing, failed cnt: 44
[info] position not increasing, failed cnt: 45
[info] position not increasing, failed cnt: 46
[info] position not increasing, failed cnt: 47
[info] position not increasing, failed cnt: 48
[info] position not increasing, failed cnt: 49
[info] position not increasing, failed cnt: 50
[info] position not increasing, failed cnt: 51
[info] position not increasing, failed cnt: 52
[info] position not increasing, failed cnt: 53
[info] position not increasing, failed cnt: 54
[info] position not increasing, failed cnt: 55
[info] position not increasing, failed cnt: 56
[info] position not increasing, failed cnt: 57
[info] position not increasing, failed cnt: 58
[info] position not increasing, failed cnt: 59
[info] position not increasing, failed cnt: 60
[info] position not increasing, failed cnt: 61
[info] position not increasing, failed cnt: 62
[info] position not increasing, failed cnt: 63
[info] position not increasing, failed cnt: 64
[info] position not increasing, failed cnt: 65
[info] position not increasing, failed cnt: 66
[info] position not increasing, failed cnt: 67
[info] position not increasing, failed cnt: 68
[info] position not increasing, failed cnt: 69
[info] position not increasing, failed cnt: 70
[info] position not increasing, failed cnt: 71
[info] position not increasing, failed cnt: 72
[info] position not increasing, failed cnt: 73
[info] position not increasing, failed cnt: 74
[info] position not increasing, failed cnt: 75
[info] position not increasing, failed cnt: 76
[info] position not increasing, failed cnt: 77
[info] position not increasing, failed cnt: 78
[info] position not increasing, failed cnt: 79
[info] position not increasing, failed cnt: 80
[info] position not increasing, failed cnt: 81
[info] position not increasing, failed cnt: 82
[info] position not increasing, failed cnt: 83
[info] position not increasing, failed cnt: 84
[info] position not increasing, failed cnt: 85
[info] position not increasing, failed cnt: 86
[info] position not increasing, failed cnt: 87
[info] position not increasing, failed cnt: 88
[info] position not increasing, failed cnt: 89
[info] position not increasing, failed cnt: 90
[info] position not increasing, failed cnt: 91
[info] position not increasing, failed cnt: 92
[info] position not increasing, failed cnt: 93
[info] position not increasing, failed cnt: 94
[info] position not increasing, failed cnt: 95
[info] position not increasing, failed cnt: 96
[info] position not increasing, failed cnt: 97
[info] position not increasing, failed cnt: 98
[info] position not increasing, failed cnt: 99
[info] position not increasing, failed cnt: 100
[info] position not increasing, failed cnt: 101
[info] position not increasing, failed cnt: 102
[info] position not increasing, failed cnt: 103
[info] position not increasing, failed cnt: 104
[info] position not increasing, failed cnt: 105
[info] position not increasing, failed cnt: 106
[info] position not increasing, failed cnt: 107
[info] position not increasing, failed cnt: 108
[info] position not increasing, failed cnt: 109
[info] position not increasing, failed cnt: 110
[info] position not increasing, failed cnt: 111
[info] position not increasing, failed cnt: 112
[info] position not increasing, failed cnt: 113
[info] position not increasing, failed cnt: 114
[info] position not increasing, failed cnt: 115
[info] position not increasing, failed cnt: 116
[info] position not increasing, failed cnt: 117
[info] position not increasing, failed cnt: 118
[info] position not increasing, failed cnt: 119
[info] position not increasing, failed cnt: 120
[info] position not increasing, failed cnt: 121
[info] position not increasing, failed cnt: 122
[info] position not increasing, failed cnt: 123
[info] position not increasing, failed cnt: 124
[info] position not increasing, failed cnt: 125
[info] position not increasing, failed cnt: 126
[info] position not increasing, failed cnt: 127
[info] position not increasing, failed cnt: 128
[FATAL] model stuck, exiting ...
[info] position not increasing, failed cnt: 1
[info] position not increasing, failed cnt: 2
[info] position not increasing, failed cnt: 3
[info] error EOS occurs, failed eos: 1
[info] error EOS occurs, failed eos: 2
[info] error EOS occurs, failed eos: 3
[info] error EOS occurs, failed eos: 4
[info] error EOS occurs, failed eos: 5
[info] error EOS occurs, failed eos: 6
[info] error EOS occurs, failed eos: 7
[info] error EOS occurs, failed eos: 8
[info] error EOS occurs, failed eos: 9
[info] error EOS occurs, failed eos: 10
[info] error EOS occurs, failed eos: 11
[info] error EOS occurs, failed eos: 12
[info] error EOS occurs, failed eos: 13
[info] error EOS occurs, failed eos: 14
[info] error EOS occurs, failed eos: 15
[info] error EOS occurs, failed eos: 16
[info] error EOS occurs, failed eos: 17
[info] error EOS occurs, failed eos: 18
[info] error EOS occurs, failed eos: 19
[info] error EOS occurs, failed eos: 20
[info] error EOS occurs, failed eos: 21
[info] error EOS occurs, failed eos: 22
[info] error EOS occurs, failed eos: 23
[info] error EOS occurs, failed eos: 24
[info] error EOS occurs, failed eos: 25
[info] error EOS occurs, failed eos: 26
[info] error EOS occurs, failed eos: 27
[info] error EOS occurs, failed eos: 28
[info] error EOS occurs, failed eos: 29
[info] error EOS occurs, failed eos: 30
[info] error EOS occurs, failed eos: 31
[info] error EOS occurs, failed eos: 32
[info] error EOS occurs, failed eos: 33
[info] error EOS occurs, failed eos: 34
[info] error EOS occurs, failed eos: 35
[info] error EOS occurs, failed eos: 36
[info] error EOS occurs, failed eos: 37
[info] error EOS occurs, failed eos: 38
[info] error EOS occurs, failed eos: 39
[info] error EOS occurs, failed eos: 40
[info] error EOS occurs, failed eos: 41
[info] error EOS occurs, failed eos: 42
[info] error EOS occurs, failed eos: 43
[info] error EOS occurs, failed eos: 44
[info] error EOS occurs, failed eos: 45
[info] error EOS occurs, failed eos: 46
[info] error EOS occurs, failed eos: 47
[info] error EOS occurs, failed eos: 48
[info] error EOS occurs, failed eos: 49
[info] error EOS occurs, failed eos: 50
[info] error EOS occurs, failed eos: 51
[info] error EOS occurs, failed eos: 52
[info] error EOS occurs, failed eos: 53
[info] error EOS occurs, failed eos: 54
[info] error EOS occurs, failed eos: 55
[info] error EOS occurs, failed eos: 56
[info] error EOS occurs, failed eos: 57
[info] error EOS occurs, failed eos: 58
[info] error EOS occurs, failed eos: 59
[info] error EOS occurs, failed eos: 60
[info] error EOS occurs, failed eos: 61
[info] error EOS occurs, failed eos: 62
[info] error EOS occurs, failed eos: 63
[info] error EOS occurs, failed eos: 64
[info] error EOS occurs, failed eos: 65
[info] error EOS occurs, failed eos: 66
[info] error EOS occurs, failed eos: 67
[info] error EOS occurs, failed eos: 68
[info] error EOS occurs, failed eos: 69
[info] error EOS occurs, failed eos: 70
[info] error EOS occurs, failed eos: 71
[info] error EOS occurs, failed eos: 72
[info] error EOS occurs, failed eos: 73
[info] error EOS occurs, failed eos: 74
[info] error EOS occurs, failed eos: 75
[info] error EOS occurs, failed eos: 76
[info] error EOS occurs, failed eos: 77
[info] error EOS occurs, failed eos: 78
[info] error EOS occurs, failed eos: 79
[info] error EOS occurs, failed eos: 80
[info] error EOS occurs, failed eos: 81
[info] error EOS occurs, failed eos: 82
[info] error EOS occurs, failed eos: 83
[info] error EOS occurs, failed eos: 84
[info] error EOS occurs, failed eos: 85
[info] error EOS occurs, failed eos: 86
[info] error EOS occurs, failed eos: 87
[info] error EOS occurs, failed eos: 88
[info] error EOS occurs, failed eos: 89
[info] error EOS occurs, failed eos: 90
[info] error EOS occurs, failed eos: 91
[info] error EOS occurs, failed eos: 92
[info] error EOS occurs, failed eos: 93
[info] error EOS occurs, failed eos: 94
[info] error EOS occurs, failed eos: 95
[info] error EOS occurs, failed eos: 96
[info] error EOS occurs, failed eos: 97
[info] error EOS occurs, failed eos: 98
[info] error EOS occurs, failed eos: 99
[info] error EOS occurs, failed eos: 100
[info] error EOS occurs, failed eos: 101
[info] error EOS occurs, failed eos: 102
[info] error EOS occurs, failed eos: 103
[info] error EOS occurs, failed eos: 104
[info] error EOS occurs, failed eos: 105
[info] error EOS occurs, failed eos: 106
[info] error EOS occurs, failed eos: 107
[info] error EOS occurs, failed eos: 108
[info] error EOS occurs, failed eos: 109
[info] error EOS occurs, failed eos: 110
[info] error EOS occurs, failed eos: 111
[info] error EOS occurs, failed eos: 112
[info] error EOS occurs, failed eos: 113
[info] error EOS occurs, failed eos: 114
[info] error EOS occurs, failed eos: 115
[info] error EOS occurs, failed eos: 116
[info] error EOS occurs, failed eos: 117
[info] error EOS occurs, failed eos: 118
[info] error EOS occurs, failed eos: 119
[info] error EOS occurs, failed eos: 120
[info] error EOS occurs, failed eos: 121
[info] error EOS occurs, failed eos: 122
[info] error EOS occurs, failed eos: 123
[info] error EOS occurs, failed eos: 124
[info] error EOS occurs, failed eos: 125
[info] error EOS occurs, failed eos: 126
[info] error EOS occurs, failed eos: 127
[info] error EOS occurs, failed eos: 128
[FATAL] model stuck, eos error ...
4REzuXet7gr8UCA3T5tK2s orig S3 ok=False fail=generation_failed_5_attempts 69.88s
[info] position not increasing, failed cnt: 1
[info] position not increasing, failed cnt: 2
[info] position not increasing, failed cnt: 3
-- generated events: 1197
-- time elapsed: 10.50 secs
4VEbbZeJwrlqRBTTscq3m2 orig S3 ok=True fail=None 10.59s
-- generated events: 982
-- time elapsed: 7.86 secs
4eMDRwO2dreLU0IvNoARUP orig S3 ok=True fail=None 7.95s
-- generated events: 1015
-- time elapsed: 8.20 secs
4gXVhPeuxE9ojFL0Ose0vA orig S3 ok=True fail=None 8.29s
-- generated events: 997
-- time elapsed: 8.00 secs
4i0tFVka77iJFMvsLWUALb orig S3 ok=True fail=None 8.09s
[info] error EOS occurs, failed eos: 1
[info] error EOS occurs, failed eos: 2
[info] error EOS occurs, failed eos: 3
[info] error EOS occurs, failed eos: 4
[info] error EOS occurs, failed eos: 5
[info] error EOS occurs, failed eos: 6
[info] error EOS occurs, failed eos: 7
[info] error EOS occurs, failed eos: 8
[info] error EOS occurs, failed eos: 9
[info] error EOS occurs, failed eos: 10
[info] error EOS occurs, failed eos: 11
[info] error EOS occurs, failed eos: 12
[info] error EOS occurs, failed eos: 13
[info] error EOS occurs, failed eos: 14
[info] error EOS occurs, failed eos: 15
[info] error EOS occurs, failed eos: 16
[info] error EOS occurs, failed eos: 17
[info] error EOS occurs, failed eos: 18
[info] error EOS occurs, failed eos: 19
[info] error EOS occurs, failed eos: 20
[info] error EOS occurs, failed eos: 21
[info] error EOS occurs, failed eos: 22
[info] error EOS occurs, failed eos: 23
[info] error EOS occurs, failed eos: 24
[info] error EOS occurs, failed eos: 25
[info] error EOS occurs, failed eos: 26
[info] error EOS occurs, failed eos: 27
[info] error EOS occurs, failed eos: 28
[info] error EOS occurs, failed eos: 29
[info] error EOS occurs, failed eos: 30
[info] error EOS occurs, failed eos: 31
[info] error EOS occurs, failed eos: 32
[info] error EOS occurs, failed eos: 33
[info] error EOS occurs, failed eos: 34
[info] error EOS occurs, failed eos: 35
[info] error EOS occurs, failed eos: 36
[info] error EOS occurs, failed eos: 37
[info] error EOS occurs, failed eos: 38
[info] error EOS occurs, failed eos: 39
[info] error EOS occurs, failed eos: 40
[info] error EOS occurs, failed eos: 41
[info] error EOS occurs, failed eos: 42
[info] error EOS occurs, failed eos: 43
[info] error EOS occurs, failed eos: 44
[info] error EOS occurs, failed eos: 45
[info] error EOS occurs, failed eos: 46
[info] error EOS occurs, failed eos: 47
[info] error EOS occurs, failed eos: 48
[info] error EOS occurs, failed eos: 49
[info] error EOS occurs, failed eos: 50
[info] error EOS occurs, failed eos: 51
[info] error EOS occurs, failed eos: 52
[info] error EOS occurs, failed eos: 53
[info] error EOS occurs, failed eos: 54
[info] error EOS occurs, failed eos: 55
[info] error EOS occurs, failed eos: 56
[info] error EOS occurs, failed eos: 57
[info] error EOS occurs, failed eos: 58
[info] error EOS occurs, failed eos: 59
[info] error EOS occurs, failed eos: 60
[info] error EOS occurs, failed eos: 61
[info] error EOS occurs, failed eos: 62
[info] error EOS occurs, failed eos: 63
[info] error EOS occurs, failed eos: 64
[info] error EOS occurs, failed eos: 65
[info] error EOS occurs, failed eos: 66
[info] error EOS occurs, failed eos: 67
[info] error EOS occurs, failed eos: 68
[info] error EOS occurs, failed eos: 69
[info] error EOS occurs, failed eos: 70
[info] error EOS occurs, failed eos: 71
[info] error EOS occurs, failed eos: 72
[info] error EOS occurs, failed eos: 73
[info] error EOS occurs, failed eos: 74
[info] error EOS occurs, failed eos: 75
[info] error EOS occurs, failed eos: 76
[info] error EOS occurs, failed eos: 77
[info] error EOS occurs, failed eos: 78
[info] error EOS occurs, failed eos: 79
[info] error EOS occurs, failed eos: 80
[info] error EOS occurs, failed eos: 81
[info] error EOS occurs, failed eos: 82
[info] error EOS occurs, failed eos: 83
[info] error EOS occurs, failed eos: 84
[info] error EOS occurs, failed eos: 85
[info] error EOS occurs, failed eos: 86
[info] error EOS occurs, failed eos: 87
[info] error EOS occurs, failed eos: 88
[info] error EOS occurs, failed eos: 89
[info] error EOS occurs, failed eos: 90
[info] error EOS occurs, failed eos: 91
[info] error EOS occurs, failed eos: 92
[info] error EOS occurs, failed eos: 93
[info] error EOS occurs, failed eos: 94
[info] error EOS occurs, failed eos: 95
[info] error EOS occurs, failed eos: 96
[info] error EOS occurs, failed eos: 97
[info] error EOS occurs, failed eos: 98
[info] error EOS occurs, failed eos: 99
[info] error EOS occurs, failed eos: 100
[info] error EOS occurs, failed eos: 101
[info] error EOS occurs, failed eos: 102
[info] error EOS occurs, failed eos: 103
[info] error EOS occurs, failed eos: 104
[info] error EOS occurs, failed eos: 105
[info] error EOS occurs, failed eos: 106
[info] error EOS occurs, failed eos: 107
[info] error EOS occurs, failed eos: 108
[info] error EOS occurs, failed eos: 109
[info] error EOS occurs, failed eos: 110
[info] error EOS occurs, failed eos: 111
[info] error EOS occurs, failed eos: 112
[info] error EOS occurs, failed eos: 113
[info] error EOS occurs, failed eos: 114
[info] error EOS occurs, failed eos: 115
[info] error EOS occurs, failed eos: 116
[info] error EOS occurs, failed eos: 117
[info] error EOS occurs, failed eos: 118
[info] error EOS occurs, failed eos: 119
[info] error EOS occurs, failed eos: 120
[info] error EOS occurs, failed eos: 121
[info] error EOS occurs, failed eos: 122
[info] error EOS occurs, failed eos: 123
[info] error EOS occurs, failed eos: 124
[info] error EOS occurs, failed eos: 125
[info] error EOS occurs, failed eos: 126
[info] error EOS occurs, failed eos: 127
[info] error EOS occurs, failed eos: 128
[FATAL] model stuck, eos error ...
[info] error EOS occurs, failed eos: 1
[info] error EOS occurs, failed eos: 2
[info] error EOS occurs, failed eos: 3
[info] error EOS occurs, failed eos: 4
[info] error EOS occurs, failed eos: 5
[info] error EOS occurs, failed eos: 6
[info] error EOS occurs, failed eos: 7
[info] error EOS occurs, failed eos: 8
[info] error EOS occurs, failed eos: 9
[info] error EOS occurs, failed eos: 10
[info] error EOS occurs, failed eos: 11
[info] error EOS occurs, failed eos: 12
[info] error EOS occurs, failed eos: 13
[info] error EOS occurs, failed eos: 14
[info] error EOS occurs, failed eos: 15
[info] error EOS occurs, failed eos: 16
[info] error EOS occurs, failed eos: 17
[info] error EOS occurs, failed eos: 18
[info] error EOS occurs, failed eos: 19
[info] error EOS occurs, failed eos: 20
[info] error EOS occurs, failed eos: 21
[info] error EOS occurs, failed eos: 22
[info] error EOS occurs, failed eos: 23
[info] error EOS occurs, failed eos: 24
[info] error EOS occurs, failed eos: 25
[info] error EOS occurs, failed eos: 26
[info] error EOS occurs, failed eos: 27
[info] error EOS occurs, failed eos: 28
[info] error EOS occurs, failed eos: 29
[info] error EOS occurs, failed eos: 30
[info] error EOS occurs, failed eos: 31
[info] error EOS occurs, failed eos: 32
[info] error EOS occurs, failed eos: 33
[info] error EOS occurs, failed eos: 34
[info] error EOS occurs, failed eos: 35
[info] error EOS occurs, failed eos: 36
[info] error EOS occurs, failed eos: 37
[info] error EOS occurs, failed eos: 38
[info] error EOS occurs, failed eos: 39
[info] error EOS occurs, failed eos: 40
[info] error EOS occurs, failed eos: 41
[info] error EOS occurs, failed eos: 42
[info] error EOS occurs, failed eos: 43
[info] error EOS occurs, failed eos: 44
[info] error EOS occurs, failed eos: 45
[info] error EOS occurs, failed eos: 46
[info] error EOS occurs, failed eos: 47
[info] error EOS occurs, failed eos: 48
[info] error EOS occurs, failed eos: 49
[info] error EOS occurs, failed eos: 50
[info] error EOS occurs, failed eos: 51
[info] error EOS occurs, failed eos: 52
[info] error EOS occurs, failed eos: 53
[info] error EOS occurs, failed eos: 54
[info] error EOS occurs, failed eos: 55
[info] error EOS occurs, failed eos: 56
[info] error EOS occurs, failed eos: 57
[info] error EOS occurs, failed eos: 58
[info] error EOS occurs, failed eos: 59
[info] error EOS occurs, failed eos: 60
[info] error EOS occurs, failed eos: 61
[info] error EOS occurs, failed eos: 62
[info] error EOS occurs, failed eos: 63
[info] error EOS occurs, failed eos: 64
[info] error EOS occurs, failed eos: 65
[info] error EOS occurs, failed eos: 66
[info] error EOS occurs, failed eos: 67
[info] error EOS occurs, failed eos: 68
[info] error EOS occurs, failed eos: 69
[info] error EOS occurs, failed eos: 70
[info] error EOS occurs, failed eos: 71
[info] error EOS occurs, failed eos: 72
[info] error EOS occurs, failed eos: 73
[info] error EOS occurs, failed eos: 74
[info] error EOS occurs, failed eos: 75
[info] error EOS occurs, failed eos: 76
[info] error EOS occurs, failed eos: 77
[info] error EOS occurs, failed eos: 78
[info] error EOS occurs, failed eos: 79
[info] error EOS occurs, failed eos: 80
[info] error EOS occurs, failed eos: 81
[info] error EOS occurs, failed eos: 82
[info] error EOS occurs, failed eos: 83
[info] error EOS occurs, failed eos: 84
[info] error EOS occurs, failed eos: 85
[info] error EOS occurs, failed eos: 86
[info] error EOS occurs, failed eos: 87
[info] error EOS occurs, failed eos: 88
[info] error EOS occurs, failed eos: 89
[info] error EOS occurs, failed eos: 90
[info] error EOS occurs, failed eos: 91
[info] error EOS occurs, failed eos: 92
[info] error EOS occurs, failed eos: 93
[info] error EOS occurs, failed eos: 94
[info] error EOS occurs, failed eos: 95
[info] error EOS occurs, failed eos: 96
[info] error EOS occurs, failed eos: 97
[info] error EOS occurs, failed eos: 98
[info] error EOS occurs, failed eos: 99
[info] error EOS occurs, failed eos: 100
[info] error EOS occurs, failed eos: 101
[info] error EOS occurs, failed eos: 102
[info] error EOS occurs, failed eos: 103
[info] error EOS occurs, failed eos: 104
[info] error EOS occurs, failed eos: 105
[info] error EOS occurs, failed eos: 106
[info] error EOS occurs, failed eos: 107
[info] error EOS occurs, failed eos: 108
[info] error EOS occurs, failed eos: 109
[info] error EOS occurs, failed eos: 110
[info] error EOS occurs, failed eos: 111
[info] error EOS occurs, failed eos: 112
[info] error EOS occurs, failed eos: 113
[info] error EOS occurs, failed eos: 114
[info] error EOS occurs, failed eos: 115
[info] error EOS occurs, failed eos: 116
[info] error EOS occurs, failed eos: 117
[info] error EOS occurs, failed eos: 118
[info] error EOS occurs, failed eos: 119
[info] error EOS occurs, failed eos: 120
[info] error EOS occurs, failed eos: 121
[info] error EOS occurs, failed eos: 122
[info] error EOS occurs, failed eos: 123
[info] error EOS occurs, failed eos: 124
[info] error EOS occurs, failed eos: 125
[info] error EOS occurs, failed eos: 126
[info] error EOS occurs, failed eos: 127
[info] error EOS occurs, failed eos: 128
[FATAL] model stuck, eos error ...
[info] position not increasing, failed cnt: 1
[info] position not increasing, failed cnt: 2
[info] position not increasing, failed cnt: 1
[info] position not increasing, failed cnt: 2
[info] position not increasing, failed cnt: 1
[info] position not increasing, failed cnt: 2
[info] position not increasing, failed cnt: 3
[info] position not increasing, failed cnt: 4
[info] position not increasing, failed cnt: 5
[info] position not increasing, failed cnt: 6
[info] position not increasing, failed cnt: 7
[info] position not increasing, failed cnt: 1
-- generated events: 1517
-- time elapsed: 15.74 secs
4trtyNhvxt6BDPMt2Rpw48 orig S3 ok=True fail=None 37.34s
-- generated events: 1164
-- time elapsed: 10.06 secs
4yZY7e169iMB1o29Pk41cz orig S3 ok=True fail=None 10.17s
-- generated events: 603
-- time elapsed: 4.41 secs
51G9MuAKc5GOKrfoP4M4uO orig S3 ok=True fail=None 4.49s
-- generated events: 1281
-- time elapsed: 11.61 secs
56EoTwd4LGjmEO7UzQrDoX orig S3 ok=True fail=None 11.7s
[info] position not increasing, failed cnt: 1
[info] position not increasing, failed cnt: 2
[info] position not increasing, failed cnt: 3
[info] position not increasing, failed cnt: 4
[info] position not increasing, failed cnt: 5
[info] position not increasing, failed cnt: 6
[info] position not increasing, failed cnt: 7
[info] position not increasing, failed cnt: 8
[info] position not increasing, failed cnt: 9
[info] position not increasing, failed cnt: 10
[info] position not increasing, failed cnt: 11
[info] position not increasing, failed cnt: 12
[info] position not increasing, failed cnt: 13
[info] position not increasing, failed cnt: 14
[info] position not increasing, failed cnt: 15
[info] position not increasing, failed cnt: 16
[info] position not increasing, failed cnt: 17
[info] position not increasing, failed cnt: 18
[info] position not increasing, failed cnt: 19
[info] position not increasing, failed cnt: 20
[info] position not increasing, failed cnt: 21
[info] position not increasing, failed cnt: 22
[info] position not increasing, failed cnt: 23
[info] position not increasing, failed cnt: 24
[info] position not increasing, failed cnt: 25
[info] position not increasing, failed cnt: 26
[info] position not increasing, failed cnt: 27
[info] position not increasing, failed cnt: 28
[info] position not increasing, failed cnt: 29
[info] position not increasing, failed cnt: 30
[info] position not increasing, failed cnt: 31
[info] position not increasing, failed cnt: 32
[info] position not increasing, failed cnt: 33
[info] position not increasing, failed cnt: 34
[info] position not increasing, failed cnt: 35
[info] position not increasing, failed cnt: 36
[info] position not increasing, failed cnt: 37
[info] position not increasing, failed cnt: 38
[info] position not increasing, failed cnt: 39
[info] position not increasing, failed cnt: 40
[info] position not increasing, failed cnt: 41
[info] position not increasing, failed cnt: 42
[info] position not increasing, failed cnt: 43
[info] position not increasing, failed cnt: 44
[info] position not increasing, failed cnt: 45
[info] position not increasing, failed cnt: 46
[info] position not increasing, failed cnt: 47
[info] position not increasing, failed cnt: 48
[info] position not increasing, failed cnt: 49
[info] position not increasing, failed cnt: 50
[info] position not increasing, failed cnt: 51
[info] position not increasing, failed cnt: 52
[info] position not increasing, failed cnt: 53
[info] position not increasing, failed cnt: 54
[info] position not increasing, failed cnt: 55
[info] position not increasing, failed cnt: 56
[info] position not increasing, failed cnt: 57
[info] position not increasing, failed cnt: 58
[info] position not increasing, failed cnt: 59
[info] position not increasing, failed cnt: 60
[info] position not increasing, failed cnt: 61
[info] position not increasing, failed cnt: 62
[info] position not increasing, failed cnt: 63
[info] position not increasing, failed cnt: 64
[info] position not increasing, failed cnt: 65
[info] position not increasing, failed cnt: 66
[info] position not increasing, failed cnt: 67
[info] position not increasing, failed cnt: 68
[info] position not increasing, failed cnt: 69
[info] position not increasing, failed cnt: 70
[info] position not increasing, failed cnt: 71
[info] position not increasing, failed cnt: 72
[info] position not increasing, failed cnt: 73
[info] position not increasing, failed cnt: 74
[info] position not increasing, failed cnt: 75
[info] position not increasing, failed cnt: 76
[info] position not increasing, failed cnt: 77
[info] position not increasing, failed cnt: 78
[info] position not increasing, failed cnt: 79
[info] position not increasing, failed cnt: 80
[info] position not increasing, failed cnt: 81
[info] position not increasing, failed cnt: 82
[info] position not increasing, failed cnt: 83
[info] position not increasing, failed cnt: 84
[info] position not increasing, failed cnt: 85
[info] position not increasing, failed cnt: 86
[info] position not increasing, failed cnt: 87
[info] position not increasing, failed cnt: 88
[info] position not increasing, failed cnt: 89
[info] position not increasing, failed cnt: 90
[info] position not increasing, failed cnt: 91
[info] position not increasing, failed cnt: 92
[info] position not increasing, failed cnt: 93
[info] position not increasing, failed cnt: 94
[info] position not increasing, failed cnt: 95
[info] position not increasing, failed cnt: 96
[info] position not increasing, failed cnt: 97
[info] position not increasing, failed cnt: 98
[info] position not increasing, failed cnt: 99
[info] position not increasing, failed cnt: 100
[info] position not increasing, failed cnt: 101
[info] position not increasing, failed cnt: 102
[info] position not increasing, failed cnt: 103
[info] position not increasing, failed cnt: 104
[info] position not increasing, failed cnt: 105
[info] position not increasing, failed cnt: 106
[info] position not increasing, failed cnt: 107
[info] position not increasing, failed cnt: 108
[info] position not increasing, failed cnt: 109
[info] position not increasing, failed cnt: 110
[info] position not increasing, failed cnt: 111
[info] position not increasing, failed cnt: 112
[info] position not increasing, failed cnt: 113
[info] position not increasing, failed cnt: 114
[info] position not increasing, failed cnt: 115
[info] position not increasing, failed cnt: 116
[info] position not increasing, failed cnt: 117
[info] position not increasing, failed cnt: 118
[info] position not increasing, failed cnt: 119
[info] position not increasing, failed cnt: 120
[info] position not increasing, failed cnt: 121
[info] position not increasing, failed cnt: 122
[info] position not increasing, failed cnt: 123
[info] position not increasing, failed cnt: 124
[info] position not increasing, failed cnt: 125
[info] position not increasing, failed cnt: 126
[info] position not increasing, failed cnt: 127
[info] position not increasing, failed cnt: 128
[FATAL] model stuck, exiting ...
[info] position not increasing, failed cnt: 1
[info] position not increasing, failed cnt: 2
[info] position not increasing, failed cnt: 3
[info] position not increasing, failed cnt: 4
[info] position not increasing, failed cnt: 5
[info] position not increasing, failed cnt: 6
[info] position not increasing, failed cnt: 7
[info] position not increasing, failed cnt: 8
[info] position not increasing, failed cnt: 9
[info] position not increasing, failed cnt: 10
[info] position not increasing, failed cnt: 11
[info] position not increasing, failed cnt: 12
[info] position not increasing, failed cnt: 13
[info] position not increasing, failed cnt: 14
[info] position not increasing, failed cnt: 15
[info] position not increasing, failed cnt: 16
[info] position not increasing, failed cnt: 17
[info] position not increasing, failed cnt: 18
[info] position not increasing, failed cnt: 19
[info] position not increasing, failed cnt: 20
[info] position not increasing, failed cnt: 21
[info] position not increasing, failed cnt: 22
[info] position not increasing, failed cnt: 23
[info] position not increasing, failed cnt: 24
[info] position not increasing, failed cnt: 25
[info] position not increasing, failed cnt: 26
[info] position not increasing, failed cnt: 27
[info] position not increasing, failed cnt: 28
[info] position not increasing, failed cnt: 29
[info] position not increasing, failed cnt: 30
[info] position not increasing, failed cnt: 31
[info] position not increasing, failed cnt: 32
[info] position not increasing, failed cnt: 33
[info] position not increasing, failed cnt: 34
[info] position not increasing, failed cnt: 35
[info] position not increasing, failed cnt: 36
[info] position not increasing, failed cnt: 37
[info] position not increasing, failed cnt: 38
[info] position not increasing, failed cnt: 39
[info] position not increasing, failed cnt: 40
[info] position not increasing, failed cnt: 41
[info] position not increasing, failed cnt: 42
[info] position not increasing, failed cnt: 43
[info] position not increasing, failed cnt: 44
[info] position not increasing, failed cnt: 45
[info] position not increasing, failed cnt: 46
[info] position not increasing, failed cnt: 47
[info] position not increasing, failed cnt: 48
[info] position not increasing, failed cnt: 49
[info] position not increasing, failed cnt: 50
[info] position not increasing, failed cnt: 51
[info] position not increasing, failed cnt: 52
[info] position not increasing, failed cnt: 53
[info] position not increasing, failed cnt: 54
[info] position not increasing, failed cnt: 55
[info] position not increasing, failed cnt: 56
[info] position not increasing, failed cnt: 57
[info] position not increasing, failed cnt: 58
[info] position not increasing, failed cnt: 59
[info] position not increasing, failed cnt: 60
[info] position not increasing, failed cnt: 61
[info] position not increasing, failed cnt: 62
[info] position not increasing, failed cnt: 63
[info] position not increasing, failed cnt: 64
[info] position not increasing, failed cnt: 65
[info] position not increasing, failed cnt: 66
[info] position not increasing, failed cnt: 67
[info] position not increasing, failed cnt: 68
[info] position not increasing, failed cnt: 69
[info] position not increasing, failed cnt: 70
[info] position not increasing, failed cnt: 71
[info] position not increasing, failed cnt: 72
[info] position not increasing, failed cnt: 73
[info] position not increasing, failed cnt: 74
[info] position not increasing, failed cnt: 75
[info] position not increasing, failed cnt: 76
[info] position not increasing, failed cnt: 77
[info] position not increasing, failed cnt: 78
[info] position not increasing, failed cnt: 79
[info] position not increasing, failed cnt: 80
[info] position not increasing, failed cnt: 81
[info] position not increasing, failed cnt: 82
[info] position not increasing, failed cnt: 83
[info] position not increasing, failed cnt: 84
[info] position not increasing, failed cnt: 85
[info] position not increasing, failed cnt: 86
[info] position not increasing, failed cnt: 87
[info] position not increasing, failed cnt: 88
[info] position not increasing, failed cnt: 89
[info] position not increasing, failed cnt: 90
[info] position not increasing, failed cnt: 91
[info] position not increasing, failed cnt: 92
[info] position not increasing, failed cnt: 93
[info] position not increasing, failed cnt: 94
[info] position not increasing, failed cnt: 95
[info] position not increasing, failed cnt: 96
[info] position not increasing, failed cnt: 97
[info] position not increasing, failed cnt: 98
[info] position not increasing, failed cnt: 99
[info] position not increasing, failed cnt: 100
[info] position not increasing, failed cnt: 101
[info] position not increasing, failed cnt: 102
[info] position not increasing, failed cnt: 103
[info] position not increasing, failed cnt: 104
[info] position not increasing, failed cnt: 105
[info] position not increasing, failed cnt: 106
[info] position not increasing, failed cnt: 107
[info] position not increasing, failed cnt: 108
[info] position not increasing, failed cnt: 109
[info] position not increasing, failed cnt: 110
[info] position not increasing, failed cnt: 111
[info] position not increasing, failed cnt: 112
[info] position not increasing, failed cnt: 113
[info] position not increasing, failed cnt: 114
[info] position not increasing, failed cnt: 115
[info] position not increasing, failed cnt: 116
[info] position not increasing, failed cnt: 117
[info] position not increasing, failed cnt: 118
[info] position not increasing, failed cnt: 119
[info] position not increasing, failed cnt: 120
[info] position not increasing, failed cnt: 121
[info] position not increasing, failed cnt: 122
[info] position not increasing, failed cnt: 123
[info] position not increasing, failed cnt: 124
[info] position not increasing, failed cnt: 125
[info] position not increasing, failed cnt: 126
[info] position not increasing, failed cnt: 127
[info] position not increasing, failed cnt: 128
[FATAL] model stuck, exiting ...
[info] position not increasing, failed cnt: 1
[info] position not increasing, failed cnt: 2
[info] position not increasing, failed cnt: 3
[info] position not increasing, failed cnt: 4
[info] position not increasing, failed cnt: 5
[info] position not increasing, failed cnt: 6
[info] position not increasing, failed cnt: 7
[info] position not increasing, failed cnt: 8
[info] position not increasing, failed cnt: 9
[info] position not increasing, failed cnt: 10
[info] position not increasing, failed cnt: 11
[info] position not increasing, failed cnt: 12
[info] position not increasing, failed cnt: 13
[info] position not increasing, failed cnt: 14
[info] position not increasing, failed cnt: 15
[info] position not increasing, failed cnt: 16
[info] position not increasing, failed cnt: 17
[info] position not increasing, failed cnt: 18
[info] position not increasing, failed cnt: 19
[info] position not increasing, failed cnt: 20
[info] position not increasing, failed cnt: 21
[info] position not increasing, failed cnt: 22
[info] position not increasing, failed cnt: 23
[info] position not increasing, failed cnt: 24
[info] position not increasing, failed cnt: 25
[info] position not increasing, failed cnt: 26
[info] position not increasing, failed cnt: 27
[info] position not increasing, failed cnt: 28
[info] position not increasing, failed cnt: 29
[info] position not increasing, failed cnt: 30
[info] position not increasing, failed cnt: 31
[info] position not increasing, failed cnt: 32
[info] position not increasing, failed cnt: 33
[info] position not increasing, failed cnt: 34
[info] position not increasing, failed cnt: 35
[info] position not increasing, failed cnt: 36
[info] position not increasing, failed cnt: 37
[info] position not increasing, failed cnt: 38
[info] position not increasing, failed cnt: 39
[info] position not increasing, failed cnt: 40
[info] position not increasing, failed cnt: 41
[info] position not increasing, failed cnt: 42
[info] position not increasing, failed cnt: 43
[info] position not increasing, failed cnt: 44
[info] position not increasing, failed cnt: 45
[info] position not increasing, failed cnt: 46
[info] position not increasing, failed cnt: 47
[info] position not increasing, failed cnt: 48
[info] position not increasing, failed cnt: 49
[info] position not increasing, failed cnt: 50
[info] position not increasing, failed cnt: 51
[info] position not increasing, failed cnt: 52
[info] position not increasing, failed cnt: 53
[info] position not increasing, failed cnt: 54
[info] position not increasing, failed cnt: 55
[info] position not increasing, failed cnt: 56
[info] position not increasing, failed cnt: 57
[info] position not increasing, failed cnt: 58
[info] position not increasing, failed cnt: 59
[info] position not increasing, failed cnt: 60
[info] position not increasing, failed cnt: 61
[info] position not increasing, failed cnt: 62
[info] position not increasing, failed cnt: 63
[info] position not increasing, failed cnt: 64
[info] position not increasing, failed cnt: 65
[info] position not increasing, failed cnt: 66
[info] position not increasing, failed cnt: 67
[info] position not increasing, failed cnt: 68
[info] position not increasing, failed cnt: 69
[info] position not increasing, failed cnt: 70
[info] position not increasing, failed cnt: 71
[info] position not increasing, failed cnt: 72
[info] position not increasing, failed cnt: 73
[info] position not increasing, failed cnt: 74
[info] position not increasing, failed cnt: 75
[info] position not increasing, failed cnt: 76
[info] position not increasing, failed cnt: 77
[info] position not increasing, failed cnt: 78
[info] position not increasing, failed cnt: 79
[info] position not increasing, failed cnt: 80
[info] position not increasing, failed cnt: 81
[info] position not increasing, failed cnt: 82
[info] position not increasing, failed cnt: 83
[info] position not increasing, failed cnt: 84
[info] position not increasing, failed cnt: 85
[info] position not increasing, failed cnt: 86
[info] position not increasing, failed cnt: 87
[info] position not increasing, failed cnt: 88
[info] position not increasing, failed cnt: 89
[info] position not increasing, failed cnt: 90
[info] position not increasing, failed cnt: 91
[info] position not increasing, failed cnt: 92
[info] position not increasing, failed cnt: 93
[info] position not increasing, failed cnt: 94
[info] position not increasing, failed cnt: 95
[info] position not increasing, failed cnt: 96
[info] position not increasing, failed cnt: 97
[info] position not increasing, failed cnt: 98
[info] position not increasing, failed cnt: 99
[info] position not increasing, failed cnt: 100
[info] position not increasing, failed cnt: 101
[info] position not increasing, failed cnt: 102
[info] position not increasing, failed cnt: 103
[info] position not increasing, failed cnt: 104
[info] position not increasing, failed cnt: 105
[info] position not increasing, failed cnt: 106
[info] position not increasing, failed cnt: 107
[info] position not increasing, failed cnt: 108
[info] position not increasing, failed cnt: 109
[info] position not increasing, failed cnt: 110
[info] position not increasing, failed cnt: 111
[info] position not increasing, failed cnt: 112
[info] position not increasing, failed cnt: 113
[info] position not increasing, failed cnt: 114
[info] position not increasing, failed cnt: 115
[info] position not increasing, failed cnt: 116
[info] position not increasing, failed cnt: 117
[info] position not increasing, failed cnt: 118
[info] position not increasing, failed cnt: 119
[info] position not increasing, failed cnt: 120
[info] position not increasing, failed cnt: 121
[info] position not increasing, failed cnt: 122
[info] position not increasing, failed cnt: 123
[info] position not increasing, failed cnt: 124
[info] position not increasing, failed cnt: 125
[info] position not increasing, failed cnt: 126
[info] position not increasing, failed cnt: 127
[info] position not increasing, failed cnt: 128
[FATAL] model stuck, exiting ...
[info] position not increasing, failed cnt: 1
[info] position not increasing, failed cnt: 2
[info] position not increasing, failed cnt: 3
[info] position not increasing, failed cnt: 4
[info] position not increasing, failed cnt: 5
[info] position not increasing, failed cnt: 6
[info] position not increasing, failed cnt: 7
[info] position not increasing, failed cnt: 8
[info] position not increasing, failed cnt: 9
[info] position not increasing, failed cnt: 10
[info] position not increasing, failed cnt: 11
[info] position not increasing, failed cnt: 12
[info] position not increasing, failed cnt: 13
[info] position not increasing, failed cnt: 14
[info] position not increasing, failed cnt: 15
[info] position not increasing, failed cnt: 16
[info] position not increasing, failed cnt: 17
[info] position not increasing, failed cnt: 18
[info] position not increasing, failed cnt: 19
[info] position not increasing, failed cnt: 20
[info] position not increasing, failed cnt: 21
[info] position not increasing, failed cnt: 22
[info] position not increasing, failed cnt: 23
[info] position not increasing, failed cnt: 24
[info] position not increasing, failed cnt: 25
[info] position not increasing, failed cnt: 26
[info] position not increasing, failed cnt: 27
[info] position not increasing, failed cnt: 28
[info] position not increasing, failed cnt: 29
[info] position not increasing, failed cnt: 30
[info] position not increasing, failed cnt: 31
[info] position not increasing, failed cnt: 32
[info] position not increasing, failed cnt: 33
[info] position not increasing, failed cnt: 34
[info] position not increasing, failed cnt: 35
[info] position not increasing, failed cnt: 36
[info] position not increasing, failed cnt: 37
[info] position not increasing, failed cnt: 38
[info] position not increasing, failed cnt: 39
[info] position not increasing, failed cnt: 40
[info] position not increasing, failed cnt: 41
[info] position not increasing, failed cnt: 42
[info] position not increasing, failed cnt: 43
[info] position not increasing, failed cnt: 44
[info] position not increasing, failed cnt: 45
[info] position not increasing, failed cnt: 46
[info] position not increasing, failed cnt: 47
[info] position not increasing, failed cnt: 48
[info] position not increasing, failed cnt: 49
[info] position not increasing, failed cnt: 50
[info] position not increasing, failed cnt: 51
[info] position not increasing, failed cnt: 52
[info] position not increasing, failed cnt: 53
[info] position not increasing, failed cnt: 54
[info] position not increasing, failed cnt: 55
[info] position not increasing, failed cnt: 56
[info] position not increasing, failed cnt: 57
[info] position not increasing, failed cnt: 58
[info] position not increasing, failed cnt: 59
[info] position not increasing, failed cnt: 60
[info] position not increasing, failed cnt: 61
[info] position not increasing, failed cnt: 62
[info] position not increasing, failed cnt: 63
[info] position not increasing, failed cnt: 64
[info] position not increasing, failed cnt: 65
[info] position not increasing, failed cnt: 66
[info] position not increasing, failed cnt: 67
[info] position not increasing, failed cnt: 68
[info] position not increasing, failed cnt: 69
[info] position not increasing, failed cnt: 70
[info] position not increasing, failed cnt: 71
[info] position not increasing, failed cnt: 72
[info] position not increasing, failed cnt: 73
[info] position not increasing, failed cnt: 74
[info] position not increasing, failed cnt: 75
[info] position not increasing, failed cnt: 76
[info] position not increasing, failed cnt: 77
[info] position not increasing, failed cnt: 78
[info] position not increasing, failed cnt: 79
[info] position not increasing, failed cnt: 80
[info] position not increasing, failed cnt: 81
[info] position not increasing, failed cnt: 82
[info] position not increasing, failed cnt: 83
[info] position not increasing, failed cnt: 84
[info] position not increasing, failed cnt: 85
[info] position not increasing, failed cnt: 86
[info] position not increasing, failed cnt: 87
[info] position not increasing, failed cnt: 88
[info] position not increasing, failed cnt: 89
[info] position not increasing, failed cnt: 90
[info] position not increasing, failed cnt: 91
[info] position not increasing, failed cnt: 92
[info] position not increasing, failed cnt: 93
[info] position not increasing, failed cnt: 94
[info] position not increasing, failed cnt: 95
[info] position not increasing, failed cnt: 96
[info] position not increasing, failed cnt: 97
[info] position not increasing, failed cnt: 98
[info] position not increasing, failed cnt: 99
[info] position not increasing, failed cnt: 100
[info] position not increasing, failed cnt: 101
[info] position not increasing, failed cnt: 102
[info] position not increasing, failed cnt: 103
[info] position not increasing, failed cnt: 104
[info] position not increasing, failed cnt: 105
[info] position not increasing, failed cnt: 106
[info] position not increasing, failed cnt: 107
[info] position not increasing, failed cnt: 108
[info] position not increasing, failed cnt: 109
[info] position not increasing, failed cnt: 110
[info] position not increasing, failed cnt: 111
[info] position not increasing, failed cnt: 112
[info] position not increasing, failed cnt: 113
[info] position not increasing, failed cnt: 114
[info] position not increasing, failed cnt: 115
[info] position not increasing, failed cnt: 116
[info] position not increasing, failed cnt: 117
[info] position not increasing, failed cnt: 118
[info] position not increasing, failed cnt: 119
[info] position not increasing, failed cnt: 120
[info] position not increasing, failed cnt: 121
[info] position not increasing, failed cnt: 122
[info] position not increasing, failed cnt: 123
[info] position not increasing, failed cnt: 124
[info] position not increasing, failed cnt: 125
[info] position not increasing, failed cnt: 126
[info] position not increasing, failed cnt: 127
[info] position not increasing, failed cnt: 128
[FATAL] model stuck, exiting ...
[info] position not increasing, failed cnt: 1
[info] position not increasing, failed cnt: 2
[info] position not increasing, failed cnt: 3
[info] position not increasing, failed cnt: 4
[info] position not increasing, failed cnt: 5
[info] position not increasing, failed cnt: 6
[info] position not increasing, failed cnt: 7
[info] position not increasing, failed cnt: 8
[info] position not increasing, failed cnt: 9
[info] position not increasing, failed cnt: 10
[info] position not increasing, failed cnt: 11
[info] position not increasing, failed cnt: 12
[info] position not increasing, failed cnt: 13
[info] position not increasing, failed cnt: 14
[info] position not increasing, failed cnt: 15
[info] position not increasing, failed cnt: 16
[info] position not increasing, failed cnt: 17
[info] position not increasing, failed cnt: 18
[info] position not increasing, failed cnt: 19
[info] position not increasing, failed cnt: 20
[info] position not increasing, failed cnt: 21
[info] position not increasing, failed cnt: 22
[info] position not increasing, failed cnt: 23
[info] position not increasing, failed cnt: 24
[info] position not increasing, failed cnt: 25
[info] position not increasing, failed cnt: 26
[info] position not increasing, failed cnt: 27
[info] position not increasing, failed cnt: 28
[info] position not increasing, failed cnt: 29
[info] position not increasing, failed cnt: 30
[info] position not increasing, failed cnt: 31
[info] position not increasing, failed cnt: 32
[info] position not increasing, failed cnt: 33
[info] position not increasing, failed cnt: 34
[info] position not increasing, failed cnt: 35
[info] position not increasing, failed cnt: 36
[info] position not increasing, failed cnt: 37
[info] position not increasing, failed cnt: 38
[info] position not increasing, failed cnt: 39
[info] position not increasing, failed cnt: 40
[info] position not increasing, failed cnt: 41
[info] position not increasing, failed cnt: 42
[info] position not increasing, failed cnt: 43
[info] position not increasing, failed cnt: 44
[info] position not increasing, failed cnt: 45
[info] position not increasing, failed cnt: 46
[info] position not increasing, failed cnt: 47
[info] position not increasing, failed cnt: 48
[info] position not increasing, failed cnt: 49
[info] position not increasing, failed cnt: 50
[info] position not increasing, failed cnt: 51
[info] position not increasing, failed cnt: 52
[info] position not increasing, failed cnt: 53
[info] position not increasing, failed cnt: 54
[info] position not increasing, failed cnt: 55
[info] position not increasing, failed cnt: 56
[info] position not increasing, failed cnt: 57
[info] position not increasing, failed cnt: 58
[info] position not increasing, failed cnt: 59
[info] position not increasing, failed cnt: 60
[info] position not increasing, failed cnt: 61
[info] position not increasing, failed cnt: 62
[info] position not increasing, failed cnt: 63
[info] position not increasing, failed cnt: 64
[info] position not increasing, failed cnt: 65
[info] position not increasing, failed cnt: 66
[info] position not increasing, failed cnt: 67
[info] position not increasing, failed cnt: 68
[info] position not increasing, failed cnt: 69
[info] position not increasing, failed cnt: 70
[info] position not increasing, failed cnt: 71
[info] position not increasing, failed cnt: 72
[info] position not increasing, failed cnt: 73
[info] position not increasing, failed cnt: 74
[info] position not increasing, failed cnt: 75
[info] position not increasing, failed cnt: 76
[info] position not increasing, failed cnt: 77
[info] position not increasing, failed cnt: 78
[info] position not increasing, failed cnt: 79
[info] position not increasing, failed cnt: 80
[info] position not increasing, failed cnt: 81
[info] position not increasing, failed cnt: 82
[info] position not increasing, failed cnt: 83
[info] position not increasing, failed cnt: 84
[info] position not increasing, failed cnt: 85
[info] position not increasing, failed cnt: 86
[info] position not increasing, failed cnt: 87
[info] position not increasing, failed cnt: 88
[info] position not increasing, failed cnt: 89
[info] position not increasing, failed cnt: 90
[info] position not increasing, failed cnt: 91
[info] position not increasing, failed cnt: 92
[info] position not increasing, failed cnt: 93
[info] position not increasing, failed cnt: 94
[info] position not increasing, failed cnt: 95
[info] position not increasing, failed cnt: 96
[info] position not increasing, failed cnt: 97
[info] position not increasing, failed cnt: 98
[info] position not increasing, failed cnt: 99
[info] position not increasing, failed cnt: 100
[info] position not increasing, failed cnt: 101
[info] position not increasing, failed cnt: 102
[info] position not increasing, failed cnt: 103
[info] position not increasing, failed cnt: 104
[info] position not increasing, failed cnt: 105
[info] position not increasing, failed cnt: 106
[info] position not increasing, failed cnt: 107
[info] position not increasing, failed cnt: 108
[info] position not increasing, failed cnt: 109
[info] position not increasing, failed cnt: 110
[info] position not increasing, failed cnt: 111
[info] position not increasing, failed cnt: 112
[info] position not increasing, failed cnt: 113
[info] position not increasing, failed cnt: 114
[info] position not increasing, failed cnt: 115
[info] position not increasing, failed cnt: 116
[info] position not increasing, failed cnt: 117
[info] position not increasing, failed cnt: 118
[info] position not increasing, failed cnt: 119
[info] position not increasing, failed cnt: 120
[info] position not increasing, failed cnt: 121
[info] position not increasing, failed cnt: 122
[info] position not increasing, failed cnt: 123
[info] position not increasing, failed cnt: 124
[info] position not increasing, failed cnt: 125
[info] position not increasing, failed cnt: 126
[info] position not increasing, failed cnt: 127
[info] position not increasing, failed cnt: 128
[FATAL] model stuck, exiting ...
59E7BFFni2GTDisijRqKU7 orig S3 ok=False fail=generation_failed_5_attempts 67.9s
-- generated events: 1198
-- time elapsed: 10.49 secs
5AEMs1wDhUJeZnTl5xyfys orig S3 ok=True fail=None 10.59s
-- generated events: 1080
-- time elapsed: 8.94 secs
5BldrYOHmqUwouMmcBNEtK orig S3 ok=True fail=None 9.03s
[info] position not increasing, failed cnt: 1
[info] position not increasing, failed cnt: 2
[info] position not increasing, failed cnt: 3
[info] position not increasing, failed cnt: 4
[info] position not increasing, failed cnt: 5
[info] position not increasing, failed cnt: 6
[info] position not increasing, failed cnt: 7
[info] position not increasing, failed cnt: 8
[info] position not increasing, failed cnt: 9
[info] position not increasing, failed cnt: 10
[info] position not increasing, failed cnt: 11
[info] position not increasing, failed cnt: 12
[info] position not increasing, failed cnt: 13
[info] position not increasing, failed cnt: 14
[info] position not increasing, failed cnt: 15
[info] position not increasing, failed cnt: 16
[info] position not increasing, failed cnt: 17
[info] position not increasing, failed cnt: 18
[info] position not increasing, failed cnt: 19
[info] position not increasing, failed cnt: 20
[info] position not increasing, failed cnt: 21
[info] position not increasing, failed cnt: 22
[info] position not increasing, failed cnt: 23
[info] position not increasing, failed cnt: 24
[info] position not increasing, failed cnt: 25
[info] position not increasing, failed cnt: 26
[info] position not increasing, failed cnt: 27
[info] position not increasing, failed cnt: 28
[info] position not increasing, failed cnt: 29
[info] position not increasing, failed cnt: 30
[info] position not increasing, failed cnt: 31
[info] position not increasing, failed cnt: 32
[info] position not increasing, failed cnt: 33
[info] position not increasing, failed cnt: 34
[info] position not increasing, failed cnt: 35
[info] position not increasing, failed cnt: 36
[info] position not increasing, failed cnt: 37
[info] position not increasing, failed cnt: 38
[info] position not increasing, failed cnt: 39
[info] position not increasing, failed cnt: 40
[info] position not increasing, failed cnt: 41
[info] position not increasing, failed cnt: 42
[info] position not increasing, failed cnt: 43
[info] position not increasing, failed cnt: 44
[info] position not increasing, failed cnt: 45
[info] position not increasing, failed cnt: 46
[info] position not increasing, failed cnt: 47
[info] position not increasing, failed cnt: 48
[info] position not increasing, failed cnt: 49
[info] position not increasing, failed cnt: 50
[info] position not increasing, failed cnt: 51
[info] position not increasing, failed cnt: 52
[info] position not increasing, failed cnt: 53
[info] position not increasing, failed cnt: 54
[info] position not increasing, failed cnt: 55
[info] position not increasing, failed cnt: 56
[info] position not increasing, failed cnt: 57
[info] position not increasing, failed cnt: 58
[info] position not increasing, failed cnt: 59
[info] position not increasing, failed cnt: 60
[info] position not increasing, failed cnt: 61
[info] position not increasing, failed cnt: 62
[info] position not increasing, failed cnt: 63
[info] position not increasing, failed cnt: 64
[info] position not increasing, failed cnt: 65
[info] position not increasing, failed cnt: 66
[info] position not increasing, failed cnt: 67
[info] position not increasing, failed cnt: 68
[info] position not increasing, failed cnt: 69
[info] position not increasing, failed cnt: 70
[info] position not increasing, failed cnt: 71
[info] position not increasing, failed cnt: 72
[info] position not increasing, failed cnt: 73
[info] position not increasing, failed cnt: 74
[info] position not increasing, failed cnt: 75
[info] position not increasing, failed cnt: 76
[info] position not increasing, failed cnt: 77
[info] position not increasing, failed cnt: 78
[info] position not increasing, failed cnt: 79
[info] position not increasing, failed cnt: 80
[info] position not increasing, failed cnt: 81
[info] position not increasing, failed cnt: 82
[info] position not increasing, failed cnt: 83
[info] position not increasing, failed cnt: 84
[info] position not increasing, failed cnt: 85
[info] position not increasing, failed cnt: 86
[info] position not increasing, failed cnt: 87
[info] position not increasing, failed cnt: 88
[info] position not increasing, failed cnt: 89
[info] position not increasing, failed cnt: 90
[info] position not increasing, failed cnt: 91
[info] position not increasing, failed cnt: 92
[info] position not increasing, failed cnt: 93
[info] position not increasing, failed cnt: 94
[info] position not increasing, failed cnt: 95
[info] position not increasing, failed cnt: 96
[info] position not increasing, failed cnt: 97
[info] position not increasing, failed cnt: 98
[info] position not increasing, failed cnt: 99
[info] position not increasing, failed cnt: 100
[info] position not increasing, failed cnt: 101
[info] position not increasing, failed cnt: 102
[info] position not increasing, failed cnt: 103
[info] position not increasing, failed cnt: 104
[info] position not increasing, failed cnt: 105
[info] position not increasing, failed cnt: 106
[info] position not increasing, failed cnt: 107
[info] position not increasing, failed cnt: 108
[info] position not increasing, failed cnt: 109
[info] position not increasing, failed cnt: 110
[info] position not increasing, failed cnt: 111
[info] position not increasing, failed cnt: 112
[info] position not increasing, failed cnt: 113
[info] position not increasing, failed cnt: 114
[info] position not increasing, failed cnt: 115
[info] position not increasing, failed cnt: 116
[info] position not increasing, failed cnt: 117
[info] position not increasing, failed cnt: 118
[info] position not increasing, failed cnt: 119
[info] position not increasing, failed cnt: 120
[info] position not increasing, failed cnt: 121
[info] position not increasing, failed cnt: 122
[info] position not increasing, failed cnt: 123
[info] position not increasing, failed cnt: 124
[info] position not increasing, failed cnt: 125
[info] position not increasing, failed cnt: 126
[info] position not increasing, failed cnt: 127
[info] position not increasing, failed cnt: 128
[FATAL] model stuck, exiting ...
-- generated events: 1215
-- time elapsed: 10.70 secs
5CqrGysexXG1yOlouhkm6p orig S3 ok=True fail=None 24.27s
[info] position not increasing, failed cnt: 1
[info] position not increasing, failed cnt: 2
[info] position not increasing, failed cnt: 3
[info] position not increasing, failed cnt: 4
[info] position not increasing, failed cnt: 5
[info] position not increasing, failed cnt: 6
[info] position not increasing, failed cnt: 7
[info] position not increasing, failed cnt: 8
[info] position not increasing, failed cnt: 9
[info] position not increasing, failed cnt: 10
[info] position not increasing, failed cnt: 11
[info] position not increasing, failed cnt: 12
[info] position not increasing, failed cnt: 13
[info] position not increasing, failed cnt: 14
[info] position not increasing, failed cnt: 15
[info] position not increasing, failed cnt: 16
[info] position not increasing, failed cnt: 17
[info] position not increasing, failed cnt: 18
[info] position not increasing, failed cnt: 19
[info] position not increasing, failed cnt: 20
[info] position not increasing, failed cnt: 21
[info] position not increasing, failed cnt: 22
[info] position not increasing, failed cnt: 23
[info] position not increasing, failed cnt: 24
[info] position not increasing, failed cnt: 25
[info] position not increasing, failed cnt: 26
[info] position not increasing, failed cnt: 27
[info] position not increasing, failed cnt: 28
[info] position not increasing, failed cnt: 29
[info] position not increasing, failed cnt: 30
[info] position not increasing, failed cnt: 31
[info] position not increasing, failed cnt: 32
[info] position not increasing, failed cnt: 33
[info] position not increasing, failed cnt: 34
[info] position not increasing, failed cnt: 35
[info] position not increasing, failed cnt: 36
[info] position not increasing, failed cnt: 37
[info] position not increasing, failed cnt: 38
[info] position not increasing, failed cnt: 39
[info] position not increasing, failed cnt: 40
[info] position not increasing, failed cnt: 41
[info] position not increasing, failed cnt: 42
[info] position not increasing, failed cnt: 43
[info] position not increasing, failed cnt: 44
[info] position not increasing, failed cnt: 45
[info] position not increasing, failed cnt: 46
[info] position not increasing, failed cnt: 47
[info] position not increasing, failed cnt: 48
[info] position not increasing, failed cnt: 49
[info] position not increasing, failed cnt: 50
[info] position not increasing, failed cnt: 51
[info] position not increasing, failed cnt: 52
[info] position not increasing, failed cnt: 53
[info] position not increasing, failed cnt: 54
[info] position not increasing, failed cnt: 55
[info] position not increasing, failed cnt: 56
[info] position not increasing, failed cnt: 57
[info] position not increasing, failed cnt: 58
[info] position not increasing, failed cnt: 59
[info] position not increasing, failed cnt: 60
[info] position not increasing, failed cnt: 61
[info] position not increasing, failed cnt: 62
[info] position not increasing, failed cnt: 63
[info] position not increasing, failed cnt: 64
[info] position not increasing, failed cnt: 65
[info] position not increasing, failed cnt: 66
[info] position not increasing, failed cnt: 67
[info] position not increasing, failed cnt: 68
[info] position not increasing, failed cnt: 69
[info] position not increasing, failed cnt: 70
[info] position not increasing, failed cnt: 71
[info] position not increasing, failed cnt: 72
[info] position not increasing, failed cnt: 73
[info] position not increasing, failed cnt: 74
[info] position not increasing, failed cnt: 75
[info] position not increasing, failed cnt: 76
[info] position not increasing, failed cnt: 77
[info] position not increasing, failed cnt: 78
[info] position not increasing, failed cnt: 79
[info] position not increasing, failed cnt: 80
[info] position not increasing, failed cnt: 81
[info] position not increasing, failed cnt: 82
[info] position not increasing, failed cnt: 83
[info] position not increasing, failed cnt: 84
[info] position not increasing, failed cnt: 85
[info] position not increasing, failed cnt: 86
[info] position not increasing, failed cnt: 87
[info] position not increasing, failed cnt: 88
[info] position not increasing, failed cnt: 89
[info] position not increasing, failed cnt: 90
[info] position not increasing, failed cnt: 91
[info] position not increasing, failed cnt: 92
[info] position not increasing, failed cnt: 93
[info] position not increasing, failed cnt: 94
[info] position not increasing, failed cnt: 95
[info] position not increasing, failed cnt: 96
[info] position not increasing, failed cnt: 97
[info] position not increasing, failed cnt: 98
[info] position not increasing, failed cnt: 99
[info] position not increasing, failed cnt: 100
[info] position not increasing, failed cnt: 101
[info] position not increasing, failed cnt: 102
[info] position not increasing, failed cnt: 103
[info] position not increasing, failed cnt: 104
[info] position not increasing, failed cnt: 105
[info] position not increasing, failed cnt: 106
[info] position not increasing, failed cnt: 107
[info] position not increasing, failed cnt: 108
[info] position not increasing, failed cnt: 109
[info] position not increasing, failed cnt: 110
[info] position not increasing, failed cnt: 111
[info] position not increasing, failed cnt: 112
[info] position not increasing, failed cnt: 113
[info] position not increasing, failed cnt: 114
[info] position not increasing, failed cnt: 115
[info] position not increasing, failed cnt: 116
[info] position not increasing, failed cnt: 117
[info] position not increasing, failed cnt: 118
[info] position not increasing, failed cnt: 119
[info] position not increasing, failed cnt: 120
[info] position not increasing, failed cnt: 121
[info] position not increasing, failed cnt: 122
[info] position not increasing, failed cnt: 123
[info] position not increasing, failed cnt: 124
[info] position not increasing, failed cnt: 125
[info] position not increasing, failed cnt: 126
[info] position not increasing, failed cnt: 127
[info] position not increasing, failed cnt: 128
[FATAL] model stuck, exiting ...
[info] position not increasing, failed cnt: 1
[info] error EOS occurs, failed eos: 1
[info] error EOS occurs, failed eos: 2
[info] error EOS occurs, failed eos: 3
[info] error EOS occurs, failed eos: 4
[info] error EOS occurs, failed eos: 5
[info] error EOS occurs, failed eos: 6
[info] error EOS occurs, failed eos: 7
[info] error EOS occurs, failed eos: 8
[info] error EOS occurs, failed eos: 9
[info] error EOS occurs, failed eos: 10
[info] error EOS occurs, failed eos: 11
[info] error EOS occurs, failed eos: 12
[info] error EOS occurs, failed eos: 13
[info] error EOS occurs, failed eos: 14
[info] error EOS occurs, failed eos: 15
[info] error EOS occurs, failed eos: 16
[info] error EOS occurs, failed eos: 17
[info] error EOS occurs, failed eos: 18
[info] error EOS occurs, failed eos: 19
[info] error EOS occurs, failed eos: 20
[info] error EOS occurs, failed eos: 21
[info] error EOS occurs, failed eos: 22
[info] error EOS occurs, failed eos: 23
[info] error EOS occurs, failed eos: 24
[info] error EOS occurs, failed eos: 25
[info] error EOS occurs, failed eos: 26
[info] error EOS occurs, failed eos: 27
[info] error EOS occurs, failed eos: 28
[info] error EOS occurs, failed eos: 29
[info] error EOS occurs, failed eos: 30
[info] error EOS occurs, failed eos: 31
[info] error EOS occurs, failed eos: 32
[info] error EOS occurs, failed eos: 33
[info] error EOS occurs, failed eos: 34
[info] error EOS occurs, failed eos: 35
[info] error EOS occurs, failed eos: 36
[info] error EOS occurs, failed eos: 37
[info] error EOS occurs, failed eos: 38
[info] error EOS occurs, failed eos: 39
[info] error EOS occurs, failed eos: 40
[info] error EOS occurs, failed eos: 41
[info] error EOS occurs, failed eos: 42
[info] error EOS occurs, failed eos: 43
[info] error EOS occurs, failed eos: 44
[info] error EOS occurs, failed eos: 45
[info] error EOS occurs, failed eos: 46
[info] error EOS occurs, failed eos: 47
[info] error EOS occurs, failed eos: 48
[info] error EOS occurs, failed eos: 49
[info] error EOS occurs, failed eos: 50
[info] error EOS occurs, failed eos: 51
[info] error EOS occurs, failed eos: 52
[info] error EOS occurs, failed eos: 53
[info] error EOS occurs, failed eos: 54
[info] error EOS occurs, failed eos: 55
[info] error EOS occurs, failed eos: 56
[info] error EOS occurs, failed eos: 57
[info] error EOS occurs, failed eos: 58
[info] error EOS occurs, failed eos: 59
[info] error EOS occurs, failed eos: 60
[info] error EOS occurs, failed eos: 61
[info] error EOS occurs, failed eos: 62
[info] error EOS occurs, failed eos: 63
[info] error EOS occurs, failed eos: 64
[info] error EOS occurs, failed eos: 65
[info] error EOS occurs, failed eos: 66
[info] error EOS occurs, failed eos: 67
[info] error EOS occurs, failed eos: 68
[info] error EOS occurs, failed eos: 69
[info] error EOS occurs, failed eos: 70
[info] error EOS occurs, failed eos: 71
[info] error EOS occurs, failed eos: 72
[info] error EOS occurs, failed eos: 73
[info] error EOS occurs, failed eos: 74
[info] error EOS occurs, failed eos: 75
[info] error EOS occurs, failed eos: 76
[info] error EOS occurs, failed eos: 77
[info] error EOS occurs, failed eos: 78
[info] error EOS occurs, failed eos: 79
[info] error EOS occurs, failed eos: 80
[info] error EOS occurs, failed eos: 81
[info] error EOS occurs, failed eos: 82
[info] error EOS occurs, failed eos: 83
[info] error EOS occurs, failed eos: 84
[info] error EOS occurs, failed eos: 85
[info] error EOS occurs, failed eos: 86
[info] error EOS occurs, failed eos: 87
[info] error EOS occurs, failed eos: 88
[info] error EOS occurs, failed eos: 89
[info] error EOS occurs, failed eos: 90
[info] error EOS occurs, failed eos: 91
[info] error EOS occurs, failed eos: 92
[info] error EOS occurs, failed eos: 93
[info] error EOS occurs, failed eos: 94
[info] error EOS occurs, failed eos: 95
[info] error EOS occurs, failed eos: 96
[info] error EOS occurs, failed eos: 97
[info] error EOS occurs, failed eos: 98
[info] error EOS occurs, failed eos: 99
[info] error EOS occurs, failed eos: 100
[info] error EOS occurs, failed eos: 101
[info] error EOS occurs, failed eos: 102
[info] error EOS occurs, failed eos: 103
[info] error EOS occurs, failed eos: 104
[info] error EOS occurs, failed eos: 105
[info] error EOS occurs, failed eos: 106
[info] error EOS occurs, failed eos: 107
[info] error EOS occurs, failed eos: 108
[info] error EOS occurs, failed eos: 109
[info] error EOS occurs, failed eos: 110
[info] error EOS occurs, failed eos: 111
[info] error EOS occurs, failed eos: 112
[info] error EOS occurs, failed eos: 113
[info] error EOS occurs, failed eos: 114
[info] error EOS occurs, failed eos: 115
[info] error EOS occurs, failed eos: 116
[info] error EOS occurs, failed eos: 117
[info] error EOS occurs, failed eos: 118
[info] error EOS occurs, failed eos: 119
[info] error EOS occurs, failed eos: 120
[info] error EOS occurs, failed eos: 121
[info] error EOS occurs, failed eos: 122
[info] error EOS occurs, failed eos: 123
[info] error EOS occurs, failed eos: 124
[info] error EOS occurs, failed eos: 125
[info] error EOS occurs, failed eos: 126
[info] error EOS occurs, failed eos: 127
[info] error EOS occurs, failed eos: 128
[FATAL] model stuck, eos error ...
[info] position not increasing, failed cnt: 1
[info] position not increasing, failed cnt: 2
[info] position not increasing, failed cnt: 3
[info] position not increasing, failed cnt: 4
[info] position not increasing, failed cnt: 5
[info] position not increasing, failed cnt: 6
[info] position not increasing, failed cnt: 7
[info] position not increasing, failed cnt: 8
[info] position not increasing, failed cnt: 9
[info] position not increasing, failed cnt: 10
[info] position not increasing, failed cnt: 11
[info] position not increasing, failed cnt: 12
[info] position not increasing, failed cnt: 13
[info] position not increasing, failed cnt: 14
[info] position not increasing, failed cnt: 15
[info] position not increasing, failed cnt: 16
[info] position not increasing, failed cnt: 17
[info] position not increasing, failed cnt: 18
[info] position not increasing, failed cnt: 19
[info] position not increasing, failed cnt: 20
[info] position not increasing, failed cnt: 21
[info] position not increasing, failed cnt: 22
[info] position not increasing, failed cnt: 23
[info] position not increasing, failed cnt: 24
[info] position not increasing, failed cnt: 25
[info] position not increasing, failed cnt: 26
[info] position not increasing, failed cnt: 27
[info] position not increasing, failed cnt: 28
[info] position not increasing, failed cnt: 29
[info] position not increasing, failed cnt: 30
[info] position not increasing, failed cnt: 31
[info] position not increasing, failed cnt: 32
[info] position not increasing, failed cnt: 33
[info] position not increasing, failed cnt: 34
[info] position not increasing, failed cnt: 35
[info] position not increasing, failed cnt: 36
[info] position not increasing, failed cnt: 37
[info] position not increasing, failed cnt: 38
[info] position not increasing, failed cnt: 39
[info] position not increasing, failed cnt: 40
[info] position not increasing, failed cnt: 41
[info] position not increasing, failed cnt: 42
[info] position not increasing, failed cnt: 43
[info] position not increasing, failed cnt: 44
[info] position not increasing, failed cnt: 45
[info] position not increasing, failed cnt: 46
[info] position not increasing, failed cnt: 47
[info] position not increasing, failed cnt: 48
[info] position not increasing, failed cnt: 49
[info] position not increasing, failed cnt: 50
[info] position not increasing, failed cnt: 51
[info] position not increasing, failed cnt: 52
[info] position not increasing, failed cnt: 53
[info] position not increasing, failed cnt: 54
[info] position not increasing, failed cnt: 55
[info] position not increasing, failed cnt: 56
[info] position not increasing, failed cnt: 57
[info] position not increasing, failed cnt: 58
[info] position not increasing, failed cnt: 59
[info] position not increasing, failed cnt: 60
[info] position not increasing, failed cnt: 61
[info] position not increasing, failed cnt: 62
[info] position not increasing, failed cnt: 63
[info] position not increasing, failed cnt: 64
[info] position not increasing, failed cnt: 65
[info] position not increasing, failed cnt: 66
[info] position not increasing, failed cnt: 67
[info] position not increasing, failed cnt: 68
[info] position not increasing, failed cnt: 69
[info] position not increasing, failed cnt: 70
[info] position not increasing, failed cnt: 71
[info] position not increasing, failed cnt: 72
[info] position not increasing, failed cnt: 73
[info] position not increasing, failed cnt: 74
[info] position not increasing, failed cnt: 75
[info] position not increasing, failed cnt: 76
[info] position not increasing, failed cnt: 77
[info] position not increasing, failed cnt: 78
[info] position not increasing, failed cnt: 79
[info] position not increasing, failed cnt: 80
[info] position not increasing, failed cnt: 81
[info] position not increasing, failed cnt: 82
[info] position not increasing, failed cnt: 83
[info] position not increasing, failed cnt: 84
[info] position not increasing, failed cnt: 85
[info] position not increasing, failed cnt: 86
[info] position not increasing, failed cnt: 87
[info] position not increasing, failed cnt: 88
[info] position not increasing, failed cnt: 89
[info] position not increasing, failed cnt: 90
[info] position not increasing, failed cnt: 91
[info] position not increasing, failed cnt: 92
[info] position not increasing, failed cnt: 93
[info] position not increasing, failed cnt: 94
[info] position not increasing, failed cnt: 95
[info] position not increasing, failed cnt: 96
[info] position not increasing, failed cnt: 97
[info] position not increasing, failed cnt: 98
[info] position not increasing, failed cnt: 99
[info] position not increasing, failed cnt: 100
[info] position not increasing, failed cnt: 101
[info] position not increasing, failed cnt: 102
[info] position not increasing, failed cnt: 103
[info] position not increasing, failed cnt: 104
[info] position not increasing, failed cnt: 105
[info] position not increasing, failed cnt: 106
[info] position not increasing, failed cnt: 107
[info] position not increasing, failed cnt: 108
[info] position not increasing, failed cnt: 109
[info] position not increasing, failed cnt: 110
[info] position not increasing, failed cnt: 111
[info] position not increasing, failed cnt: 112
[info] position not increasing, failed cnt: 113
[info] position not increasing, failed cnt: 114
[info] position not increasing, failed cnt: 115
[info] position not increasing, failed cnt: 116
[info] position not increasing, failed cnt: 117
[info] position not increasing, failed cnt: 118
[info] position not increasing, failed cnt: 119
[info] position not increasing, failed cnt: 120
[info] position not increasing, failed cnt: 121
[info] position not increasing, failed cnt: 122
[info] position not increasing, failed cnt: 123
[info] position not increasing, failed cnt: 124
[info] position not increasing, failed cnt: 125
[info] position not increasing, failed cnt: 126
[info] position not increasing, failed cnt: 127
[info] position not increasing, failed cnt: 128
[FATAL] model stuck, exiting ...
[info] position not increasing, failed cnt: 1
[info] position not increasing, failed cnt: 2
[info] position not increasing, failed cnt: 3
[info] position not increasing, failed cnt: 4
[info] position not increasing, failed cnt: 5
[info] position not increasing, failed cnt: 6
[info] position not increasing, failed cnt: 7
[info] position not increasing, failed cnt: 8
[info] position not increasing, failed cnt: 9
[info] position not increasing, failed cnt: 10
[info] position not increasing, failed cnt: 11
[info] position not increasing, failed cnt: 12
[info] position not increasing, failed cnt: 13
[info] position not increasing, failed cnt: 14
[info] position not increasing, failed cnt: 15
[info] position not increasing, failed cnt: 16
[info] position not increasing, failed cnt: 17
[info] position not increasing, failed cnt: 18
[info] position not increasing, failed cnt: 19
[info] position not increasing, failed cnt: 20
[info] position not increasing, failed cnt: 21
[info] position not increasing, failed cnt: 22
[info] position not increasing, failed cnt: 23
[info] position not increasing, failed cnt: 24
[info] position not increasing, failed cnt: 25
[info] position not increasing, failed cnt: 26
[info] position not increasing, failed cnt: 27
[info] position not increasing, failed cnt: 28
[info] position not increasing, failed cnt: 29
[info] position not increasing, failed cnt: 30
[info] position not increasing, failed cnt: 31
[info] position not increasing, failed cnt: 32
[info] position not increasing, failed cnt: 33
[info] position not increasing, failed cnt: 34
[info] position not increasing, failed cnt: 35
[info] position not increasing, failed cnt: 36
[info] position not increasing, failed cnt: 37
[info] position not increasing, failed cnt: 38
[info] position not increasing, failed cnt: 39
[info] position not increasing, failed cnt: 40
[info] position not increasing, failed cnt: 41
[info] position not increasing, failed cnt: 42
[info] position not increasing, failed cnt: 43
[info] position not increasing, failed cnt: 44
[info] position not increasing, failed cnt: 45
[info] position not increasing, failed cnt: 46
[info] position not increasing, failed cnt: 47
[info] position not increasing, failed cnt: 48
[info] position not increasing, failed cnt: 49
[info] position not increasing, failed cnt: 50
[info] position not increasing, failed cnt: 51
[info] position not increasing, failed cnt: 52
[info] position not increasing, failed cnt: 53
[info] position not increasing, failed cnt: 54
[info] position not increasing, failed cnt: 55
[info] position not increasing, failed cnt: 56
[info] position not increasing, failed cnt: 57
[info] position not increasing, failed cnt: 58
[info] position not increasing, failed cnt: 59
[info] position not increasing, failed cnt: 60
[info] position not increasing, failed cnt: 61
[info] position not increasing, failed cnt: 62
[info] position not increasing, failed cnt: 63
[info] position not increasing, failed cnt: 64
[info] position not increasing, failed cnt: 65
[info] position not increasing, failed cnt: 66
[info] position not increasing, failed cnt: 67
[info] position not increasing, failed cnt: 68
[info] position not increasing, failed cnt: 69
[info] position not increasing, failed cnt: 70
[info] position not increasing, failed cnt: 71
[info] position not increasing, failed cnt: 72
[info] position not increasing, failed cnt: 73
[info] position not increasing, failed cnt: 74
[info] position not increasing, failed cnt: 75
[info] position not increasing, failed cnt: 76
[info] position not increasing, failed cnt: 77
[info] position not increasing, failed cnt: 78
[info] position not increasing, failed cnt: 79
[info] position not increasing, failed cnt: 80
[info] position not increasing, failed cnt: 81
[info] position not increasing, failed cnt: 82
[info] position not increasing, failed cnt: 83
[info] position not increasing, failed cnt: 84
[info] position not increasing, failed cnt: 85
[info] position not increasing, failed cnt: 86
[info] position not increasing, failed cnt: 87
[info] position not increasing, failed cnt: 88
[info] position not increasing, failed cnt: 89
[info] position not increasing, failed cnt: 90
[info] position not increasing, failed cnt: 91
[info] position not increasing, failed cnt: 92
[info] position not increasing, failed cnt: 93
[info] position not increasing, failed cnt: 94
[info] position not increasing, failed cnt: 95
[info] position not increasing, failed cnt: 96
[info] position not increasing, failed cnt: 97
[info] position not increasing, failed cnt: 98
[info] position not increasing, failed cnt: 99
[info] position not increasing, failed cnt: 100
[info] position not increasing, failed cnt: 101
[info] position not increasing, failed cnt: 102
[info] position not increasing, failed cnt: 103
[info] position not increasing, failed cnt: 104
[info] position not increasing, failed cnt: 105
[info] position not increasing, failed cnt: 106
[info] position not increasing, failed cnt: 107
[info] position not increasing, failed cnt: 108
[info] position not increasing, failed cnt: 109
[info] position not increasing, failed cnt: 110
[info] position not increasing, failed cnt: 111
[info] position not increasing, failed cnt: 112
[info] position not increasing, failed cnt: 113
[info] position not increasing, failed cnt: 114
[info] position not increasing, failed cnt: 115
[info] position not increasing, failed cnt: 116
[info] position not increasing, failed cnt: 117
[info] position not increasing, failed cnt: 118
[info] position not increasing, failed cnt: 119
[info] position not increasing, failed cnt: 120
[info] position not increasing, failed cnt: 121
[info] position not increasing, failed cnt: 122
[info] position not increasing, failed cnt: 123
[info] position not increasing, failed cnt: 124
[info] position not increasing, failed cnt: 125
[info] position not increasing, failed cnt: 126
[info] position not increasing, failed cnt: 127
[info] position not increasing, failed cnt: 128
[FATAL] model stuck, exiting ...
[info] position not increasing, failed cnt: 1
[info] position not increasing, failed cnt: 2
[info] position not increasing, failed cnt: 3
[info] position not increasing, failed cnt: 4
[info] position not increasing, failed cnt: 5
[info] position not increasing, failed cnt: 6
[info] position not increasing, failed cnt: 7
[info] position not increasing, failed cnt: 8
[info] position not increasing, failed cnt: 9
[info] position not increasing, failed cnt: 10
[info] position not increasing, failed cnt: 11
[info] position not increasing, failed cnt: 12
[info] position not increasing, failed cnt: 13
[info] position not increasing, failed cnt: 14
[info] position not increasing, failed cnt: 15
[info] position not increasing, failed cnt: 16
[info] position not increasing, failed cnt: 17
[info] position not increasing, failed cnt: 18
[info] position not increasing, failed cnt: 19
[info] position not increasing, failed cnt: 20
[info] position not increasing, failed cnt: 21
[info] position not increasing, failed cnt: 22
[info] position not increasing, failed cnt: 23
[info] position not increasing, failed cnt: 24
[info] position not increasing, failed cnt: 25
[info] position not increasing, failed cnt: 26
[info] position not increasing, failed cnt: 27
[info] position not increasing, failed cnt: 28
[info] position not increasing, failed cnt: 29
[info] position not increasing, failed cnt: 30
[info] position not increasing, failed cnt: 31
[info] position not increasing, failed cnt: 32
[info] position not increasing, failed cnt: 33
[info] position not increasing, failed cnt: 34
[info] position not increasing, failed cnt: 35
[info] position not increasing, failed cnt: 36
[info] position not increasing, failed cnt: 37
[info] position not increasing, failed cnt: 38
[info] position not increasing, failed cnt: 39
[info] position not increasing, failed cnt: 40
[info] position not increasing, failed cnt: 41
[info] position not increasing, failed cnt: 42
[info] position not increasing, failed cnt: 43
[info] position not increasing, failed cnt: 44
[info] position not increasing, failed cnt: 45
[info] position not increasing, failed cnt: 46
[info] position not increasing, failed cnt: 47
[info] position not increasing, failed cnt: 48
[info] position not increasing, failed cnt: 49
[info] position not increasing, failed cnt: 50
[info] position not increasing, failed cnt: 51
[info] position not increasing, failed cnt: 52
[info] position not increasing, failed cnt: 53
[info] position not increasing, failed cnt: 54
[info] position not increasing, failed cnt: 55
[info] position not increasing, failed cnt: 56
[info] position not increasing, failed cnt: 57
[info] position not increasing, failed cnt: 58
[info] position not increasing, failed cnt: 59
[info] position not increasing, failed cnt: 60
[info] position not increasing, failed cnt: 61
[info] position not increasing, failed cnt: 62
[info] position not increasing, failed cnt: 63
[info] position not increasing, failed cnt: 64
[info] position not increasing, failed cnt: 65
[info] position not increasing, failed cnt: 66
[info] position not increasing, failed cnt: 67
[info] position not increasing, failed cnt: 68
[info] position not increasing, failed cnt: 69
[info] position not increasing, failed cnt: 70
[info] position not increasing, failed cnt: 71
[info] position not increasing, failed cnt: 72
[info] position not increasing, failed cnt: 73
[info] position not increasing, failed cnt: 74
[info] position not increasing, failed cnt: 75
[info] position not increasing, failed cnt: 76
[info] position not increasing, failed cnt: 77
[info] position not increasing, failed cnt: 78
[info] position not increasing, failed cnt: 79
[info] position not increasing, failed cnt: 80
[info] position not increasing, failed cnt: 81
[info] position not increasing, failed cnt: 82
[info] position not increasing, failed cnt: 83
[info] position not increasing, failed cnt: 84
[info] position not increasing, failed cnt: 85
[info] position not increasing, failed cnt: 86
[info] position not increasing, failed cnt: 87
[info] position not increasing, failed cnt: 88
[info] position not increasing, failed cnt: 89
[info] position not increasing, failed cnt: 90
[info] position not increasing, failed cnt: 91
[info] position not increasing, failed cnt: 92
[info] position not increasing, failed cnt: 93
[info] position not increasing, failed cnt: 94
[info] position not increasing, failed cnt: 95
[info] position not increasing, failed cnt: 96
[info] position not increasing, failed cnt: 97
[info] position not increasing, failed cnt: 98
[info] position not increasing, failed cnt: 99
[info] position not increasing, failed cnt: 100
[info] position not increasing, failed cnt: 101
[info] position not increasing, failed cnt: 102
[info] position not increasing, failed cnt: 103
[info] position not increasing, failed cnt: 104
[info] position not increasing, failed cnt: 105
[info] position not increasing, failed cnt: 106
[info] position not increasing, failed cnt: 107
[info] position not increasing, failed cnt: 108
[info] position not increasing, failed cnt: 109
[info] position not increasing, failed cnt: 110
[info] position not increasing, failed cnt: 111
[info] position not increasing, failed cnt: 112
[info] position not increasing, failed cnt: 113
[info] position not increasing, failed cnt: 114
[info] position not increasing, failed cnt: 115
[info] position not increasing, failed cnt: 116
[info] position not increasing, failed cnt: 117
[info] position not increasing, failed cnt: 118
[info] position not increasing, failed cnt: 119
[info] position not increasing, failed cnt: 120
[info] position not increasing, failed cnt: 121
[info] position not increasing, failed cnt: 122
[info] position not increasing, failed cnt: 123
[info] position not increasing, failed cnt: 124
[info] position not increasing, failed cnt: 125
[info] position not increasing, failed cnt: 126
[info] position not increasing, failed cnt: 127
[info] position not increasing, failed cnt: 128
[FATAL] model stuck, exiting ...
5EbU9BSwgacaX0mW7zU4jN orig S3 ok=False fail=generation_failed_5_attempts 74.75s
[info] position not increasing, failed cnt: 1
[info] position not increasing, failed cnt: 2
[info] position not increasing, failed cnt: 3
[info] position not increasing, failed cnt: 4
[info] position not increasing, failed cnt: 5
[info] position not increasing, failed cnt: 6
[info] position not increasing, failed cnt: 7
[info] position not increasing, failed cnt: 8
[info] position not increasing, failed cnt: 9
[info] position not increasing, failed cnt: 10
[info] position not increasing, failed cnt: 11
[info] position not increasing, failed cnt: 12
[info] position not increasing, failed cnt: 13
[info] position not increasing, failed cnt: 14
[info] position not increasing, failed cnt: 15
[info] position not increasing, failed cnt: 16
[info] position not increasing, failed cnt: 17
[info] position not increasing, failed cnt: 18
[info] position not increasing, failed cnt: 19
[info] position not increasing, failed cnt: 20
[info] position not increasing, failed cnt: 21
[info] position not increasing, failed cnt: 22
[info] position not increasing, failed cnt: 23
[info] position not increasing, failed cnt: 24
[info] position not increasing, failed cnt: 25
[info] position not increasing, failed cnt: 26
[info] position not increasing, failed cnt: 27
[info] position not increasing, failed cnt: 28
[info] position not increasing, failed cnt: 29
[info] position not increasing, failed cnt: 30
[info] position not increasing, failed cnt: 31
[info] position not increasing, failed cnt: 32
[info] position not increasing, failed cnt: 33
[info] position not increasing, failed cnt: 34
[info] position not increasing, failed cnt: 35
[info] position not increasing, failed cnt: 36
[info] position not increasing, failed cnt: 37
[info] position not increasing, failed cnt: 38
[info] position not increasing, failed cnt: 39
[info] position not increasing, failed cnt: 40
[info] position not increasing, failed cnt: 41
[info] position not increasing, failed cnt: 42
[info] position not increasing, failed cnt: 43
[info] position not increasing, failed cnt: 44
[info] position not increasing, failed cnt: 45
[info] position not increasing, failed cnt: 46
[info] position not increasing, failed cnt: 47
[info] position not increasing, failed cnt: 48
[info] position not increasing, failed cnt: 49
[info] position not increasing, failed cnt: 50
[info] position not increasing, failed cnt: 51
[info] position not increasing, failed cnt: 52
[info] position not increasing, failed cnt: 53
[info] position not increasing, failed cnt: 54
[info] position not increasing, failed cnt: 55
[info] position not increasing, failed cnt: 56
[info] position not increasing, failed cnt: 57
[info] position not increasing, failed cnt: 58
[info] position not increasing, failed cnt: 59
[info] position not increasing, failed cnt: 60
[info] position not increasing, failed cnt: 61
[info] position not increasing, failed cnt: 62
[info] position not increasing, failed cnt: 63
[info] position not increasing, failed cnt: 64
[info] position not increasing, failed cnt: 65
[info] position not increasing, failed cnt: 66
[info] position not increasing, failed cnt: 67
[info] position not increasing, failed cnt: 68
[info] position not increasing, failed cnt: 69
[info] position not increasing, failed cnt: 70
[info] position not increasing, failed cnt: 71
[info] position not increasing, failed cnt: 72
[info] position not increasing, failed cnt: 73
[info] position not increasing, failed cnt: 74
[info] position not increasing, failed cnt: 75
[info] position not increasing, failed cnt: 76
[info] position not increasing, failed cnt: 77
[info] position not increasing, failed cnt: 78
[info] position not increasing, failed cnt: 79
[info] position not increasing, failed cnt: 80
[info] position not increasing, failed cnt: 81
[info] position not increasing, failed cnt: 82
[info] position not increasing, failed cnt: 83
[info] position not increasing, failed cnt: 84
[info] position not increasing, failed cnt: 85
[info] position not increasing, failed cnt: 86
[info] position not increasing, failed cnt: 87
[info] position not increasing, failed cnt: 88
[info] position not increasing, failed cnt: 89
[info] position not increasing, failed cnt: 90
[info] position not increasing, failed cnt: 91
[info] position not increasing, failed cnt: 92
[info] position not increasing, failed cnt: 93
[info] position not increasing, failed cnt: 94
[info] position not increasing, failed cnt: 95
[info] position not increasing, failed cnt: 96
[info] position not increasing, failed cnt: 97
[info] position not increasing, failed cnt: 98
[info] position not increasing, failed cnt: 99
[info] position not increasing, failed cnt: 100
[info] position not increasing, failed cnt: 101
[info] position not increasing, failed cnt: 102
[info] position not increasing, failed cnt: 103
[info] position not increasing, failed cnt: 104
[info] position not increasing, failed cnt: 105
[info] position not increasing, failed cnt: 106
[info] position not increasing, failed cnt: 107
[info] position not increasing, failed cnt: 108
[info] position not increasing, failed cnt: 109
[info] position not increasing, failed cnt: 110
[info] position not increasing, failed cnt: 111
[info] position not increasing, failed cnt: 112
[info] position not increasing, failed cnt: 113
[info] position not increasing, failed cnt: 114
[info] position not increasing, failed cnt: 115
[info] position not increasing, failed cnt: 116
[info] position not increasing, failed cnt: 117
[info] position not increasing, failed cnt: 118
[info] position not increasing, failed cnt: 119
[info] position not increasing, failed cnt: 120
[info] position not increasing, failed cnt: 121
[info] position not increasing, failed cnt: 122
[info] position not increasing, failed cnt: 123
[info] position not increasing, failed cnt: 124
[info] position not increasing, failed cnt: 125
[info] position not increasing, failed cnt: 126
[info] position not increasing, failed cnt: 127
[info] position not increasing, failed cnt: 128
[FATAL] model stuck, exiting ...
[info] position not increasing, failed cnt: 1
[info] position not increasing, failed cnt: 2
[info] position not increasing, failed cnt: 3
[info] position not increasing, failed cnt: 4
[info] position not increasing, failed cnt: 5
[info] position not increasing, failed cnt: 1
[info] position not increasing, failed cnt: 2
[info] position not increasing, failed cnt: 3
[info] position not increasing, failed cnt: 4
[info] position not increasing, failed cnt: 5
[info] position not increasing, failed cnt: 6
[info] position not increasing, failed cnt: 7
[info] position not increasing, failed cnt: 8
[info] position not increasing, failed cnt: 9
[info] position not increasing, failed cnt: 10
[info] position not increasing, failed cnt: 11
[info] position not increasing, failed cnt: 12
[info] position not increasing, failed cnt: 13
[info] position not increasing, failed cnt: 14
[info] position not increasing, failed cnt: 15
[info] position not increasing, failed cnt: 16
[info] position not increasing, failed cnt: 17
[info] position not increasing, failed cnt: 18
[info] position not increasing, failed cnt: 19
[info] position not increasing, failed cnt: 20
[info] position not increasing, failed cnt: 21
[info] position not increasing, failed cnt: 22
[info] position not increasing, failed cnt: 23
[info] position not increasing, failed cnt: 24
[info] position not increasing, failed cnt: 25
[info] position not increasing, failed cnt: 26
[info] position not increasing, failed cnt: 27
[info] position not increasing, failed cnt: 28
[info] position not increasing, failed cnt: 29
[info] position not increasing, failed cnt: 30
[info] position not increasing, failed cnt: 31
[info] position not increasing, failed cnt: 32
[info] position not increasing, failed cnt: 33
[info] position not increasing, failed cnt: 34
[info] position not increasing, failed cnt: 35
[info] position not increasing, failed cnt: 36
[info] position not increasing, failed cnt: 37
[info] position not increasing, failed cnt: 38
[info] position not increasing, failed cnt: 39
[info] position not increasing, failed cnt: 40
[info] position not increasing, failed cnt: 41
[info] position not increasing, failed cnt: 42
[info] position not increasing, failed cnt: 43
[info] position not increasing, failed cnt: 44
[info] position not increasing, failed cnt: 45
[info] position not increasing, failed cnt: 46
[info] position not increasing, failed cnt: 47
[info] position not increasing, failed cnt: 48
[info] position not increasing, failed cnt: 49
[info] position not increasing, failed cnt: 50
[info] position not increasing, failed cnt: 51
[info] position not increasing, failed cnt: 52
[info] position not increasing, failed cnt: 53
[info] position not increasing, failed cnt: 54
[info] position not increasing, failed cnt: 55
[info] position not increasing, failed cnt: 56
[info] position not increasing, failed cnt: 57
[info] position not increasing, failed cnt: 58
[info] position not increasing, failed cnt: 59
[info] position not increasing, failed cnt: 60
[info] position not increasing, failed cnt: 61
[info] position not increasing, failed cnt: 62
[info] position not increasing, failed cnt: 63
[info] position not increasing, failed cnt: 64
[info] position not increasing, failed cnt: 65
[info] position not increasing, failed cnt: 66
[info] position not increasing, failed cnt: 67
[info] position not increasing, failed cnt: 68
[info] position not increasing, failed cnt: 69
[info] position not increasing, failed cnt: 70
[info] position not increasing, failed cnt: 71
[info] position not increasing, failed cnt: 72
[info] position not increasing, failed cnt: 73
[info] position not increasing, failed cnt: 74
[info] position not increasing, failed cnt: 75
[info] position not increasing, failed cnt: 76
[info] position not increasing, failed cnt: 77
[info] position not increasing, failed cnt: 78
[info] position not increasing, failed cnt: 79
[info] position not increasing, failed cnt: 80
[info] position not increasing, failed cnt: 81
[info] position not increasing, failed cnt: 82
[info] position not increasing, failed cnt: 83
[info] position not increasing, failed cnt: 84
[info] position not increasing, failed cnt: 85
[info] position not increasing, failed cnt: 86
[info] position not increasing, failed cnt: 87
[info] position not increasing, failed cnt: 88
[info] position not increasing, failed cnt: 89
[info] position not increasing, failed cnt: 90
[info] position not increasing, failed cnt: 91
[info] position not increasing, failed cnt: 92
[info] position not increasing, failed cnt: 93
[info] position not increasing, failed cnt: 94
[info] position not increasing, failed cnt: 95
[info] position not increasing, failed cnt: 96
[info] position not increasing, failed cnt: 97
[info] position not increasing, failed cnt: 98
[info] position not increasing, failed cnt: 99
[info] position not increasing, failed cnt: 100
[info] position not increasing, failed cnt: 101
[info] position not increasing, failed cnt: 102
[info] position not increasing, failed cnt: 103
[info] position not increasing, failed cnt: 104
[info] position not increasing, failed cnt: 105
[info] position not increasing, failed cnt: 106
[info] position not increasing, failed cnt: 107
[info] position not increasing, failed cnt: 108
[info] position not increasing, failed cnt: 109
[info] position not increasing, failed cnt: 110
[info] position not increasing, failed cnt: 111
[info] position not increasing, failed cnt: 112
[info] position not increasing, failed cnt: 113
[info] position not increasing, failed cnt: 114
[info] position not increasing, failed cnt: 115
[info] position not increasing, failed cnt: 116
[info] position not increasing, failed cnt: 117
[info] position not increasing, failed cnt: 118
[info] position not increasing, failed cnt: 119
[info] position not increasing, failed cnt: 120
[info] position not increasing, failed cnt: 121
[info] position not increasing, failed cnt: 122
[info] position not increasing, failed cnt: 123
[info] position not increasing, failed cnt: 124
[info] position not increasing, failed cnt: 125
[info] position not increasing, failed cnt: 126
[info] position not increasing, failed cnt: 127
[info] position not increasing, failed cnt: 128
[FATAL] model stuck, exiting ...
[info] position not increasing, failed cnt: 1
[info] position not increasing, failed cnt: 2
[info] position not increasing, failed cnt: 3
[info] position not increasing, failed cnt: 4
[info] position not increasing, failed cnt: 5
[info] position not increasing, failed cnt: 6
[info] position not increasing, failed cnt: 7
[info] position not increasing, failed cnt: 8
[info] position not increasing, failed cnt: 9
[info] position not increasing, failed cnt: 10
[info] position not increasing, failed cnt: 11
[info] position not increasing, failed cnt: 12
[info] position not increasing, failed cnt: 13
[info] position not increasing, failed cnt: 14
[info] position not increasing, failed cnt: 15
[info] position not increasing, failed cnt: 16
[info] position not increasing, failed cnt: 17
[info] position not increasing, failed cnt: 18
[info] position not increasing, failed cnt: 19
[info] position not increasing, failed cnt: 20
[info] position not increasing, failed cnt: 21
[info] position not increasing, failed cnt: 22
[info] position not increasing, failed cnt: 23
[info] position not increasing, failed cnt: 24
[info] position not increasing, failed cnt: 25
[info] position not increasing, failed cnt: 26
[info] position not increasing, failed cnt: 27
[info] position not increasing, failed cnt: 28
[info] position not increasing, failed cnt: 29
[info] position not increasing, failed cnt: 30
[info] position not increasing, failed cnt: 31
[info] position not increasing, failed cnt: 32
[info] position not increasing, failed cnt: 33
[info] position not increasing, failed cnt: 34
[info] position not increasing, failed cnt: 35
[info] position not increasing, failed cnt: 36
[info] position not increasing, failed cnt: 37
[info] position not increasing, failed cnt: 38
[info] position not increasing, failed cnt: 39
[info] position not increasing, failed cnt: 40
[info] position not increasing, failed cnt: 41
[info] position not increasing, failed cnt: 42
[info] position not increasing, failed cnt: 43
[info] position not increasing, failed cnt: 44
[info] position not increasing, failed cnt: 45
[info] position not increasing, failed cnt: 46
[info] position not increasing, failed cnt: 47
[info] position not increasing, failed cnt: 48
[info] position not increasing, failed cnt: 49
[info] position not increasing, failed cnt: 50
[info] position not increasing, failed cnt: 51
[info] position not increasing, failed cnt: 52
[info] position not increasing, failed cnt: 53
[info] position not increasing, failed cnt: 54
[info] position not increasing, failed cnt: 55
[info] position not increasing, failed cnt: 56
[info] position not increasing, failed cnt: 57
[info] position not increasing, failed cnt: 58
[info] position not increasing, failed cnt: 59
[info] position not increasing, failed cnt: 60
[info] position not increasing, failed cnt: 61
[info] position not increasing, failed cnt: 62
[info] position not increasing, failed cnt: 63
[info] position not increasing, failed cnt: 64
[info] position not increasing, failed cnt: 65
[info] position not increasing, failed cnt: 66
[info] position not increasing, failed cnt: 67
[info] position not increasing, failed cnt: 68
[info] position not increasing, failed cnt: 69
[info] position not increasing, failed cnt: 70
[info] position not increasing, failed cnt: 71
[info] position not increasing, failed cnt: 72
[info] position not increasing, failed cnt: 73
[info] position not increasing, failed cnt: 74
[info] position not increasing, failed cnt: 75
[info] position not increasing, failed cnt: 76
[info] position not increasing, failed cnt: 77
[info] position not increasing, failed cnt: 78
[info] position not increasing, failed cnt: 79
[info] position not increasing, failed cnt: 80
[info] position not increasing, failed cnt: 81
[info] position not increasing, failed cnt: 82
[info] position not increasing, failed cnt: 83
[info] position not increasing, failed cnt: 84
[info] position not increasing, failed cnt: 85
[info] position not increasing, failed cnt: 86
[info] position not increasing, failed cnt: 87
[info] position not increasing, failed cnt: 88
[info] position not increasing, failed cnt: 89
[info] position not increasing, failed cnt: 90
[info] position not increasing, failed cnt: 91
[info] position not increasing, failed cnt: 92
[info] position not increasing, failed cnt: 93
[info] position not increasing, failed cnt: 94
[info] position not increasing, failed cnt: 95
[info] position not increasing, failed cnt: 96
[info] position not increasing, failed cnt: 97
[info] position not increasing, failed cnt: 98
[info] position not increasing, failed cnt: 99
[info] position not increasing, failed cnt: 100
[info] position not increasing, failed cnt: 101
[info] position not increasing, failed cnt: 102
[info] position not increasing, failed cnt: 103
[info] position not increasing, failed cnt: 104
[info] position not increasing, failed cnt: 105
[info] position not increasing, failed cnt: 106
[info] position not increasing, failed cnt: 107
[info] position not increasing, failed cnt: 108
[info] position not increasing, failed cnt: 109
[info] position not increasing, failed cnt: 110
[info] position not increasing, failed cnt: 111
[info] position not increasing, failed cnt: 112
[info] position not increasing, failed cnt: 113
[info] position not increasing, failed cnt: 114
[info] position not increasing, failed cnt: 115
[info] position not increasing, failed cnt: 116
[info] position not increasing, failed cnt: 117
[info] position not increasing, failed cnt: 118
[info] position not increasing, failed cnt: 119
[info] position not increasing, failed cnt: 120
[info] position not increasing, failed cnt: 121
[info] position not increasing, failed cnt: 122
[info] position not increasing, failed cnt: 123
[info] position not increasing, failed cnt: 124
[info] position not increasing, failed cnt: 125
[info] position not increasing, failed cnt: 126
[info] position not increasing, failed cnt: 127
[info] position not increasing, failed cnt: 128
[FATAL] model stuck, exiting ...
[info] position not increasing, failed cnt: 1
[info] position not increasing, failed cnt: 2
[info] position not increasing, failed cnt: 3
[info] position not increasing, failed cnt: 4
[info] position not increasing, failed cnt: 5
[info] position not increasing, failed cnt: 6
[info] position not increasing, failed cnt: 7
[info] position not increasing, failed cnt: 8
[info] position not increasing, failed cnt: 9
[info] position not increasing, failed cnt: 10
[info] position not increasing, failed cnt: 11
[info] position not increasing, failed cnt: 12
[info] position not increasing, failed cnt: 13
[info] position not increasing, failed cnt: 14
[info] position not increasing, failed cnt: 15
[info] position not increasing, failed cnt: 16
[info] position not increasing, failed cnt: 17
[info] position not increasing, failed cnt: 18
[info] position not increasing, failed cnt: 19
[info] position not increasing, failed cnt: 20
[info] position not increasing, failed cnt: 21
[info] position not increasing, failed cnt: 22
[info] position not increasing, failed cnt: 23
[info] position not increasing, failed cnt: 24
[info] position not increasing, failed cnt: 25
[info] position not increasing, failed cnt: 26
[info] position not increasing, failed cnt: 27
[info] position not increasing, failed cnt: 28
[info] position not increasing, failed cnt: 29
[info] position not increasing, failed cnt: 30
[info] position not increasing, failed cnt: 31
[info] position not increasing, failed cnt: 32
[info] position not increasing, failed cnt: 33
[info] position not increasing, failed cnt: 34
[info] position not increasing, failed cnt: 35
[info] position not increasing, failed cnt: 36
[info] position not increasing, failed cnt: 37
[info] position not increasing, failed cnt: 38
[info] position not increasing, failed cnt: 39
[info] position not increasing, failed cnt: 40
[info] position not increasing, failed cnt: 41
[info] position not increasing, failed cnt: 42
[info] position not increasing, failed cnt: 43
[info] position not increasing, failed cnt: 44
[info] position not increasing, failed cnt: 45
[info] position not increasing, failed cnt: 46
[info] position not increasing, failed cnt: 47
[info] position not increasing, failed cnt: 48
[info] position not increasing, failed cnt: 49
[info] position not increasing, failed cnt: 50
[info] position not increasing, failed cnt: 51
[info] position not increasing, failed cnt: 52
[info] position not increasing, failed cnt: 53
[info] position not increasing, failed cnt: 54
[info] position not increasing, failed cnt: 55
[info] position not increasing, failed cnt: 56
[info] position not increasing, failed cnt: 57
[info] position not increasing, failed cnt: 58
[info] position not increasing, failed cnt: 59
[info] position not increasing, failed cnt: 60
[info] position not increasing, failed cnt: 61
[info] position not increasing, failed cnt: 62
[info] position not increasing, failed cnt: 63
[info] position not increasing, failed cnt: 64
[info] position not increasing, failed cnt: 65
[info] position not increasing, failed cnt: 66
[info] position not increasing, failed cnt: 67
[info] position not increasing, failed cnt: 68
[info] position not increasing, failed cnt: 69
[info] position not increasing, failed cnt: 70
[info] position not increasing, failed cnt: 71
[info] position not increasing, failed cnt: 72
[info] position not increasing, failed cnt: 73
[info] position not increasing, failed cnt: 74
[info] position not increasing, failed cnt: 75
[info] position not increasing, failed cnt: 76
[info] position not increasing, failed cnt: 77
[info] position not increasing, failed cnt: 78
[info] position not increasing, failed cnt: 79
[info] position not increasing, failed cnt: 80
[info] position not increasing, failed cnt: 81
[info] position not increasing, failed cnt: 82
[info] position not increasing, failed cnt: 83
[info] position not increasing, failed cnt: 84
[info] position not increasing, failed cnt: 85
[info] position not increasing, failed cnt: 86
[info] position not increasing, failed cnt: 87
[info] position not increasing, failed cnt: 88
[info] position not increasing, failed cnt: 89
[info] position not increasing, failed cnt: 90
[info] position not increasing, failed cnt: 91
[info] position not increasing, failed cnt: 92
[info] position not increasing, failed cnt: 93
[info] position not increasing, failed cnt: 94
[info] position not increasing, failed cnt: 95
[info] position not increasing, failed cnt: 96
[info] position not increasing, failed cnt: 97
[info] position not increasing, failed cnt: 98
[info] position not increasing, failed cnt: 99
[info] position not increasing, failed cnt: 100
[info] position not increasing, failed cnt: 101
[info] position not increasing, failed cnt: 102
[info] position not increasing, failed cnt: 103
[info] position not increasing, failed cnt: 104
[info] position not increasing, failed cnt: 105
[info] position not increasing, failed cnt: 106
[info] position not increasing, failed cnt: 107
[info] position not increasing, failed cnt: 108
[info] position not increasing, failed cnt: 109
[info] position not increasing, failed cnt: 110
[info] position not increasing, failed cnt: 111
[info] position not increasing, failed cnt: 112
[info] position not increasing, failed cnt: 113
[info] position not increasing, failed cnt: 114
[info] position not increasing, failed cnt: 115
[info] position not increasing, failed cnt: 116
[info] position not increasing, failed cnt: 117
[info] position not increasing, failed cnt: 118
[info] position not increasing, failed cnt: 119
[info] position not increasing, failed cnt: 120
[info] position not increasing, failed cnt: 121
[info] position not increasing, failed cnt: 122
[info] position not increasing, failed cnt: 123
[info] position not increasing, failed cnt: 124
[info] position not increasing, failed cnt: 125
[info] position not increasing, failed cnt: 126
[info] position not increasing, failed cnt: 127
[info] position not increasing, failed cnt: 128
[FATAL] model stuck, exiting ...
[info] position not increasing, failed cnt: 1
[info] position not increasing, failed cnt: 2
[info] position not increasing, failed cnt: 3
[info] position not increasing, failed cnt: 4
[info] position not increasing, failed cnt: 5
[info] position not increasing, failed cnt: 6
[info] position not increasing, failed cnt: 7
[info] position not increasing, failed cnt: 8
[info] position not increasing, failed cnt: 9
[info] position not increasing, failed cnt: 10
[info] position not increasing, failed cnt: 11
[info] position not increasing, failed cnt: 12
[info] position not increasing, failed cnt: 13
[info] position not increasing, failed cnt: 14
[info] position not increasing, failed cnt: 15
[info] position not increasing, failed cnt: 16
[info] position not increasing, failed cnt: 17
[info] position not increasing, failed cnt: 18
[info] position not increasing, failed cnt: 19
[info] position not increasing, failed cnt: 20
[info] position not increasing, failed cnt: 21
[info] position not increasing, failed cnt: 22
[info] position not increasing, failed cnt: 23
[info] position not increasing, failed cnt: 24
[info] position not increasing, failed cnt: 25
[info] position not increasing, failed cnt: 26
[info] position not increasing, failed cnt: 27
[info] position not increasing, failed cnt: 28
[info] position not increasing, failed cnt: 29
[info] position not increasing, failed cnt: 30
[info] position not increasing, failed cnt: 31
[info] position not increasing, failed cnt: 32
[info] position not increasing, failed cnt: 33
[info] position not increasing, failed cnt: 34
[info] position not increasing, failed cnt: 35
[info] position not increasing, failed cnt: 36
[info] position not increasing, failed cnt: 37
[info] position not increasing, failed cnt: 38
[info] position not increasing, failed cnt: 39
[info] position not increasing, failed cnt: 40
[info] position not increasing, failed cnt: 41
[info] position not increasing, failed cnt: 42
[info] position not increasing, failed cnt: 43
[info] position not increasing, failed cnt: 44
[info] position not increasing, failed cnt: 45
[info] position not increasing, failed cnt: 46
[info] position not increasing, failed cnt: 47
[info] position not increasing, failed cnt: 48
[info] position not increasing, failed cnt: 49
[info] position not increasing, failed cnt: 50
[info] position not increasing, failed cnt: 51
[info] position not increasing, failed cnt: 52
[info] position not increasing, failed cnt: 53
[info] position not increasing, failed cnt: 54
[info] position not increasing, failed cnt: 55
[info] position not increasing, failed cnt: 56
[info] position not increasing, failed cnt: 57
[info] position not increasing, failed cnt: 58
[info] position not increasing, failed cnt: 59
[info] position not increasing, failed cnt: 60
[info] position not increasing, failed cnt: 61
[info] position not increasing, failed cnt: 62
[info] position not increasing, failed cnt: 63
[info] position not increasing, failed cnt: 64
[info] position not increasing, failed cnt: 65
[info] position not increasing, failed cnt: 66
[info] position not increasing, failed cnt: 67
[info] position not increasing, failed cnt: 68
[info] position not increasing, failed cnt: 69
[info] position not increasing, failed cnt: 70
[info] position not increasing, failed cnt: 71
[info] position not increasing, failed cnt: 72
[info] position not increasing, failed cnt: 73
[info] position not increasing, failed cnt: 74
[info] position not increasing, failed cnt: 75
[info] position not increasing, failed cnt: 76
[info] position not increasing, failed cnt: 77
[info] position not increasing, failed cnt: 78
[info] position not increasing, failed cnt: 79
[info] position not increasing, failed cnt: 80
[info] position not increasing, failed cnt: 81
[info] position not increasing, failed cnt: 82
[info] position not increasing, failed cnt: 83
[info] position not increasing, failed cnt: 84
[info] position not increasing, failed cnt: 85
[info] position not increasing, failed cnt: 86
[info] position not increasing, failed cnt: 87
[info] position not increasing, failed cnt: 88
[info] position not increasing, failed cnt: 89
[info] position not increasing, failed cnt: 90
[info] position not increasing, failed cnt: 91
[info] position not increasing, failed cnt: 92
[info] position not increasing, failed cnt: 93
[info] position not increasing, failed cnt: 94
[info] position not increasing, failed cnt: 95
[info] position not increasing, failed cnt: 96
[info] position not increasing, failed cnt: 97
[info] position not increasing, failed cnt: 98
[info] position not increasing, failed cnt: 99
[info] position not increasing, failed cnt: 100
[info] position not increasing, failed cnt: 101
[info] position not increasing, failed cnt: 102
[info] position not increasing, failed cnt: 103
[info] position not increasing, failed cnt: 104
[info] position not increasing, failed cnt: 105
[info] position not increasing, failed cnt: 106
[info] position not increasing, failed cnt: 107
[info] position not increasing, failed cnt: 108
[info] position not increasing, failed cnt: 109
[info] position not increasing, failed cnt: 110
[info] position not increasing, failed cnt: 111
[info] position not increasing, failed cnt: 112
[info] position not increasing, failed cnt: 113
[info] position not increasing, failed cnt: 114
[info] position not increasing, failed cnt: 115
[info] position not increasing, failed cnt: 116
[info] position not increasing, failed cnt: 117
[info] position not increasing, failed cnt: 118
[info] position not increasing, failed cnt: 119
[info] position not increasing, failed cnt: 120
[info] position not increasing, failed cnt: 121
[info] position not increasing, failed cnt: 122
[info] position not increasing, failed cnt: 123
[info] position not increasing, failed cnt: 124
[info] position not increasing, failed cnt: 125
[info] position not increasing, failed cnt: 126
[info] position not increasing, failed cnt: 127
[info] position not increasing, failed cnt: 128
[FATAL] model stuck, exiting ...
5IhH7idp4sHJ4o0pnxH59X orig S3 ok=False fail=generation_failed_5_attempts 68.07s
[info] error EOS occurs, failed eos: 1
[info] error EOS occurs, failed eos: 2
[info] error EOS occurs, failed eos: 3
[info] error EOS occurs, failed eos: 4
[info] error EOS occurs, failed eos: 5
[info] error EOS occurs, failed eos: 6
[info] error EOS occurs, failed eos: 7
[info] error EOS occurs, failed eos: 8
[info] error EOS occurs, failed eos: 9
[info] error EOS occurs, failed eos: 10
[info] error EOS occurs, failed eos: 11
[info] error EOS occurs, failed eos: 12
[info] error EOS occurs, failed eos: 13
[info] error EOS occurs, failed eos: 14
[info] error EOS occurs, failed eos: 15
[info] error EOS occurs, failed eos: 16
[info] error EOS occurs, failed eos: 17
[info] error EOS occurs, failed eos: 18
[info] error EOS occurs, failed eos: 19
[info] error EOS occurs, failed eos: 20
[info] error EOS occurs, failed eos: 21
[info] error EOS occurs, failed eos: 22
[info] error EOS occurs, failed eos: 23
[info] error EOS occurs, failed eos: 24
[info] error EOS occurs, failed eos: 25
[info] error EOS occurs, failed eos: 26
[info] error EOS occurs, failed eos: 27
[info] error EOS occurs, failed eos: 28
[info] error EOS occurs, failed eos: 29
[info] error EOS occurs, failed eos: 30
[info] error EOS occurs, failed eos: 31
[info] error EOS occurs, failed eos: 32
[info] error EOS occurs, failed eos: 33
[info] error EOS occurs, failed eos: 34
[info] error EOS occurs, failed eos: 35
[info] error EOS occurs, failed eos: 36
[info] error EOS occurs, failed eos: 37
[info] error EOS occurs, failed eos: 38
[info] error EOS occurs, failed eos: 39
[info] error EOS occurs, failed eos: 40
[info] error EOS occurs, failed eos: 41
[info] error EOS occurs, failed eos: 42
[info] error EOS occurs, failed eos: 43
[info] error EOS occurs, failed eos: 44
[info] error EOS occurs, failed eos: 45
[info] error EOS occurs, failed eos: 46
[info] error EOS occurs, failed eos: 47
[info] error EOS occurs, failed eos: 48
[info] error EOS occurs, failed eos: 49
[info] error EOS occurs, failed eos: 50
[info] error EOS occurs, failed eos: 51
[info] error EOS occurs, failed eos: 52
[info] error EOS occurs, failed eos: 53
[info] error EOS occurs, failed eos: 54
[info] error EOS occurs, failed eos: 55
[info] error EOS occurs, failed eos: 56
[info] error EOS occurs, failed eos: 57
[info] error EOS occurs, failed eos: 58
[info] error EOS occurs, failed eos: 59
[info] error EOS occurs, failed eos: 60
[info] error EOS occurs, failed eos: 61
[info] error EOS occurs, failed eos: 62
[info] error EOS occurs, failed eos: 63
[info] error EOS occurs, failed eos: 64
[info] error EOS occurs, failed eos: 65
[info] error EOS occurs, failed eos: 66
[info] error EOS occurs, failed eos: 67
[info] error EOS occurs, failed eos: 68
[info] error EOS occurs, failed eos: 69
[info] error EOS occurs, failed eos: 70
[info] error EOS occurs, failed eos: 71
[info] error EOS occurs, failed eos: 72
[info] error EOS occurs, failed eos: 73
[info] error EOS occurs, failed eos: 74
[info] error EOS occurs, failed eos: 75
[info] error EOS occurs, failed eos: 76
[info] error EOS occurs, failed eos: 77
[info] error EOS occurs, failed eos: 78
[info] error EOS occurs, failed eos: 79
[info] error EOS occurs, failed eos: 80
[info] error EOS occurs, failed eos: 81
[info] error EOS occurs, failed eos: 82
[info] error EOS occurs, failed eos: 83
[info] error EOS occurs, failed eos: 84
[info] error EOS occurs, failed eos: 85
[info] error EOS occurs, failed eos: 86
[info] error EOS occurs, failed eos: 87
[info] error EOS occurs, failed eos: 88
[info] error EOS occurs, failed eos: 89
[info] error EOS occurs, failed eos: 90
[info] error EOS occurs, failed eos: 91
[info] error EOS occurs, failed eos: 92
[info] error EOS occurs, failed eos: 93
[info] error EOS occurs, failed eos: 94
[info] error EOS occurs, failed eos: 95
[info] error EOS occurs, failed eos: 96
[info] error EOS occurs, failed eos: 97
[info] error EOS occurs, failed eos: 98
[info] error EOS occurs, failed eos: 99
[info] error EOS occurs, failed eos: 100
[info] error EOS occurs, failed eos: 101
[info] error EOS occurs, failed eos: 102
[info] error EOS occurs, failed eos: 103
[info] error EOS occurs, failed eos: 104
[info] error EOS occurs, failed eos: 105
[info] error EOS occurs, failed eos: 106
[info] error EOS occurs, failed eos: 107
[info] error EOS occurs, failed eos: 108
[info] error EOS occurs, failed eos: 109
[info] error EOS occurs, failed eos: 110
[info] error EOS occurs, failed eos: 111
[info] error EOS occurs, failed eos: 112
[info] error EOS occurs, failed eos: 113
[info] error EOS occurs, failed eos: 114
[info] error EOS occurs, failed eos: 115
[info] error EOS occurs, failed eos: 116
[info] error EOS occurs, failed eos: 117
[info] error EOS occurs, failed eos: 118
[info] error EOS occurs, failed eos: 119
[info] error EOS occurs, failed eos: 120
[info] error EOS occurs, failed eos: 121
[info] error EOS occurs, failed eos: 122
[info] error EOS occurs, failed eos: 123
[info] error EOS occurs, failed eos: 124
[info] error EOS occurs, failed eos: 125
[info] error EOS occurs, failed eos: 126
[info] error EOS occurs, failed eos: 127
[info] error EOS occurs, failed eos: 128
[FATAL] model stuck, eos error ...
[info] error EOS occurs, failed eos: 1
[info] error EOS occurs, failed eos: 2
[info] error EOS occurs, failed eos: 3
[info] error EOS occurs, failed eos: 4
[info] error EOS occurs, failed eos: 5
[info] error EOS occurs, failed eos: 6
[info] error EOS occurs, failed eos: 7
[info] error EOS occurs, failed eos: 8
[info] error EOS occurs, failed eos: 9
[info] error EOS occurs, failed eos: 10
[info] error EOS occurs, failed eos: 11
[info] error EOS occurs, failed eos: 12
[info] error EOS occurs, failed eos: 13
[info] error EOS occurs, failed eos: 14
[info] error EOS occurs, failed eos: 15
[info] error EOS occurs, failed eos: 16
[info] error EOS occurs, failed eos: 17
[info] error EOS occurs, failed eos: 18
[info] error EOS occurs, failed eos: 19
[info] error EOS occurs, failed eos: 20
[info] error EOS occurs, failed eos: 21
[info] error EOS occurs, failed eos: 22
[info] error EOS occurs, failed eos: 23
[info] error EOS occurs, failed eos: 24
[info] error EOS occurs, failed eos: 25
[info] error EOS occurs, failed eos: 26
[info] error EOS occurs, failed eos: 27
[info] error EOS occurs, failed eos: 28
[info] error EOS occurs, failed eos: 29
[info] error EOS occurs, failed eos: 30
[info] error EOS occurs, failed eos: 31
[info] error EOS occurs, failed eos: 32
[info] error EOS occurs, failed eos: 33
[info] error EOS occurs, failed eos: 34
[info] error EOS occurs, failed eos: 35
[info] error EOS occurs, failed eos: 36
[info] error EOS occurs, failed eos: 37
[info] error EOS occurs, failed eos: 38
[info] error EOS occurs, failed eos: 39
[info] error EOS occurs, failed eos: 40
[info] error EOS occurs, failed eos: 41
[info] error EOS occurs, failed eos: 42
[info] error EOS occurs, failed eos: 43
[info] error EOS occurs, failed eos: 44
[info] error EOS occurs, failed eos: 45
[info] error EOS occurs, failed eos: 46
[info] error EOS occurs, failed eos: 47
[info] error EOS occurs, failed eos: 48
[info] error EOS occurs, failed eos: 49
[info] error EOS occurs, failed eos: 50
[info] error EOS occurs, failed eos: 51
[info] error EOS occurs, failed eos: 52
[info] error EOS occurs, failed eos: 53
[info] error EOS occurs, failed eos: 54
[info] error EOS occurs, failed eos: 55
[info] error EOS occurs, failed eos: 56
[info] error EOS occurs, failed eos: 57
[info] error EOS occurs, failed eos: 58
[info] error EOS occurs, failed eos: 59
[info] error EOS occurs, failed eos: 60
[info] error EOS occurs, failed eos: 61
[info] error EOS occurs, failed eos: 62
[info] error EOS occurs, failed eos: 63
[info] error EOS occurs, failed eos: 64
[info] error EOS occurs, failed eos: 65
[info] error EOS occurs, failed eos: 66
[info] error EOS occurs, failed eos: 67
[info] error EOS occurs, failed eos: 68
[info] error EOS occurs, failed eos: 69
[info] error EOS occurs, failed eos: 70
[info] error EOS occurs, failed eos: 71
[info] error EOS occurs, failed eos: 72
[info] error EOS occurs, failed eos: 73
[info] error EOS occurs, failed eos: 74
[info] error EOS occurs, failed eos: 75
[info] error EOS occurs, failed eos: 76
[info] error EOS occurs, failed eos: 77
[info] error EOS occurs, failed eos: 78
[info] error EOS occurs, failed eos: 79
[info] error EOS occurs, failed eos: 80
[info] error EOS occurs, failed eos: 81
[info] error EOS occurs, failed eos: 82
[info] error EOS occurs, failed eos: 83
[info] error EOS occurs, failed eos: 84
[info] error EOS occurs, failed eos: 85
[info] error EOS occurs, failed eos: 86
[info] error EOS occurs, failed eos: 87
[info] error EOS occurs, failed eos: 88
[info] error EOS occurs, failed eos: 89
[info] error EOS occurs, failed eos: 90
[info] error EOS occurs, failed eos: 91
[info] error EOS occurs, failed eos: 92
[info] error EOS occurs, failed eos: 93
[info] error EOS occurs, failed eos: 94
[info] error EOS occurs, failed eos: 95
[info] error EOS occurs, failed eos: 96
[info] error EOS occurs, failed eos: 97
[info] error EOS occurs, failed eos: 98
[info] error EOS occurs, failed eos: 99
[info] error EOS occurs, failed eos: 100
[info] error EOS occurs, failed eos: 101
[info] error EOS occurs, failed eos: 102
[info] error EOS occurs, failed eos: 103
[info] error EOS occurs, failed eos: 104
[info] error EOS occurs, failed eos: 105
[info] error EOS occurs, failed eos: 106
[info] error EOS occurs, failed eos: 107
[info] error EOS occurs, failed eos: 108
[info] error EOS occurs, failed eos: 109
[info] error EOS occurs, failed eos: 110
[info] error EOS occurs, failed eos: 111
[info] error EOS occurs, failed eos: 112
[info] error EOS occurs, failed eos: 113
[info] error EOS occurs, failed eos: 114
[info] error EOS occurs, failed eos: 115
[info] error EOS occurs, failed eos: 116
[info] error EOS occurs, failed eos: 117
[info] error EOS occurs, failed eos: 118
[info] error EOS occurs, failed eos: 119
[info] error EOS occurs, failed eos: 120
[info] error EOS occurs, failed eos: 121
[info] error EOS occurs, failed eos: 122
[info] error EOS occurs, failed eos: 123
[info] error EOS occurs, failed eos: 124
[info] error EOS occurs, failed eos: 125
[info] error EOS occurs, failed eos: 126
[info] error EOS occurs, failed eos: 127
[info] error EOS occurs, failed eos: 128
[FATAL] model stuck, eos error ...
-- generated events: 1256
-- time elapsed: 11.26 secs
5LPdNDuOWYSDT5P20iCRYO orig S3 ok=True fail=None 37.69s
5OqvADUGavUqQnYH0Ukt7T orig S3 ok=False fail=unsupported_meter 0.0s
5a7cNKUhxWPg9jWE0fUukb orig S3 ok=False fail=unsupported_meter 0.0s
-- generated events: 1206
-- time elapsed: 10.56 secs
5bf4zyUkbC7Df7icueGtcR orig S3 ok=True fail=None 10.66s
-- generated events: 721
-- time elapsed: 5.39 secs
5eZwk6UYsVAbqSomPjNSDE orig S3 ok=True fail=None 5.48s
-- generated events: 826
-- time elapsed: 6.30 secs
5gIW9IMReT6xicyfHKtcug orig S3 ok=True fail=None 6.39s
[info] position not increasing, failed cnt: 1
[info] position not increasing, failed cnt: 2
[info] error EOS occurs, failed eos: 1
[info] error EOS occurs, failed eos: 2
[info] error EOS occurs, failed eos: 3
[info] error EOS occurs, failed eos: 4
[info] error EOS occurs, failed eos: 5
[info] error EOS occurs, failed eos: 6
[info] error EOS occurs, failed eos: 7
[info] error EOS occurs, failed eos: 8
[info] error EOS occurs, failed eos: 9
[info] error EOS occurs, failed eos: 10
[info] error EOS occurs, failed eos: 11
[info] error EOS occurs, failed eos: 12
[info] error EOS occurs, failed eos: 13
[info] error EOS occurs, failed eos: 14
[info] error EOS occurs, failed eos: 15
[info] error EOS occurs, failed eos: 16
[info] error EOS occurs, failed eos: 17
[info] error EOS occurs, failed eos: 18
[info] error EOS occurs, failed eos: 19
[info] error EOS occurs, failed eos: 20
[info] error EOS occurs, failed eos: 21
[info] error EOS occurs, failed eos: 22
[info] error EOS occurs, failed eos: 23
[info] error EOS occurs, failed eos: 24
[info] error EOS occurs, failed eos: 25
[info] error EOS occurs, failed eos: 26
[info] error EOS occurs, failed eos: 27
[info] error EOS occurs, failed eos: 28
[info] error EOS occurs, failed eos: 29
[info] error EOS occurs, failed eos: 30
[info] error EOS occurs, failed eos: 31
[info] error EOS occurs, failed eos: 32
[info] error EOS occurs, failed eos: 33
[info] error EOS occurs, failed eos: 34
[info] error EOS occurs, failed eos: 35
[info] error EOS occurs, failed eos: 36
[info] error EOS occurs, failed eos: 37
[info] error EOS occurs, failed eos: 38
[info] error EOS occurs, failed eos: 39
[info] error EOS occurs, failed eos: 40
[info] error EOS occurs, failed eos: 41
[info] error EOS occurs, failed eos: 42
[info] error EOS occurs, failed eos: 43
[info] error EOS occurs, failed eos: 44
[info] error EOS occurs, failed eos: 45
[info] error EOS occurs, failed eos: 46
[info] error EOS occurs, failed eos: 47
[info] error EOS occurs, failed eos: 48
[info] error EOS occurs, failed eos: 49
[info] error EOS occurs, failed eos: 50
[info] error EOS occurs, failed eos: 51
[info] error EOS occurs, failed eos: 52
[info] error EOS occurs, failed eos: 53
[info] error EOS occurs, failed eos: 54
[info] error EOS occurs, failed eos: 55
[info] error EOS occurs, failed eos: 56
[info] error EOS occurs, failed eos: 57
[info] error EOS occurs, failed eos: 58
[info] error EOS occurs, failed eos: 59
[info] error EOS occurs, failed eos: 60
[info] error EOS occurs, failed eos: 61
[info] error EOS occurs, failed eos: 62
[info] error EOS occurs, failed eos: 63
[info] error EOS occurs, failed eos: 64
[info] error EOS occurs, failed eos: 65
[info] error EOS occurs, failed eos: 66
[info] error EOS occurs, failed eos: 67
[info] error EOS occurs, failed eos: 68
[info] error EOS occurs, failed eos: 69
[info] error EOS occurs, failed eos: 70
[info] error EOS occurs, failed eos: 71
[info] error EOS occurs, failed eos: 72
[info] error EOS occurs, failed eos: 73
[info] error EOS occurs, failed eos: 74
[info] error EOS occurs, failed eos: 75
[info] error EOS occurs, failed eos: 76
[info] error EOS occurs, failed eos: 77
[info] error EOS occurs, failed eos: 78
[info] error EOS occurs, failed eos: 79
[info] error EOS occurs, failed eos: 80
[info] error EOS occurs, failed eos: 81
[info] error EOS occurs, failed eos: 82
[info] error EOS occurs, failed eos: 83
[info] error EOS occurs, failed eos: 84
[info] error EOS occurs, failed eos: 85
[info] error EOS occurs, failed eos: 86
[info] error EOS occurs, failed eos: 87
[info] error EOS occurs, failed eos: 88
[info] error EOS occurs, failed eos: 89
[info] error EOS occurs, failed eos: 90
[info] error EOS occurs, failed eos: 91
[info] error EOS occurs, failed eos: 92
[info] error EOS occurs, failed eos: 93
[info] error EOS occurs, failed eos: 94
[info] error EOS occurs, failed eos: 95
[info] error EOS occurs, failed eos: 96
[info] error EOS occurs, failed eos: 97
[info] error EOS occurs, failed eos: 98
[info] error EOS occurs, failed eos: 99
[info] error EOS occurs, failed eos: 100
[info] error EOS occurs, failed eos: 101
[info] error EOS occurs, failed eos: 102
[info] error EOS occurs, failed eos: 103
[info] error EOS occurs, failed eos: 104
[info] error EOS occurs, failed eos: 105
[info] error EOS occurs, failed eos: 106
[info] error EOS occurs, failed eos: 107
[info] error EOS occurs, failed eos: 108
[info] error EOS occurs, failed eos: 109
[info] error EOS occurs, failed eos: 110
[info] error EOS occurs, failed eos: 111
[info] error EOS occurs, failed eos: 112
[info] error EOS occurs, failed eos: 113
[info] error EOS occurs, failed eos: 114
[info] error EOS occurs, failed eos: 115
[info] error EOS occurs, failed eos: 116
[info] error EOS occurs, failed eos: 117
[info] error EOS occurs, failed eos: 118
[info] error EOS occurs, failed eos: 119
[info] error EOS occurs, failed eos: 120
[info] error EOS occurs, failed eos: 121
[info] error EOS occurs, failed eos: 122
[info] error EOS occurs, failed eos: 123
[info] error EOS occurs, failed eos: 124
[info] error EOS occurs, failed eos: 125
[info] error EOS occurs, failed eos: 126
[info] error EOS occurs, failed eos: 127
[info] error EOS occurs, failed eos: 128
[FATAL] model stuck, eos error ...
[info] position not increasing, failed cnt: 1
[info] position not increasing, failed cnt: 2
[info] position not increasing, failed cnt: 3
[info] position not increasing, failed cnt: 4
[info] position not increasing, failed cnt: 5
[info] position not increasing, failed cnt: 6
[info] position not increasing, failed cnt: 7
[info] position not increasing, failed cnt: 8
[info] position not increasing, failed cnt: 9
[info] position not increasing, failed cnt: 10
[info] position not increasing, failed cnt: 11
[info] position not increasing, failed cnt: 12
[info] position not increasing, failed cnt: 13
[info] position not increasing, failed cnt: 14
[info] position not increasing, failed cnt: 15
[info] position not increasing, failed cnt: 16
[info] position not increasing, failed cnt: 17
[info] position not increasing, failed cnt: 18
[info] position not increasing, failed cnt: 19
[info] position not increasing, failed cnt: 20
[info] position not increasing, failed cnt: 21
[info] position not increasing, failed cnt: 22
[info] position not increasing, failed cnt: 23
[info] position not increasing, failed cnt: 24
[info] position not increasing, failed cnt: 25
[info] position not increasing, failed cnt: 26
[info] position not increasing, failed cnt: 27
[info] position not increasing, failed cnt: 28
[info] position not increasing, failed cnt: 29
[info] position not increasing, failed cnt: 30
[info] position not increasing, failed cnt: 31
[info] position not increasing, failed cnt: 32
[info] position not increasing, failed cnt: 33
[info] position not increasing, failed cnt: 34
[info] position not increasing, failed cnt: 35
[info] position not increasing, failed cnt: 36
[info] position not increasing, failed cnt: 37
[info] position not increasing, failed cnt: 38
[info] position not increasing, failed cnt: 39
[info] position not increasing, failed cnt: 40
[info] position not increasing, failed cnt: 41
[info] position not increasing, failed cnt: 42
[info] position not increasing, failed cnt: 43
[info] position not increasing, failed cnt: 44
[info] position not increasing, failed cnt: 45
[info] position not increasing, failed cnt: 46
[info] position not increasing, failed cnt: 47
[info] position not increasing, failed cnt: 48
[info] position not increasing, failed cnt: 49
[info] position not increasing, failed cnt: 50
[info] position not increasing, failed cnt: 51
[info] position not increasing, failed cnt: 52
[info] position not increasing, failed cnt: 53
[info] position not increasing, failed cnt: 54
[info] position not increasing, failed cnt: 55
[info] position not increasing, failed cnt: 56
[info] position not increasing, failed cnt: 57
[info] position not increasing, failed cnt: 58
[info] position not increasing, failed cnt: 59
[info] position not increasing, failed cnt: 60
[info] position not increasing, failed cnt: 61
[info] position not increasing, failed cnt: 62
[info] position not increasing, failed cnt: 63
[info] position not increasing, failed cnt: 64
[info] position not increasing, failed cnt: 65
[info] position not increasing, failed cnt: 66
[info] position not increasing, failed cnt: 67
[info] position not increasing, failed cnt: 68
[info] position not increasing, failed cnt: 69
[info] position not increasing, failed cnt: 70
[info] position not increasing, failed cnt: 71
[info] position not increasing, failed cnt: 72
[info] position not increasing, failed cnt: 73
[info] position not increasing, failed cnt: 74
[info] position not increasing, failed cnt: 75
[info] position not increasing, failed cnt: 76
[info] position not increasing, failed cnt: 77
[info] position not increasing, failed cnt: 78
[info] position not increasing, failed cnt: 79
[info] position not increasing, failed cnt: 80
[info] position not increasing, failed cnt: 81
[info] position not increasing, failed cnt: 82
[info] position not increasing, failed cnt: 83
[info] position not increasing, failed cnt: 84
[info] position not increasing, failed cnt: 85
[info] position not increasing, failed cnt: 86
[info] position not increasing, failed cnt: 87
[info] position not increasing, failed cnt: 88
[info] position not increasing, failed cnt: 89
[info] position not increasing, failed cnt: 90
[info] position not increasing, failed cnt: 91
[info] position not increasing, failed cnt: 92
[info] position not increasing, failed cnt: 93
[info] position not increasing, failed cnt: 94
[info] position not increasing, failed cnt: 95
[info] position not increasing, failed cnt: 96
[info] position not increasing, failed cnt: 97
[info] position not increasing, failed cnt: 98
[info] position not increasing, failed cnt: 99
[info] position not increasing, failed cnt: 100
[info] position not increasing, failed cnt: 101
[info] position not increasing, failed cnt: 102
[info] position not increasing, failed cnt: 103
[info] position not increasing, failed cnt: 104
[info] position not increasing, failed cnt: 105
[info] position not increasing, failed cnt: 106
[info] position not increasing, failed cnt: 107
[info] position not increasing, failed cnt: 108
[info] position not increasing, failed cnt: 109
[info] position not increasing, failed cnt: 110
[info] position not increasing, failed cnt: 111
[info] position not increasing, failed cnt: 112
[info] position not increasing, failed cnt: 113
[info] position not increasing, failed cnt: 114
[info] position not increasing, failed cnt: 115
[info] position not increasing, failed cnt: 116
[info] position not increasing, failed cnt: 117
[info] position not increasing, failed cnt: 118
[info] position not increasing, failed cnt: 119
[info] position not increasing, failed cnt: 120
[info] position not increasing, failed cnt: 121
[info] position not increasing, failed cnt: 122
[info] position not increasing, failed cnt: 123
[info] position not increasing, failed cnt: 124
[info] position not increasing, failed cnt: 125
[info] position not increasing, failed cnt: 126
[info] position not increasing, failed cnt: 127
[info] position not increasing, failed cnt: 128
[FATAL] model stuck, exiting ...
[info] position not increasing, failed cnt: 1
[info] position not increasing, failed cnt: 2
[info] position not increasing, failed cnt: 3
[info] position not increasing, failed cnt: 4
[info] position not increasing, failed cnt: 5
[info] position not increasing, failed cnt: 6
[info] position not increasing, failed cnt: 7
[info] position not increasing, failed cnt: 8
[info] position not increasing, failed cnt: 9
[info] position not increasing, failed cnt: 10
[info] position not increasing, failed cnt: 11
[info] position not increasing, failed cnt: 12
[info] position not increasing, failed cnt: 13
[info] position not increasing, failed cnt: 14
[info] position not increasing, failed cnt: 15
[info] position not increasing, failed cnt: 16
[info] position not increasing, failed cnt: 17
[info] position not increasing, failed cnt: 18
[info] position not increasing, failed cnt: 19
[info] position not increasing, failed cnt: 20
[info] position not increasing, failed cnt: 21
[info] position not increasing, failed cnt: 22
[info] position not increasing, failed cnt: 23
[info] position not increasing, failed cnt: 24
[info] position not increasing, failed cnt: 25
[info] position not increasing, failed cnt: 26
[info] position not increasing, failed cnt: 27
[info] position not increasing, failed cnt: 28
[info] position not increasing, failed cnt: 29
[info] position not increasing, failed cnt: 30
[info] position not increasing, failed cnt: 31
[info] position not increasing, failed cnt: 32
[info] position not increasing, failed cnt: 33
[info] position not increasing, failed cnt: 34
[info] position not increasing, failed cnt: 35
[info] position not increasing, failed cnt: 36
[info] position not increasing, failed cnt: 37
[info] position not increasing, failed cnt: 38
[info] position not increasing, failed cnt: 39
[info] position not increasing, failed cnt: 40
[info] position not increasing, failed cnt: 41
[info] position not increasing, failed cnt: 42
[info] position not increasing, failed cnt: 43
[info] position not increasing, failed cnt: 44
[info] position not increasing, failed cnt: 45
[info] position not increasing, failed cnt: 46
[info] position not increasing, failed cnt: 47
[info] position not increasing, failed cnt: 48
[info] position not increasing, failed cnt: 49
[info] position not increasing, failed cnt: 50
[info] position not increasing, failed cnt: 51
[info] position not increasing, failed cnt: 52
[info] position not increasing, failed cnt: 53
[info] position not increasing, failed cnt: 54
[info] position not increasing, failed cnt: 55
[info] position not increasing, failed cnt: 56
[info] position not increasing, failed cnt: 57
[info] position not increasing, failed cnt: 58
[info] position not increasing, failed cnt: 59
[info] position not increasing, failed cnt: 60
[info] position not increasing, failed cnt: 61
[info] position not increasing, failed cnt: 62
[info] position not increasing, failed cnt: 63
[info] position not increasing, failed cnt: 64
[info] position not increasing, failed cnt: 65
[info] position not increasing, failed cnt: 66
[info] position not increasing, failed cnt: 67
[info] position not increasing, failed cnt: 68
[info] position not increasing, failed cnt: 69
[info] position not increasing, failed cnt: 70
[info] position not increasing, failed cnt: 71
[info] position not increasing, failed cnt: 72
[info] position not increasing, failed cnt: 73
[info] position not increasing, failed cnt: 74
[info] position not increasing, failed cnt: 75
[info] position not increasing, failed cnt: 76
[info] position not increasing, failed cnt: 77
[info] position not increasing, failed cnt: 78
[info] position not increasing, failed cnt: 79
[info] position not increasing, failed cnt: 80
[info] position not increasing, failed cnt: 81
[info] position not increasing, failed cnt: 82
[info] position not increasing, failed cnt: 83
[info] position not increasing, failed cnt: 84
[info] position not increasing, failed cnt: 85
[info] position not increasing, failed cnt: 86
[info] position not increasing, failed cnt: 87
[info] position not increasing, failed cnt: 88
[info] position not increasing, failed cnt: 89
[info] position not increasing, failed cnt: 90
[info] position not increasing, failed cnt: 91
[info] position not increasing, failed cnt: 92
[info] position not increasing, failed cnt: 93
[info] position not increasing, failed cnt: 94
[info] position not increasing, failed cnt: 95
[info] position not increasing, failed cnt: 96
[info] position not increasing, failed cnt: 97
[info] position not increasing, failed cnt: 98
[info] position not increasing, failed cnt: 99
[info] position not increasing, failed cnt: 100
[info] position not increasing, failed cnt: 101
[info] position not increasing, failed cnt: 102
[info] position not increasing, failed cnt: 103
[info] position not increasing, failed cnt: 104
[info] position not increasing, failed cnt: 105
[info] position not increasing, failed cnt: 106
[info] position not increasing, failed cnt: 107
[info] position not increasing, failed cnt: 108
[info] position not increasing, failed cnt: 109
[info] position not increasing, failed cnt: 110
[info] position not increasing, failed cnt: 111
[info] position not increasing, failed cnt: 112
[info] position not increasing, failed cnt: 113
[info] position not increasing, failed cnt: 114
[info] position not increasing, failed cnt: 115
[info] position not increasing, failed cnt: 116
[info] position not increasing, failed cnt: 117
[info] position not increasing, failed cnt: 118
[info] position not increasing, failed cnt: 119
[info] position not increasing, failed cnt: 120
[info] position not increasing, failed cnt: 121
[info] position not increasing, failed cnt: 122
[info] position not increasing, failed cnt: 123
[info] position not increasing, failed cnt: 124
[info] position not increasing, failed cnt: 125
[info] position not increasing, failed cnt: 126
[info] position not increasing, failed cnt: 127
[info] position not increasing, failed cnt: 128
[FATAL] model stuck, exiting ...
[info] position not increasing, failed cnt: 1
[info] position not increasing, failed cnt: 2
[info] position not increasing, failed cnt: 3
[info] position not increasing, failed cnt: 4
[info] position not increasing, failed cnt: 5
[info] position not increasing, failed cnt: 6
[info] position not increasing, failed cnt: 7
[info] position not increasing, failed cnt: 8
[info] position not increasing, failed cnt: 9
[info] position not increasing, failed cnt: 10
[info] position not increasing, failed cnt: 11
[info] position not increasing, failed cnt: 12
[info] position not increasing, failed cnt: 13
[info] position not increasing, failed cnt: 14
[info] position not increasing, failed cnt: 15
[info] position not increasing, failed cnt: 16
[info] position not increasing, failed cnt: 17
[info] position not increasing, failed cnt: 18
[info] position not increasing, failed cnt: 19
[info] position not increasing, failed cnt: 20
[info] position not increasing, failed cnt: 21
[info] position not increasing, failed cnt: 22
[info] position not increasing, failed cnt: 23
[info] position not increasing, failed cnt: 24
[info] position not increasing, failed cnt: 25
[info] position not increasing, failed cnt: 26
[info] position not increasing, failed cnt: 27
[info] position not increasing, failed cnt: 28
[info] position not increasing, failed cnt: 29
[info] position not increasing, failed cnt: 30
[info] position not increasing, failed cnt: 31
[info] position not increasing, failed cnt: 32
[info] position not increasing, failed cnt: 33
[info] position not increasing, failed cnt: 34
[info] position not increasing, failed cnt: 35
[info] position not increasing, failed cnt: 36
[info] position not increasing, failed cnt: 37
[info] position not increasing, failed cnt: 38
[info] position not increasing, failed cnt: 39
[info] position not increasing, failed cnt: 40
[info] position not increasing, failed cnt: 41
[info] position not increasing, failed cnt: 42
[info] position not increasing, failed cnt: 43
[info] position not increasing, failed cnt: 44
[info] position not increasing, failed cnt: 45
[info] position not increasing, failed cnt: 46
[info] position not increasing, failed cnt: 47
[info] position not increasing, failed cnt: 48
[info] position not increasing, failed cnt: 49
[info] position not increasing, failed cnt: 50
[info] position not increasing, failed cnt: 51
[info] position not increasing, failed cnt: 52
[info] position not increasing, failed cnt: 53
[info] position not increasing, failed cnt: 54
[info] position not increasing, failed cnt: 55
[info] position not increasing, failed cnt: 56
[info] position not increasing, failed cnt: 57
[info] position not increasing, failed cnt: 58
[info] position not increasing, failed cnt: 59
[info] position not increasing, failed cnt: 60
[info] position not increasing, failed cnt: 61
[info] position not increasing, failed cnt: 62
[info] position not increasing, failed cnt: 63
[info] position not increasing, failed cnt: 64
[info] position not increasing, failed cnt: 65
[info] position not increasing, failed cnt: 66
[info] position not increasing, failed cnt: 67
[info] position not increasing, failed cnt: 68
[info] position not increasing, failed cnt: 69
[info] position not increasing, failed cnt: 70
[info] position not increasing, failed cnt: 71
[info] position not increasing, failed cnt: 72
[info] position not increasing, failed cnt: 73
[info] position not increasing, failed cnt: 74
[info] position not increasing, failed cnt: 75
[info] position not increasing, failed cnt: 76
[info] position not increasing, failed cnt: 77
[info] position not increasing, failed cnt: 78
[info] position not increasing, failed cnt: 79
[info] position not increasing, failed cnt: 80
[info] position not increasing, failed cnt: 81
[info] position not increasing, failed cnt: 82
[info] position not increasing, failed cnt: 83
[info] position not increasing, failed cnt: 84
[info] position not increasing, failed cnt: 85
[info] position not increasing, failed cnt: 86
[info] position not increasing, failed cnt: 87
[info] position not increasing, failed cnt: 88
[info] position not increasing, failed cnt: 89
[info] position not increasing, failed cnt: 90
[info] position not increasing, failed cnt: 91
[info] position not increasing, failed cnt: 92
[info] position not increasing, failed cnt: 93
[info] position not increasing, failed cnt: 94
[info] position not increasing, failed cnt: 95
[info] position not increasing, failed cnt: 96
[info] position not increasing, failed cnt: 97
[info] position not increasing, failed cnt: 98
[info] position not increasing, failed cnt: 99
[info] position not increasing, failed cnt: 100
[info] position not increasing, failed cnt: 101
[info] position not increasing, failed cnt: 102
[info] position not increasing, failed cnt: 103
[info] position not increasing, failed cnt: 104
[info] position not increasing, failed cnt: 105
[info] position not increasing, failed cnt: 106
[info] position not increasing, failed cnt: 107
[info] position not increasing, failed cnt: 108
[info] position not increasing, failed cnt: 109
[info] position not increasing, failed cnt: 110
[info] position not increasing, failed cnt: 111
[info] position not increasing, failed cnt: 112
[info] position not increasing, failed cnt: 113
[info] position not increasing, failed cnt: 114
[info] position not increasing, failed cnt: 115
[info] position not increasing, failed cnt: 116
[info] position not increasing, failed cnt: 117
[info] position not increasing, failed cnt: 118
[info] position not increasing, failed cnt: 119
[info] position not increasing, failed cnt: 120
[info] position not increasing, failed cnt: 121
[info] position not increasing, failed cnt: 122
[info] position not increasing, failed cnt: 123
[info] position not increasing, failed cnt: 124
[info] position not increasing, failed cnt: 125
[info] position not increasing, failed cnt: 126
[info] position not increasing, failed cnt: 127
[info] position not increasing, failed cnt: 128
[FATAL] model stuck, exiting ...
[info] position not increasing, failed cnt: 1
[info] position not increasing, failed cnt: 1
[info] position not increasing, failed cnt: 2
[info] position not increasing, failed cnt: 3
[info] position not increasing, failed cnt: 4
[info] position not increasing, failed cnt: 5
[info] position not increasing, failed cnt: 6
[info] position not increasing, failed cnt: 7
[info] position not increasing, failed cnt: 8
[info] position not increasing, failed cnt: 9
[info] position not increasing, failed cnt: 10
[info] position not increasing, failed cnt: 11
[info] position not increasing, failed cnt: 12
[info] position not increasing, failed cnt: 13
[info] position not increasing, failed cnt: 14
[info] position not increasing, failed cnt: 15
[info] position not increasing, failed cnt: 16
[info] position not increasing, failed cnt: 17
[info] position not increasing, failed cnt: 18
[info] position not increasing, failed cnt: 19
[info] position not increasing, failed cnt: 20
[info] position not increasing, failed cnt: 21
[info] position not increasing, failed cnt: 22
[info] position not increasing, failed cnt: 23
[info] position not increasing, failed cnt: 24
[info] position not increasing, failed cnt: 25
[info] position not increasing, failed cnt: 26
[info] position not increasing, failed cnt: 27
[info] position not increasing, failed cnt: 28
[info] position not increasing, failed cnt: 29
[info] position not increasing, failed cnt: 30
[info] position not increasing, failed cnt: 31
[info] position not increasing, failed cnt: 32
[info] position not increasing, failed cnt: 33
[info] position not increasing, failed cnt: 34
[info] position not increasing, failed cnt: 35
[info] position not increasing, failed cnt: 36
[info] position not increasing, failed cnt: 37
[info] position not increasing, failed cnt: 38
[info] position not increasing, failed cnt: 39
[info] position not increasing, failed cnt: 40
[info] position not increasing, failed cnt: 41
[info] position not increasing, failed cnt: 42
[info] position not increasing, failed cnt: 43
[info] position not increasing, failed cnt: 44
[info] position not increasing, failed cnt: 45
[info] position not increasing, failed cnt: 46
[info] position not increasing, failed cnt: 47
[info] position not increasing, failed cnt: 48
[info] position not increasing, failed cnt: 49
[info] position not increasing, failed cnt: 50
[info] position not increasing, failed cnt: 51
[info] position not increasing, failed cnt: 52
[info] position not increasing, failed cnt: 53
[info] position not increasing, failed cnt: 54
[info] position not increasing, failed cnt: 55
[info] position not increasing, failed cnt: 56
[info] position not increasing, failed cnt: 57
[info] position not increasing, failed cnt: 58
[info] position not increasing, failed cnt: 59
[info] position not increasing, failed cnt: 60
[info] position not increasing, failed cnt: 61
[info] position not increasing, failed cnt: 62
[info] position not increasing, failed cnt: 63
[info] position not increasing, failed cnt: 64
[info] position not increasing, failed cnt: 65
[info] position not increasing, failed cnt: 66
[info] position not increasing, failed cnt: 67
[info] position not increasing, failed cnt: 68
[info] position not increasing, failed cnt: 69
[info] position not increasing, failed cnt: 70
[info] position not increasing, failed cnt: 71
[info] position not increasing, failed cnt: 72
[info] position not increasing, failed cnt: 73
[info] position not increasing, failed cnt: 74
[info] position not increasing, failed cnt: 75
[info] position not increasing, failed cnt: 76
[info] position not increasing, failed cnt: 77
[info] position not increasing, failed cnt: 78
[info] position not increasing, failed cnt: 79
[info] position not increasing, failed cnt: 80
[info] position not increasing, failed cnt: 81
[info] position not increasing, failed cnt: 82
[info] position not increasing, failed cnt: 83
[info] position not increasing, failed cnt: 84
[info] position not increasing, failed cnt: 85
[info] position not increasing, failed cnt: 86
[info] position not increasing, failed cnt: 87
[info] position not increasing, failed cnt: 88
[info] position not increasing, failed cnt: 89
[info] position not increasing, failed cnt: 90
[info] position not increasing, failed cnt: 91
[info] position not increasing, failed cnt: 92
[info] position not increasing, failed cnt: 93
[info] position not increasing, failed cnt: 94
[info] position not increasing, failed cnt: 95
[info] position not increasing, failed cnt: 96
[info] position not increasing, failed cnt: 97
[info] position not increasing, failed cnt: 98
[info] position not increasing, failed cnt: 99
[info] position not increasing, failed cnt: 100
[info] position not increasing, failed cnt: 101
[info] position not increasing, failed cnt: 102
[info] position not increasing, failed cnt: 103
[info] position not increasing, failed cnt: 104
[info] position not increasing, failed cnt: 105
[info] position not increasing, failed cnt: 106
[info] position not increasing, failed cnt: 107
[info] position not increasing, failed cnt: 108
[info] position not increasing, failed cnt: 109
[info] position not increasing, failed cnt: 110
[info] position not increasing, failed cnt: 111
[info] position not increasing, failed cnt: 112
[info] position not increasing, failed cnt: 113
[info] position not increasing, failed cnt: 114
[info] position not increasing, failed cnt: 115
[info] position not increasing, failed cnt: 116
[info] position not increasing, failed cnt: 117
[info] position not increasing, failed cnt: 118
[info] position not increasing, failed cnt: 119
[info] position not increasing, failed cnt: 120
[info] position not increasing, failed cnt: 121
[info] position not increasing, failed cnt: 122
[info] position not increasing, failed cnt: 123
[info] position not increasing, failed cnt: 124
[info] position not increasing, failed cnt: 125
[info] position not increasing, failed cnt: 126
[info] position not increasing, failed cnt: 127
[info] position not increasing, failed cnt: 128
[FATAL] model stuck, exiting ...
5icriKgD89JhLxeSnd9o74 orig S3 ok=False fail=generation_failed_5_attempts 67.63s
[info] error EOS occurs, failed eos: 1
[info] error EOS occurs, failed eos: 2
[info] error EOS occurs, failed eos: 3
[info] error EOS occurs, failed eos: 4
[info] position not increasing, failed cnt: 1
[info] position not increasing, failed cnt: 2
[info] position not increasing, failed cnt: 3
[info] position not increasing, failed cnt: 4
[info] error EOS occurs, failed eos: 5
[info] error EOS occurs, failed eos: 6
[info] error EOS occurs, failed eos: 7
[info] error EOS occurs, failed eos: 8
[info] error EOS occurs, failed eos: 9
[info] error EOS occurs, failed eos: 10
[info] error EOS occurs, failed eos: 11
[info] error EOS occurs, failed eos: 12
[info] error EOS occurs, failed eos: 13
[info] error EOS occurs, failed eos: 14
[info] error EOS occurs, failed eos: 15
[info] error EOS occurs, failed eos: 16
[info] error EOS occurs, failed eos: 17
[info] error EOS occurs, failed eos: 18
[info] error EOS occurs, failed eos: 19
[info] error EOS occurs, failed eos: 20
[info] error EOS occurs, failed eos: 21
[info] error EOS occurs, failed eos: 22
[info] error EOS occurs, failed eos: 23
[info] error EOS occurs, failed eos: 24
[info] error EOS occurs, failed eos: 25
[info] error EOS occurs, failed eos: 26
[info] error EOS occurs, failed eos: 27
[info] error EOS occurs, failed eos: 28
[info] error EOS occurs, failed eos: 29
[info] error EOS occurs, failed eos: 30
[info] error EOS occurs, failed eos: 31
[info] error EOS occurs, failed eos: 32
[info] error EOS occurs, failed eos: 33
[info] error EOS occurs, failed eos: 34
[info] error EOS occurs, failed eos: 35
[info] error EOS occurs, failed eos: 36
[info] error EOS occurs, failed eos: 37
[info] error EOS occurs, failed eos: 38
[info] error EOS occurs, failed eos: 39
[info] error EOS occurs, failed eos: 40
[info] error EOS occurs, failed eos: 41
[info] error EOS occurs, failed eos: 42
[info] error EOS occurs, failed eos: 43
[info] error EOS occurs, failed eos: 44
[info] error EOS occurs, failed eos: 45
[info] error EOS occurs, failed eos: 46
[info] error EOS occurs, failed eos: 47
[info] error EOS occurs, failed eos: 48
[info] error EOS occurs, failed eos: 49
[info] error EOS occurs, failed eos: 50
[info] error EOS occurs, failed eos: 51
[info] error EOS occurs, failed eos: 52
[info] error EOS occurs, failed eos: 53
[info] error EOS occurs, failed eos: 54
[info] error EOS occurs, failed eos: 55
[info] error EOS occurs, failed eos: 56
[info] error EOS occurs, failed eos: 57
[info] error EOS occurs, failed eos: 58
[info] error EOS occurs, failed eos: 59
[info] error EOS occurs, failed eos: 60
[info] error EOS occurs, failed eos: 61
[info] error EOS occurs, failed eos: 62
[info] error EOS occurs, failed eos: 63
[info] error EOS occurs, failed eos: 64
[info] error EOS occurs, failed eos: 65
[info] error EOS occurs, failed eos: 66
[info] error EOS occurs, failed eos: 67
[info] error EOS occurs, failed eos: 68
[info] error EOS occurs, failed eos: 69
[info] error EOS occurs, failed eos: 70
[info] error EOS occurs, failed eos: 71
[info] error EOS occurs, failed eos: 72
[info] error EOS occurs, failed eos: 73
[info] error EOS occurs, failed eos: 74
[info] error EOS occurs, failed eos: 75
[info] error EOS occurs, failed eos: 76
[info] error EOS occurs, failed eos: 77
[info] error EOS occurs, failed eos: 78
[info] error EOS occurs, failed eos: 79
[info] error EOS occurs, failed eos: 80
[info] error EOS occurs, failed eos: 81
[info] error EOS occurs, failed eos: 82
[info] error EOS occurs, failed eos: 83
[info] error EOS occurs, failed eos: 84
[info] error EOS occurs, failed eos: 85
[info] error EOS occurs, failed eos: 86
[info] error EOS occurs, failed eos: 87
[info] error EOS occurs, failed eos: 88
[info] error EOS occurs, failed eos: 89
[info] error EOS occurs, failed eos: 90
[info] error EOS occurs, failed eos: 91
[info] error EOS occurs, failed eos: 92
[info] error EOS occurs, failed eos: 93
[info] error EOS occurs, failed eos: 94
[info] error EOS occurs, failed eos: 95
[info] error EOS occurs, failed eos: 96
[info] error EOS occurs, failed eos: 97
[info] error EOS occurs, failed eos: 98
[info] error EOS occurs, failed eos: 99
[info] error EOS occurs, failed eos: 100
[info] error EOS occurs, failed eos: 101
[info] error EOS occurs, failed eos: 102
[info] error EOS occurs, failed eos: 103
[info] error EOS occurs, failed eos: 104
[info] error EOS occurs, failed eos: 105
[info] error EOS occurs, failed eos: 106
[info] error EOS occurs, failed eos: 107
[info] error EOS occurs, failed eos: 108
[info] error EOS occurs, failed eos: 109
[info] error EOS occurs, failed eos: 110
[info] error EOS occurs, failed eos: 111
[info] error EOS occurs, failed eos: 112
[info] error EOS occurs, failed eos: 113
[info] error EOS occurs, failed eos: 114
[info] error EOS occurs, failed eos: 115
[info] error EOS occurs, failed eos: 116
[info] error EOS occurs, failed eos: 117
[info] error EOS occurs, failed eos: 118
[info] error EOS occurs, failed eos: 119
[info] error EOS occurs, failed eos: 120
[info] error EOS occurs, failed eos: 121
[info] error EOS occurs, failed eos: 122
[info] error EOS occurs, failed eos: 123
[info] error EOS occurs, failed eos: 124
[info] error EOS occurs, failed eos: 125
[info] error EOS occurs, failed eos: 126
[info] error EOS occurs, failed eos: 127
[info] error EOS occurs, failed eos: 128
[FATAL] model stuck, eos error ...
[info] position not increasing, failed cnt: 1
[info] position not increasing, failed cnt: 2
[info] position not increasing, failed cnt: 3
[info] position not increasing, failed cnt: 4
[info] position not increasing, failed cnt: 5
[info] position not increasing, failed cnt: 6
[info] position not increasing, failed cnt: 7
[info] position not increasing, failed cnt: 8
[info] position not increasing, failed cnt: 9
[info] position not increasing, failed cnt: 10
[info] position not increasing, failed cnt: 11
[info] position not increasing, failed cnt: 12
[info] position not increasing, failed cnt: 13
[info] position not increasing, failed cnt: 14
[info] position not increasing, failed cnt: 15
[info] position not increasing, failed cnt: 16
[info] position not increasing, failed cnt: 17
[info] position not increasing, failed cnt: 18
[info] position not increasing, failed cnt: 19
[info] position not increasing, failed cnt: 20
[info] position not increasing, failed cnt: 21
[info] position not increasing, failed cnt: 22
[info] position not increasing, failed cnt: 23
[info] position not increasing, failed cnt: 24
[info] position not increasing, failed cnt: 25
[info] position not increasing, failed cnt: 26
[info] position not increasing, failed cnt: 27
[info] position not increasing, failed cnt: 28
[info] position not increasing, failed cnt: 29
[info] position not increasing, failed cnt: 30
[info] position not increasing, failed cnt: 31
[info] position not increasing, failed cnt: 32
[info] position not increasing, failed cnt: 33
[info] position not increasing, failed cnt: 34
[info] position not increasing, failed cnt: 35
[info] position not increasing, failed cnt: 36
[info] position not increasing, failed cnt: 37
[info] position not increasing, failed cnt: 38
[info] position not increasing, failed cnt: 39
[info] position not increasing, failed cnt: 40
[info] position not increasing, failed cnt: 41
[info] position not increasing, failed cnt: 42
[info] position not increasing, failed cnt: 43
[info] position not increasing, failed cnt: 44
[info] position not increasing, failed cnt: 45
[info] position not increasing, failed cnt: 46
[info] position not increasing, failed cnt: 47
[info] position not increasing, failed cnt: 48
[info] position not increasing, failed cnt: 49
[info] position not increasing, failed cnt: 50
[info] position not increasing, failed cnt: 51
[info] position not increasing, failed cnt: 52
[info] position not increasing, failed cnt: 53
[info] position not increasing, failed cnt: 54
[info] position not increasing, failed cnt: 55
[info] position not increasing, failed cnt: 56
[info] position not increasing, failed cnt: 57
[info] position not increasing, failed cnt: 58
[info] position not increasing, failed cnt: 59
[info] position not increasing, failed cnt: 60
[info] position not increasing, failed cnt: 61
[info] position not increasing, failed cnt: 62
[info] position not increasing, failed cnt: 63
[info] position not increasing, failed cnt: 64
[info] position not increasing, failed cnt: 65
[info] position not increasing, failed cnt: 66
[info] position not increasing, failed cnt: 67
[info] position not increasing, failed cnt: 68
[info] position not increasing, failed cnt: 69
[info] position not increasing, failed cnt: 70
[info] position not increasing, failed cnt: 71
[info] position not increasing, failed cnt: 72
[info] position not increasing, failed cnt: 73
[info] position not increasing, failed cnt: 74
[info] position not increasing, failed cnt: 75
[info] position not increasing, failed cnt: 76
[info] position not increasing, failed cnt: 77
[info] position not increasing, failed cnt: 78
[info] position not increasing, failed cnt: 79
[info] position not increasing, failed cnt: 80
[info] position not increasing, failed cnt: 81
[info] position not increasing, failed cnt: 82
[info] position not increasing, failed cnt: 83
[info] position not increasing, failed cnt: 84
[info] position not increasing, failed cnt: 85
[info] position not increasing, failed cnt: 86
[info] position not increasing, failed cnt: 87
[info] position not increasing, failed cnt: 88
[info] position not increasing, failed cnt: 89
[info] position not increasing, failed cnt: 90
[info] position not increasing, failed cnt: 91
[info] position not increasing, failed cnt: 92
[info] position not increasing, failed cnt: 93
[info] position not increasing, failed cnt: 94
[info] position not increasing, failed cnt: 95
[info] position not increasing, failed cnt: 96
[info] position not increasing, failed cnt: 97
[info] position not increasing, failed cnt: 98
[info] position not increasing, failed cnt: 99
[info] position not increasing, failed cnt: 100
[info] position not increasing, failed cnt: 101
[info] position not increasing, failed cnt: 102
[info] position not increasing, failed cnt: 103
[info] position not increasing, failed cnt: 104
[info] position not increasing, failed cnt: 105
[info] position not increasing, failed cnt: 106
[info] position not increasing, failed cnt: 107
[info] position not increasing, failed cnt: 108
[info] position not increasing, failed cnt: 109
[info] position not increasing, failed cnt: 110
[info] position not increasing, failed cnt: 111
[info] position not increasing, failed cnt: 112
[info] position not increasing, failed cnt: 113
[info] position not increasing, failed cnt: 114
[info] position not increasing, failed cnt: 115
[info] position not increasing, failed cnt: 116
[info] position not increasing, failed cnt: 117
[info] position not increasing, failed cnt: 118
[info] position not increasing, failed cnt: 119
[info] position not increasing, failed cnt: 120
[info] position not increasing, failed cnt: 121
[info] position not increasing, failed cnt: 122
[info] position not increasing, failed cnt: 123
[info] position not increasing, failed cnt: 124
[info] position not increasing, failed cnt: 125
[info] position not increasing, failed cnt: 126
[info] position not increasing, failed cnt: 127
[info] position not increasing, failed cnt: 128
[FATAL] model stuck, exiting ...
[info] error EOS occurs, failed eos: 1
[info] error EOS occurs, failed eos: 2
[info] gotten eos
-- generated events: 1422
-- time elapsed: 13.82 secs
5jRB7otWSFz3kMR3fAOQ2n orig S3 ok=True fail=None 42.93s
-- generated events: 1017
-- time elapsed: 8.24 secs
5kehUJhVBQAMgzY9IQXIOV orig S3 ok=True fail=None 8.33s
-- generated events: 1202
-- time elapsed: 10.42 secs
5ojQLq8MsewWoGbVQEBd8f orig S3 ok=True fail=None 10.51s
-- generated events: 1072
-- time elapsed: 8.77 secs
5rVNJGnGulbxFwEgUeqAPg orig S3 ok=True fail=None 8.86s
-- generated events: 952
-- time elapsed: 7.47 secs
5zpJSe86hLBaTpd6ZW3TFB orig S3 ok=True fail=None 7.56s
-- generated events: 1196
-- time elapsed: 10.28 secs
64ksmDDLWaiY21WDVXBoYC orig S3 ok=True fail=None 10.37s
-- generated events: 1247
-- time elapsed: 11.07 secs
66x69ddxo6rH3KZoa5yNfO orig S3 ok=True fail=None 11.17s
[info] position not increasing, failed cnt: 1
[info] position not increasing, failed cnt: 1
[info] position not increasing, failed cnt: 2
[info] position not increasing, failed cnt: 3
[info] position not increasing, failed cnt: 4
[info] position not increasing, failed cnt: 5
[info] position not increasing, failed cnt: 6
[info] position not increasing, failed cnt: 7
[info] position not increasing, failed cnt: 8
[info] position not increasing, failed cnt: 9
[info] position not increasing, failed cnt: 10
[info] position not increasing, failed cnt: 11
[info] position not increasing, failed cnt: 12
[info] position not increasing, failed cnt: 13
[info] position not increasing, failed cnt: 14
[info] position not increasing, failed cnt: 15
[info] position not increasing, failed cnt: 16
[info] position not increasing, failed cnt: 17
[info] position not increasing, failed cnt: 18
[info] position not increasing, failed cnt: 19
[info] position not increasing, failed cnt: 20
[info] position not increasing, failed cnt: 21
[info] position not increasing, failed cnt: 22
[info] position not increasing, failed cnt: 23
[info] position not increasing, failed cnt: 24
[info] position not increasing, failed cnt: 25
[info] position not increasing, failed cnt: 26
[info] position not increasing, failed cnt: 27
[info] position not increasing, failed cnt: 28
[info] position not increasing, failed cnt: 29
[info] position not increasing, failed cnt: 30
[info] position not increasing, failed cnt: 31
[info] position not increasing, failed cnt: 32
[info] position not increasing, failed cnt: 33
[info] position not increasing, failed cnt: 34
[info] position not increasing, failed cnt: 35
[info] position not increasing, failed cnt: 36
[info] position not increasing, failed cnt: 37
[info] position not increasing, failed cnt: 38
[info] position not increasing, failed cnt: 39
[info] position not increasing, failed cnt: 40
[info] position not increasing, failed cnt: 41
[info] position not increasing, failed cnt: 42
[info] position not increasing, failed cnt: 43
[info] position not increasing, failed cnt: 44
[info] position not increasing, failed cnt: 45
[info] position not increasing, failed cnt: 46
[info] position not increasing, failed cnt: 47
[info] position not increasing, failed cnt: 48
[info] position not increasing, failed cnt: 49
[info] position not increasing, failed cnt: 50
[info] position not increasing, failed cnt: 51
[info] position not increasing, failed cnt: 52
[info] position not increasing, failed cnt: 53
[info] position not increasing, failed cnt: 54
[info] position not increasing, failed cnt: 55
[info] position not increasing, failed cnt: 56
[info] position not increasing, failed cnt: 57
[info] position not increasing, failed cnt: 58
[info] position not increasing, failed cnt: 59
[info] position not increasing, failed cnt: 60
[info] position not increasing, failed cnt: 61
[info] position not increasing, failed cnt: 62
[info] position not increasing, failed cnt: 63
[info] position not increasing, failed cnt: 64
[info] position not increasing, failed cnt: 65
[info] position not increasing, failed cnt: 66
[info] position not increasing, failed cnt: 67
[info] position not increasing, failed cnt: 68
[info] position not increasing, failed cnt: 69
[info] position not increasing, failed cnt: 70
[info] position not increasing, failed cnt: 71
[info] position not increasing, failed cnt: 72
[info] position not increasing, failed cnt: 73
[info] position not increasing, failed cnt: 74
[info] position not increasing, failed cnt: 75
[info] position not increasing, failed cnt: 76
[info] position not increasing, failed cnt: 77
[info] position not increasing, failed cnt: 78
[info] position not increasing, failed cnt: 79
[info] position not increasing, failed cnt: 80
[info] position not increasing, failed cnt: 81
[info] position not increasing, failed cnt: 82
[info] position not increasing, failed cnt: 83
[info] position not increasing, failed cnt: 84
[info] position not increasing, failed cnt: 85
[info] position not increasing, failed cnt: 86
[info] position not increasing, failed cnt: 87
[info] position not increasing, failed cnt: 88
[info] position not increasing, failed cnt: 89
[info] position not increasing, failed cnt: 90
[info] position not increasing, failed cnt: 91
[info] position not increasing, failed cnt: 92
[info] position not increasing, failed cnt: 93
[info] position not increasing, failed cnt: 94
[info] position not increasing, failed cnt: 95
[info] position not increasing, failed cnt: 96
[info] position not increasing, failed cnt: 97
[info] position not increasing, failed cnt: 98
[info] position not increasing, failed cnt: 99
[info] position not increasing, failed cnt: 100
[info] position not increasing, failed cnt: 101
[info] position not increasing, failed cnt: 102
[info] position not increasing, failed cnt: 103
[info] position not increasing, failed cnt: 104
[info] position not increasing, failed cnt: 105
[info] position not increasing, failed cnt: 106
[info] position not increasing, failed cnt: 107
[info] position not increasing, failed cnt: 108
[info] position not increasing, failed cnt: 109
[info] position not increasing, failed cnt: 110
[info] position not increasing, failed cnt: 111
[info] position not increasing, failed cnt: 112
[info] position not increasing, failed cnt: 113
[info] position not increasing, failed cnt: 114
[info] position not increasing, failed cnt: 115
[info] position not increasing, failed cnt: 116
[info] position not increasing, failed cnt: 117
[info] position not increasing, failed cnt: 118
[info] position not increasing, failed cnt: 119
[info] position not increasing, failed cnt: 120
[info] position not increasing, failed cnt: 121
[info] position not increasing, failed cnt: 122
[info] position not increasing, failed cnt: 123
[info] position not increasing, failed cnt: 124
[info] position not increasing, failed cnt: 125
[info] position not increasing, failed cnt: 126
[info] position not increasing, failed cnt: 127
[info] position not increasing, failed cnt: 128
[FATAL] model stuck, exiting ...
[info] position not increasing, failed cnt: 1
[info] position not increasing, failed cnt: 2
[info] position not increasing, failed cnt: 3
[info] position not increasing, failed cnt: 4
[info] position not increasing, failed cnt: 5
[info] position not increasing, failed cnt: 6
[info] position not increasing, failed cnt: 7
[info] position not increasing, failed cnt: 8
[info] position not increasing, failed cnt: 9
[info] position not increasing, failed cnt: 10
[info] position not increasing, failed cnt: 11
[info] position not increasing, failed cnt: 12
[info] position not increasing, failed cnt: 13
[info] position not increasing, failed cnt: 14
[info] position not increasing, failed cnt: 15
[info] position not increasing, failed cnt: 16
[info] position not increasing, failed cnt: 17
[info] position not increasing, failed cnt: 18
[info] position not increasing, failed cnt: 19
[info] position not increasing, failed cnt: 20
[info] position not increasing, failed cnt: 21
[info] position not increasing, failed cnt: 22
[info] position not increasing, failed cnt: 23
[info] position not increasing, failed cnt: 24
[info] position not increasing, failed cnt: 25
[info] position not increasing, failed cnt: 26
[info] position not increasing, failed cnt: 27
[info] position not increasing, failed cnt: 28
[info] position not increasing, failed cnt: 29
[info] position not increasing, failed cnt: 30
[info] position not increasing, failed cnt: 31
[info] position not increasing, failed cnt: 32
[info] position not increasing, failed cnt: 33
[info] position not increasing, failed cnt: 34
[info] position not increasing, failed cnt: 35
[info] position not increasing, failed cnt: 36
[info] position not increasing, failed cnt: 37
[info] position not increasing, failed cnt: 38
[info] position not increasing, failed cnt: 39
[info] position not increasing, failed cnt: 40
[info] position not increasing, failed cnt: 41
[info] position not increasing, failed cnt: 42
[info] position not increasing, failed cnt: 43
[info] position not increasing, failed cnt: 44
[info] position not increasing, failed cnt: 45
[info] position not increasing, failed cnt: 46
[info] position not increasing, failed cnt: 47
[info] position not increasing, failed cnt: 48
[info] position not increasing, failed cnt: 49
[info] position not increasing, failed cnt: 50
[info] position not increasing, failed cnt: 51
[info] position not increasing, failed cnt: 52
[info] position not increasing, failed cnt: 53
[info] position not increasing, failed cnt: 54
[info] position not increasing, failed cnt: 55
[info] position not increasing, failed cnt: 56
[info] position not increasing, failed cnt: 57
[info] position not increasing, failed cnt: 58
[info] position not increasing, failed cnt: 59
[info] position not increasing, failed cnt: 60
[info] position not increasing, failed cnt: 61
[info] position not increasing, failed cnt: 62
[info] position not increasing, failed cnt: 63
[info] position not increasing, failed cnt: 64
[info] position not increasing, failed cnt: 65
[info] position not increasing, failed cnt: 66
[info] position not increasing, failed cnt: 67
[info] position not increasing, failed cnt: 68
[info] position not increasing, failed cnt: 69
[info] position not increasing, failed cnt: 70
[info] position not increasing, failed cnt: 71
[info] position not increasing, failed cnt: 72
[info] position not increasing, failed cnt: 73
[info] position not increasing, failed cnt: 74
[info] position not increasing, failed cnt: 75
[info] position not increasing, failed cnt: 76
[info] position not increasing, failed cnt: 77
[info] position not increasing, failed cnt: 78
[info] position not increasing, failed cnt: 79
[info] position not increasing, failed cnt: 80
[info] position not increasing, failed cnt: 81
[info] position not increasing, failed cnt: 82
[info] position not increasing, failed cnt: 83
[info] position not increasing, failed cnt: 84
[info] position not increasing, failed cnt: 85
[info] position not increasing, failed cnt: 86
[info] position not increasing, failed cnt: 87
[info] position not increasing, failed cnt: 88
[info] position not increasing, failed cnt: 89
[info] position not increasing, failed cnt: 90
[info] position not increasing, failed cnt: 91
[info] position not increasing, failed cnt: 92
[info] position not increasing, failed cnt: 93
[info] position not increasing, failed cnt: 94
[info] position not increasing, failed cnt: 95
[info] position not increasing, failed cnt: 96
[info] position not increasing, failed cnt: 97
[info] position not increasing, failed cnt: 98
[info] position not increasing, failed cnt: 99
[info] position not increasing, failed cnt: 100
[info] position not increasing, failed cnt: 101
[info] position not increasing, failed cnt: 102
[info] position not increasing, failed cnt: 103
[info] position not increasing, failed cnt: 104
[info] position not increasing, failed cnt: 105
[info] position not increasing, failed cnt: 106
[info] position not increasing, failed cnt: 107
[info] position not increasing, failed cnt: 108
[info] position not increasing, failed cnt: 109
[info] position not increasing, failed cnt: 110
[info] position not increasing, failed cnt: 111
[info] position not increasing, failed cnt: 112
[info] position not increasing, failed cnt: 113
[info] position not increasing, failed cnt: 114
[info] position not increasing, failed cnt: 115
[info] position not increasing, failed cnt: 116
[info] position not increasing, failed cnt: 117
[info] position not increasing, failed cnt: 118
[info] position not increasing, failed cnt: 119
[info] position not increasing, failed cnt: 120
[info] position not increasing, failed cnt: 121
[info] position not increasing, failed cnt: 122
[info] position not increasing, failed cnt: 123
[info] position not increasing, failed cnt: 124
[info] position not increasing, failed cnt: 125
[info] position not increasing, failed cnt: 126
[info] position not increasing, failed cnt: 127
[info] position not increasing, failed cnt: 128
[FATAL] model stuck, exiting ...
[info] error EOS occurs, failed eos: 1
[info] error EOS occurs, failed eos: 2
[info] error EOS occurs, failed eos: 3
[info] error EOS occurs, failed eos: 4
[info] error EOS occurs, failed eos: 5
[info] error EOS occurs, failed eos: 6
[info] error EOS occurs, failed eos: 7
[info] error EOS occurs, failed eos: 8
[info] error EOS occurs, failed eos: 9
[info] error EOS occurs, failed eos: 10
[info] error EOS occurs, failed eos: 11
[info] error EOS occurs, failed eos: 12
[info] error EOS occurs, failed eos: 13
[info] error EOS occurs, failed eos: 14
[info] error EOS occurs, failed eos: 15
[info] error EOS occurs, failed eos: 16
[info] error EOS occurs, failed eos: 17
[info] error EOS occurs, failed eos: 18
[info] error EOS occurs, failed eos: 19
[info] error EOS occurs, failed eos: 20
[info] error EOS occurs, failed eos: 21
[info] error EOS occurs, failed eos: 22
[info] error EOS occurs, failed eos: 23
[info] error EOS occurs, failed eos: 24
[info] error EOS occurs, failed eos: 25
[info] error EOS occurs, failed eos: 26
[info] error EOS occurs, failed eos: 27
[info] error EOS occurs, failed eos: 28
[info] error EOS occurs, failed eos: 29
[info] error EOS occurs, failed eos: 30
[info] error EOS occurs, failed eos: 31
[info] error EOS occurs, failed eos: 32
[info] error EOS occurs, failed eos: 33
[info] error EOS occurs, failed eos: 34
[info] error EOS occurs, failed eos: 35
[info] error EOS occurs, failed eos: 36
[info] error EOS occurs, failed eos: 37
[info] error EOS occurs, failed eos: 38
[info] error EOS occurs, failed eos: 39
[info] error EOS occurs, failed eos: 40
[info] error EOS occurs, failed eos: 41
[info] error EOS occurs, failed eos: 42
[info] error EOS occurs, failed eos: 43
[info] error EOS occurs, failed eos: 44
[info] error EOS occurs, failed eos: 45
[info] error EOS occurs, failed eos: 46
[info] error EOS occurs, failed eos: 47
[info] error EOS occurs, failed eos: 48
[info] error EOS occurs, failed eos: 49
[info] error EOS occurs, failed eos: 50
[info] error EOS occurs, failed eos: 51
[info] error EOS occurs, failed eos: 52
[info] error EOS occurs, failed eos: 53
[info] error EOS occurs, failed eos: 54
[info] error EOS occurs, failed eos: 55
[info] error EOS occurs, failed eos: 56
[info] error EOS occurs, failed eos: 57
[info] error EOS occurs, failed eos: 58
[info] error EOS occurs, failed eos: 59
[info] error EOS occurs, failed eos: 60
[info] error EOS occurs, failed eos: 61
[info] error EOS occurs, failed eos: 62
[info] error EOS occurs, failed eos: 63
[info] error EOS occurs, failed eos: 64
[info] error EOS occurs, failed eos: 65
[info] error EOS occurs, failed eos: 66
[info] error EOS occurs, failed eos: 67
[info] error EOS occurs, failed eos: 68
[info] error EOS occurs, failed eos: 69
[info] error EOS occurs, failed eos: 70
[info] error EOS occurs, failed eos: 71
[info] error EOS occurs, failed eos: 72
[info] error EOS occurs, failed eos: 73
[info] error EOS occurs, failed eos: 74
[info] error EOS occurs, failed eos: 75
[info] error EOS occurs, failed eos: 76
[info] error EOS occurs, failed eos: 77
[info] error EOS occurs, failed eos: 78
[info] error EOS occurs, failed eos: 79
[info] error EOS occurs, failed eos: 80
[info] error EOS occurs, failed eos: 81
[info] error EOS occurs, failed eos: 82
[info] error EOS occurs, failed eos: 83
[info] error EOS occurs, failed eos: 84
[info] error EOS occurs, failed eos: 85
[info] error EOS occurs, failed eos: 86
[info] error EOS occurs, failed eos: 87
[info] error EOS occurs, failed eos: 88
[info] error EOS occurs, failed eos: 89
[info] error EOS occurs, failed eos: 90
[info] error EOS occurs, failed eos: 91
[info] error EOS occurs, failed eos: 92
[info] error EOS occurs, failed eos: 93
[info] error EOS occurs, failed eos: 94
[info] error EOS occurs, failed eos: 95
[info] error EOS occurs, failed eos: 96
[info] error EOS occurs, failed eos: 97
[info] error EOS occurs, failed eos: 98
[info] error EOS occurs, failed eos: 99
[info] error EOS occurs, failed eos: 100
[info] error EOS occurs, failed eos: 101
[info] error EOS occurs, failed eos: 102
[info] error EOS occurs, failed eos: 103
[info] error EOS occurs, failed eos: 104
[info] error EOS occurs, failed eos: 105
[info] error EOS occurs, failed eos: 106
[info] error EOS occurs, failed eos: 107
[info] error EOS occurs, failed eos: 108
[info] error EOS occurs, failed eos: 109
[info] error EOS occurs, failed eos: 110
[info] error EOS occurs, failed eos: 111
[info] error EOS occurs, failed eos: 112
[info] error EOS occurs, failed eos: 113
[info] error EOS occurs, failed eos: 114
[info] error EOS occurs, failed eos: 115
[info] error EOS occurs, failed eos: 116
[info] error EOS occurs, failed eos: 117
[info] error EOS occurs, failed eos: 118
[info] error EOS occurs, failed eos: 119
[info] error EOS occurs, failed eos: 120
[info] error EOS occurs, failed eos: 121
[info] error EOS occurs, failed eos: 122
[info] error EOS occurs, failed eos: 123
[info] error EOS occurs, failed eos: 124
[info] error EOS occurs, failed eos: 125
[info] error EOS occurs, failed eos: 126
[info] error EOS occurs, failed eos: 127
[info] error EOS occurs, failed eos: 128
[FATAL] model stuck, eos error ...
[info] position not increasing, failed cnt: 1
[info] error EOS occurs, failed eos: 1
[info] error EOS occurs, failed eos: 2
[info] error EOS occurs, failed eos: 3
[info] error EOS occurs, failed eos: 4
[info] error EOS occurs, failed eos: 5
[info] error EOS occurs, failed eos: 6
[info] error EOS occurs, failed eos: 7
[info] error EOS occurs, failed eos: 8
[info] error EOS occurs, failed eos: 9
[info] error EOS occurs, failed eos: 10
[info] error EOS occurs, failed eos: 11
[info] error EOS occurs, failed eos: 12
[info] error EOS occurs, failed eos: 13
[info] error EOS occurs, failed eos: 14
[info] error EOS occurs, failed eos: 15
[info] error EOS occurs, failed eos: 16
[info] error EOS occurs, failed eos: 17
[info] error EOS occurs, failed eos: 18
[info] error EOS occurs, failed eos: 19
[info] error EOS occurs, failed eos: 20
[info] error EOS occurs, failed eos: 21
[info] error EOS occurs, failed eos: 22
[info] error EOS occurs, failed eos: 23
[info] error EOS occurs, failed eos: 24
[info] error EOS occurs, failed eos: 25
[info] error EOS occurs, failed eos: 26
[info] error EOS occurs, failed eos: 27
[info] error EOS occurs, failed eos: 28
[info] error EOS occurs, failed eos: 29
[info] error EOS occurs, failed eos: 30
[info] error EOS occurs, failed eos: 31
[info] error EOS occurs, failed eos: 32
[info] error EOS occurs, failed eos: 33
[info] error EOS occurs, failed eos: 34
[info] error EOS occurs, failed eos: 35
[info] error EOS occurs, failed eos: 36
[info] error EOS occurs, failed eos: 37
[info] error EOS occurs, failed eos: 38
[info] error EOS occurs, failed eos: 39
[info] error EOS occurs, failed eos: 40
[info] error EOS occurs, failed eos: 41
[info] error EOS occurs, failed eos: 42
[info] error EOS occurs, failed eos: 43
[info] error EOS occurs, failed eos: 44
[info] error EOS occurs, failed eos: 45
[info] error EOS occurs, failed eos: 46
[info] error EOS occurs, failed eos: 47
[info] error EOS occurs, failed eos: 48
[info] error EOS occurs, failed eos: 49
[info] error EOS occurs, failed eos: 50
[info] error EOS occurs, failed eos: 51
[info] error EOS occurs, failed eos: 52
[info] error EOS occurs, failed eos: 53
[info] error EOS occurs, failed eos: 54
[info] error EOS occurs, failed eos: 55
[info] error EOS occurs, failed eos: 56
[info] error EOS occurs, failed eos: 57
[info] error EOS occurs, failed eos: 58
[info] error EOS occurs, failed eos: 59
[info] error EOS occurs, failed eos: 60
[info] error EOS occurs, failed eos: 61
[info] error EOS occurs, failed eos: 62
[info] error EOS occurs, failed eos: 63
[info] error EOS occurs, failed eos: 64
[info] error EOS occurs, failed eos: 65
[info] error EOS occurs, failed eos: 66
[info] error EOS occurs, failed eos: 67
[info] error EOS occurs, failed eos: 68
[info] error EOS occurs, failed eos: 69
[info] error EOS occurs, failed eos: 70
[info] error EOS occurs, failed eos: 71
[info] error EOS occurs, failed eos: 72
[info] error EOS occurs, failed eos: 73
[info] error EOS occurs, failed eos: 74
[info] error EOS occurs, failed eos: 75
[info] error EOS occurs, failed eos: 76
[info] error EOS occurs, failed eos: 77
[info] error EOS occurs, failed eos: 78
[info] error EOS occurs, failed eos: 79
[info] error EOS occurs, failed eos: 80
[info] error EOS occurs, failed eos: 81
[info] error EOS occurs, failed eos: 82
[info] error EOS occurs, failed eos: 83
[info] error EOS occurs, failed eos: 84
[info] error EOS occurs, failed eos: 85
[info] error EOS occurs, failed eos: 86
[info] error EOS occurs, failed eos: 87
[info] error EOS occurs, failed eos: 88
[info] error EOS occurs, failed eos: 89
[info] error EOS occurs, failed eos: 90
[info] error EOS occurs, failed eos: 91
[info] error EOS occurs, failed eos: 92
[info] error EOS occurs, failed eos: 93
[info] error EOS occurs, failed eos: 94
[info] error EOS occurs, failed eos: 95
[info] error EOS occurs, failed eos: 96
[info] error EOS occurs, failed eos: 97
[info] error EOS occurs, failed eos: 98
[info] error EOS occurs, failed eos: 99
[info] error EOS occurs, failed eos: 100
[info] error EOS occurs, failed eos: 101
[info] error EOS occurs, failed eos: 102
[info] error EOS occurs, failed eos: 103
[info] error EOS occurs, failed eos: 104
[info] error EOS occurs, failed eos: 105
[info] error EOS occurs, failed eos: 106
[info] error EOS occurs, failed eos: 107
[info] error EOS occurs, failed eos: 108
[info] error EOS occurs, failed eos: 109
[info] error EOS occurs, failed eos: 110
[info] error EOS occurs, failed eos: 111
[info] error EOS occurs, failed eos: 112
[info] error EOS occurs, failed eos: 113
[info] error EOS occurs, failed eos: 114
[info] error EOS occurs, failed eos: 115
[info] error EOS occurs, failed eos: 116
[info] error EOS occurs, failed eos: 117
[info] error EOS occurs, failed eos: 118
[info] error EOS occurs, failed eos: 119
[info] error EOS occurs, failed eos: 120
[info] error EOS occurs, failed eos: 121
[info] error EOS occurs, failed eos: 122
[info] error EOS occurs, failed eos: 123
[info] error EOS occurs, failed eos: 124
[info] error EOS occurs, failed eos: 125
[info] error EOS occurs, failed eos: 126
[info] error EOS occurs, failed eos: 127
[info] error EOS occurs, failed eos: 128
[FATAL] model stuck, eos error ...
[info] position not increasing, failed cnt: 1
[info] position not increasing, failed cnt: 2
[info] position not increasing, failed cnt: 3
[info] position not increasing, failed cnt: 4
[info] position not increasing, failed cnt: 5
[info] position not increasing, failed cnt: 6
[info] position not increasing, failed cnt: 7
[info] position not increasing, failed cnt: 8
[info] position not increasing, failed cnt: 9
[info] position not increasing, failed cnt: 1
[info] position not increasing, failed cnt: 2
[info] position not increasing, failed cnt: 3
[info] position not increasing, failed cnt: 4
[info] position not increasing, failed cnt: 5
[info] position not increasing, failed cnt: 6
[info] position not increasing, failed cnt: 7
[info] position not increasing, failed cnt: 8
[info] position not increasing, failed cnt: 9
[info] position not increasing, failed cnt: 10
[info] position not increasing, failed cnt: 11
[info] position not increasing, failed cnt: 12
[info] position not increasing, failed cnt: 13
[info] position not increasing, failed cnt: 14
[info] position not increasing, failed cnt: 15
[info] position not increasing, failed cnt: 16
[info] position not increasing, failed cnt: 17
[info] position not increasing, failed cnt: 18
[info] position not increasing, failed cnt: 19
[info] position not increasing, failed cnt: 20
[info] position not increasing, failed cnt: 21
[info] position not increasing, failed cnt: 22
[info] position not increasing, failed cnt: 23
[info] position not increasing, failed cnt: 24
[info] position not increasing, failed cnt: 25
[info] position not increasing, failed cnt: 26
[info] position not increasing, failed cnt: 27
[info] position not increasing, failed cnt: 28
[info] position not increasing, failed cnt: 29
[info] position not increasing, failed cnt: 30
[info] position not increasing, failed cnt: 31
[info] position not increasing, failed cnt: 32
[info] position not increasing, failed cnt: 33
[info] position not increasing, failed cnt: 34
[info] position not increasing, failed cnt: 35
[info] position not increasing, failed cnt: 36
[info] position not increasing, failed cnt: 37
[info] position not increasing, failed cnt: 38
[info] position not increasing, failed cnt: 39
[info] position not increasing, failed cnt: 40
[info] position not increasing, failed cnt: 41
[info] position not increasing, failed cnt: 42
[info] position not increasing, failed cnt: 43
[info] position not increasing, failed cnt: 44
[info] position not increasing, failed cnt: 45
[info] position not increasing, failed cnt: 46
[info] position not increasing, failed cnt: 47
[info] position not increasing, failed cnt: 48
[info] position not increasing, failed cnt: 49
[info] position not increasing, failed cnt: 50
[info] position not increasing, failed cnt: 51
[info] position not increasing, failed cnt: 52
[info] position not increasing, failed cnt: 53
[info] position not increasing, failed cnt: 54
[info] position not increasing, failed cnt: 55
[info] position not increasing, failed cnt: 56
[info] position not increasing, failed cnt: 57
[info] position not increasing, failed cnt: 58
[info] position not increasing, failed cnt: 59
[info] position not increasing, failed cnt: 60
[info] position not increasing, failed cnt: 61
[info] position not increasing, failed cnt: 62
[info] position not increasing, failed cnt: 63
[info] position not increasing, failed cnt: 64
[info] position not increasing, failed cnt: 65
[info] position not increasing, failed cnt: 66
[info] position not increasing, failed cnt: 67
[info] position not increasing, failed cnt: 68
[info] position not increasing, failed cnt: 69
[info] position not increasing, failed cnt: 70
[info] position not increasing, failed cnt: 71
[info] position not increasing, failed cnt: 72
[info] position not increasing, failed cnt: 73
[info] position not increasing, failed cnt: 74
[info] position not increasing, failed cnt: 75
[info] position not increasing, failed cnt: 76
[info] position not increasing, failed cnt: 77
[info] position not increasing, failed cnt: 78
[info] position not increasing, failed cnt: 79
[info] position not increasing, failed cnt: 80
[info] position not increasing, failed cnt: 81
[info] position not increasing, failed cnt: 82
[info] position not increasing, failed cnt: 83
[info] position not increasing, failed cnt: 84
[info] position not increasing, failed cnt: 85
[info] position not increasing, failed cnt: 86
[info] position not increasing, failed cnt: 87
[info] position not increasing, failed cnt: 88
[info] position not increasing, failed cnt: 89
[info] position not increasing, failed cnt: 90
[info] position not increasing, failed cnt: 91
[info] position not increasing, failed cnt: 92
[info] position not increasing, failed cnt: 93
[info] position not increasing, failed cnt: 94
[info] position not increasing, failed cnt: 95
[info] position not increasing, failed cnt: 96
[info] position not increasing, failed cnt: 97
[info] position not increasing, failed cnt: 98
[info] position not increasing, failed cnt: 99
[info] position not increasing, failed cnt: 100
[info] position not increasing, failed cnt: 101
[info] position not increasing, failed cnt: 102
[info] position not increasing, failed cnt: 103
[info] position not increasing, failed cnt: 104
[info] position not increasing, failed cnt: 105
[info] position not increasing, failed cnt: 106
[info] position not increasing, failed cnt: 107
[info] position not increasing, failed cnt: 108
[info] position not increasing, failed cnt: 109
[info] position not increasing, failed cnt: 110
[info] position not increasing, failed cnt: 111
[info] position not increasing, failed cnt: 112
[info] position not increasing, failed cnt: 113
[info] position not increasing, failed cnt: 114
[info] position not increasing, failed cnt: 115
[info] position not increasing, failed cnt: 116
[info] position not increasing, failed cnt: 117
[info] position not increasing, failed cnt: 118
[info] position not increasing, failed cnt: 119
[info] position not increasing, failed cnt: 120
[info] position not increasing, failed cnt: 121
[info] position not increasing, failed cnt: 122
[info] position not increasing, failed cnt: 123
[info] position not increasing, failed cnt: 124
[info] position not increasing, failed cnt: 125
[info] position not increasing, failed cnt: 126
[info] position not increasing, failed cnt: 127
[info] position not increasing, failed cnt: 128
[FATAL] model stuck, exiting ...
6FmfdFUbG8q6U2KbsNFo3y orig S3 ok=False fail=generation_failed_5_attempts 57.83s
[info] position not increasing, failed cnt: 1
[info] position not increasing, failed cnt: 2
[info] position not increasing, failed cnt: 1
[info] position not increasing, failed cnt: 2
[info] position not increasing, failed cnt: 3
[info] position not increasing, failed cnt: 4
[info] position not increasing, failed cnt: 5
[info] position not increasing, failed cnt: 6
[info] position not increasing, failed cnt: 7
[info] position not increasing, failed cnt: 8
[info] position not increasing, failed cnt: 9
[info] position not increasing, failed cnt: 10
[info] position not increasing, failed cnt: 11
[info] position not increasing, failed cnt: 12
[info] position not increasing, failed cnt: 13
[info] position not increasing, failed cnt: 14
[info] position not increasing, failed cnt: 15
[info] position not increasing, failed cnt: 16
[info] position not increasing, failed cnt: 17
[info] position not increasing, failed cnt: 18
[info] position not increasing, failed cnt: 19
[info] position not increasing, failed cnt: 20
[info] position not increasing, failed cnt: 21
[info] position not increasing, failed cnt: 22
[info] position not increasing, failed cnt: 23
[info] position not increasing, failed cnt: 24
[info] position not increasing, failed cnt: 25
[info] position not increasing, failed cnt: 26
[info] position not increasing, failed cnt: 27
[info] position not increasing, failed cnt: 28
[info] position not increasing, failed cnt: 29
[info] position not increasing, failed cnt: 30
[info] position not increasing, failed cnt: 31
[info] position not increasing, failed cnt: 32
[info] position not increasing, failed cnt: 33
[info] position not increasing, failed cnt: 34
[info] position not increasing, failed cnt: 35
[info] position not increasing, failed cnt: 36
[info] position not increasing, failed cnt: 37
[info] position not increasing, failed cnt: 38
[info] position not increasing, failed cnt: 39
[info] position not increasing, failed cnt: 40
[info] position not increasing, failed cnt: 41
[info] position not increasing, failed cnt: 42
[info] position not increasing, failed cnt: 43
[info] position not increasing, failed cnt: 44
[info] position not increasing, failed cnt: 45
[info] position not increasing, failed cnt: 46
[info] position not increasing, failed cnt: 47
[info] position not increasing, failed cnt: 48
[info] position not increasing, failed cnt: 49
[info] position not increasing, failed cnt: 50
[info] position not increasing, failed cnt: 51
[info] position not increasing, failed cnt: 52
[info] position not increasing, failed cnt: 53
[info] position not increasing, failed cnt: 54
[info] position not increasing, failed cnt: 55
[info] position not increasing, failed cnt: 56
[info] position not increasing, failed cnt: 57
[info] position not increasing, failed cnt: 58
[info] position not increasing, failed cnt: 59
[info] position not increasing, failed cnt: 60
[info] position not increasing, failed cnt: 61
[info] position not increasing, failed cnt: 62
[info] position not increasing, failed cnt: 63
[info] position not increasing, failed cnt: 64
[info] position not increasing, failed cnt: 65
[info] position not increasing, failed cnt: 66
[info] position not increasing, failed cnt: 67
[info] position not increasing, failed cnt: 68
[info] position not increasing, failed cnt: 69
[info] position not increasing, failed cnt: 70
[info] position not increasing, failed cnt: 71
[info] position not increasing, failed cnt: 72
[info] position not increasing, failed cnt: 73
[info] position not increasing, failed cnt: 74
[info] position not increasing, failed cnt: 75
[info] position not increasing, failed cnt: 76
[info] position not increasing, failed cnt: 77
[info] position not increasing, failed cnt: 78
[info] position not increasing, failed cnt: 79
[info] position not increasing, failed cnt: 80
[info] position not increasing, failed cnt: 81
[info] position not increasing, failed cnt: 82
[info] position not increasing, failed cnt: 83
[info] position not increasing, failed cnt: 84
[info] position not increasing, failed cnt: 85
[info] position not increasing, failed cnt: 86
[info] position not increasing, failed cnt: 87
[info] position not increasing, failed cnt: 88
[info] position not increasing, failed cnt: 89
[info] position not increasing, failed cnt: 90
[info] position not increasing, failed cnt: 91
[info] position not increasing, failed cnt: 92
[info] position not increasing, failed cnt: 93
[info] position not increasing, failed cnt: 94
[info] position not increasing, failed cnt: 95
[info] position not increasing, failed cnt: 96
[info] position not increasing, failed cnt: 97
[info] position not increasing, failed cnt: 98
[info] position not increasing, failed cnt: 99
[info] position not increasing, failed cnt: 100
[info] position not increasing, failed cnt: 101
[info] position not increasing, failed cnt: 102
[info] position not increasing, failed cnt: 103
[info] position not increasing, failed cnt: 104
[info] position not increasing, failed cnt: 105
[info] position not increasing, failed cnt: 106
[info] position not increasing, failed cnt: 107
[info] position not increasing, failed cnt: 108
[info] position not increasing, failed cnt: 109
[info] position not increasing, failed cnt: 110
[info] position not increasing, failed cnt: 111
[info] position not increasing, failed cnt: 112
[info] position not increasing, failed cnt: 113
[info] position not increasing, failed cnt: 114
[info] position not increasing, failed cnt: 115
[info] position not increasing, failed cnt: 116
[info] position not increasing, failed cnt: 117
[info] position not increasing, failed cnt: 118
[info] position not increasing, failed cnt: 119
[info] position not increasing, failed cnt: 120
[info] position not increasing, failed cnt: 121
[info] position not increasing, failed cnt: 122
[info] position not increasing, failed cnt: 123
[info] position not increasing, failed cnt: 124
[info] position not increasing, failed cnt: 125
[info] position not increasing, failed cnt: 126
[info] position not increasing, failed cnt: 127
[info] position not increasing, failed cnt: 128
[FATAL] model stuck, exiting ...
[info] error EOS occurs, failed eos: 1
[info] error EOS occurs, failed eos: 2
[info] error EOS occurs, failed eos: 3
[info] error EOS occurs, failed eos: 4
[info] error EOS occurs, failed eos: 5
[info] error EOS occurs, failed eos: 6
[info] error EOS occurs, failed eos: 7
[info] error EOS occurs, failed eos: 8
[info] error EOS occurs, failed eos: 9
[info] error EOS occurs, failed eos: 10
[info] error EOS occurs, failed eos: 11
[info] error EOS occurs, failed eos: 12
[info] error EOS occurs, failed eos: 13
[info] error EOS occurs, failed eos: 14
[info] error EOS occurs, failed eos: 15
[info] error EOS occurs, failed eos: 16
[info] error EOS occurs, failed eos: 17
[info] error EOS occurs, failed eos: 18
[info] error EOS occurs, failed eos: 19
[info] error EOS occurs, failed eos: 20
[info] error EOS occurs, failed eos: 21
[info] error EOS occurs, failed eos: 22
[info] error EOS occurs, failed eos: 23
[info] error EOS occurs, failed eos: 24
[info] error EOS occurs, failed eos: 25
[info] error EOS occurs, failed eos: 26
[info] error EOS occurs, failed eos: 27
[info] error EOS occurs, failed eos: 28
[info] error EOS occurs, failed eos: 29
[info] error EOS occurs, failed eos: 30
[info] error EOS occurs, failed eos: 31
[info] error EOS occurs, failed eos: 32
[info] error EOS occurs, failed eos: 33
[info] error EOS occurs, failed eos: 34
[info] error EOS occurs, failed eos: 35
[info] error EOS occurs, failed eos: 36
[info] error EOS occurs, failed eos: 37
[info] error EOS occurs, failed eos: 38
[info] error EOS occurs, failed eos: 39
[info] error EOS occurs, failed eos: 40
[info] error EOS occurs, failed eos: 41
[info] error EOS occurs, failed eos: 42
[info] error EOS occurs, failed eos: 43
[info] error EOS occurs, failed eos: 44
[info] error EOS occurs, failed eos: 45
[info] error EOS occurs, failed eos: 46
[info] error EOS occurs, failed eos: 47
[info] error EOS occurs, failed eos: 48
[info] error EOS occurs, failed eos: 49
[info] error EOS occurs, failed eos: 50
[info] error EOS occurs, failed eos: 51
[info] error EOS occurs, failed eos: 52
[info] error EOS occurs, failed eos: 53
[info] error EOS occurs, failed eos: 54
[info] error EOS occurs, failed eos: 55
[info] error EOS occurs, failed eos: 56
[info] error EOS occurs, failed eos: 57
[info] error EOS occurs, failed eos: 58
[info] error EOS occurs, failed eos: 59
[info] error EOS occurs, failed eos: 60
[info] error EOS occurs, failed eos: 61
[info] error EOS occurs, failed eos: 62
[info] error EOS occurs, failed eos: 63
[info] error EOS occurs, failed eos: 64
[info] error EOS occurs, failed eos: 65
[info] error EOS occurs, failed eos: 66
[info] error EOS occurs, failed eos: 67
[info] error EOS occurs, failed eos: 68
[info] error EOS occurs, failed eos: 69
[info] error EOS occurs, failed eos: 70
[info] error EOS occurs, failed eos: 71
[info] error EOS occurs, failed eos: 72
[info] error EOS occurs, failed eos: 73
[info] error EOS occurs, failed eos: 74
[info] error EOS occurs, failed eos: 75
[info] error EOS occurs, failed eos: 76
[info] error EOS occurs, failed eos: 77
[info] error EOS occurs, failed eos: 78
[info] error EOS occurs, failed eos: 79
[info] error EOS occurs, failed eos: 80
[info] error EOS occurs, failed eos: 81
[info] error EOS occurs, failed eos: 82
[info] error EOS occurs, failed eos: 83
[info] error EOS occurs, failed eos: 84
[info] error EOS occurs, failed eos: 85
[info] error EOS occurs, failed eos: 86
[info] error EOS occurs, failed eos: 87
[info] error EOS occurs, failed eos: 88
[info] error EOS occurs, failed eos: 89
[info] error EOS occurs, failed eos: 90
[info] error EOS occurs, failed eos: 91
[info] error EOS occurs, failed eos: 92
[info] error EOS occurs, failed eos: 93
[info] error EOS occurs, failed eos: 94
[info] error EOS occurs, failed eos: 95
[info] error EOS occurs, failed eos: 96
[info] error EOS occurs, failed eos: 97
[info] error EOS occurs, failed eos: 98
[info] error EOS occurs, failed eos: 99
[info] error EOS occurs, failed eos: 100
[info] error EOS occurs, failed eos: 101
[info] error EOS occurs, failed eos: 102
[info] error EOS occurs, failed eos: 103
[info] error EOS occurs, failed eos: 104
[info] error EOS occurs, failed eos: 105
[info] error EOS occurs, failed eos: 106
[info] error EOS occurs, failed eos: 107
[info] error EOS occurs, failed eos: 108
[info] error EOS occurs, failed eos: 109
[info] error EOS occurs, failed eos: 110
[info] error EOS occurs, failed eos: 111
[info] error EOS occurs, failed eos: 112
[info] error EOS occurs, failed eos: 113
[info] error EOS occurs, failed eos: 114
[info] error EOS occurs, failed eos: 115
[info] error EOS occurs, failed eos: 116
[info] error EOS occurs, failed eos: 117
[info] error EOS occurs, failed eos: 118
[info] error EOS occurs, failed eos: 119
[info] error EOS occurs, failed eos: 120
[info] error EOS occurs, failed eos: 121
[info] error EOS occurs, failed eos: 122
[info] error EOS occurs, failed eos: 123
[info] error EOS occurs, failed eos: 124
[info] error EOS occurs, failed eos: 125
[info] error EOS occurs, failed eos: 126
[info] error EOS occurs, failed eos: 127
[info] error EOS occurs, failed eos: 128
[FATAL] model stuck, eos error ...
[info] position not increasing, failed cnt: 1
[info] position not increasing, failed cnt: 2
[info] position not increasing, failed cnt: 3
[info] position not increasing, failed cnt: 4
[info] position not increasing, failed cnt: 5
[info] position not increasing, failed cnt: 6
[info] position not increasing, failed cnt: 7
[info] position not increasing, failed cnt: 8
[info] position not increasing, failed cnt: 9
[info] position not increasing, failed cnt: 10
[info] position not increasing, failed cnt: 11
[info] position not increasing, failed cnt: 12
[info] position not increasing, failed cnt: 13
[info] position not increasing, failed cnt: 14
[info] position not increasing, failed cnt: 15
[info] position not increasing, failed cnt: 16
[info] position not increasing, failed cnt: 17
[info] position not increasing, failed cnt: 18
[info] position not increasing, failed cnt: 19
[info] position not increasing, failed cnt: 20
[info] position not increasing, failed cnt: 21
[info] position not increasing, failed cnt: 22
[info] position not increasing, failed cnt: 23
[info] position not increasing, failed cnt: 24
[info] position not increasing, failed cnt: 25
[info] position not increasing, failed cnt: 26
[info] position not increasing, failed cnt: 27
[info] position not increasing, failed cnt: 28
[info] position not increasing, failed cnt: 29
[info] position not increasing, failed cnt: 30
[info] position not increasing, failed cnt: 31
[info] position not increasing, failed cnt: 32
[info] position not increasing, failed cnt: 33
[info] position not increasing, failed cnt: 34
[info] position not increasing, failed cnt: 35
[info] position not increasing, failed cnt: 36
[info] position not increasing, failed cnt: 37
[info] position not increasing, failed cnt: 38
[info] position not increasing, failed cnt: 39
[info] position not increasing, failed cnt: 40
[info] position not increasing, failed cnt: 41
[info] position not increasing, failed cnt: 42
[info] position not increasing, failed cnt: 43
[info] position not increasing, failed cnt: 44
[info] position not increasing, failed cnt: 45
[info] position not increasing, failed cnt: 46
[info] position not increasing, failed cnt: 47
[info] position not increasing, failed cnt: 48
[info] position not increasing, failed cnt: 49
[info] position not increasing, failed cnt: 50
[info] position not increasing, failed cnt: 51
[info] position not increasing, failed cnt: 52
[info] position not increasing, failed cnt: 53
[info] position not increasing, failed cnt: 54
[info] position not increasing, failed cnt: 55
[info] position not increasing, failed cnt: 56
[info] position not increasing, failed cnt: 57
[info] position not increasing, failed cnt: 58
[info] position not increasing, failed cnt: 59
[info] position not increasing, failed cnt: 60
[info] position not increasing, failed cnt: 61
[info] position not increasing, failed cnt: 62
[info] position not increasing, failed cnt: 63
[info] position not increasing, failed cnt: 64
[info] position not increasing, failed cnt: 65
[info] position not increasing, failed cnt: 66
[info] position not increasing, failed cnt: 67
[info] position not increasing, failed cnt: 68
[info] position not increasing, failed cnt: 69
[info] position not increasing, failed cnt: 70
[info] position not increasing, failed cnt: 71
[info] position not increasing, failed cnt: 72
[info] position not increasing, failed cnt: 73
[info] position not increasing, failed cnt: 74
[info] position not increasing, failed cnt: 75
[info] position not increasing, failed cnt: 76
[info] position not increasing, failed cnt: 77
[info] position not increasing, failed cnt: 78
[info] position not increasing, failed cnt: 79
[info] position not increasing, failed cnt: 80
[info] position not increasing, failed cnt: 81
[info] position not increasing, failed cnt: 82
[info] position not increasing, failed cnt: 83
[info] position not increasing, failed cnt: 84
[info] position not increasing, failed cnt: 85
[info] position not increasing, failed cnt: 86
[info] position not increasing, failed cnt: 87
[info] position not increasing, failed cnt: 88
[info] position not increasing, failed cnt: 89
[info] position not increasing, failed cnt: 90
[info] position not increasing, failed cnt: 91
[info] position not increasing, failed cnt: 92
[info] position not increasing, failed cnt: 93
[info] position not increasing, failed cnt: 94
[info] position not increasing, failed cnt: 95
[info] position not increasing, failed cnt: 96
[info] position not increasing, failed cnt: 97
[info] position not increasing, failed cnt: 98
[info] position not increasing, failed cnt: 99
[info] position not increasing, failed cnt: 100
[info] position not increasing, failed cnt: 101
[info] position not increasing, failed cnt: 102
[info] position not increasing, failed cnt: 103
[info] position not increasing, failed cnt: 104
[info] position not increasing, failed cnt: 105
[info] position not increasing, failed cnt: 106
[info] position not increasing, failed cnt: 107
[info] position not increasing, failed cnt: 108
[info] position not increasing, failed cnt: 109
[info] position not increasing, failed cnt: 110
[info] position not increasing, failed cnt: 111
[info] position not increasing, failed cnt: 112
[info] position not increasing, failed cnt: 113
[info] position not increasing, failed cnt: 114
[info] position not increasing, failed cnt: 115
[info] position not increasing, failed cnt: 116
[info] position not increasing, failed cnt: 117
[info] position not increasing, failed cnt: 118
[info] position not increasing, failed cnt: 119
[info] position not increasing, failed cnt: 120
[info] position not increasing, failed cnt: 121
[info] position not increasing, failed cnt: 122
[info] position not increasing, failed cnt: 123
[info] position not increasing, failed cnt: 124
[info] position not increasing, failed cnt: 125
[info] position not increasing, failed cnt: 126
[info] position not increasing, failed cnt: 127
[info] position not increasing, failed cnt: 128
[FATAL] model stuck, exiting ...
[info] position not increasing, failed cnt: 1
[info] position not increasing, failed cnt: 2
[info] position not increasing, failed cnt: 3
[info] position not increasing, failed cnt: 4
[info] position not increasing, failed cnt: 5
[info] position not increasing, failed cnt: 6
[info] position not increasing, failed cnt: 7
[info] position not increasing, failed cnt: 8
[info] position not increasing, failed cnt: 9
[info] position not increasing, failed cnt: 10
[info] position not increasing, failed cnt: 11
[info] position not increasing, failed cnt: 12
[info] position not increasing, failed cnt: 13
[info] position not increasing, failed cnt: 14
[info] position not increasing, failed cnt: 15
[info] position not increasing, failed cnt: 16
[info] position not increasing, failed cnt: 17
[info] position not increasing, failed cnt: 18
[info] position not increasing, failed cnt: 19
[info] position not increasing, failed cnt: 20
[info] position not increasing, failed cnt: 21
[info] position not increasing, failed cnt: 22
[info] position not increasing, failed cnt: 23
[info] position not increasing, failed cnt: 24
[info] position not increasing, failed cnt: 25
[info] position not increasing, failed cnt: 26
[info] position not increasing, failed cnt: 27
[info] position not increasing, failed cnt: 28
[info] position not increasing, failed cnt: 29
[info] position not increasing, failed cnt: 30
[info] position not increasing, failed cnt: 31
[info] position not increasing, failed cnt: 32
[info] position not increasing, failed cnt: 33
[info] position not increasing, failed cnt: 34
[info] position not increasing, failed cnt: 35
[info] position not increasing, failed cnt: 36
[info] position not increasing, failed cnt: 37
[info] position not increasing, failed cnt: 38
[info] position not increasing, failed cnt: 39
[info] position not increasing, failed cnt: 40
[info] position not increasing, failed cnt: 41
[info] position not increasing, failed cnt: 42
[info] position not increasing, failed cnt: 43
[info] position not increasing, failed cnt: 44
[info] position not increasing, failed cnt: 45
[info] position not increasing, failed cnt: 46
[info] position not increasing, failed cnt: 47
[info] position not increasing, failed cnt: 48
[info] position not increasing, failed cnt: 49
[info] position not increasing, failed cnt: 50
[info] position not increasing, failed cnt: 51
[info] position not increasing, failed cnt: 52
[info] position not increasing, failed cnt: 53
[info] position not increasing, failed cnt: 54
[info] position not increasing, failed cnt: 55
[info] position not increasing, failed cnt: 56
[info] position not increasing, failed cnt: 57
[info] position not increasing, failed cnt: 58
[info] position not increasing, failed cnt: 59
[info] position not increasing, failed cnt: 60
[info] position not increasing, failed cnt: 61
[info] position not increasing, failed cnt: 62
[info] position not increasing, failed cnt: 63
[info] position not increasing, failed cnt: 64
[info] position not increasing, failed cnt: 65
[info] position not increasing, failed cnt: 66
[info] position not increasing, failed cnt: 67
[info] position not increasing, failed cnt: 68
[info] position not increasing, failed cnt: 69
[info] position not increasing, failed cnt: 70
[info] position not increasing, failed cnt: 71
[info] position not increasing, failed cnt: 72
[info] position not increasing, failed cnt: 73
[info] position not increasing, failed cnt: 74
[info] position not increasing, failed cnt: 75
[info] position not increasing, failed cnt: 76
[info] position not increasing, failed cnt: 77
[info] position not increasing, failed cnt: 78
[info] position not increasing, failed cnt: 79
[info] position not increasing, failed cnt: 80
[info] position not increasing, failed cnt: 81
[info] position not increasing, failed cnt: 82
[info] position not increasing, failed cnt: 83
[info] position not increasing, failed cnt: 84
[info] position not increasing, failed cnt: 85
[info] position not increasing, failed cnt: 86
[info] position not increasing, failed cnt: 87
[info] position not increasing, failed cnt: 88
[info] position not increasing, failed cnt: 89
[info] position not increasing, failed cnt: 90
[info] position not increasing, failed cnt: 91
[info] position not increasing, failed cnt: 92
[info] position not increasing, failed cnt: 93
[info] position not increasing, failed cnt: 94
[info] position not increasing, failed cnt: 95
[info] position not increasing, failed cnt: 96
[info] position not increasing, failed cnt: 97
[info] position not increasing, failed cnt: 98
[info] position not increasing, failed cnt: 99
[info] position not increasing, failed cnt: 100
[info] position not increasing, failed cnt: 101
[info] position not increasing, failed cnt: 102
[info] position not increasing, failed cnt: 103
[info] position not increasing, failed cnt: 104
[info] position not increasing, failed cnt: 105
[info] position not increasing, failed cnt: 106
[info] position not increasing, failed cnt: 107
[info] position not increasing, failed cnt: 108
[info] position not increasing, failed cnt: 109
[info] position not increasing, failed cnt: 110
[info] position not increasing, failed cnt: 111
[info] position not increasing, failed cnt: 112
[info] position not increasing, failed cnt: 113
[info] position not increasing, failed cnt: 114
[info] position not increasing, failed cnt: 115
[info] position not increasing, failed cnt: 116
[info] position not increasing, failed cnt: 117
[info] position not increasing, failed cnt: 118
[info] position not increasing, failed cnt: 119
[info] position not increasing, failed cnt: 120
[info] position not increasing, failed cnt: 121
[info] position not increasing, failed cnt: 122
[info] position not increasing, failed cnt: 123
[info] position not increasing, failed cnt: 124
[info] position not increasing, failed cnt: 125
[info] position not increasing, failed cnt: 126
[info] position not increasing, failed cnt: 127
[info] position not increasing, failed cnt: 128
[FATAL] model stuck, exiting ...
[info] position not increasing, failed cnt: 1
[info] position not increasing, failed cnt: 2
[info] position not increasing, failed cnt: 3
[info] position not increasing, failed cnt: 4
[info] position not increasing, failed cnt: 5
[info] position not increasing, failed cnt: 6
[info] position not increasing, failed cnt: 7
[info] position not increasing, failed cnt: 8
[info] position not increasing, failed cnt: 9
[info] position not increasing, failed cnt: 10
[info] position not increasing, failed cnt: 11
[info] position not increasing, failed cnt: 12
[info] position not increasing, failed cnt: 13
[info] position not increasing, failed cnt: 14
[info] position not increasing, failed cnt: 15
[info] position not increasing, failed cnt: 16
[info] position not increasing, failed cnt: 17
[info] position not increasing, failed cnt: 18
[info] position not increasing, failed cnt: 19
[info] position not increasing, failed cnt: 20
[info] position not increasing, failed cnt: 21
[info] position not increasing, failed cnt: 22
[info] position not increasing, failed cnt: 23
[info] position not increasing, failed cnt: 24
[info] position not increasing, failed cnt: 25
[info] position not increasing, failed cnt: 26
[info] position not increasing, failed cnt: 27
[info] position not increasing, failed cnt: 28
[info] position not increasing, failed cnt: 29
[info] position not increasing, failed cnt: 30
[info] position not increasing, failed cnt: 31
[info] position not increasing, failed cnt: 32
[info] position not increasing, failed cnt: 33
[info] position not increasing, failed cnt: 34
[info] position not increasing, failed cnt: 35
[info] position not increasing, failed cnt: 36
[info] position not increasing, failed cnt: 37
[info] position not increasing, failed cnt: 38
[info] position not increasing, failed cnt: 39
[info] position not increasing, failed cnt: 40
[info] position not increasing, failed cnt: 41
[info] position not increasing, failed cnt: 42
[info] position not increasing, failed cnt: 43
[info] position not increasing, failed cnt: 44
[info] position not increasing, failed cnt: 45
[info] position not increasing, failed cnt: 46
[info] position not increasing, failed cnt: 47
[info] position not increasing, failed cnt: 48
[info] position not increasing, failed cnt: 49
[info] position not increasing, failed cnt: 50
[info] position not increasing, failed cnt: 51
[info] position not increasing, failed cnt: 52
[info] position not increasing, failed cnt: 53
[info] position not increasing, failed cnt: 54
[info] position not increasing, failed cnt: 55
[info] position not increasing, failed cnt: 56
[info] position not increasing, failed cnt: 57
[info] position not increasing, failed cnt: 58
[info] position not increasing, failed cnt: 59
[info] position not increasing, failed cnt: 60
[info] position not increasing, failed cnt: 61
[info] position not increasing, failed cnt: 62
[info] position not increasing, failed cnt: 63
[info] position not increasing, failed cnt: 64
[info] position not increasing, failed cnt: 65
[info] position not increasing, failed cnt: 66
[info] position not increasing, failed cnt: 67
[info] position not increasing, failed cnt: 68
[info] position not increasing, failed cnt: 69
[info] position not increasing, failed cnt: 70
[info] position not increasing, failed cnt: 71
[info] position not increasing, failed cnt: 72
[info] position not increasing, failed cnt: 73
[info] position not increasing, failed cnt: 74
[info] position not increasing, failed cnt: 75
[info] position not increasing, failed cnt: 76
[info] position not increasing, failed cnt: 77
[info] position not increasing, failed cnt: 78
[info] position not increasing, failed cnt: 79
[info] position not increasing, failed cnt: 80
[info] position not increasing, failed cnt: 81
[info] position not increasing, failed cnt: 82
[info] position not increasing, failed cnt: 83
[info] position not increasing, failed cnt: 84
[info] position not increasing, failed cnt: 85
[info] position not increasing, failed cnt: 86
[info] position not increasing, failed cnt: 87
[info] position not increasing, failed cnt: 88
[info] position not increasing, failed cnt: 89
[info] position not increasing, failed cnt: 90
[info] position not increasing, failed cnt: 91
[info] position not increasing, failed cnt: 92
[info] position not increasing, failed cnt: 93
[info] position not increasing, failed cnt: 94
[info] position not increasing, failed cnt: 95
[info] position not increasing, failed cnt: 96
[info] position not increasing, failed cnt: 97
[info] position not increasing, failed cnt: 98
[info] position not increasing, failed cnt: 99
[info] position not increasing, failed cnt: 100
[info] position not increasing, failed cnt: 101
[info] position not increasing, failed cnt: 102
[info] position not increasing, failed cnt: 103
[info] position not increasing, failed cnt: 104
[info] position not increasing, failed cnt: 105
[info] position not increasing, failed cnt: 106
[info] position not increasing, failed cnt: 107
[info] position not increasing, failed cnt: 108
[info] position not increasing, failed cnt: 109
[info] position not increasing, failed cnt: 110
[info] position not increasing, failed cnt: 111
[info] position not increasing, failed cnt: 112
[info] position not increasing, failed cnt: 113
[info] position not increasing, failed cnt: 114
[info] position not increasing, failed cnt: 115
[info] position not increasing, failed cnt: 116
[info] position not increasing, failed cnt: 117
[info] position not increasing, failed cnt: 118
[info] position not increasing, failed cnt: 119
[info] position not increasing, failed cnt: 120
[info] position not increasing, failed cnt: 121
[info] position not increasing, failed cnt: 122
[info] position not increasing, failed cnt: 123
[info] position not increasing, failed cnt: 124
[info] position not increasing, failed cnt: 125
[info] position not increasing, failed cnt: 126
[info] position not increasing, failed cnt: 127
[info] position not increasing, failed cnt: 128
[FATAL] model stuck, exiting ...
6I3A7q18EJgbdZf2Zx1wxm orig S3 ok=False fail=generation_failed_5_attempts 64.7s
[info] position not increasing, failed cnt: 1
[info] position not increasing, failed cnt: 2
[info] position not increasing, failed cnt: 1
[info] position not increasing, failed cnt: 2
[info] position not increasing, failed cnt: 3
[info] position not increasing, failed cnt: 4
[info] position not increasing, failed cnt: 5
[info] position not increasing, failed cnt: 6
[info] position not increasing, failed cnt: 7
[info] position not increasing, failed cnt: 8
[info] position not increasing, failed cnt: 9
[info] position not increasing, failed cnt: 10
[info] position not increasing, failed cnt: 11
[info] position not increasing, failed cnt: 12
[info] position not increasing, failed cnt: 13
[info] position not increasing, failed cnt: 14
[info] position not increasing, failed cnt: 15
[info] position not increasing, failed cnt: 16
[info] position not increasing, failed cnt: 17
[info] position not increasing, failed cnt: 18
[info] position not increasing, failed cnt: 19
[info] position not increasing, failed cnt: 20
[info] position not increasing, failed cnt: 21
[info] position not increasing, failed cnt: 22
[info] position not increasing, failed cnt: 23
[info] position not increasing, failed cnt: 24
[info] position not increasing, failed cnt: 25
[info] position not increasing, failed cnt: 26
[info] position not increasing, failed cnt: 27
[info] position not increasing, failed cnt: 28
[info] position not increasing, failed cnt: 29
[info] position not increasing, failed cnt: 30
[info] position not increasing, failed cnt: 31
[info] position not increasing, failed cnt: 32
[info] position not increasing, failed cnt: 33
[info] position not increasing, failed cnt: 34
[info] position not increasing, failed cnt: 35
[info] position not increasing, failed cnt: 36
[info] position not increasing, failed cnt: 37
[info] position not increasing, failed cnt: 38
[info] position not increasing, failed cnt: 39
[info] position not increasing, failed cnt: 40
[info] position not increasing, failed cnt: 41
[info] position not increasing, failed cnt: 42
[info] position not increasing, failed cnt: 43
[info] position not increasing, failed cnt: 44
[info] position not increasing, failed cnt: 45
[info] position not increasing, failed cnt: 46
[info] position not increasing, failed cnt: 47
[info] position not increasing, failed cnt: 48
[info] position not increasing, failed cnt: 49
[info] position not increasing, failed cnt: 50
[info] position not increasing, failed cnt: 51
[info] position not increasing, failed cnt: 52
[info] position not increasing, failed cnt: 53
[info] position not increasing, failed cnt: 54
[info] position not increasing, failed cnt: 55
[info] position not increasing, failed cnt: 56
[info] position not increasing, failed cnt: 57
[info] position not increasing, failed cnt: 58
[info] position not increasing, failed cnt: 59
[info] position not increasing, failed cnt: 60
[info] position not increasing, failed cnt: 61
[info] position not increasing, failed cnt: 62
[info] position not increasing, failed cnt: 63
[info] position not increasing, failed cnt: 64
[info] position not increasing, failed cnt: 65
[info] position not increasing, failed cnt: 66
[info] position not increasing, failed cnt: 67
[info] position not increasing, failed cnt: 68
[info] position not increasing, failed cnt: 69
[info] position not increasing, failed cnt: 70
[info] position not increasing, failed cnt: 71
[info] position not increasing, failed cnt: 72
[info] position not increasing, failed cnt: 73
[info] position not increasing, failed cnt: 74
[info] position not increasing, failed cnt: 75
[info] position not increasing, failed cnt: 76
[info] position not increasing, failed cnt: 77
[info] position not increasing, failed cnt: 78
[info] position not increasing, failed cnt: 79
[info] position not increasing, failed cnt: 80
[info] position not increasing, failed cnt: 81
[info] position not increasing, failed cnt: 82
[info] position not increasing, failed cnt: 83
[info] position not increasing, failed cnt: 84
[info] position not increasing, failed cnt: 85
[info] position not increasing, failed cnt: 86
[info] position not increasing, failed cnt: 87
[info] position not increasing, failed cnt: 88
[info] position not increasing, failed cnt: 89
[info] position not increasing, failed cnt: 90
[info] position not increasing, failed cnt: 91
[info] position not increasing, failed cnt: 92
[info] position not increasing, failed cnt: 93
[info] position not increasing, failed cnt: 94
[info] position not increasing, failed cnt: 95
[info] position not increasing, failed cnt: 96
[info] position not increasing, failed cnt: 97
[info] position not increasing, failed cnt: 98
[info] position not increasing, failed cnt: 99
[info] position not increasing, failed cnt: 100
[info] position not increasing, failed cnt: 101
[info] position not increasing, failed cnt: 102
[info] position not increasing, failed cnt: 103
[info] position not increasing, failed cnt: 104
[info] position not increasing, failed cnt: 105
[info] position not increasing, failed cnt: 106
[info] position not increasing, failed cnt: 107
[info] position not increasing, failed cnt: 108
[info] position not increasing, failed cnt: 109
[info] position not increasing, failed cnt: 110
[info] position not increasing, failed cnt: 111
[info] position not increasing, failed cnt: 112
[info] position not increasing, failed cnt: 113
[info] position not increasing, failed cnt: 114
[info] position not increasing, failed cnt: 115
[info] position not increasing, failed cnt: 116
[info] position not increasing, failed cnt: 117
[info] position not increasing, failed cnt: 118
[info] position not increasing, failed cnt: 119
[info] position not increasing, failed cnt: 120
[info] position not increasing, failed cnt: 121
[info] position not increasing, failed cnt: 122
[info] position not increasing, failed cnt: 123
[info] position not increasing, failed cnt: 124
[info] position not increasing, failed cnt: 125
[info] position not increasing, failed cnt: 126
[info] position not increasing, failed cnt: 127
[info] position not increasing, failed cnt: 128
[FATAL] model stuck, exiting ...
[info] position not increasing, failed cnt: 1
[info] position not increasing, failed cnt: 1
[info] position not increasing, failed cnt: 2
[info] position not increasing, failed cnt: 3
[info] position not increasing, failed cnt: 4
[info] position not increasing, failed cnt: 5
[info] position not increasing, failed cnt: 6
[info] position not increasing, failed cnt: 7
[info] position not increasing, failed cnt: 8
[info] position not increasing, failed cnt: 9
[info] position not increasing, failed cnt: 10
[info] position not increasing, failed cnt: 11
[info] position not increasing, failed cnt: 12
[info] position not increasing, failed cnt: 13
[info] position not increasing, failed cnt: 14
[info] position not increasing, failed cnt: 15
[info] position not increasing, failed cnt: 16
[info] position not increasing, failed cnt: 17
[info] position not increasing, failed cnt: 18
[info] position not increasing, failed cnt: 19
[info] position not increasing, failed cnt: 20
[info] position not increasing, failed cnt: 21
[info] position not increasing, failed cnt: 22
[info] position not increasing, failed cnt: 23
[info] position not increasing, failed cnt: 24
[info] position not increasing, failed cnt: 25
[info] position not increasing, failed cnt: 26
[info] position not increasing, failed cnt: 27
[info] position not increasing, failed cnt: 28
[info] position not increasing, failed cnt: 29
[info] position not increasing, failed cnt: 30
[info] position not increasing, failed cnt: 31
[info] position not increasing, failed cnt: 32
[info] position not increasing, failed cnt: 33
[info] position not increasing, failed cnt: 34
[info] position not increasing, failed cnt: 35
[info] position not increasing, failed cnt: 36
[info] position not increasing, failed cnt: 37
[info] position not increasing, failed cnt: 38
[info] position not increasing, failed cnt: 39
[info] position not increasing, failed cnt: 40
[info] position not increasing, failed cnt: 41
[info] position not increasing, failed cnt: 42
[info] position not increasing, failed cnt: 43
[info] position not increasing, failed cnt: 44
[info] position not increasing, failed cnt: 45
[info] position not increasing, failed cnt: 46
[info] position not increasing, failed cnt: 47
[info] position not increasing, failed cnt: 48
[info] position not increasing, failed cnt: 49
[info] position not increasing, failed cnt: 50
[info] position not increasing, failed cnt: 51
[info] position not increasing, failed cnt: 52
[info] position not increasing, failed cnt: 53
[info] position not increasing, failed cnt: 54
[info] position not increasing, failed cnt: 55
[info] position not increasing, failed cnt: 56
[info] position not increasing, failed cnt: 57
[info] position not increasing, failed cnt: 58
[info] position not increasing, failed cnt: 59
[info] position not increasing, failed cnt: 60
[info] position not increasing, failed cnt: 61
[info] position not increasing, failed cnt: 62
[info] position not increasing, failed cnt: 63
[info] position not increasing, failed cnt: 64
[info] position not increasing, failed cnt: 65
[info] position not increasing, failed cnt: 66
[info] position not increasing, failed cnt: 67
[info] position not increasing, failed cnt: 68
[info] position not increasing, failed cnt: 69
[info] position not increasing, failed cnt: 70
[info] position not increasing, failed cnt: 71
[info] position not increasing, failed cnt: 72
[info] position not increasing, failed cnt: 73
[info] position not increasing, failed cnt: 74
[info] position not increasing, failed cnt: 75
[info] position not increasing, failed cnt: 76
[info] position not increasing, failed cnt: 77
[info] position not increasing, failed cnt: 78
[info] position not increasing, failed cnt: 79
[info] position not increasing, failed cnt: 80
[info] position not increasing, failed cnt: 81
[info] position not increasing, failed cnt: 82
[info] position not increasing, failed cnt: 83
[info] position not increasing, failed cnt: 84
[info] position not increasing, failed cnt: 85
[info] position not increasing, failed cnt: 86
[info] position not increasing, failed cnt: 87
[info] position not increasing, failed cnt: 88
[info] position not increasing, failed cnt: 89
[info] position not increasing, failed cnt: 90
[info] position not increasing, failed cnt: 91
[info] position not increasing, failed cnt: 92
[info] position not increasing, failed cnt: 93
[info] position not increasing, failed cnt: 94
[info] position not increasing, failed cnt: 95
[info] position not increasing, failed cnt: 96
[info] position not increasing, failed cnt: 97
[info] position not increasing, failed cnt: 98
[info] position not increasing, failed cnt: 99
[info] position not increasing, failed cnt: 100
[info] position not increasing, failed cnt: 101
[info] position not increasing, failed cnt: 102
[info] position not increasing, failed cnt: 103
[info] position not increasing, failed cnt: 104
[info] position not increasing, failed cnt: 105
[info] position not increasing, failed cnt: 106
[info] position not increasing, failed cnt: 107
[info] position not increasing, failed cnt: 108
[info] position not increasing, failed cnt: 109
[info] position not increasing, failed cnt: 110
[info] position not increasing, failed cnt: 111
[info] position not increasing, failed cnt: 112
[info] position not increasing, failed cnt: 113
[info] position not increasing, failed cnt: 114
[info] position not increasing, failed cnt: 115
[info] position not increasing, failed cnt: 116
[info] position not increasing, failed cnt: 117
[info] position not increasing, failed cnt: 118
[info] position not increasing, failed cnt: 119
[info] position not increasing, failed cnt: 120
[info] position not increasing, failed cnt: 121
[info] position not increasing, failed cnt: 122
[info] position not increasing, failed cnt: 123
[info] position not increasing, failed cnt: 124
[info] position not increasing, failed cnt: 125
[info] position not increasing, failed cnt: 126
[info] position not increasing, failed cnt: 127
[info] position not increasing, failed cnt: 128
[FATAL] model stuck, exiting ...
[info] position not increasing, failed cnt: 1
[info] position not increasing, failed cnt: 2
[info] position not increasing, failed cnt: 3
[info] position not increasing, failed cnt: 4
[info] position not increasing, failed cnt: 5
[info] position not increasing, failed cnt: 6
[info] position not increasing, failed cnt: 7
[info] position not increasing, failed cnt: 8
[info] position not increasing, failed cnt: 9
[info] position not increasing, failed cnt: 10
[info] position not increasing, failed cnt: 11
[info] position not increasing, failed cnt: 12
[info] position not increasing, failed cnt: 13
[info] position not increasing, failed cnt: 14
[info] position not increasing, failed cnt: 15
[info] position not increasing, failed cnt: 16
[info] position not increasing, failed cnt: 17
[info] position not increasing, failed cnt: 18
[info] position not increasing, failed cnt: 19
[info] position not increasing, failed cnt: 20
[info] position not increasing, failed cnt: 21
[info] position not increasing, failed cnt: 22
[info] position not increasing, failed cnt: 23
[info] position not increasing, failed cnt: 24
[info] position not increasing, failed cnt: 25
[info] position not increasing, failed cnt: 26
[info] position not increasing, failed cnt: 27
[info] position not increasing, failed cnt: 28
[info] position not increasing, failed cnt: 29
[info] position not increasing, failed cnt: 30
[info] position not increasing, failed cnt: 31
[info] position not increasing, failed cnt: 32
[info] position not increasing, failed cnt: 33
[info] position not increasing, failed cnt: 34
[info] position not increasing, failed cnt: 35
[info] position not increasing, failed cnt: 36
[info] position not increasing, failed cnt: 37
[info] position not increasing, failed cnt: 38
[info] position not increasing, failed cnt: 39
[info] position not increasing, failed cnt: 40
[info] position not increasing, failed cnt: 41
[info] position not increasing, failed cnt: 42
[info] position not increasing, failed cnt: 43
[info] position not increasing, failed cnt: 44
[info] position not increasing, failed cnt: 45
[info] position not increasing, failed cnt: 46
[info] position not increasing, failed cnt: 47
[info] position not increasing, failed cnt: 48
[info] position not increasing, failed cnt: 49
[info] position not increasing, failed cnt: 50
[info] position not increasing, failed cnt: 51
[info] position not increasing, failed cnt: 52
[info] position not increasing, failed cnt: 53
[info] position not increasing, failed cnt: 54
[info] position not increasing, failed cnt: 55
[info] position not increasing, failed cnt: 56
[info] position not increasing, failed cnt: 57
[info] position not increasing, failed cnt: 58
[info] position not increasing, failed cnt: 59
[info] position not increasing, failed cnt: 60
[info] position not increasing, failed cnt: 61
[info] position not increasing, failed cnt: 62
[info] position not increasing, failed cnt: 63
[info] position not increasing, failed cnt: 64
[info] position not increasing, failed cnt: 65
[info] position not increasing, failed cnt: 66
[info] position not increasing, failed cnt: 67
[info] position not increasing, failed cnt: 68
[info] position not increasing, failed cnt: 69
[info] position not increasing, failed cnt: 70
[info] position not increasing, failed cnt: 71
[info] position not increasing, failed cnt: 72
[info] position not increasing, failed cnt: 73
[info] position not increasing, failed cnt: 74
[info] position not increasing, failed cnt: 75
[info] position not increasing, failed cnt: 76
[info] position not increasing, failed cnt: 77
[info] position not increasing, failed cnt: 78
[info] position not increasing, failed cnt: 79
[info] position not increasing, failed cnt: 80
[info] position not increasing, failed cnt: 81
[info] position not increasing, failed cnt: 82
[info] position not increasing, failed cnt: 83
[info] position not increasing, failed cnt: 84
[info] position not increasing, failed cnt: 85
[info] position not increasing, failed cnt: 86
[info] position not increasing, failed cnt: 87
[info] position not increasing, failed cnt: 88
[info] position not increasing, failed cnt: 89
[info] position not increasing, failed cnt: 90
[info] position not increasing, failed cnt: 91
[info] position not increasing, failed cnt: 92
[info] position not increasing, failed cnt: 93
[info] position not increasing, failed cnt: 94
[info] position not increasing, failed cnt: 95
[info] position not increasing, failed cnt: 96
[info] position not increasing, failed cnt: 97
[info] position not increasing, failed cnt: 98
[info] position not increasing, failed cnt: 99
[info] position not increasing, failed cnt: 100
[info] position not increasing, failed cnt: 101
[info] position not increasing, failed cnt: 102
[info] position not increasing, failed cnt: 103
[info] position not increasing, failed cnt: 104
[info] position not increasing, failed cnt: 105
[info] position not increasing, failed cnt: 106
[info] position not increasing, failed cnt: 107
[info] position not increasing, failed cnt: 108
[info] position not increasing, failed cnt: 109
[info] position not increasing, failed cnt: 110
[info] position not increasing, failed cnt: 111
[info] position not increasing, failed cnt: 112
[info] position not increasing, failed cnt: 113
[info] position not increasing, failed cnt: 114
[info] position not increasing, failed cnt: 115
[info] position not increasing, failed cnt: 116
[info] position not increasing, failed cnt: 117
[info] position not increasing, failed cnt: 118
[info] position not increasing, failed cnt: 119
[info] position not increasing, failed cnt: 120
[info] position not increasing, failed cnt: 121
[info] position not increasing, failed cnt: 122
[info] position not increasing, failed cnt: 123
[info] position not increasing, failed cnt: 124
[info] position not increasing, failed cnt: 125
[info] position not increasing, failed cnt: 126
[info] position not increasing, failed cnt: 127
[info] position not increasing, failed cnt: 128
[FATAL] model stuck, exiting ...
[info] position not increasing, failed cnt: 1
[info] position not increasing, failed cnt: 2
[info] position not increasing, failed cnt: 3
[info] position not increasing, failed cnt: 4
[info] position not increasing, failed cnt: 5
[info] position not increasing, failed cnt: 6
[info] position not increasing, failed cnt: 7
[info] position not increasing, failed cnt: 8
[info] position not increasing, failed cnt: 9
[info] position not increasing, failed cnt: 10
[info] position not increasing, failed cnt: 11
[info] position not increasing, failed cnt: 12
[info] position not increasing, failed cnt: 13
[info] position not increasing, failed cnt: 14
[info] position not increasing, failed cnt: 15
[info] position not increasing, failed cnt: 16
[info] position not increasing, failed cnt: 17
[info] position not increasing, failed cnt: 18
[info] position not increasing, failed cnt: 19
[info] position not increasing, failed cnt: 20
[info] position not increasing, failed cnt: 21
[info] position not increasing, failed cnt: 22
[info] position not increasing, failed cnt: 23
[info] position not increasing, failed cnt: 24
[info] position not increasing, failed cnt: 25
[info] position not increasing, failed cnt: 26
[info] position not increasing, failed cnt: 27
[info] position not increasing, failed cnt: 28
[info] position not increasing, failed cnt: 29
[info] position not increasing, failed cnt: 30
[info] position not increasing, failed cnt: 31
[info] position not increasing, failed cnt: 32
[info] position not increasing, failed cnt: 33
[info] position not increasing, failed cnt: 34
[info] position not increasing, failed cnt: 35
[info] position not increasing, failed cnt: 36
[info] position not increasing, failed cnt: 37
[info] position not increasing, failed cnt: 38
[info] position not increasing, failed cnt: 39
[info] position not increasing, failed cnt: 40
[info] position not increasing, failed cnt: 41
[info] position not increasing, failed cnt: 42
[info] position not increasing, failed cnt: 43
[info] position not increasing, failed cnt: 44
[info] position not increasing, failed cnt: 45
[info] position not increasing, failed cnt: 46
[info] position not increasing, failed cnt: 47
[info] position not increasing, failed cnt: 48
[info] position not increasing, failed cnt: 49
[info] position not increasing, failed cnt: 50
[info] position not increasing, failed cnt: 51
[info] position not increasing, failed cnt: 52
[info] position not increasing, failed cnt: 53
[info] position not increasing, failed cnt: 54
[info] position not increasing, failed cnt: 55
[info] position not increasing, failed cnt: 56
[info] position not increasing, failed cnt: 57
[info] position not increasing, failed cnt: 58
[info] position not increasing, failed cnt: 59
[info] position not increasing, failed cnt: 60
[info] position not increasing, failed cnt: 61
[info] position not increasing, failed cnt: 62
[info] position not increasing, failed cnt: 63
[info] position not increasing, failed cnt: 64
[info] position not increasing, failed cnt: 65
[info] position not increasing, failed cnt: 66
[info] position not increasing, failed cnt: 67
[info] position not increasing, failed cnt: 68
[info] position not increasing, failed cnt: 69
[info] position not increasing, failed cnt: 70
[info] position not increasing, failed cnt: 71
[info] position not increasing, failed cnt: 72
[info] position not increasing, failed cnt: 73
[info] position not increasing, failed cnt: 74
[info] position not increasing, failed cnt: 75
[info] position not increasing, failed cnt: 76
[info] position not increasing, failed cnt: 77
[info] position not increasing, failed cnt: 78
[info] position not increasing, failed cnt: 79
[info] position not increasing, failed cnt: 80
[info] position not increasing, failed cnt: 81
[info] position not increasing, failed cnt: 82
[info] position not increasing, failed cnt: 83
[info] position not increasing, failed cnt: 84
[info] position not increasing, failed cnt: 85
[info] position not increasing, failed cnt: 86
[info] position not increasing, failed cnt: 87
[info] position not increasing, failed cnt: 88
[info] position not increasing, failed cnt: 89
[info] position not increasing, failed cnt: 90
[info] position not increasing, failed cnt: 91
[info] position not increasing, failed cnt: 92
[info] position not increasing, failed cnt: 93
[info] position not increasing, failed cnt: 94
[info] position not increasing, failed cnt: 95
[info] position not increasing, failed cnt: 96
[info] position not increasing, failed cnt: 97
[info] position not increasing, failed cnt: 98
[info] position not increasing, failed cnt: 99
[info] position not increasing, failed cnt: 100
[info] position not increasing, failed cnt: 101
[info] position not increasing, failed cnt: 102
[info] position not increasing, failed cnt: 103
[info] position not increasing, failed cnt: 104
[info] position not increasing, failed cnt: 105
[info] position not increasing, failed cnt: 106
[info] position not increasing, failed cnt: 107
[info] position not increasing, failed cnt: 108
[info] position not increasing, failed cnt: 109
[info] position not increasing, failed cnt: 110
[info] position not increasing, failed cnt: 111
[info] position not increasing, failed cnt: 112
[info] position not increasing, failed cnt: 113
[info] position not increasing, failed cnt: 114
[info] position not increasing, failed cnt: 115
[info] position not increasing, failed cnt: 116
[info] position not increasing, failed cnt: 117
[info] position not increasing, failed cnt: 118
[info] position not increasing, failed cnt: 119
[info] position not increasing, failed cnt: 120
[info] position not increasing, failed cnt: 121
[info] position not increasing, failed cnt: 122
[info] position not increasing, failed cnt: 123
[info] position not increasing, failed cnt: 124
[info] position not increasing, failed cnt: 125
[info] position not increasing, failed cnt: 126
[info] position not increasing, failed cnt: 127
[info] position not increasing, failed cnt: 128
[FATAL] model stuck, exiting ...
[info] position not increasing, failed cnt: 1
[info] position not increasing, failed cnt: 2
[info] position not increasing, failed cnt: 1
[info] position not increasing, failed cnt: 2
[info] position not increasing, failed cnt: 3
[info] position not increasing, failed cnt: 4
[info] position not increasing, failed cnt: 5
[info] position not increasing, failed cnt: 6
[info] position not increasing, failed cnt: 7
[info] position not increasing, failed cnt: 8
[info] position not increasing, failed cnt: 9
[info] position not increasing, failed cnt: 10
[info] position not increasing, failed cnt: 11
[info] position not increasing, failed cnt: 12
[info] position not increasing, failed cnt: 13
[info] position not increasing, failed cnt: 14
[info] position not increasing, failed cnt: 15
[info] position not increasing, failed cnt: 16
[info] position not increasing, failed cnt: 17
[info] position not increasing, failed cnt: 18
[info] position not increasing, failed cnt: 19
[info] position not increasing, failed cnt: 20
[info] position not increasing, failed cnt: 21
[info] position not increasing, failed cnt: 22
[info] position not increasing, failed cnt: 23
[info] position not increasing, failed cnt: 24
[info] position not increasing, failed cnt: 25
[info] position not increasing, failed cnt: 26
[info] position not increasing, failed cnt: 27
[info] position not increasing, failed cnt: 28
[info] position not increasing, failed cnt: 29
[info] position not increasing, failed cnt: 30
[info] position not increasing, failed cnt: 31
[info] position not increasing, failed cnt: 32
[info] position not increasing, failed cnt: 33
[info] position not increasing, failed cnt: 34
[info] position not increasing, failed cnt: 35
[info] position not increasing, failed cnt: 36
[info] position not increasing, failed cnt: 37
[info] position not increasing, failed cnt: 38
[info] position not increasing, failed cnt: 39
[info] position not increasing, failed cnt: 40
[info] position not increasing, failed cnt: 41
[info] position not increasing, failed cnt: 42
[info] position not increasing, failed cnt: 43
[info] position not increasing, failed cnt: 44
[info] position not increasing, failed cnt: 45
[info] position not increasing, failed cnt: 46
[info] position not increasing, failed cnt: 47
[info] position not increasing, failed cnt: 48
[info] position not increasing, failed cnt: 49
[info] position not increasing, failed cnt: 50
[info] position not increasing, failed cnt: 51
[info] position not increasing, failed cnt: 52
[info] position not increasing, failed cnt: 53
[info] position not increasing, failed cnt: 54
[info] position not increasing, failed cnt: 55
[info] position not increasing, failed cnt: 56
[info] position not increasing, failed cnt: 57
[info] position not increasing, failed cnt: 58
[info] position not increasing, failed cnt: 59
[info] position not increasing, failed cnt: 60
[info] position not increasing, failed cnt: 61
[info] position not increasing, failed cnt: 62
[info] position not increasing, failed cnt: 63
[info] position not increasing, failed cnt: 64
[info] position not increasing, failed cnt: 65
[info] position not increasing, failed cnt: 66
[info] position not increasing, failed cnt: 67
[info] position not increasing, failed cnt: 68
[info] position not increasing, failed cnt: 69
[info] position not increasing, failed cnt: 70
[info] position not increasing, failed cnt: 71
[info] position not increasing, failed cnt: 72
[info] position not increasing, failed cnt: 73
[info] position not increasing, failed cnt: 74
[info] position not increasing, failed cnt: 75
[info] position not increasing, failed cnt: 76
[info] position not increasing, failed cnt: 77
[info] position not increasing, failed cnt: 78
[info] position not increasing, failed cnt: 79
[info] position not increasing, failed cnt: 80
[info] position not increasing, failed cnt: 81
[info] position not increasing, failed cnt: 82
[info] position not increasing, failed cnt: 83
[info] position not increasing, failed cnt: 84
[info] position not increasing, failed cnt: 85
[info] position not increasing, failed cnt: 86
[info] position not increasing, failed cnt: 87
[info] position not increasing, failed cnt: 88
[info] position not increasing, failed cnt: 89
[info] position not increasing, failed cnt: 90
[info] position not increasing, failed cnt: 91
[info] position not increasing, failed cnt: 92
[info] position not increasing, failed cnt: 93
[info] position not increasing, failed cnt: 94
[info] position not increasing, failed cnt: 95
[info] position not increasing, failed cnt: 96
[info] position not increasing, failed cnt: 97
[info] position not increasing, failed cnt: 98
[info] position not increasing, failed cnt: 99
[info] position not increasing, failed cnt: 100
[info] position not increasing, failed cnt: 101
[info] position not increasing, failed cnt: 102
[info] position not increasing, failed cnt: 103
[info] position not increasing, failed cnt: 104
[info] position not increasing, failed cnt: 105
[info] position not increasing, failed cnt: 106
[info] position not increasing, failed cnt: 107
[info] position not increasing, failed cnt: 108
[info] position not increasing, failed cnt: 109
[info] position not increasing, failed cnt: 110
[info] position not increasing, failed cnt: 111
[info] position not increasing, failed cnt: 112
[info] position not increasing, failed cnt: 113
[info] position not increasing, failed cnt: 114
[info] position not increasing, failed cnt: 115
[info] position not increasing, failed cnt: 116
[info] position not increasing, failed cnt: 117
[info] position not increasing, failed cnt: 118
[info] position not increasing, failed cnt: 119
[info] position not increasing, failed cnt: 120
[info] position not increasing, failed cnt: 121
[info] position not increasing, failed cnt: 122
[info] position not increasing, failed cnt: 123
[info] position not increasing, failed cnt: 124
[info] position not increasing, failed cnt: 125
[info] position not increasing, failed cnt: 126
[info] position not increasing, failed cnt: 127
[info] position not increasing, failed cnt: 128
[FATAL] model stuck, exiting ...
6N1sew50IOyienxE3u6WEM orig S3 ok=False fail=generation_failed_5_attempts 55.94s
-- generated events: 894
-- time elapsed: 6.96 secs
6NqPOID1RsXpj7IAEsgd2v orig S3 ok=True fail=None 7.05s
[info] position not increasing, failed cnt: 1
[info] position not increasing, failed cnt: 2
[info] position not increasing, failed cnt: 3
[info] position not increasing, failed cnt: 4
[info] position not increasing, failed cnt: 5
[info] position not increasing, failed cnt: 6
[info] position not increasing, failed cnt: 7
[info] position not increasing, failed cnt: 8
[info] position not increasing, failed cnt: 9
[info] position not increasing, failed cnt: 10
[info] position not increasing, failed cnt: 11
[info] position not increasing, failed cnt: 12
[info] position not increasing, failed cnt: 13
[info] position not increasing, failed cnt: 14
[info] position not increasing, failed cnt: 15
[info] error EOS occurs, failed eos: 1
[info] error EOS occurs, failed eos: 2
[info] error EOS occurs, failed eos: 3
[info] error EOS occurs, failed eos: 4
[info] error EOS occurs, failed eos: 5
[info] error EOS occurs, failed eos: 6
[info] position not increasing, failed cnt: 1
[info] position not increasing, failed cnt: 2
[info] position not increasing, failed cnt: 3
[info] position not increasing, failed cnt: 4
[info] position not increasing, failed cnt: 5
[info] position not increasing, failed cnt: 6
[info] position not increasing, failed cnt: 7
[info] position not increasing, failed cnt: 8
[info] position not increasing, failed cnt: 9
[info] position not increasing, failed cnt: 1
[info] position not increasing, failed cnt: 2
[info] position not increasing, failed cnt: 3
[info] position not increasing, failed cnt: 4
[info] position not increasing, failed cnt: 5
[info] position not increasing, failed cnt: 6
[info] position not increasing, failed cnt: 7
[info] position not increasing, failed cnt: 8
[info] position not increasing, failed cnt: 9
[info] position not increasing, failed cnt: 10
[info] position not increasing, failed cnt: 11
[info] position not increasing, failed cnt: 12
[info] position not increasing, failed cnt: 13
[info] position not increasing, failed cnt: 14
[info] position not increasing, failed cnt: 15
[info] position not increasing, failed cnt: 16
[info] position not increasing, failed cnt: 17
[info] position not increasing, failed cnt: 18
[info] position not increasing, failed cnt: 19
[info] position not increasing, failed cnt: 20
[info] position not increasing, failed cnt: 21
[info] position not increasing, failed cnt: 22
[info] position not increasing, failed cnt: 23
[info] position not increasing, failed cnt: 24
[info] position not increasing, failed cnt: 25
[info] position not increasing, failed cnt: 26
[info] position not increasing, failed cnt: 27
[info] position not increasing, failed cnt: 28
[info] position not increasing, failed cnt: 29
[info] position not increasing, failed cnt: 30
[info] position not increasing, failed cnt: 31
[info] position not increasing, failed cnt: 32
[info] position not increasing, failed cnt: 33
[info] position not increasing, failed cnt: 34
[info] position not increasing, failed cnt: 35
[info] position not increasing, failed cnt: 36
[info] position not increasing, failed cnt: 37
[info] position not increasing, failed cnt: 38
[info] position not increasing, failed cnt: 39
[info] position not increasing, failed cnt: 40
[info] position not increasing, failed cnt: 41
[info] position not increasing, failed cnt: 42
[info] position not increasing, failed cnt: 43
[info] position not increasing, failed cnt: 44
[info] position not increasing, failed cnt: 45
[info] position not increasing, failed cnt: 46
[info] position not increasing, failed cnt: 47
[info] position not increasing, failed cnt: 48
[info] position not increasing, failed cnt: 49
[info] position not increasing, failed cnt: 50
[info] position not increasing, failed cnt: 51
[info] position not increasing, failed cnt: 52
[info] position not increasing, failed cnt: 53
[info] position not increasing, failed cnt: 54
[info] position not increasing, failed cnt: 55
[info] position not increasing, failed cnt: 56
[info] position not increasing, failed cnt: 57
[info] position not increasing, failed cnt: 58
[info] position not increasing, failed cnt: 59
[info] position not increasing, failed cnt: 60
[info] position not increasing, failed cnt: 61
[info] position not increasing, failed cnt: 62
[info] position not increasing, failed cnt: 63
[info] position not increasing, failed cnt: 64
[info] position not increasing, failed cnt: 65
[info] position not increasing, failed cnt: 66
[info] position not increasing, failed cnt: 67
[info] position not increasing, failed cnt: 68
[info] position not increasing, failed cnt: 69
[info] position not increasing, failed cnt: 70
[info] position not increasing, failed cnt: 71
[info] position not increasing, failed cnt: 72
[info] position not increasing, failed cnt: 73
[info] position not increasing, failed cnt: 74
[info] position not increasing, failed cnt: 75
[info] position not increasing, failed cnt: 76
[info] position not increasing, failed cnt: 77
[info] position not increasing, failed cnt: 78
[info] position not increasing, failed cnt: 79
[info] position not increasing, failed cnt: 80
[info] position not increasing, failed cnt: 81
[info] position not increasing, failed cnt: 82
[info] position not increasing, failed cnt: 83
[info] position not increasing, failed cnt: 84
[info] position not increasing, failed cnt: 85
[info] position not increasing, failed cnt: 86
[info] position not increasing, failed cnt: 87
[info] position not increasing, failed cnt: 88
[info] position not increasing, failed cnt: 89
[info] position not increasing, failed cnt: 90
[info] position not increasing, failed cnt: 91
[info] position not increasing, failed cnt: 92
[info] position not increasing, failed cnt: 93
[info] position not increasing, failed cnt: 94
[info] position not increasing, failed cnt: 95
[info] position not increasing, failed cnt: 96
[info] position not increasing, failed cnt: 97
[info] position not increasing, failed cnt: 98
[info] position not increasing, failed cnt: 99
[info] position not increasing, failed cnt: 100
[info] position not increasing, failed cnt: 101
[info] position not increasing, failed cnt: 102
[info] position not increasing, failed cnt: 103
[info] position not increasing, failed cnt: 104
[info] position not increasing, failed cnt: 105
[info] position not increasing, failed cnt: 106
[info] position not increasing, failed cnt: 107
[info] position not increasing, failed cnt: 108
[info] position not increasing, failed cnt: 109
[info] position not increasing, failed cnt: 110
[info] position not increasing, failed cnt: 111
[info] position not increasing, failed cnt: 112
[info] position not increasing, failed cnt: 113
[info] position not increasing, failed cnt: 114
[info] position not increasing, failed cnt: 115
[info] position not increasing, failed cnt: 116
[info] position not increasing, failed cnt: 117
[info] position not increasing, failed cnt: 118
[info] position not increasing, failed cnt: 119
[info] position not increasing, failed cnt: 120
[info] position not increasing, failed cnt: 121
[info] position not increasing, failed cnt: 122
[info] position not increasing, failed cnt: 123
[info] position not increasing, failed cnt: 124
[info] position not increasing, failed cnt: 125
[info] position not increasing, failed cnt: 126
[info] position not increasing, failed cnt: 127
[info] position not increasing, failed cnt: 128
[FATAL] model stuck, exiting ...
[info] position not increasing, failed cnt: 1
[info] position not increasing, failed cnt: 2
[info] position not increasing, failed cnt: 3
[info] position not increasing, failed cnt: 4
[info] position not increasing, failed cnt: 5
[info] position not increasing, failed cnt: 6
[info] position not increasing, failed cnt: 7
[info] position not increasing, failed cnt: 8
[info] position not increasing, failed cnt: 9
[info] position not increasing, failed cnt: 10
[info] position not increasing, failed cnt: 11
[info] position not increasing, failed cnt: 12
[info] position not increasing, failed cnt: 13
[info] position not increasing, failed cnt: 14
[info] position not increasing, failed cnt: 15
[info] position not increasing, failed cnt: 16
[info] position not increasing, failed cnt: 17
[info] position not increasing, failed cnt: 18
[info] position not increasing, failed cnt: 19
[info] position not increasing, failed cnt: 20
[info] position not increasing, failed cnt: 21
[info] position not increasing, failed cnt: 22
[info] position not increasing, failed cnt: 23
[info] position not increasing, failed cnt: 24
[info] position not increasing, failed cnt: 25
[info] position not increasing, failed cnt: 26
[info] position not increasing, failed cnt: 27
[info] position not increasing, failed cnt: 28
[info] position not increasing, failed cnt: 29
[info] position not increasing, failed cnt: 30
[info] position not increasing, failed cnt: 31
[info] position not increasing, failed cnt: 32
[info] position not increasing, failed cnt: 33
[info] position not increasing, failed cnt: 34
[info] position not increasing, failed cnt: 35
[info] position not increasing, failed cnt: 36
[info] position not increasing, failed cnt: 37
[info] position not increasing, failed cnt: 38
[info] position not increasing, failed cnt: 39
[info] position not increasing, failed cnt: 40
[info] position not increasing, failed cnt: 41
[info] position not increasing, failed cnt: 42
[info] position not increasing, failed cnt: 43
[info] position not increasing, failed cnt: 44
[info] position not increasing, failed cnt: 45
[info] position not increasing, failed cnt: 46
[info] position not increasing, failed cnt: 47
[info] position not increasing, failed cnt: 48
[info] position not increasing, failed cnt: 49
[info] position not increasing, failed cnt: 50
[info] position not increasing, failed cnt: 51
[info] position not increasing, failed cnt: 52
[info] position not increasing, failed cnt: 53
[info] position not increasing, failed cnt: 54
[info] position not increasing, failed cnt: 55
[info] position not increasing, failed cnt: 56
[info] position not increasing, failed cnt: 57
[info] position not increasing, failed cnt: 58
[info] position not increasing, failed cnt: 59
[info] position not increasing, failed cnt: 60
[info] position not increasing, failed cnt: 61
[info] position not increasing, failed cnt: 62
[info] position not increasing, failed cnt: 63
[info] position not increasing, failed cnt: 64
[info] position not increasing, failed cnt: 65
[info] position not increasing, failed cnt: 66
[info] position not increasing, failed cnt: 67
[info] position not increasing, failed cnt: 68
[info] position not increasing, failed cnt: 69
[info] position not increasing, failed cnt: 70
[info] position not increasing, failed cnt: 71
[info] position not increasing, failed cnt: 72
[info] position not increasing, failed cnt: 73
[info] position not increasing, failed cnt: 74
[info] position not increasing, failed cnt: 75
[info] position not increasing, failed cnt: 76
[info] position not increasing, failed cnt: 77
[info] position not increasing, failed cnt: 78
[info] position not increasing, failed cnt: 79
[info] position not increasing, failed cnt: 80
[info] position not increasing, failed cnt: 81
[info] position not increasing, failed cnt: 82
[info] position not increasing, failed cnt: 83
[info] position not increasing, failed cnt: 84
[info] position not increasing, failed cnt: 85
[info] position not increasing, failed cnt: 86
[info] position not increasing, failed cnt: 87
[info] position not increasing, failed cnt: 88
[info] position not increasing, failed cnt: 89
[info] position not increasing, failed cnt: 90
[info] position not increasing, failed cnt: 91
[info] position not increasing, failed cnt: 92
[info] position not increasing, failed cnt: 93
[info] position not increasing, failed cnt: 94
[info] position not increasing, failed cnt: 95
[info] position not increasing, failed cnt: 96
[info] position not increasing, failed cnt: 97
[info] position not increasing, failed cnt: 98
[info] position not increasing, failed cnt: 99
[info] position not increasing, failed cnt: 100
[info] position not increasing, failed cnt: 101
[info] position not increasing, failed cnt: 102
[info] position not increasing, failed cnt: 103
[info] position not increasing, failed cnt: 104
[info] position not increasing, failed cnt: 105
[info] position not increasing, failed cnt: 106
[info] position not increasing, failed cnt: 107
[info] position not increasing, failed cnt: 108
[info] position not increasing, failed cnt: 109
[info] position not increasing, failed cnt: 110
[info] position not increasing, failed cnt: 111
[info] position not increasing, failed cnt: 112
[info] position not increasing, failed cnt: 113
[info] position not increasing, failed cnt: 114
[info] position not increasing, failed cnt: 115
[info] position not increasing, failed cnt: 116
[info] position not increasing, failed cnt: 117
[info] position not increasing, failed cnt: 118
[info] position not increasing, failed cnt: 119
[info] position not increasing, failed cnt: 120
[info] position not increasing, failed cnt: 121
[info] position not increasing, failed cnt: 122
[info] position not increasing, failed cnt: 123
[info] position not increasing, failed cnt: 124
[info] position not increasing, failed cnt: 125
[info] position not increasing, failed cnt: 126
[info] position not increasing, failed cnt: 127
[info] position not increasing, failed cnt: 128
[FATAL] model stuck, exiting ...
[info] position not increasing, failed cnt: 1
[info] position not increasing, failed cnt: 1
[info] position not increasing, failed cnt: 2
[info] position not increasing, failed cnt: 3
[info] position not increasing, failed cnt: 4
[info] position not increasing, failed cnt: 5
[info] position not increasing, failed cnt: 6
[info] position not increasing, failed cnt: 7
[info] position not increasing, failed cnt: 8
[info] position not increasing, failed cnt: 9
[info] position not increasing, failed cnt: 10
[info] position not increasing, failed cnt: 11
[info] position not increasing, failed cnt: 12
[info] position not increasing, failed cnt: 13
[info] position not increasing, failed cnt: 14
[info] position not increasing, failed cnt: 15
[info] position not increasing, failed cnt: 16
[info] position not increasing, failed cnt: 17
[info] position not increasing, failed cnt: 18
[info] position not increasing, failed cnt: 19
[info] position not increasing, failed cnt: 20
[info] position not increasing, failed cnt: 21
[info] position not increasing, failed cnt: 22
[info] position not increasing, failed cnt: 23
[info] position not increasing, failed cnt: 24
[info] position not increasing, failed cnt: 25
[info] position not increasing, failed cnt: 26
[info] position not increasing, failed cnt: 27
[info] position not increasing, failed cnt: 28
[info] position not increasing, failed cnt: 29
[info] position not increasing, failed cnt: 30
[info] position not increasing, failed cnt: 31
[info] position not increasing, failed cnt: 32
[info] position not increasing, failed cnt: 33
[info] position not increasing, failed cnt: 34
[info] position not increasing, failed cnt: 35
[info] position not increasing, failed cnt: 36
[info] position not increasing, failed cnt: 37
[info] position not increasing, failed cnt: 38
[info] position not increasing, failed cnt: 39
[info] position not increasing, failed cnt: 40
[info] position not increasing, failed cnt: 41
[info] position not increasing, failed cnt: 42
[info] position not increasing, failed cnt: 43
[info] position not increasing, failed cnt: 44
[info] position not increasing, failed cnt: 45
[info] position not increasing, failed cnt: 46
[info] position not increasing, failed cnt: 47
[info] position not increasing, failed cnt: 48
[info] position not increasing, failed cnt: 49
[info] position not increasing, failed cnt: 50
[info] position not increasing, failed cnt: 51
[info] position not increasing, failed cnt: 52
[info] position not increasing, failed cnt: 53
[info] position not increasing, failed cnt: 54
[info] position not increasing, failed cnt: 55
[info] position not increasing, failed cnt: 56
[info] position not increasing, failed cnt: 57
[info] position not increasing, failed cnt: 58
[info] position not increasing, failed cnt: 59
[info] position not increasing, failed cnt: 60
[info] position not increasing, failed cnt: 61
[info] position not increasing, failed cnt: 62
[info] position not increasing, failed cnt: 63
[info] position not increasing, failed cnt: 64
[info] position not increasing, failed cnt: 65
[info] position not increasing, failed cnt: 66
[info] position not increasing, failed cnt: 67
[info] position not increasing, failed cnt: 68
[info] position not increasing, failed cnt: 69
[info] position not increasing, failed cnt: 70
[info] position not increasing, failed cnt: 71
[info] position not increasing, failed cnt: 72
[info] position not increasing, failed cnt: 73
[info] position not increasing, failed cnt: 74
[info] position not increasing, failed cnt: 75
[info] position not increasing, failed cnt: 76
[info] position not increasing, failed cnt: 77
[info] position not increasing, failed cnt: 78
[info] position not increasing, failed cnt: 79
[info] position not increasing, failed cnt: 80
[info] position not increasing, failed cnt: 81
[info] position not increasing, failed cnt: 82
[info] position not increasing, failed cnt: 83
[info] position not increasing, failed cnt: 84
[info] position not increasing, failed cnt: 85
[info] position not increasing, failed cnt: 86
[info] position not increasing, failed cnt: 87
[info] position not increasing, failed cnt: 88
[info] position not increasing, failed cnt: 89
[info] position not increasing, failed cnt: 90
[info] position not increasing, failed cnt: 91
[info] position not increasing, failed cnt: 92
[info] position not increasing, failed cnt: 93
[info] position not increasing, failed cnt: 94
[info] position not increasing, failed cnt: 95
[info] position not increasing, failed cnt: 96
[info] position not increasing, failed cnt: 97
[info] position not increasing, failed cnt: 98
[info] position not increasing, failed cnt: 99
[info] position not increasing, failed cnt: 100
[info] position not increasing, failed cnt: 101
[info] position not increasing, failed cnt: 102
[info] position not increasing, failed cnt: 103
[info] position not increasing, failed cnt: 104
[info] position not increasing, failed cnt: 105
[info] position not increasing, failed cnt: 106
[info] position not increasing, failed cnt: 107
[info] position not increasing, failed cnt: 108
[info] position not increasing, failed cnt: 109
[info] position not increasing, failed cnt: 110
[info] position not increasing, failed cnt: 111
[info] position not increasing, failed cnt: 112
[info] position not increasing, failed cnt: 113
[info] position not increasing, failed cnt: 114
[info] position not increasing, failed cnt: 115
[info] position not increasing, failed cnt: 116
[info] position not increasing, failed cnt: 117
[info] position not increasing, failed cnt: 118
[info] position not increasing, failed cnt: 119
[info] position not increasing, failed cnt: 120
[info] position not increasing, failed cnt: 121
[info] position not increasing, failed cnt: 122
[info] position not increasing, failed cnt: 123
[info] position not increasing, failed cnt: 124
[info] position not increasing, failed cnt: 125
[info] position not increasing, failed cnt: 126
[info] position not increasing, failed cnt: 127
[info] position not increasing, failed cnt: 128
[FATAL] model stuck, exiting ...
[info] position not increasing, failed cnt: 1
[info] position not increasing, failed cnt: 2
[info] position not increasing, failed cnt: 3
[info] position not increasing, failed cnt: 4
[info] position not increasing, failed cnt: 5
[info] position not increasing, failed cnt: 6
[info] position not increasing, failed cnt: 7
[info] position not increasing, failed cnt: 8
[info] position not increasing, failed cnt: 9
[info] position not increasing, failed cnt: 10
[info] position not increasing, failed cnt: 11
[info] position not increasing, failed cnt: 12
[info] position not increasing, failed cnt: 13
[info] position not increasing, failed cnt: 14
[info] position not increasing, failed cnt: 15
[info] position not increasing, failed cnt: 16
[info] position not increasing, failed cnt: 17
[info] position not increasing, failed cnt: 18
[info] position not increasing, failed cnt: 19
[info] position not increasing, failed cnt: 20
[info] position not increasing, failed cnt: 21
[info] position not increasing, failed cnt: 22
[info] position not increasing, failed cnt: 23
[info] position not increasing, failed cnt: 24
[info] position not increasing, failed cnt: 25
[info] position not increasing, failed cnt: 26
[info] position not increasing, failed cnt: 27
[info] position not increasing, failed cnt: 28
[info] position not increasing, failed cnt: 29
[info] position not increasing, failed cnt: 30
[info] position not increasing, failed cnt: 31
[info] position not increasing, failed cnt: 32
[info] position not increasing, failed cnt: 33
[info] position not increasing, failed cnt: 34
[info] position not increasing, failed cnt: 35
[info] position not increasing, failed cnt: 36
[info] position not increasing, failed cnt: 37
[info] position not increasing, failed cnt: 38
[info] position not increasing, failed cnt: 39
[info] position not increasing, failed cnt: 40
[info] position not increasing, failed cnt: 41
[info] position not increasing, failed cnt: 42
[info] position not increasing, failed cnt: 43
[info] position not increasing, failed cnt: 44
[info] position not increasing, failed cnt: 45
[info] position not increasing, failed cnt: 46
[info] position not increasing, failed cnt: 47
[info] position not increasing, failed cnt: 48
[info] position not increasing, failed cnt: 49
[info] position not increasing, failed cnt: 50
[info] position not increasing, failed cnt: 51
[info] position not increasing, failed cnt: 52
[info] position not increasing, failed cnt: 53
[info] position not increasing, failed cnt: 54
[info] position not increasing, failed cnt: 55
[info] position not increasing, failed cnt: 56
[info] position not increasing, failed cnt: 57
[info] position not increasing, failed cnt: 58
[info] position not increasing, failed cnt: 59
[info] position not increasing, failed cnt: 60
[info] position not increasing, failed cnt: 61
[info] position not increasing, failed cnt: 62
[info] position not increasing, failed cnt: 63
[info] position not increasing, failed cnt: 64
[info] position not increasing, failed cnt: 65
[info] position not increasing, failed cnt: 66
[info] position not increasing, failed cnt: 67
[info] position not increasing, failed cnt: 68
[info] position not increasing, failed cnt: 69
[info] position not increasing, failed cnt: 70
[info] position not increasing, failed cnt: 71
[info] position not increasing, failed cnt: 72
[info] position not increasing, failed cnt: 73
[info] position not increasing, failed cnt: 74
[info] position not increasing, failed cnt: 75
[info] position not increasing, failed cnt: 76
[info] position not increasing, failed cnt: 77
[info] position not increasing, failed cnt: 78
[info] position not increasing, failed cnt: 79
[info] position not increasing, failed cnt: 80
[info] position not increasing, failed cnt: 81
[info] position not increasing, failed cnt: 82
[info] position not increasing, failed cnt: 83
[info] position not increasing, failed cnt: 84
[info] position not increasing, failed cnt: 85
[info] position not increasing, failed cnt: 86
[info] position not increasing, failed cnt: 87
[info] position not increasing, failed cnt: 88
[info] position not increasing, failed cnt: 89
[info] position not increasing, failed cnt: 90
[info] position not increasing, failed cnt: 91
[info] position not increasing, failed cnt: 92
[info] position not increasing, failed cnt: 93
[info] position not increasing, failed cnt: 94
[info] position not increasing, failed cnt: 95
[info] position not increasing, failed cnt: 96
[info] position not increasing, failed cnt: 97
[info] position not increasing, failed cnt: 98
[info] position not increasing, failed cnt: 99
[info] position not increasing, failed cnt: 100
[info] position not increasing, failed cnt: 101
[info] position not increasing, failed cnt: 102
[info] position not increasing, failed cnt: 103
[info] position not increasing, failed cnt: 104
[info] position not increasing, failed cnt: 105
[info] position not increasing, failed cnt: 106
[info] position not increasing, failed cnt: 107
[info] position not increasing, failed cnt: 108
[info] position not increasing, failed cnt: 109
[info] position not increasing, failed cnt: 110
[info] position not increasing, failed cnt: 111
[info] position not increasing, failed cnt: 112
[info] position not increasing, failed cnt: 113
[info] position not increasing, failed cnt: 114
[info] position not increasing, failed cnt: 115
[info] position not increasing, failed cnt: 116
[info] position not increasing, failed cnt: 117
[info] position not increasing, failed cnt: 118
[info] position not increasing, failed cnt: 119
[info] position not increasing, failed cnt: 120
[info] position not increasing, failed cnt: 121
[info] position not increasing, failed cnt: 122
[info] position not increasing, failed cnt: 123
[info] position not increasing, failed cnt: 124
[info] position not increasing, failed cnt: 125
[info] position not increasing, failed cnt: 126
[info] position not increasing, failed cnt: 127
[info] position not increasing, failed cnt: 128
[FATAL] model stuck, exiting ...
[info] position not increasing, failed cnt: 1
[info] position not increasing, failed cnt: 2
[info] position not increasing, failed cnt: 3
[info] position not increasing, failed cnt: 4
[info] position not increasing, failed cnt: 5
[info] position not increasing, failed cnt: 6
[info] position not increasing, failed cnt: 7
[info] position not increasing, failed cnt: 8
[info] position not increasing, failed cnt: 9
[info] position not increasing, failed cnt: 10
[info] position not increasing, failed cnt: 11
[info] position not increasing, failed cnt: 12
[info] position not increasing, failed cnt: 13
[info] position not increasing, failed cnt: 14
[info] position not increasing, failed cnt: 15
[info] position not increasing, failed cnt: 16
[info] position not increasing, failed cnt: 17
[info] position not increasing, failed cnt: 18
[info] position not increasing, failed cnt: 19
[info] position not increasing, failed cnt: 20
[info] position not increasing, failed cnt: 21
[info] position not increasing, failed cnt: 22
[info] position not increasing, failed cnt: 23
[info] position not increasing, failed cnt: 24
[info] position not increasing, failed cnt: 25
[info] position not increasing, failed cnt: 26
[info] position not increasing, failed cnt: 27
[info] position not increasing, failed cnt: 28
[info] position not increasing, failed cnt: 29
[info] position not increasing, failed cnt: 30
[info] position not increasing, failed cnt: 31
[info] position not increasing, failed cnt: 32
[info] position not increasing, failed cnt: 33
[info] position not increasing, failed cnt: 34
[info] position not increasing, failed cnt: 35
[info] position not increasing, failed cnt: 36
[info] position not increasing, failed cnt: 37
[info] position not increasing, failed cnt: 38
[info] position not increasing, failed cnt: 39
[info] position not increasing, failed cnt: 40
[info] position not increasing, failed cnt: 41
[info] position not increasing, failed cnt: 42
[info] position not increasing, failed cnt: 43
[info] position not increasing, failed cnt: 44
[info] position not increasing, failed cnt: 45
[info] position not increasing, failed cnt: 46
[info] position not increasing, failed cnt: 47
[info] position not increasing, failed cnt: 48
[info] position not increasing, failed cnt: 49
[info] position not increasing, failed cnt: 50
[info] position not increasing, failed cnt: 51
[info] position not increasing, failed cnt: 52
[info] position not increasing, failed cnt: 53
[info] position not increasing, failed cnt: 54
[info] position not increasing, failed cnt: 55
[info] position not increasing, failed cnt: 56
[info] position not increasing, failed cnt: 57
[info] position not increasing, failed cnt: 58
[info] position not increasing, failed cnt: 59
[info] position not increasing, failed cnt: 60
[info] position not increasing, failed cnt: 61
[info] position not increasing, failed cnt: 62
[info] position not increasing, failed cnt: 63
[info] position not increasing, failed cnt: 64
[info] position not increasing, failed cnt: 65
[info] position not increasing, failed cnt: 66
[info] position not increasing, failed cnt: 67
[info] position not increasing, failed cnt: 68
[info] position not increasing, failed cnt: 69
[info] position not increasing, failed cnt: 70
[info] position not increasing, failed cnt: 71
[info] position not increasing, failed cnt: 72
[info] position not increasing, failed cnt: 73
[info] position not increasing, failed cnt: 74
[info] position not increasing, failed cnt: 75
[info] position not increasing, failed cnt: 76
[info] position not increasing, failed cnt: 77
[info] position not increasing, failed cnt: 78
[info] position not increasing, failed cnt: 79
[info] position not increasing, failed cnt: 80
[info] position not increasing, failed cnt: 81
[info] position not increasing, failed cnt: 82
[info] position not increasing, failed cnt: 83
[info] position not increasing, failed cnt: 84
[info] position not increasing, failed cnt: 85
[info] position not increasing, failed cnt: 86
[info] position not increasing, failed cnt: 87
[info] position not increasing, failed cnt: 88
[info] position not increasing, failed cnt: 89
[info] position not increasing, failed cnt: 90
[info] position not increasing, failed cnt: 91
[info] position not increasing, failed cnt: 92
[info] position not increasing, failed cnt: 93
[info] position not increasing, failed cnt: 94
[info] position not increasing, failed cnt: 95
[info] position not increasing, failed cnt: 96
[info] position not increasing, failed cnt: 97
[info] position not increasing, failed cnt: 98
[info] position not increasing, failed cnt: 99
[info] position not increasing, failed cnt: 100
[info] position not increasing, failed cnt: 101
[info] position not increasing, failed cnt: 102
[info] position not increasing, failed cnt: 103
[info] position not increasing, failed cnt: 104
[info] position not increasing, failed cnt: 105
[info] position not increasing, failed cnt: 106
[info] position not increasing, failed cnt: 107
[info] position not increasing, failed cnt: 108
[info] position not increasing, failed cnt: 109
[info] position not increasing, failed cnt: 110
[info] position not increasing, failed cnt: 111
[info] position not increasing, failed cnt: 112
[info] position not increasing, failed cnt: 113
[info] position not increasing, failed cnt: 114
[info] position not increasing, failed cnt: 115
[info] position not increasing, failed cnt: 116
[info] position not increasing, failed cnt: 117
[info] position not increasing, failed cnt: 118
[info] position not increasing, failed cnt: 119
[info] position not increasing, failed cnt: 120
[info] position not increasing, failed cnt: 121
[info] position not increasing, failed cnt: 122
[info] position not increasing, failed cnt: 123
[info] position not increasing, failed cnt: 124
[info] position not increasing, failed cnt: 125
[info] position not increasing, failed cnt: 126
[info] position not increasing, failed cnt: 127
[info] position not increasing, failed cnt: 128
[FATAL] model stuck, exiting ...
6URmER9CypxglzgwthpWTU orig S3 ok=False fail=generation_failed_5_attempts 68.49s
-- generated events: 838
-- time elapsed: 6.41 secs
6WGLxfoN1BIjmIJYcb2Wwn orig S3 ok=True fail=None 6.5s
-- generated events: 726
-- time elapsed: 5.40 secs
6alSXplRoBcYCNHKqJDWPz orig S3 ok=True fail=None 5.49s
-- generated events: 773
-- time elapsed: 5.83 secs
6bPSr7yKukRjAGk9cIkJ4J orig S3 ok=True fail=None 5.92s
-- generated events: 775
-- time elapsed: 5.83 secs
6coZcwGP3Cmhyqzvp6sEJS orig S3 ok=True fail=None 5.92s
[info] position not increasing, failed cnt: 1
[info] position not increasing, failed cnt: 2
[info] position not increasing, failed cnt: 3
[info] position not increasing, failed cnt: 4
[info] position not increasing, failed cnt: 5
[info] position not increasing, failed cnt: 6
[info] position not increasing, failed cnt: 7
[info] position not increasing, failed cnt: 8
[info] position not increasing, failed cnt: 9
[info] position not increasing, failed cnt: 10
[info] position not increasing, failed cnt: 11
[info] position not increasing, failed cnt: 12
[info] position not increasing, failed cnt: 13
[info] position not increasing, failed cnt: 14
[info] position not increasing, failed cnt: 15
[info] position not increasing, failed cnt: 16
[info] position not increasing, failed cnt: 17
[info] position not increasing, failed cnt: 18
[info] position not increasing, failed cnt: 19
[info] position not increasing, failed cnt: 20
[info] position not increasing, failed cnt: 21
[info] position not increasing, failed cnt: 22
[info] position not increasing, failed cnt: 23
[info] position not increasing, failed cnt: 24
[info] position not increasing, failed cnt: 25
[info] position not increasing, failed cnt: 26
[info] position not increasing, failed cnt: 27
[info] position not increasing, failed cnt: 28
[info] position not increasing, failed cnt: 29
[info] position not increasing, failed cnt: 30
[info] position not increasing, failed cnt: 31
[info] position not increasing, failed cnt: 32
[info] position not increasing, failed cnt: 33
[info] position not increasing, failed cnt: 34
[info] position not increasing, failed cnt: 35
[info] position not increasing, failed cnt: 36
[info] position not increasing, failed cnt: 37
[info] position not increasing, failed cnt: 38
[info] position not increasing, failed cnt: 39
[info] position not increasing, failed cnt: 40
[info] position not increasing, failed cnt: 41
[info] position not increasing, failed cnt: 42
[info] position not increasing, failed cnt: 43
[info] position not increasing, failed cnt: 44
[info] position not increasing, failed cnt: 45
[info] position not increasing, failed cnt: 46
[info] position not increasing, failed cnt: 47
[info] position not increasing, failed cnt: 48
[info] position not increasing, failed cnt: 49
[info] position not increasing, failed cnt: 50
[info] position not increasing, failed cnt: 51
[info] position not increasing, failed cnt: 52
[info] position not increasing, failed cnt: 53
[info] position not increasing, failed cnt: 54
[info] position not increasing, failed cnt: 55
[info] position not increasing, failed cnt: 56
[info] position not increasing, failed cnt: 57
[info] position not increasing, failed cnt: 58
[info] position not increasing, failed cnt: 59
[info] position not increasing, failed cnt: 60
[info] position not increasing, failed cnt: 61
[info] position not increasing, failed cnt: 62
[info] position not increasing, failed cnt: 63
[info] position not increasing, failed cnt: 64
[info] position not increasing, failed cnt: 65
[info] position not increasing, failed cnt: 66
[info] position not increasing, failed cnt: 67
[info] position not increasing, failed cnt: 68
[info] position not increasing, failed cnt: 69
[info] position not increasing, failed cnt: 70
[info] position not increasing, failed cnt: 71
[info] position not increasing, failed cnt: 72
[info] position not increasing, failed cnt: 73
[info] position not increasing, failed cnt: 74
[info] position not increasing, failed cnt: 75
[info] position not increasing, failed cnt: 76
[info] position not increasing, failed cnt: 77
[info] position not increasing, failed cnt: 78
[info] position not increasing, failed cnt: 79
[info] position not increasing, failed cnt: 80
[info] position not increasing, failed cnt: 81
[info] position not increasing, failed cnt: 82
[info] position not increasing, failed cnt: 83
[info] position not increasing, failed cnt: 84
[info] position not increasing, failed cnt: 85
[info] position not increasing, failed cnt: 86
[info] position not increasing, failed cnt: 87
[info] position not increasing, failed cnt: 88
[info] position not increasing, failed cnt: 89
[info] position not increasing, failed cnt: 90
[info] position not increasing, failed cnt: 91
[info] position not increasing, failed cnt: 92
[info] position not increasing, failed cnt: 93
[info] position not increasing, failed cnt: 94
[info] position not increasing, failed cnt: 95
[info] position not increasing, failed cnt: 96
[info] position not increasing, failed cnt: 97
[info] position not increasing, failed cnt: 98
[info] position not increasing, failed cnt: 99
[info] position not increasing, failed cnt: 100
[info] position not increasing, failed cnt: 101
[info] position not increasing, failed cnt: 102
[info] position not increasing, failed cnt: 103
[info] position not increasing, failed cnt: 104
[info] position not increasing, failed cnt: 105
[info] position not increasing, failed cnt: 106
[info] position not increasing, failed cnt: 107
[info] position not increasing, failed cnt: 108
[info] position not increasing, failed cnt: 109
[info] position not increasing, failed cnt: 110
[info] position not increasing, failed cnt: 111
[info] position not increasing, failed cnt: 112
[info] position not increasing, failed cnt: 113
[info] position not increasing, failed cnt: 114
[info] position not increasing, failed cnt: 115
[info] position not increasing, failed cnt: 116
[info] position not increasing, failed cnt: 117
[info] position not increasing, failed cnt: 118
[info] position not increasing, failed cnt: 119
[info] position not increasing, failed cnt: 120
[info] position not increasing, failed cnt: 121
[info] position not increasing, failed cnt: 122
[info] position not increasing, failed cnt: 123
[info] position not increasing, failed cnt: 124
[info] position not increasing, failed cnt: 125
[info] position not increasing, failed cnt: 126
[info] position not increasing, failed cnt: 127
[info] position not increasing, failed cnt: 128
[FATAL] model stuck, exiting ...
[info] position not increasing, failed cnt: 1
[info] position not increasing, failed cnt: 2
[info] position not increasing, failed cnt: 3
[info] position not increasing, failed cnt: 4
[info] position not increasing, failed cnt: 5
[info] position not increasing, failed cnt: 6
[info] position not increasing, failed cnt: 7
[info] position not increasing, failed cnt: 8
[info] position not increasing, failed cnt: 9
[info] position not increasing, failed cnt: 10
[info] position not increasing, failed cnt: 11
[info] position not increasing, failed cnt: 12
[info] position not increasing, failed cnt: 13
[info] position not increasing, failed cnt: 14
[info] position not increasing, failed cnt: 15
[info] position not increasing, failed cnt: 16
[info] position not increasing, failed cnt: 17
[info] position not increasing, failed cnt: 18
[info] position not increasing, failed cnt: 19
[info] position not increasing, failed cnt: 20
[info] position not increasing, failed cnt: 21
[info] position not increasing, failed cnt: 22
[info] position not increasing, failed cnt: 23
[info] position not increasing, failed cnt: 24
[info] position not increasing, failed cnt: 25
[info] position not increasing, failed cnt: 26
[info] position not increasing, failed cnt: 27
[info] position not increasing, failed cnt: 28
[info] position not increasing, failed cnt: 29
[info] position not increasing, failed cnt: 30
[info] position not increasing, failed cnt: 31
[info] position not increasing, failed cnt: 32
[info] position not increasing, failed cnt: 33
[info] position not increasing, failed cnt: 34
[info] position not increasing, failed cnt: 35
[info] position not increasing, failed cnt: 36
[info] position not increasing, failed cnt: 37
[info] position not increasing, failed cnt: 38
[info] position not increasing, failed cnt: 39
[info] position not increasing, failed cnt: 40
[info] position not increasing, failed cnt: 41
[info] position not increasing, failed cnt: 42
[info] position not increasing, failed cnt: 43
[info] position not increasing, failed cnt: 44
[info] position not increasing, failed cnt: 45
[info] position not increasing, failed cnt: 46
[info] position not increasing, failed cnt: 47
[info] position not increasing, failed cnt: 48
[info] position not increasing, failed cnt: 49
[info] position not increasing, failed cnt: 50
[info] position not increasing, failed cnt: 51
[info] position not increasing, failed cnt: 52
[info] position not increasing, failed cnt: 53
[info] position not increasing, failed cnt: 54
[info] position not increasing, failed cnt: 55
[info] position not increasing, failed cnt: 56
[info] position not increasing, failed cnt: 57
[info] position not increasing, failed cnt: 58
[info] position not increasing, failed cnt: 59
[info] position not increasing, failed cnt: 60
[info] position not increasing, failed cnt: 61
[info] position not increasing, failed cnt: 62
[info] position not increasing, failed cnt: 63
[info] position not increasing, failed cnt: 64
[info] position not increasing, failed cnt: 65
[info] position not increasing, failed cnt: 66
[info] position not increasing, failed cnt: 67
[info] position not increasing, failed cnt: 68
[info] position not increasing, failed cnt: 69
[info] position not increasing, failed cnt: 70
[info] position not increasing, failed cnt: 71
[info] position not increasing, failed cnt: 72
[info] position not increasing, failed cnt: 73
[info] position not increasing, failed cnt: 74
[info] position not increasing, failed cnt: 75
[info] position not increasing, failed cnt: 76
[info] position not increasing, failed cnt: 77
[info] position not increasing, failed cnt: 78
[info] position not increasing, failed cnt: 79
[info] position not increasing, failed cnt: 80
[info] position not increasing, failed cnt: 81
[info] position not increasing, failed cnt: 82
[info] position not increasing, failed cnt: 83
[info] position not increasing, failed cnt: 84
[info] position not increasing, failed cnt: 85
[info] position not increasing, failed cnt: 86
[info] position not increasing, failed cnt: 87
[info] position not increasing, failed cnt: 88
[info] position not increasing, failed cnt: 89
[info] position not increasing, failed cnt: 90
[info] position not increasing, failed cnt: 91
[info] position not increasing, failed cnt: 92
[info] position not increasing, failed cnt: 93
[info] position not increasing, failed cnt: 94
[info] position not increasing, failed cnt: 95
[info] position not increasing, failed cnt: 96
[info] position not increasing, failed cnt: 97
[info] position not increasing, failed cnt: 98
[info] position not increasing, failed cnt: 99
[info] position not increasing, failed cnt: 100
[info] position not increasing, failed cnt: 101
[info] position not increasing, failed cnt: 102
[info] position not increasing, failed cnt: 103
[info] position not increasing, failed cnt: 104
[info] position not increasing, failed cnt: 105
[info] position not increasing, failed cnt: 106
[info] position not increasing, failed cnt: 107
[info] position not increasing, failed cnt: 108
[info] position not increasing, failed cnt: 109
[info] position not increasing, failed cnt: 110
[info] position not increasing, failed cnt: 111
[info] position not increasing, failed cnt: 112
[info] position not increasing, failed cnt: 113
[info] position not increasing, failed cnt: 114
[info] position not increasing, failed cnt: 115
[info] position not increasing, failed cnt: 116
[info] position not increasing, failed cnt: 117
[info] position not increasing, failed cnt: 118
[info] position not increasing, failed cnt: 119
[info] position not increasing, failed cnt: 120
[info] position not increasing, failed cnt: 121
[info] position not increasing, failed cnt: 122
[info] position not increasing, failed cnt: 123
[info] position not increasing, failed cnt: 124
[info] position not increasing, failed cnt: 125
[info] position not increasing, failed cnt: 126
[info] position not increasing, failed cnt: 127
[info] position not increasing, failed cnt: 128
[FATAL] model stuck, exiting ...
[info] position not increasing, failed cnt: 1
[info] position not increasing, failed cnt: 2
[info] position not increasing, failed cnt: 3
[info] position not increasing, failed cnt: 4
[info] position not increasing, failed cnt: 5
[info] position not increasing, failed cnt: 6
[info] position not increasing, failed cnt: 7
[info] position not increasing, failed cnt: 8
[info] position not increasing, failed cnt: 9
[info] position not increasing, failed cnt: 10
[info] position not increasing, failed cnt: 11
[info] position not increasing, failed cnt: 12
[info] position not increasing, failed cnt: 13
[info] position not increasing, failed cnt: 14
[info] position not increasing, failed cnt: 15
[info] position not increasing, failed cnt: 16
[info] position not increasing, failed cnt: 17
[info] position not increasing, failed cnt: 18
[info] position not increasing, failed cnt: 19
[info] position not increasing, failed cnt: 20
[info] position not increasing, failed cnt: 21
[info] position not increasing, failed cnt: 22
[info] position not increasing, failed cnt: 23
[info] position not increasing, failed cnt: 24
[info] position not increasing, failed cnt: 25
[info] position not increasing, failed cnt: 26
[info] position not increasing, failed cnt: 27
[info] position not increasing, failed cnt: 28
[info] position not increasing, failed cnt: 29
[info] position not increasing, failed cnt: 30
[info] position not increasing, failed cnt: 31
[info] position not increasing, failed cnt: 32
[info] position not increasing, failed cnt: 33
[info] position not increasing, failed cnt: 34
[info] position not increasing, failed cnt: 35
[info] position not increasing, failed cnt: 36
[info] position not increasing, failed cnt: 37
[info] position not increasing, failed cnt: 38
[info] position not increasing, failed cnt: 39
[info] position not increasing, failed cnt: 40
[info] position not increasing, failed cnt: 41
[info] position not increasing, failed cnt: 42
[info] position not increasing, failed cnt: 43
[info] position not increasing, failed cnt: 44
[info] position not increasing, failed cnt: 45
[info] position not increasing, failed cnt: 46
[info] position not increasing, failed cnt: 47
[info] position not increasing, failed cnt: 48
[info] position not increasing, failed cnt: 49
[info] position not increasing, failed cnt: 50
[info] position not increasing, failed cnt: 51
[info] position not increasing, failed cnt: 52
[info] position not increasing, failed cnt: 53
[info] position not increasing, failed cnt: 54
[info] position not increasing, failed cnt: 55
[info] position not increasing, failed cnt: 56
[info] position not increasing, failed cnt: 57
[info] position not increasing, failed cnt: 58
[info] position not increasing, failed cnt: 59
[info] position not increasing, failed cnt: 60
[info] position not increasing, failed cnt: 61
[info] position not increasing, failed cnt: 62
[info] position not increasing, failed cnt: 63
[info] position not increasing, failed cnt: 64
[info] position not increasing, failed cnt: 65
[info] position not increasing, failed cnt: 66
[info] position not increasing, failed cnt: 67
[info] position not increasing, failed cnt: 68
[info] position not increasing, failed cnt: 69
[info] position not increasing, failed cnt: 70
[info] position not increasing, failed cnt: 71
[info] position not increasing, failed cnt: 72
[info] position not increasing, failed cnt: 73
[info] position not increasing, failed cnt: 74
[info] position not increasing, failed cnt: 75
[info] position not increasing, failed cnt: 76
[info] position not increasing, failed cnt: 77
[info] position not increasing, failed cnt: 78
[info] position not increasing, failed cnt: 79
[info] position not increasing, failed cnt: 80
[info] position not increasing, failed cnt: 81
[info] position not increasing, failed cnt: 82
[info] position not increasing, failed cnt: 83
[info] position not increasing, failed cnt: 84
[info] position not increasing, failed cnt: 85
[info] position not increasing, failed cnt: 86
[info] position not increasing, failed cnt: 87
[info] position not increasing, failed cnt: 88
[info] position not increasing, failed cnt: 89
[info] position not increasing, failed cnt: 90
[info] position not increasing, failed cnt: 91
[info] position not increasing, failed cnt: 92
[info] position not increasing, failed cnt: 93
[info] position not increasing, failed cnt: 94
[info] position not increasing, failed cnt: 95
[info] position not increasing, failed cnt: 96
[info] position not increasing, failed cnt: 97
[info] position not increasing, failed cnt: 98
[info] position not increasing, failed cnt: 99
[info] position not increasing, failed cnt: 100
[info] position not increasing, failed cnt: 101
[info] position not increasing, failed cnt: 102
[info] position not increasing, failed cnt: 103
[info] position not increasing, failed cnt: 104
[info] position not increasing, failed cnt: 105
[info] position not increasing, failed cnt: 106
[info] position not increasing, failed cnt: 107
[info] position not increasing, failed cnt: 108
[info] position not increasing, failed cnt: 109
[info] position not increasing, failed cnt: 110
[info] position not increasing, failed cnt: 111
[info] position not increasing, failed cnt: 112
[info] position not increasing, failed cnt: 113
[info] position not increasing, failed cnt: 114
[info] position not increasing, failed cnt: 115
[info] position not increasing, failed cnt: 116
[info] position not increasing, failed cnt: 117
[info] position not increasing, failed cnt: 118
[info] position not increasing, failed cnt: 119
[info] position not increasing, failed cnt: 120
[info] position not increasing, failed cnt: 121
[info] position not increasing, failed cnt: 122
[info] position not increasing, failed cnt: 123
[info] position not increasing, failed cnt: 124
[info] position not increasing, failed cnt: 125
[info] position not increasing, failed cnt: 126
[info] position not increasing, failed cnt: 127
[info] position not increasing, failed cnt: 128
[FATAL] model stuck, exiting ...
[info] position not increasing, failed cnt: 1
[info] position not increasing, failed cnt: 1
[info] position not increasing, failed cnt: 2
[info] position not increasing, failed cnt: 3
[info] position not increasing, failed cnt: 4
[info] position not increasing, failed cnt: 5
[info] position not increasing, failed cnt: 6
[info] position not increasing, failed cnt: 7
[info] position not increasing, failed cnt: 8
[info] position not increasing, failed cnt: 9
[info] position not increasing, failed cnt: 10
[info] position not increasing, failed cnt: 11
[info] position not increasing, failed cnt: 12
[info] position not increasing, failed cnt: 13
[info] position not increasing, failed cnt: 14
[info] position not increasing, failed cnt: 15
[info] position not increasing, failed cnt: 16
[info] position not increasing, failed cnt: 17
[info] position not increasing, failed cnt: 18
[info] position not increasing, failed cnt: 19
[info] position not increasing, failed cnt: 20
[info] position not increasing, failed cnt: 21
[info] position not increasing, failed cnt: 22
[info] position not increasing, failed cnt: 23
[info] position not increasing, failed cnt: 24
[info] position not increasing, failed cnt: 25
[info] position not increasing, failed cnt: 26
[info] position not increasing, failed cnt: 27
[info] position not increasing, failed cnt: 28
[info] position not increasing, failed cnt: 29
[info] position not increasing, failed cnt: 30
[info] position not increasing, failed cnt: 31
[info] position not increasing, failed cnt: 32
[info] position not increasing, failed cnt: 33
[info] position not increasing, failed cnt: 34
[info] position not increasing, failed cnt: 35
[info] position not increasing, failed cnt: 36
[info] position not increasing, failed cnt: 37
[info] position not increasing, failed cnt: 38
[info] position not increasing, failed cnt: 39
[info] position not increasing, failed cnt: 40
[info] position not increasing, failed cnt: 41
[info] position not increasing, failed cnt: 42
[info] position not increasing, failed cnt: 43
[info] position not increasing, failed cnt: 44
[info] position not increasing, failed cnt: 45
[info] position not increasing, failed cnt: 46
[info] position not increasing, failed cnt: 47
[info] position not increasing, failed cnt: 48
[info] position not increasing, failed cnt: 49
[info] position not increasing, failed cnt: 50
[info] position not increasing, failed cnt: 51
[info] position not increasing, failed cnt: 52
[info] position not increasing, failed cnt: 53
[info] position not increasing, failed cnt: 54
[info] position not increasing, failed cnt: 55
[info] position not increasing, failed cnt: 56
[info] position not increasing, failed cnt: 57
[info] position not increasing, failed cnt: 58
[info] position not increasing, failed cnt: 59
[info] position not increasing, failed cnt: 60
[info] position not increasing, failed cnt: 61
[info] position not increasing, failed cnt: 62
[info] position not increasing, failed cnt: 63
[info] position not increasing, failed cnt: 64
[info] position not increasing, failed cnt: 65
[info] position not increasing, failed cnt: 66
[info] position not increasing, failed cnt: 67
[info] position not increasing, failed cnt: 68
[info] position not increasing, failed cnt: 69
[info] position not increasing, failed cnt: 70
[info] position not increasing, failed cnt: 71
[info] position not increasing, failed cnt: 72
[info] position not increasing, failed cnt: 73
[info] position not increasing, failed cnt: 74
[info] position not increasing, failed cnt: 75
[info] position not increasing, failed cnt: 76
[info] position not increasing, failed cnt: 77
[info] position not increasing, failed cnt: 78
[info] position not increasing, failed cnt: 79
[info] position not increasing, failed cnt: 80
[info] position not increasing, failed cnt: 81
[info] position not increasing, failed cnt: 82
[info] position not increasing, failed cnt: 83
[info] position not increasing, failed cnt: 84
[info] position not increasing, failed cnt: 85
[info] position not increasing, failed cnt: 86
[info] position not increasing, failed cnt: 87
[info] position not increasing, failed cnt: 88
[info] position not increasing, failed cnt: 89
[info] position not increasing, failed cnt: 90
[info] position not increasing, failed cnt: 91
[info] position not increasing, failed cnt: 92
[info] position not increasing, failed cnt: 93
[info] position not increasing, failed cnt: 94
[info] position not increasing, failed cnt: 95
[info] position not increasing, failed cnt: 96
[info] position not increasing, failed cnt: 97
[info] position not increasing, failed cnt: 98
[info] position not increasing, failed cnt: 99
[info] position not increasing, failed cnt: 100
[info] position not increasing, failed cnt: 101
[info] position not increasing, failed cnt: 102
[info] position not increasing, failed cnt: 103
[info] position not increasing, failed cnt: 104
[info] position not increasing, failed cnt: 105
[info] position not increasing, failed cnt: 106
[info] position not increasing, failed cnt: 107
[info] position not increasing, failed cnt: 108
[info] position not increasing, failed cnt: 109
[info] position not increasing, failed cnt: 110
[info] position not increasing, failed cnt: 111
[info] position not increasing, failed cnt: 112
[info] position not increasing, failed cnt: 113
[info] position not increasing, failed cnt: 114
[info] position not increasing, failed cnt: 115
[info] position not increasing, failed cnt: 116
[info] position not increasing, failed cnt: 117
[info] position not increasing, failed cnt: 118
[info] position not increasing, failed cnt: 119
[info] position not increasing, failed cnt: 120
[info] position not increasing, failed cnt: 121
[info] position not increasing, failed cnt: 122
[info] position not increasing, failed cnt: 123
[info] position not increasing, failed cnt: 124
[info] position not increasing, failed cnt: 125
[info] position not increasing, failed cnt: 126
[info] position not increasing, failed cnt: 127
[info] position not increasing, failed cnt: 128
[FATAL] model stuck, exiting ...
[info] position not increasing, failed cnt: 1
[info] position not increasing, failed cnt: 2
[info] position not increasing, failed cnt: 3
[info] position not increasing, failed cnt: 4
[info] position not increasing, failed cnt: 5
[info] position not increasing, failed cnt: 6
[info] position not increasing, failed cnt: 7
[info] position not increasing, failed cnt: 8
[info] position not increasing, failed cnt: 9
[info] position not increasing, failed cnt: 10
[info] position not increasing, failed cnt: 11
[info] position not increasing, failed cnt: 12
[info] position not increasing, failed cnt: 13
[info] position not increasing, failed cnt: 14
[info] position not increasing, failed cnt: 15
[info] position not increasing, failed cnt: 1
[info] position not increasing, failed cnt: 2
[info] position not increasing, failed cnt: 3
[info] position not increasing, failed cnt: 4
[info] position not increasing, failed cnt: 5
[info] position not increasing, failed cnt: 6
[info] position not increasing, failed cnt: 7
[info] position not increasing, failed cnt: 8
[info] position not increasing, failed cnt: 9
[info] position not increasing, failed cnt: 10
[info] position not increasing, failed cnt: 11
[info] position not increasing, failed cnt: 12
[info] position not increasing, failed cnt: 13
[info] position not increasing, failed cnt: 14
[info] position not increasing, failed cnt: 15
[info] position not increasing, failed cnt: 16
[info] position not increasing, failed cnt: 17
[info] position not increasing, failed cnt: 18
[info] position not increasing, failed cnt: 19
[info] position not increasing, failed cnt: 20
[info] position not increasing, failed cnt: 21
[info] position not increasing, failed cnt: 22
[info] position not increasing, failed cnt: 23
[info] position not increasing, failed cnt: 24
[info] position not increasing, failed cnt: 25
[info] position not increasing, failed cnt: 26
[info] position not increasing, failed cnt: 27
[info] position not increasing, failed cnt: 28
[info] position not increasing, failed cnt: 29
[info] position not increasing, failed cnt: 30
[info] position not increasing, failed cnt: 31
[info] position not increasing, failed cnt: 32
[info] position not increasing, failed cnt: 33
[info] position not increasing, failed cnt: 34
[info] position not increasing, failed cnt: 35
[info] position not increasing, failed cnt: 36
[info] position not increasing, failed cnt: 37
[info] position not increasing, failed cnt: 38
[info] position not increasing, failed cnt: 39
[info] position not increasing, failed cnt: 40
[info] position not increasing, failed cnt: 41
[info] position not increasing, failed cnt: 42
[info] position not increasing, failed cnt: 43
[info] position not increasing, failed cnt: 44
[info] position not increasing, failed cnt: 45
[info] position not increasing, failed cnt: 46
[info] position not increasing, failed cnt: 47
[info] position not increasing, failed cnt: 48
[info] position not increasing, failed cnt: 49
[info] position not increasing, failed cnt: 50
[info] position not increasing, failed cnt: 51
[info] position not increasing, failed cnt: 52
[info] position not increasing, failed cnt: 53
[info] position not increasing, failed cnt: 54
[info] position not increasing, failed cnt: 55
[info] position not increasing, failed cnt: 56
[info] position not increasing, failed cnt: 57
[info] position not increasing, failed cnt: 58
[info] position not increasing, failed cnt: 59
[info] position not increasing, failed cnt: 60
[info] position not increasing, failed cnt: 61
[info] position not increasing, failed cnt: 62
[info] position not increasing, failed cnt: 63
[info] position not increasing, failed cnt: 64
[info] position not increasing, failed cnt: 65
[info] position not increasing, failed cnt: 66
[info] position not increasing, failed cnt: 67
[info] position not increasing, failed cnt: 68
[info] position not increasing, failed cnt: 69
[info] position not increasing, failed cnt: 70
[info] position not increasing, failed cnt: 71
[info] position not increasing, failed cnt: 72
[info] position not increasing, failed cnt: 73
[info] position not increasing, failed cnt: 74
[info] position not increasing, failed cnt: 75
[info] position not increasing, failed cnt: 76
[info] position not increasing, failed cnt: 77
[info] position not increasing, failed cnt: 78
[info] position not increasing, failed cnt: 79
[info] position not increasing, failed cnt: 80
[info] position not increasing, failed cnt: 81
[info] position not increasing, failed cnt: 82
[info] position not increasing, failed cnt: 83
[info] position not increasing, failed cnt: 84
[info] position not increasing, failed cnt: 85
[info] position not increasing, failed cnt: 86
[info] position not increasing, failed cnt: 87
[info] position not increasing, failed cnt: 88
[info] position not increasing, failed cnt: 89
[info] position not increasing, failed cnt: 90
[info] position not increasing, failed cnt: 91
[info] position not increasing, failed cnt: 92
[info] position not increasing, failed cnt: 93
[info] position not increasing, failed cnt: 94
[info] position not increasing, failed cnt: 95
[info] position not increasing, failed cnt: 96
[info] position not increasing, failed cnt: 97
[info] position not increasing, failed cnt: 98
[info] position not increasing, failed cnt: 99
[info] position not increasing, failed cnt: 100
[info] position not increasing, failed cnt: 101
[info] position not increasing, failed cnt: 102
[info] position not increasing, failed cnt: 103
[info] position not increasing, failed cnt: 104
[info] position not increasing, failed cnt: 105
[info] position not increasing, failed cnt: 106
[info] position not increasing, failed cnt: 107
[info] position not increasing, failed cnt: 108
[info] position not increasing, failed cnt: 109
[info] position not increasing, failed cnt: 110
[info] position not increasing, failed cnt: 111
[info] position not increasing, failed cnt: 112
[info] position not increasing, failed cnt: 113
[info] position not increasing, failed cnt: 114
[info] position not increasing, failed cnt: 115
[info] position not increasing, failed cnt: 116
[info] position not increasing, failed cnt: 117
[info] position not increasing, failed cnt: 118
[info] position not increasing, failed cnt: 119
[info] position not increasing, failed cnt: 120
[info] position not increasing, failed cnt: 121
[info] position not increasing, failed cnt: 122
[info] position not increasing, failed cnt: 123
[info] position not increasing, failed cnt: 124
[info] position not increasing, failed cnt: 125
[info] position not increasing, failed cnt: 126
[info] position not increasing, failed cnt: 127
[info] position not increasing, failed cnt: 128
[FATAL] model stuck, exiting ...
6i6Lrq6Lkfsjw4WCLOr6zp orig S3 ok=False fail=generation_failed_5_attempts 57.85s
-- generated events: 1026
-- time elapsed: 8.26 secs
6lyPKJbCwZEiOtxwXxTDLD orig S3 ok=True fail=None 8.36s
6oFUns8NczIrmLbQOLYJhD orig S3 ok=False fail=unsupported_meter 0.0s
-- generated events: 1187
-- time elapsed: 10.19 secs
6pQe06VbPHfAD9MVV7y7ed orig S3 ok=True fail=None 10.29s
-- generated events: 1136
-- time elapsed: 9.54 secs
72HBFpZW26bT1E0POMsQUW orig S3 ok=True fail=None 9.63s
-- generated events: 555
-- time elapsed: 4.00 secs
75eCpTAhv6j4enqG1OMBOg orig S3 ok=True fail=None 4.09s
7DeY1fKszqaJKtXUk1NiiH orig S3 ok=False fail=unsupported_meter 0.0s
[info] position not increasing, failed cnt: 1
[info] position not increasing, failed cnt: 2
[info] position not increasing, failed cnt: 3
[info] position not increasing, failed cnt: 4
[info] position not increasing, failed cnt: 5
[info] position not increasing, failed cnt: 6
[info] position not increasing, failed cnt: 7
[info] position not increasing, failed cnt: 8
[info] position not increasing, failed cnt: 9
[info] position not increasing, failed cnt: 10
[info] position not increasing, failed cnt: 11
[info] position not increasing, failed cnt: 12
[info] position not increasing, failed cnt: 13
[info] position not increasing, failed cnt: 14
[info] position not increasing, failed cnt: 15
[info] position not increasing, failed cnt: 16
[info] position not increasing, failed cnt: 17
[info] position not increasing, failed cnt: 18
[info] position not increasing, failed cnt: 19
[info] position not increasing, failed cnt: 20
[info] position not increasing, failed cnt: 21
[info] position not increasing, failed cnt: 22
[info] position not increasing, failed cnt: 23
[info] position not increasing, failed cnt: 24
[info] position not increasing, failed cnt: 25
[info] position not increasing, failed cnt: 26
[info] position not increasing, failed cnt: 27
[info] position not increasing, failed cnt: 28
[info] position not increasing, failed cnt: 29
[info] position not increasing, failed cnt: 30
[info] position not increasing, failed cnt: 31
[info] position not increasing, failed cnt: 32
[info] position not increasing, failed cnt: 33
[info] position not increasing, failed cnt: 34
[info] position not increasing, failed cnt: 35
[info] position not increasing, failed cnt: 36
[info] position not increasing, failed cnt: 37
[info] position not increasing, failed cnt: 38
[info] position not increasing, failed cnt: 39
[info] position not increasing, failed cnt: 40
[info] position not increasing, failed cnt: 41
[info] position not increasing, failed cnt: 42
[info] position not increasing, failed cnt: 43
[info] position not increasing, failed cnt: 44
[info] position not increasing, failed cnt: 45
[info] position not increasing, failed cnt: 46
[info] position not increasing, failed cnt: 47
[info] position not increasing, failed cnt: 48
[info] position not increasing, failed cnt: 49
[info] position not increasing, failed cnt: 50
[info] position not increasing, failed cnt: 51
[info] position not increasing, failed cnt: 52
[info] position not increasing, failed cnt: 53
[info] position not increasing, failed cnt: 54
[info] position not increasing, failed cnt: 55
[info] position not increasing, failed cnt: 56
[info] position not increasing, failed cnt: 57
[info] position not increasing, failed cnt: 58
[info] position not increasing, failed cnt: 59
[info] position not increasing, failed cnt: 60
[info] position not increasing, failed cnt: 61
[info] position not increasing, failed cnt: 62
[info] position not increasing, failed cnt: 63
[info] position not increasing, failed cnt: 64
[info] position not increasing, failed cnt: 65
[info] position not increasing, failed cnt: 66
[info] position not increasing, failed cnt: 67
[info] position not increasing, failed cnt: 68
[info] position not increasing, failed cnt: 69
[info] position not increasing, failed cnt: 70
[info] position not increasing, failed cnt: 71
[info] position not increasing, failed cnt: 72
[info] position not increasing, failed cnt: 73
[info] position not increasing, failed cnt: 74
[info] position not increasing, failed cnt: 75
[info] position not increasing, failed cnt: 76
[info] position not increasing, failed cnt: 77
[info] position not increasing, failed cnt: 78
[info] position not increasing, failed cnt: 79
[info] position not increasing, failed cnt: 80
[info] position not increasing, failed cnt: 81
[info] position not increasing, failed cnt: 82
[info] position not increasing, failed cnt: 83
[info] position not increasing, failed cnt: 84
[info] position not increasing, failed cnt: 85
[info] position not increasing, failed cnt: 86
[info] position not increasing, failed cnt: 87
[info] position not increasing, failed cnt: 88
[info] position not increasing, failed cnt: 89
[info] position not increasing, failed cnt: 90
[info] position not increasing, failed cnt: 91
[info] position not increasing, failed cnt: 92
[info] position not increasing, failed cnt: 93
[info] position not increasing, failed cnt: 94
[info] position not increasing, failed cnt: 95
[info] position not increasing, failed cnt: 96
[info] position not increasing, failed cnt: 97
[info] position not increasing, failed cnt: 98
[info] position not increasing, failed cnt: 99
[info] position not increasing, failed cnt: 100
[info] position not increasing, failed cnt: 101
[info] position not increasing, failed cnt: 102
[info] position not increasing, failed cnt: 103
[info] position not increasing, failed cnt: 104
[info] position not increasing, failed cnt: 105
[info] position not increasing, failed cnt: 106
[info] position not increasing, failed cnt: 107
[info] position not increasing, failed cnt: 108
[info] position not increasing, failed cnt: 109
[info] position not increasing, failed cnt: 110
[info] position not increasing, failed cnt: 111
[info] position not increasing, failed cnt: 112
[info] position not increasing, failed cnt: 113
[info] position not increasing, failed cnt: 114
[info] position not increasing, failed cnt: 115
[info] position not increasing, failed cnt: 116
[info] position not increasing, failed cnt: 117
[info] position not increasing, failed cnt: 118
[info] position not increasing, failed cnt: 119
[info] position not increasing, failed cnt: 120
[info] position not increasing, failed cnt: 121
[info] position not increasing, failed cnt: 122
[info] position not increasing, failed cnt: 123
[info] position not increasing, failed cnt: 124
[info] position not increasing, failed cnt: 125
[info] position not increasing, failed cnt: 126
[info] position not increasing, failed cnt: 127
[info] position not increasing, failed cnt: 128
[FATAL] model stuck, exiting ...
[info] position not increasing, failed cnt: 1
[info] position not increasing, failed cnt: 2
[info] position not increasing, failed cnt: 3
[info] position not increasing, failed cnt: 4
[info] position not increasing, failed cnt: 5
[info] position not increasing, failed cnt: 6
[info] position not increasing, failed cnt: 7
[info] position not increasing, failed cnt: 8
[info] position not increasing, failed cnt: 9
[info] position not increasing, failed cnt: 10
[info] position not increasing, failed cnt: 11
[info] position not increasing, failed cnt: 12
[info] position not increasing, failed cnt: 13
[info] position not increasing, failed cnt: 14
[info] position not increasing, failed cnt: 15
[info] position not increasing, failed cnt: 16
[info] position not increasing, failed cnt: 17
[info] position not increasing, failed cnt: 18
[info] position not increasing, failed cnt: 19
[info] position not increasing, failed cnt: 20
[info] position not increasing, failed cnt: 21
[info] position not increasing, failed cnt: 22
[info] position not increasing, failed cnt: 23
[info] position not increasing, failed cnt: 24
[info] position not increasing, failed cnt: 25
[info] position not increasing, failed cnt: 26
[info] position not increasing, failed cnt: 27
[info] position not increasing, failed cnt: 28
[info] position not increasing, failed cnt: 29
[info] position not increasing, failed cnt: 30
[info] position not increasing, failed cnt: 31
[info] position not increasing, failed cnt: 32
[info] position not increasing, failed cnt: 33
[info] position not increasing, failed cnt: 34
[info] position not increasing, failed cnt: 35
[info] position not increasing, failed cnt: 36
[info] position not increasing, failed cnt: 37
[info] position not increasing, failed cnt: 38
[info] position not increasing, failed cnt: 39
[info] position not increasing, failed cnt: 40
[info] position not increasing, failed cnt: 41
[info] position not increasing, failed cnt: 42
[info] position not increasing, failed cnt: 43
[info] position not increasing, failed cnt: 44
[info] position not increasing, failed cnt: 45
[info] position not increasing, failed cnt: 46
[info] position not increasing, failed cnt: 47
[info] position not increasing, failed cnt: 48
[info] position not increasing, failed cnt: 49
[info] position not increasing, failed cnt: 50
[info] position not increasing, failed cnt: 51
[info] position not increasing, failed cnt: 52
[info] position not increasing, failed cnt: 53
[info] position not increasing, failed cnt: 54
[info] position not increasing, failed cnt: 55
[info] position not increasing, failed cnt: 56
[info] position not increasing, failed cnt: 57
[info] position not increasing, failed cnt: 58
[info] position not increasing, failed cnt: 59
[info] position not increasing, failed cnt: 60
[info] position not increasing, failed cnt: 61
[info] position not increasing, failed cnt: 62
[info] position not increasing, failed cnt: 63
[info] position not increasing, failed cnt: 64
[info] position not increasing, failed cnt: 65
[info] position not increasing, failed cnt: 66
[info] position not increasing, failed cnt: 67
[info] position not increasing, failed cnt: 68
[info] position not increasing, failed cnt: 69
[info] position not increasing, failed cnt: 70
[info] position not increasing, failed cnt: 71
[info] position not increasing, failed cnt: 72
[info] position not increasing, failed cnt: 73
[info] position not increasing, failed cnt: 74
[info] position not increasing, failed cnt: 75
[info] position not increasing, failed cnt: 76
[info] position not increasing, failed cnt: 77
[info] position not increasing, failed cnt: 78
[info] position not increasing, failed cnt: 79
[info] position not increasing, failed cnt: 80
[info] position not increasing, failed cnt: 81
[info] position not increasing, failed cnt: 82
[info] position not increasing, failed cnt: 83
[info] position not increasing, failed cnt: 84
[info] position not increasing, failed cnt: 85
[info] position not increasing, failed cnt: 86
[info] position not increasing, failed cnt: 87
[info] position not increasing, failed cnt: 88
[info] position not increasing, failed cnt: 89
[info] position not increasing, failed cnt: 90
[info] position not increasing, failed cnt: 91
[info] position not increasing, failed cnt: 92
[info] position not increasing, failed cnt: 93
[info] position not increasing, failed cnt: 94
[info] position not increasing, failed cnt: 95
[info] position not increasing, failed cnt: 96
[info] position not increasing, failed cnt: 97
[info] position not increasing, failed cnt: 98
[info] position not increasing, failed cnt: 99
[info] position not increasing, failed cnt: 100
[info] position not increasing, failed cnt: 101
[info] position not increasing, failed cnt: 102
[info] position not increasing, failed cnt: 103
[info] position not increasing, failed cnt: 104
[info] position not increasing, failed cnt: 105
[info] position not increasing, failed cnt: 106
[info] position not increasing, failed cnt: 107
[info] position not increasing, failed cnt: 108
[info] position not increasing, failed cnt: 109
[info] position not increasing, failed cnt: 110
[info] position not increasing, failed cnt: 111
[info] position not increasing, failed cnt: 112
[info] position not increasing, failed cnt: 113
[info] position not increasing, failed cnt: 114
[info] position not increasing, failed cnt: 115
[info] position not increasing, failed cnt: 116
[info] position not increasing, failed cnt: 117
[info] position not increasing, failed cnt: 118
[info] position not increasing, failed cnt: 119
[info] position not increasing, failed cnt: 120
[info] position not increasing, failed cnt: 121
[info] position not increasing, failed cnt: 122
[info] position not increasing, failed cnt: 123
[info] position not increasing, failed cnt: 124
[info] position not increasing, failed cnt: 125
[info] position not increasing, failed cnt: 126
[info] position not increasing, failed cnt: 127
[info] position not increasing, failed cnt: 128
[FATAL] model stuck, exiting ...
[info] position not increasing, failed cnt: 1
[info] position not increasing, failed cnt: 2
[info] position not increasing, failed cnt: 3
[info] position not increasing, failed cnt: 4
[info] position not increasing, failed cnt: 5
[info] position not increasing, failed cnt: 6
[info] position not increasing, failed cnt: 7
[info] position not increasing, failed cnt: 8
[info] position not increasing, failed cnt: 9
[info] position not increasing, failed cnt: 10
[info] position not increasing, failed cnt: 11
[info] position not increasing, failed cnt: 12
[info] position not increasing, failed cnt: 13
[info] position not increasing, failed cnt: 14
[info] position not increasing, failed cnt: 15
[info] position not increasing, failed cnt: 16
[info] position not increasing, failed cnt: 17
[info] position not increasing, failed cnt: 18
[info] position not increasing, failed cnt: 19
[info] position not increasing, failed cnt: 20
[info] position not increasing, failed cnt: 21
[info] position not increasing, failed cnt: 22
[info] position not increasing, failed cnt: 23
[info] position not increasing, failed cnt: 24
[info] position not increasing, failed cnt: 25
[info] position not increasing, failed cnt: 26
[info] position not increasing, failed cnt: 27
[info] position not increasing, failed cnt: 28
[info] position not increasing, failed cnt: 29
[info] position not increasing, failed cnt: 30
[info] position not increasing, failed cnt: 31
[info] position not increasing, failed cnt: 32
[info] position not increasing, failed cnt: 33
[info] position not increasing, failed cnt: 34
[info] position not increasing, failed cnt: 35
[info] position not increasing, failed cnt: 36
[info] position not increasing, failed cnt: 37
[info] position not increasing, failed cnt: 38
[info] position not increasing, failed cnt: 39
[info] position not increasing, failed cnt: 40
[info] position not increasing, failed cnt: 41
[info] position not increasing, failed cnt: 42
[info] position not increasing, failed cnt: 43
[info] position not increasing, failed cnt: 44
[info] position not increasing, failed cnt: 45
[info] position not increasing, failed cnt: 46
[info] position not increasing, failed cnt: 47
[info] position not increasing, failed cnt: 48
[info] position not increasing, failed cnt: 49
[info] position not increasing, failed cnt: 50
[info] position not increasing, failed cnt: 51
[info] position not increasing, failed cnt: 52
[info] position not increasing, failed cnt: 53
[info] position not increasing, failed cnt: 54
[info] position not increasing, failed cnt: 55
[info] position not increasing, failed cnt: 56
[info] position not increasing, failed cnt: 57
[info] position not increasing, failed cnt: 58
[info] position not increasing, failed cnt: 59
[info] position not increasing, failed cnt: 60
[info] position not increasing, failed cnt: 61
[info] position not increasing, failed cnt: 62
[info] position not increasing, failed cnt: 63
[info] position not increasing, failed cnt: 64
[info] position not increasing, failed cnt: 65
[info] position not increasing, failed cnt: 66
[info] position not increasing, failed cnt: 67
[info] position not increasing, failed cnt: 68
[info] position not increasing, failed cnt: 69
[info] position not increasing, failed cnt: 70
[info] position not increasing, failed cnt: 71
[info] position not increasing, failed cnt: 72
[info] position not increasing, failed cnt: 73
[info] position not increasing, failed cnt: 74
[info] position not increasing, failed cnt: 75
[info] position not increasing, failed cnt: 76
[info] position not increasing, failed cnt: 77
[info] position not increasing, failed cnt: 78
[info] position not increasing, failed cnt: 79
[info] position not increasing, failed cnt: 80
[info] position not increasing, failed cnt: 81
[info] position not increasing, failed cnt: 82
[info] position not increasing, failed cnt: 83
[info] position not increasing, failed cnt: 84
[info] position not increasing, failed cnt: 85
[info] position not increasing, failed cnt: 86
[info] position not increasing, failed cnt: 87
[info] position not increasing, failed cnt: 88
[info] position not increasing, failed cnt: 89
[info] position not increasing, failed cnt: 90
[info] position not increasing, failed cnt: 91
[info] position not increasing, failed cnt: 92
[info] position not increasing, failed cnt: 93
[info] position not increasing, failed cnt: 94
[info] position not increasing, failed cnt: 95
[info] position not increasing, failed cnt: 96
[info] position not increasing, failed cnt: 97
[info] position not increasing, failed cnt: 98
[info] position not increasing, failed cnt: 99
[info] position not increasing, failed cnt: 100
[info] position not increasing, failed cnt: 101
[info] position not increasing, failed cnt: 102
[info] position not increasing, failed cnt: 103
[info] position not increasing, failed cnt: 104
[info] position not increasing, failed cnt: 105
[info] position not increasing, failed cnt: 106
[info] position not increasing, failed cnt: 107
[info] position not increasing, failed cnt: 108
[info] position not increasing, failed cnt: 109
[info] position not increasing, failed cnt: 110
[info] position not increasing, failed cnt: 111
[info] position not increasing, failed cnt: 112
[info] position not increasing, failed cnt: 113
[info] position not increasing, failed cnt: 114
[info] position not increasing, failed cnt: 115
[info] position not increasing, failed cnt: 116
[info] position not increasing, failed cnt: 117
[info] position not increasing, failed cnt: 118
[info] position not increasing, failed cnt: 119
[info] position not increasing, failed cnt: 120
[info] position not increasing, failed cnt: 121
[info] position not increasing, failed cnt: 122
[info] position not increasing, failed cnt: 123
[info] position not increasing, failed cnt: 124
[info] position not increasing, failed cnt: 125
[info] position not increasing, failed cnt: 126
[info] position not increasing, failed cnt: 127
[info] position not increasing, failed cnt: 128
[FATAL] model stuck, exiting ...
[info] position not increasing, failed cnt: 1
[info] position not increasing, failed cnt: 2
[info] position not increasing, failed cnt: 3
[info] position not increasing, failed cnt: 4
[info] position not increasing, failed cnt: 5
[info] position not increasing, failed cnt: 6
[info] position not increasing, failed cnt: 7
[info] position not increasing, failed cnt: 8
[info] position not increasing, failed cnt: 9
[info] position not increasing, failed cnt: 10
[info] position not increasing, failed cnt: 11
[info] position not increasing, failed cnt: 12
[info] position not increasing, failed cnt: 13
[info] position not increasing, failed cnt: 14
[info] position not increasing, failed cnt: 15
[info] position not increasing, failed cnt: 16
[info] position not increasing, failed cnt: 17
[info] position not increasing, failed cnt: 18
[info] position not increasing, failed cnt: 19
[info] position not increasing, failed cnt: 20
[info] position not increasing, failed cnt: 21
[info] position not increasing, failed cnt: 22
[info] position not increasing, failed cnt: 23
[info] position not increasing, failed cnt: 24
[info] position not increasing, failed cnt: 25
[info] position not increasing, failed cnt: 26
[info] position not increasing, failed cnt: 27
[info] position not increasing, failed cnt: 28
[info] position not increasing, failed cnt: 29
[info] position not increasing, failed cnt: 30
[info] position not increasing, failed cnt: 31
[info] position not increasing, failed cnt: 32
[info] position not increasing, failed cnt: 33
[info] position not increasing, failed cnt: 34
[info] position not increasing, failed cnt: 35
[info] position not increasing, failed cnt: 36
[info] position not increasing, failed cnt: 37
[info] position not increasing, failed cnt: 38
[info] position not increasing, failed cnt: 39
[info] position not increasing, failed cnt: 40
[info] position not increasing, failed cnt: 41
[info] position not increasing, failed cnt: 42
[info] position not increasing, failed cnt: 43
[info] position not increasing, failed cnt: 44
[info] position not increasing, failed cnt: 45
[info] position not increasing, failed cnt: 46
[info] position not increasing, failed cnt: 47
[info] position not increasing, failed cnt: 48
[info] position not increasing, failed cnt: 49
[info] position not increasing, failed cnt: 50
[info] position not increasing, failed cnt: 51
[info] position not increasing, failed cnt: 52
[info] position not increasing, failed cnt: 53
[info] position not increasing, failed cnt: 54
[info] position not increasing, failed cnt: 55
[info] position not increasing, failed cnt: 56
[info] position not increasing, failed cnt: 57
[info] position not increasing, failed cnt: 58
[info] position not increasing, failed cnt: 59
[info] position not increasing, failed cnt: 60
[info] position not increasing, failed cnt: 61
[info] position not increasing, failed cnt: 62
[info] position not increasing, failed cnt: 63
[info] position not increasing, failed cnt: 64
[info] position not increasing, failed cnt: 65
[info] position not increasing, failed cnt: 66
[info] position not increasing, failed cnt: 67
[info] position not increasing, failed cnt: 68
[info] position not increasing, failed cnt: 69
[info] position not increasing, failed cnt: 70
[info] position not increasing, failed cnt: 71
[info] position not increasing, failed cnt: 72
[info] position not increasing, failed cnt: 73
[info] position not increasing, failed cnt: 74
[info] position not increasing, failed cnt: 75
[info] position not increasing, failed cnt: 76
[info] position not increasing, failed cnt: 77
[info] position not increasing, failed cnt: 78
[info] position not increasing, failed cnt: 79
[info] position not increasing, failed cnt: 80
[info] position not increasing, failed cnt: 81
[info] position not increasing, failed cnt: 82
[info] position not increasing, failed cnt: 83
[info] position not increasing, failed cnt: 84
[info] position not increasing, failed cnt: 85
[info] position not increasing, failed cnt: 86
[info] position not increasing, failed cnt: 87
[info] position not increasing, failed cnt: 88
[info] position not increasing, failed cnt: 89
[info] position not increasing, failed cnt: 90
[info] position not increasing, failed cnt: 91
[info] position not increasing, failed cnt: 92
[info] position not increasing, failed cnt: 93
[info] position not increasing, failed cnt: 94
[info] position not increasing, failed cnt: 95
[info] position not increasing, failed cnt: 96
[info] position not increasing, failed cnt: 97
[info] position not increasing, failed cnt: 98
[info] position not increasing, failed cnt: 99
[info] position not increasing, failed cnt: 100
[info] position not increasing, failed cnt: 101
[info] position not increasing, failed cnt: 102
[info] position not increasing, failed cnt: 103
[info] position not increasing, failed cnt: 104
[info] position not increasing, failed cnt: 105
[info] position not increasing, failed cnt: 106
[info] position not increasing, failed cnt: 107
[info] position not increasing, failed cnt: 108
[info] position not increasing, failed cnt: 109
[info] position not increasing, failed cnt: 110
[info] position not increasing, failed cnt: 111
[info] position not increasing, failed cnt: 112
[info] position not increasing, failed cnt: 113
[info] position not increasing, failed cnt: 114
[info] position not increasing, failed cnt: 115
[info] position not increasing, failed cnt: 116
[info] position not increasing, failed cnt: 117
[info] position not increasing, failed cnt: 118
[info] position not increasing, failed cnt: 119
[info] position not increasing, failed cnt: 120
[info] position not increasing, failed cnt: 121
[info] position not increasing, failed cnt: 122
[info] position not increasing, failed cnt: 123
[info] position not increasing, failed cnt: 124
[info] position not increasing, failed cnt: 125
[info] position not increasing, failed cnt: 126
[info] position not increasing, failed cnt: 127
[info] position not increasing, failed cnt: 128
[FATAL] model stuck, exiting ...
[info] position not increasing, failed cnt: 1
[info] position not increasing, failed cnt: 2
[info] position not increasing, failed cnt: 3
[info] position not increasing, failed cnt: 4
[info] position not increasing, failed cnt: 5
[info] position not increasing, failed cnt: 6
[info] position not increasing, failed cnt: 7
[info] position not increasing, failed cnt: 8
[info] position not increasing, failed cnt: 9
[info] position not increasing, failed cnt: 10
[info] position not increasing, failed cnt: 11
[info] position not increasing, failed cnt: 12
[info] position not increasing, failed cnt: 13
[info] position not increasing, failed cnt: 1
[info] position not increasing, failed cnt: 2
[info] position not increasing, failed cnt: 3
[info] position not increasing, failed cnt: 4
[info] position not increasing, failed cnt: 5
[info] position not increasing, failed cnt: 6
[info] position not increasing, failed cnt: 7
[info] position not increasing, failed cnt: 8
[info] position not increasing, failed cnt: 9
[info] position not increasing, failed cnt: 10
[info] position not increasing, failed cnt: 11
[info] position not increasing, failed cnt: 12
[info] position not increasing, failed cnt: 13
[info] position not increasing, failed cnt: 14
[info] position not increasing, failed cnt: 15
[info] position not increasing, failed cnt: 16
[info] position not increasing, failed cnt: 17
[info] position not increasing, failed cnt: 18
[info] position not increasing, failed cnt: 19
[info] position not increasing, failed cnt: 20
[info] position not increasing, failed cnt: 21
[info] position not increasing, failed cnt: 22
[info] position not increasing, failed cnt: 23
[info] position not increasing, failed cnt: 24
[info] position not increasing, failed cnt: 25
[info] position not increasing, failed cnt: 26
[info] position not increasing, failed cnt: 27
[info] position not increasing, failed cnt: 28
[info] position not increasing, failed cnt: 29
[info] position not increasing, failed cnt: 30
[info] position not increasing, failed cnt: 31
[info] position not increasing, failed cnt: 1
[info] position not increasing, failed cnt: 2
[info] position not increasing, failed cnt: 3
[info] position not increasing, failed cnt: 4
[info] position not increasing, failed cnt: 5
[info] position not increasing, failed cnt: 6
[info] position not increasing, failed cnt: 1
[info] position not increasing, failed cnt: 2
[info] position not increasing, failed cnt: 3
[info] position not increasing, failed cnt: 4
[info] position not increasing, failed cnt: 5
[info] position not increasing, failed cnt: 6
[info] position not increasing, failed cnt: 7
[info] position not increasing, failed cnt: 8
[info] position not increasing, failed cnt: 9
[info] position not increasing, failed cnt: 10
[info] position not increasing, failed cnt: 11
[info] position not increasing, failed cnt: 12
[info] position not increasing, failed cnt: 13
[info] position not increasing, failed cnt: 14
[info] position not increasing, failed cnt: 15
[info] position not increasing, failed cnt: 16
[info] position not increasing, failed cnt: 17
[info] position not increasing, failed cnt: 18
[info] position not increasing, failed cnt: 19
[info] position not increasing, failed cnt: 20
[info] position not increasing, failed cnt: 21
[info] position not increasing, failed cnt: 22
[info] position not increasing, failed cnt: 23
[info] position not increasing, failed cnt: 24
[info] position not increasing, failed cnt: 25
[info] position not increasing, failed cnt: 26
[info] position not increasing, failed cnt: 27
[info] position not increasing, failed cnt: 28
[info] position not increasing, failed cnt: 29
[info] position not increasing, failed cnt: 30
[info] position not increasing, failed cnt: 31
[info] position not increasing, failed cnt: 32
[info] position not increasing, failed cnt: 33
[info] position not increasing, failed cnt: 34
[info] position not increasing, failed cnt: 35
[info] position not increasing, failed cnt: 36
[info] position not increasing, failed cnt: 37
[info] position not increasing, failed cnt: 38
[info] position not increasing, failed cnt: 39
[info] position not increasing, failed cnt: 40
[info] position not increasing, failed cnt: 41
[info] position not increasing, failed cnt: 42
[info] position not increasing, failed cnt: 43
[info] position not increasing, failed cnt: 44
[info] position not increasing, failed cnt: 45
[info] position not increasing, failed cnt: 46
[info] position not increasing, failed cnt: 47
[info] position not increasing, failed cnt: 48
[info] position not increasing, failed cnt: 49
[info] position not increasing, failed cnt: 50
[info] position not increasing, failed cnt: 51
[info] position not increasing, failed cnt: 52
[info] position not increasing, failed cnt: 53
[info] position not increasing, failed cnt: 54
[info] position not increasing, failed cnt: 55
[info] position not increasing, failed cnt: 56
[info] position not increasing, failed cnt: 57
[info] position not increasing, failed cnt: 58
[info] position not increasing, failed cnt: 59
[info] position not increasing, failed cnt: 60
[info] position not increasing, failed cnt: 61
[info] position not increasing, failed cnt: 62
[info] position not increasing, failed cnt: 63
[info] position not increasing, failed cnt: 64
[info] position not increasing, failed cnt: 65
[info] position not increasing, failed cnt: 66
[info] position not increasing, failed cnt: 67
[info] position not increasing, failed cnt: 68
[info] position not increasing, failed cnt: 69
[info] position not increasing, failed cnt: 70
[info] position not increasing, failed cnt: 71
[info] position not increasing, failed cnt: 72
[info] position not increasing, failed cnt: 73
[info] position not increasing, failed cnt: 74
[info] position not increasing, failed cnt: 75
[info] position not increasing, failed cnt: 76
[info] position not increasing, failed cnt: 77
[info] position not increasing, failed cnt: 78
[info] position not increasing, failed cnt: 79
[info] position not increasing, failed cnt: 80
[info] position not increasing, failed cnt: 81
[info] position not increasing, failed cnt: 82
[info] position not increasing, failed cnt: 83
[info] position not increasing, failed cnt: 84
[info] position not increasing, failed cnt: 85
[info] position not increasing, failed cnt: 86
[info] position not increasing, failed cnt: 87
[info] position not increasing, failed cnt: 88
[info] position not increasing, failed cnt: 89
[info] position not increasing, failed cnt: 90
[info] position not increasing, failed cnt: 91
[info] position not increasing, failed cnt: 92
[info] position not increasing, failed cnt: 93
[info] position not increasing, failed cnt: 94
[info] position not increasing, failed cnt: 95
[info] position not increasing, failed cnt: 96
[info] position not increasing, failed cnt: 97
[info] position not increasing, failed cnt: 98
[info] position not increasing, failed cnt: 99
[info] position not increasing, failed cnt: 100
[info] position not increasing, failed cnt: 101
[info] position not increasing, failed cnt: 102
[info] position not increasing, failed cnt: 103
[info] position not increasing, failed cnt: 104
[info] position not increasing, failed cnt: 105
[info] position not increasing, failed cnt: 106
[info] position not increasing, failed cnt: 107
[info] position not increasing, failed cnt: 108
[info] position not increasing, failed cnt: 109
[info] position not increasing, failed cnt: 110
[info] position not increasing, failed cnt: 111
[info] position not increasing, failed cnt: 112
[info] position not increasing, failed cnt: 113
[info] position not increasing, failed cnt: 114
[info] position not increasing, failed cnt: 115
[info] position not increasing, failed cnt: 116
[info] position not increasing, failed cnt: 117
[info] position not increasing, failed cnt: 118
[info] position not increasing, failed cnt: 119
[info] position not increasing, failed cnt: 120
[info] position not increasing, failed cnt: 121
[info] position not increasing, failed cnt: 122
[info] position not increasing, failed cnt: 123
[info] position not increasing, failed cnt: 124
[info] position not increasing, failed cnt: 125
[info] position not increasing, failed cnt: 126
[info] position not increasing, failed cnt: 127
[info] position not increasing, failed cnt: 128
[FATAL] model stuck, exiting ...
7Ga5M55lfOVkuHxzUgk4ZX orig S3 ok=False fail=generation_failed_5_attempts 68.22s
-- generated events: 778
-- time elapsed: 5.89 secs
7fnhHkS67SrSqsWpwkD6CM orig S3 ok=True fail=None 5.97s
-- generated events: 1257
-- time elapsed: 11.21 secs
7jDM04sebBiBcWysWcvSFx orig S3 ok=True fail=None 11.3s
[info] position not increasing, failed cnt: 1
[info] position not increasing, failed cnt: 2
[info] position not increasing, failed cnt: 3
[info] position not increasing, failed cnt: 4
[info] position not increasing, failed cnt: 5
[info] position not increasing, failed cnt: 6
[info] position not increasing, failed cnt: 7
[info] position not increasing, failed cnt: 8
[info] position not increasing, failed cnt: 9
[info] position not increasing, failed cnt: 10
[info] position not increasing, failed cnt: 11
[info] position not increasing, failed cnt: 12
[info] position not increasing, failed cnt: 13
[info] position not increasing, failed cnt: 14
[info] position not increasing, failed cnt: 15
[info] position not increasing, failed cnt: 16
[info] position not increasing, failed cnt: 17
[info] position not increasing, failed cnt: 18
[info] position not increasing, failed cnt: 19
[info] position not increasing, failed cnt: 20
[info] position not increasing, failed cnt: 21
[info] position not increasing, failed cnt: 22
[info] position not increasing, failed cnt: 23
[info] position not increasing, failed cnt: 24
[info] position not increasing, failed cnt: 25
[info] position not increasing, failed cnt: 26
[info] position not increasing, failed cnt: 27
[info] position not increasing, failed cnt: 28
[info] position not increasing, failed cnt: 29
[info] position not increasing, failed cnt: 30
[info] position not increasing, failed cnt: 31
[info] position not increasing, failed cnt: 32
[info] position not increasing, failed cnt: 33
[info] position not increasing, failed cnt: 34
[info] position not increasing, failed cnt: 35
[info] position not increasing, failed cnt: 36
[info] position not increasing, failed cnt: 37
[info] position not increasing, failed cnt: 38
[info] position not increasing, failed cnt: 39
[info] position not increasing, failed cnt: 40
[info] position not increasing, failed cnt: 41
[info] position not increasing, failed cnt: 42
[info] position not increasing, failed cnt: 43
[info] position not increasing, failed cnt: 44
[info] position not increasing, failed cnt: 45
[info] position not increasing, failed cnt: 46
[info] position not increasing, failed cnt: 47
[info] position not increasing, failed cnt: 48
[info] position not increasing, failed cnt: 49
[info] position not increasing, failed cnt: 50
[info] position not increasing, failed cnt: 51
[info] position not increasing, failed cnt: 52
[info] position not increasing, failed cnt: 53
[info] position not increasing, failed cnt: 54
[info] position not increasing, failed cnt: 55
[info] position not increasing, failed cnt: 56
[info] position not increasing, failed cnt: 57
[info] position not increasing, failed cnt: 58
[info] position not increasing, failed cnt: 59
[info] position not increasing, failed cnt: 60
[info] position not increasing, failed cnt: 61
[info] position not increasing, failed cnt: 62
[info] position not increasing, failed cnt: 63
[info] position not increasing, failed cnt: 64
[info] position not increasing, failed cnt: 65
[info] position not increasing, failed cnt: 66
[info] position not increasing, failed cnt: 67
[info] position not increasing, failed cnt: 68
[info] position not increasing, failed cnt: 69
[info] position not increasing, failed cnt: 70
[info] position not increasing, failed cnt: 71
[info] position not increasing, failed cnt: 72
[info] position not increasing, failed cnt: 73
[info] position not increasing, failed cnt: 74
[info] position not increasing, failed cnt: 75
[info] position not increasing, failed cnt: 76
[info] position not increasing, failed cnt: 77
[info] position not increasing, failed cnt: 78
[info] position not increasing, failed cnt: 79
[info] position not increasing, failed cnt: 80
[info] position not increasing, failed cnt: 81
[info] position not increasing, failed cnt: 82
[info] position not increasing, failed cnt: 83
[info] position not increasing, failed cnt: 84
[info] position not increasing, failed cnt: 85
[info] position not increasing, failed cnt: 86
[info] position not increasing, failed cnt: 87
[info] position not increasing, failed cnt: 88
[info] position not increasing, failed cnt: 89
[info] position not increasing, failed cnt: 90
[info] position not increasing, failed cnt: 91
[info] position not increasing, failed cnt: 92
[info] position not increasing, failed cnt: 93
[info] position not increasing, failed cnt: 94
[info] position not increasing, failed cnt: 95
[info] position not increasing, failed cnt: 96
[info] position not increasing, failed cnt: 97
[info] position not increasing, failed cnt: 98
[info] position not increasing, failed cnt: 99
[info] position not increasing, failed cnt: 100
[info] position not increasing, failed cnt: 101
[info] position not increasing, failed cnt: 102
[info] position not increasing, failed cnt: 103
[info] position not increasing, failed cnt: 104
[info] position not increasing, failed cnt: 105
[info] position not increasing, failed cnt: 106
[info] position not increasing, failed cnt: 107
[info] position not increasing, failed cnt: 108
[info] position not increasing, failed cnt: 109
[info] position not increasing, failed cnt: 110
[info] position not increasing, failed cnt: 111
[info] position not increasing, failed cnt: 112
[info] position not increasing, failed cnt: 113
[info] position not increasing, failed cnt: 114
[info] position not increasing, failed cnt: 115
[info] position not increasing, failed cnt: 116
[info] position not increasing, failed cnt: 117
[info] position not increasing, failed cnt: 118
[info] position not increasing, failed cnt: 119
[info] position not increasing, failed cnt: 120
[info] position not increasing, failed cnt: 121
[info] position not increasing, failed cnt: 122
[info] position not increasing, failed cnt: 123
[info] position not increasing, failed cnt: 124
[info] position not increasing, failed cnt: 125
[info] position not increasing, failed cnt: 126
[info] position not increasing, failed cnt: 127
[info] position not increasing, failed cnt: 128
[FATAL] model stuck, exiting ...
[info] position not increasing, failed cnt: 1
[info] position not increasing, failed cnt: 2
[info] position not increasing, failed cnt: 3
[info] position not increasing, failed cnt: 4
[info] position not increasing, failed cnt: 5
[info] position not increasing, failed cnt: 6
[info] position not increasing, failed cnt: 7
[info] position not increasing, failed cnt: 8
[info] position not increasing, failed cnt: 9
[info] position not increasing, failed cnt: 10
[info] position not increasing, failed cnt: 11
[info] position not increasing, failed cnt: 12
[info] position not increasing, failed cnt: 13
[info] position not increasing, failed cnt: 14
[info] position not increasing, failed cnt: 15
[info] position not increasing, failed cnt: 16
[info] position not increasing, failed cnt: 17
[info] position not increasing, failed cnt: 18
[info] position not increasing, failed cnt: 19
[info] position not increasing, failed cnt: 20
[info] position not increasing, failed cnt: 21
[info] position not increasing, failed cnt: 22
[info] position not increasing, failed cnt: 23
[info] position not increasing, failed cnt: 24
[info] position not increasing, failed cnt: 25
[info] position not increasing, failed cnt: 26
[info] position not increasing, failed cnt: 27
[info] position not increasing, failed cnt: 28
[info] position not increasing, failed cnt: 29
[info] position not increasing, failed cnt: 30
[info] position not increasing, failed cnt: 31
[info] position not increasing, failed cnt: 32
[info] position not increasing, failed cnt: 33
[info] position not increasing, failed cnt: 34
[info] position not increasing, failed cnt: 35
[info] position not increasing, failed cnt: 36
[info] position not increasing, failed cnt: 37
[info] position not increasing, failed cnt: 38
[info] position not increasing, failed cnt: 39
[info] position not increasing, failed cnt: 40
[info] position not increasing, failed cnt: 41
[info] position not increasing, failed cnt: 42
[info] position not increasing, failed cnt: 43
[info] position not increasing, failed cnt: 44
[info] position not increasing, failed cnt: 45
[info] position not increasing, failed cnt: 46
[info] position not increasing, failed cnt: 47
[info] position not increasing, failed cnt: 48
[info] position not increasing, failed cnt: 49
[info] position not increasing, failed cnt: 50
[info] position not increasing, failed cnt: 51
[info] position not increasing, failed cnt: 52
[info] position not increasing, failed cnt: 53
[info] position not increasing, failed cnt: 54
[info] position not increasing, failed cnt: 55
[info] position not increasing, failed cnt: 56
[info] position not increasing, failed cnt: 57
[info] position not increasing, failed cnt: 58
[info] position not increasing, failed cnt: 59
[info] position not increasing, failed cnt: 60
[info] position not increasing, failed cnt: 61
[info] position not increasing, failed cnt: 62
[info] position not increasing, failed cnt: 63
[info] position not increasing, failed cnt: 64
[info] position not increasing, failed cnt: 65
[info] position not increasing, failed cnt: 66
[info] position not increasing, failed cnt: 67
[info] position not increasing, failed cnt: 68
[info] position not increasing, failed cnt: 69
[info] position not increasing, failed cnt: 70
[info] position not increasing, failed cnt: 71
[info] position not increasing, failed cnt: 72
[info] position not increasing, failed cnt: 73
[info] position not increasing, failed cnt: 74
[info] position not increasing, failed cnt: 75
[info] position not increasing, failed cnt: 76
[info] position not increasing, failed cnt: 77
[info] position not increasing, failed cnt: 78
[info] position not increasing, failed cnt: 79
[info] position not increasing, failed cnt: 80
[info] position not increasing, failed cnt: 81
[info] position not increasing, failed cnt: 82
[info] position not increasing, failed cnt: 83
[info] position not increasing, failed cnt: 84
[info] position not increasing, failed cnt: 85
[info] position not increasing, failed cnt: 86
[info] position not increasing, failed cnt: 87
[info] position not increasing, failed cnt: 88
[info] position not increasing, failed cnt: 89
[info] position not increasing, failed cnt: 90
[info] position not increasing, failed cnt: 91
[info] position not increasing, failed cnt: 92
[info] position not increasing, failed cnt: 93
[info] position not increasing, failed cnt: 94
[info] position not increasing, failed cnt: 95
[info] position not increasing, failed cnt: 96
[info] position not increasing, failed cnt: 97
[info] position not increasing, failed cnt: 98
[info] position not increasing, failed cnt: 99
[info] position not increasing, failed cnt: 100
[info] position not increasing, failed cnt: 101
[info] position not increasing, failed cnt: 102
[info] position not increasing, failed cnt: 103
[info] position not increasing, failed cnt: 104
[info] position not increasing, failed cnt: 105
[info] position not increasing, failed cnt: 106
[info] position not increasing, failed cnt: 107
[info] position not increasing, failed cnt: 108
[info] position not increasing, failed cnt: 109
[info] position not increasing, failed cnt: 110
[info] position not increasing, failed cnt: 111
[info] position not increasing, failed cnt: 112
[info] position not increasing, failed cnt: 113
[info] position not increasing, failed cnt: 114
[info] position not increasing, failed cnt: 115
[info] position not increasing, failed cnt: 116
[info] position not increasing, failed cnt: 117
[info] position not increasing, failed cnt: 118
[info] position not increasing, failed cnt: 119
[info] position not increasing, failed cnt: 120
[info] position not increasing, failed cnt: 121
[info] position not increasing, failed cnt: 122
[info] position not increasing, failed cnt: 123
[info] position not increasing, failed cnt: 124
[info] position not increasing, failed cnt: 125
[info] position not increasing, failed cnt: 126
[info] position not increasing, failed cnt: 127
[info] position not increasing, failed cnt: 128
[FATAL] model stuck, exiting ...
[info] position not increasing, failed cnt: 1
[info] position not increasing, failed cnt: 2
[info] position not increasing, failed cnt: 3
[info] position not increasing, failed cnt: 4
[info] position not increasing, failed cnt: 5
[info] position not increasing, failed cnt: 6
[info] position not increasing, failed cnt: 7
[info] position not increasing, failed cnt: 8
[info] position not increasing, failed cnt: 9
[info] position not increasing, failed cnt: 10
[info] position not increasing, failed cnt: 11
[info] position not increasing, failed cnt: 12
[info] position not increasing, failed cnt: 13
[info] position not increasing, failed cnt: 14
[info] position not increasing, failed cnt: 15
[info] position not increasing, failed cnt: 16
[info] position not increasing, failed cnt: 17
[info] position not increasing, failed cnt: 18
[info] position not increasing, failed cnt: 1
[info] position not increasing, failed cnt: 2
[info] position not increasing, failed cnt: 3
[info] position not increasing, failed cnt: 4
[info] position not increasing, failed cnt: 5
[info] position not increasing, failed cnt: 6
[info] position not increasing, failed cnt: 7
[info] position not increasing, failed cnt: 8
[info] position not increasing, failed cnt: 9
[info] position not increasing, failed cnt: 10
[info] position not increasing, failed cnt: 11
[info] position not increasing, failed cnt: 12
[info] position not increasing, failed cnt: 13
[info] position not increasing, failed cnt: 14
[info] position not increasing, failed cnt: 15
[info] position not increasing, failed cnt: 16
[info] position not increasing, failed cnt: 17
[info] position not increasing, failed cnt: 18
[info] position not increasing, failed cnt: 19
[info] position not increasing, failed cnt: 20
[info] position not increasing, failed cnt: 21
[info] position not increasing, failed cnt: 22
[info] position not increasing, failed cnt: 23
[info] position not increasing, failed cnt: 24
[info] position not increasing, failed cnt: 25
[info] position not increasing, failed cnt: 26
[info] position not increasing, failed cnt: 27
[info] position not increasing, failed cnt: 28
[info] position not increasing, failed cnt: 29
[info] position not increasing, failed cnt: 30
[info] position not increasing, failed cnt: 31
[info] position not increasing, failed cnt: 32
[info] position not increasing, failed cnt: 33
[info] position not increasing, failed cnt: 34
[info] position not increasing, failed cnt: 35
[info] position not increasing, failed cnt: 36
[info] position not increasing, failed cnt: 37
[info] position not increasing, failed cnt: 38
[info] position not increasing, failed cnt: 39
[info] position not increasing, failed cnt: 40
[info] position not increasing, failed cnt: 41
[info] position not increasing, failed cnt: 42
[info] position not increasing, failed cnt: 43
[info] position not increasing, failed cnt: 44
[info] position not increasing, failed cnt: 45
[info] position not increasing, failed cnt: 46
[info] position not increasing, failed cnt: 47
[info] position not increasing, failed cnt: 48
[info] position not increasing, failed cnt: 49
[info] position not increasing, failed cnt: 50
[info] position not increasing, failed cnt: 51
[info] position not increasing, failed cnt: 52
[info] position not increasing, failed cnt: 53
[info] position not increasing, failed cnt: 54
[info] position not increasing, failed cnt: 55
[info] position not increasing, failed cnt: 56
[info] position not increasing, failed cnt: 57
[info] position not increasing, failed cnt: 58
[info] position not increasing, failed cnt: 59
[info] position not increasing, failed cnt: 60
[info] position not increasing, failed cnt: 61
[info] position not increasing, failed cnt: 62
[info] position not increasing, failed cnt: 63
[info] position not increasing, failed cnt: 64
[info] position not increasing, failed cnt: 65
[info] position not increasing, failed cnt: 66
[info] position not increasing, failed cnt: 67
[info] position not increasing, failed cnt: 68
[info] position not increasing, failed cnt: 69
[info] position not increasing, failed cnt: 70
[info] position not increasing, failed cnt: 71
[info] position not increasing, failed cnt: 72
[info] position not increasing, failed cnt: 73
[info] position not increasing, failed cnt: 74
[info] position not increasing, failed cnt: 75
[info] position not increasing, failed cnt: 76
[info] position not increasing, failed cnt: 77
[info] position not increasing, failed cnt: 78
[info] position not increasing, failed cnt: 79
[info] position not increasing, failed cnt: 80
[info] position not increasing, failed cnt: 81
[info] position not increasing, failed cnt: 82
[info] position not increasing, failed cnt: 83
[info] position not increasing, failed cnt: 84
[info] position not increasing, failed cnt: 85
[info] position not increasing, failed cnt: 86
[info] position not increasing, failed cnt: 87
[info] position not increasing, failed cnt: 88
[info] position not increasing, failed cnt: 89
[info] position not increasing, failed cnt: 90
[info] position not increasing, failed cnt: 91
[info] position not increasing, failed cnt: 92
[info] position not increasing, failed cnt: 93
[info] position not increasing, failed cnt: 94
[info] position not increasing, failed cnt: 95
[info] position not increasing, failed cnt: 96
[info] position not increasing, failed cnt: 97
[info] position not increasing, failed cnt: 98
[info] position not increasing, failed cnt: 99
[info] position not increasing, failed cnt: 100
[info] position not increasing, failed cnt: 101
[info] position not increasing, failed cnt: 102
[info] position not increasing, failed cnt: 103
[info] position not increasing, failed cnt: 104
[info] position not increasing, failed cnt: 105
[info] position not increasing, failed cnt: 106
[info] position not increasing, failed cnt: 107
[info] position not increasing, failed cnt: 108
[info] position not increasing, failed cnt: 109
[info] position not increasing, failed cnt: 110
[info] position not increasing, failed cnt: 111
[info] position not increasing, failed cnt: 112
[info] position not increasing, failed cnt: 113
[info] position not increasing, failed cnt: 114
[info] position not increasing, failed cnt: 115
[info] position not increasing, failed cnt: 116
[info] position not increasing, failed cnt: 117
[info] position not increasing, failed cnt: 118
[info] position not increasing, failed cnt: 119
[info] position not increasing, failed cnt: 120
[info] position not increasing, failed cnt: 121
[info] position not increasing, failed cnt: 122
[info] position not increasing, failed cnt: 123
[info] position not increasing, failed cnt: 124
[info] position not increasing, failed cnt: 125
[info] position not increasing, failed cnt: 126
[info] position not increasing, failed cnt: 127
[info] position not increasing, failed cnt: 128
[FATAL] model stuck, exiting ...
[info] error EOS occurs, failed eos: 1
[info] error EOS occurs, failed eos: 2
[info] error EOS occurs, failed eos: 3
[info] error EOS occurs, failed eos: 4
[info] error EOS occurs, failed eos: 5
[info] error EOS occurs, failed eos: 6
[info] error EOS occurs, failed eos: 7
[info] error EOS occurs, failed eos: 8
[info] error EOS occurs, failed eos: 9
[info] error EOS occurs, failed eos: 10
[info] error EOS occurs, failed eos: 11
[info] error EOS occurs, failed eos: 12
[info] error EOS occurs, failed eos: 13
[info] error EOS occurs, failed eos: 14
[info] error EOS occurs, failed eos: 15
[info] error EOS occurs, failed eos: 16
[info] error EOS occurs, failed eos: 17
[info] error EOS occurs, failed eos: 18
[info] error EOS occurs, failed eos: 19
[info] error EOS occurs, failed eos: 20
[info] error EOS occurs, failed eos: 21
[info] error EOS occurs, failed eos: 22
[info] error EOS occurs, failed eos: 23
[info] error EOS occurs, failed eos: 24
[info] error EOS occurs, failed eos: 25
[info] error EOS occurs, failed eos: 26
[info] error EOS occurs, failed eos: 27
[info] error EOS occurs, failed eos: 28
[info] error EOS occurs, failed eos: 29
[info] error EOS occurs, failed eos: 30
[info] error EOS occurs, failed eos: 31
[info] error EOS occurs, failed eos: 32
[info] error EOS occurs, failed eos: 33
[info] error EOS occurs, failed eos: 34
[info] error EOS occurs, failed eos: 35
[info] error EOS occurs, failed eos: 36
[info] error EOS occurs, failed eos: 37
[info] error EOS occurs, failed eos: 38
[info] error EOS occurs, failed eos: 39
[info] error EOS occurs, failed eos: 40
[info] error EOS occurs, failed eos: 41
[info] error EOS occurs, failed eos: 42
[info] error EOS occurs, failed eos: 43
[info] error EOS occurs, failed eos: 44
[info] error EOS occurs, failed eos: 45
[info] error EOS occurs, failed eos: 46
[info] error EOS occurs, failed eos: 47
[info] error EOS occurs, failed eos: 48
[info] error EOS occurs, failed eos: 49
[info] error EOS occurs, failed eos: 50
[info] error EOS occurs, failed eos: 51
[info] error EOS occurs, failed eos: 52
[info] error EOS occurs, failed eos: 53
[info] error EOS occurs, failed eos: 54
[info] error EOS occurs, failed eos: 55
[info] error EOS occurs, failed eos: 56
[info] error EOS occurs, failed eos: 57
[info] error EOS occurs, failed eos: 58
[info] error EOS occurs, failed eos: 59
[info] error EOS occurs, failed eos: 60
[info] error EOS occurs, failed eos: 61
[info] error EOS occurs, failed eos: 62
[info] error EOS occurs, failed eos: 63
[info] error EOS occurs, failed eos: 64
[info] error EOS occurs, failed eos: 65
[info] error EOS occurs, failed eos: 66
[info] error EOS occurs, failed eos: 67
[info] error EOS occurs, failed eos: 68
[info] error EOS occurs, failed eos: 69
[info] error EOS occurs, failed eos: 70
[info] error EOS occurs, failed eos: 71
[info] error EOS occurs, failed eos: 72
[info] error EOS occurs, failed eos: 73
[info] error EOS occurs, failed eos: 74
[info] error EOS occurs, failed eos: 75
[info] error EOS occurs, failed eos: 76
[info] error EOS occurs, failed eos: 77
[info] error EOS occurs, failed eos: 78
[info] error EOS occurs, failed eos: 79
[info] error EOS occurs, failed eos: 80
[info] error EOS occurs, failed eos: 81
[info] error EOS occurs, failed eos: 82
[info] error EOS occurs, failed eos: 83
[info] error EOS occurs, failed eos: 84
[info] error EOS occurs, failed eos: 85
[info] error EOS occurs, failed eos: 86
[info] error EOS occurs, failed eos: 87
[info] error EOS occurs, failed eos: 88
[info] error EOS occurs, failed eos: 89
[info] error EOS occurs, failed eos: 90
[info] error EOS occurs, failed eos: 91
[info] error EOS occurs, failed eos: 92
[info] error EOS occurs, failed eos: 93
[info] error EOS occurs, failed eos: 94
[info] error EOS occurs, failed eos: 95
[info] error EOS occurs, failed eos: 96
[info] error EOS occurs, failed eos: 97
[info] error EOS occurs, failed eos: 98
[info] error EOS occurs, failed eos: 99
[info] error EOS occurs, failed eos: 100
[info] error EOS occurs, failed eos: 101
[info] error EOS occurs, failed eos: 102
[info] error EOS occurs, failed eos: 103
[info] error EOS occurs, failed eos: 104
[info] error EOS occurs, failed eos: 105
[info] error EOS occurs, failed eos: 106
[info] error EOS occurs, failed eos: 107
[info] error EOS occurs, failed eos: 108
[info] error EOS occurs, failed eos: 109
[info] error EOS occurs, failed eos: 110
[info] error EOS occurs, failed eos: 111
[info] error EOS occurs, failed eos: 112
[info] error EOS occurs, failed eos: 113
[info] error EOS occurs, failed eos: 114
[info] error EOS occurs, failed eos: 115
[info] error EOS occurs, failed eos: 116
[info] error EOS occurs, failed eos: 117
[info] error EOS occurs, failed eos: 118
[info] error EOS occurs, failed eos: 119
[info] error EOS occurs, failed eos: 120
[info] error EOS occurs, failed eos: 121
[info] error EOS occurs, failed eos: 122
[info] error EOS occurs, failed eos: 123
[info] error EOS occurs, failed eos: 124
[info] error EOS occurs, failed eos: 125
[info] error EOS occurs, failed eos: 126
[info] error EOS occurs, failed eos: 127
[info] error EOS occurs, failed eos: 128
[FATAL] model stuck, eos error ...
[info] position not increasing, failed cnt: 1
[info] position not increasing, failed cnt: 2
[info] position not increasing, failed cnt: 3
[info] position not increasing, failed cnt: 4
[info] position not increasing, failed cnt: 5
[info] position not increasing, failed cnt: 6
[info] position not increasing, failed cnt: 7
[info] position not increasing, failed cnt: 8
[info] position not increasing, failed cnt: 9
[info] position not increasing, failed cnt: 10
[info] position not increasing, failed cnt: 11
[info] position not increasing, failed cnt: 12
[info] position not increasing, failed cnt: 13
[info] position not increasing, failed cnt: 14
[info] position not increasing, failed cnt: 15
[info] position not increasing, failed cnt: 16
[info] position not increasing, failed cnt: 17
[info] position not increasing, failed cnt: 18
[info] position not increasing, failed cnt: 19
[info] position not increasing, failed cnt: 20
[info] position not increasing, failed cnt: 21
[info] position not increasing, failed cnt: 22
[info] position not increasing, failed cnt: 23
[info] position not increasing, failed cnt: 24
[info] position not increasing, failed cnt: 25
[info] position not increasing, failed cnt: 26
[info] position not increasing, failed cnt: 27
[info] position not increasing, failed cnt: 28
[info] position not increasing, failed cnt: 29
[info] position not increasing, failed cnt: 30
[info] position not increasing, failed cnt: 31
[info] position not increasing, failed cnt: 32
[info] position not increasing, failed cnt: 33
[info] position not increasing, failed cnt: 34
[info] position not increasing, failed cnt: 35
[info] position not increasing, failed cnt: 36
[info] position not increasing, failed cnt: 37
[info] position not increasing, failed cnt: 38
[info] position not increasing, failed cnt: 39
[info] position not increasing, failed cnt: 40
[info] position not increasing, failed cnt: 41
[info] position not increasing, failed cnt: 42
[info] position not increasing, failed cnt: 43
[info] position not increasing, failed cnt: 44
[info] position not increasing, failed cnt: 45
[info] position not increasing, failed cnt: 46
[info] position not increasing, failed cnt: 47
[info] position not increasing, failed cnt: 48
[info] position not increasing, failed cnt: 49
[info] position not increasing, failed cnt: 50
[info] position not increasing, failed cnt: 51
[info] position not increasing, failed cnt: 52
[info] position not increasing, failed cnt: 53
[info] position not increasing, failed cnt: 54
[info] position not increasing, failed cnt: 55
[info] position not increasing, failed cnt: 56
[info] position not increasing, failed cnt: 57
[info] position not increasing, failed cnt: 58
[info] position not increasing, failed cnt: 59
[info] position not increasing, failed cnt: 60
[info] position not increasing, failed cnt: 61
[info] position not increasing, failed cnt: 62
[info] position not increasing, failed cnt: 63
[info] position not increasing, failed cnt: 64
[info] position not increasing, failed cnt: 65
[info] position not increasing, failed cnt: 66
[info] position not increasing, failed cnt: 67
[info] position not increasing, failed cnt: 68
[info] position not increasing, failed cnt: 69
[info] position not increasing, failed cnt: 70
[info] position not increasing, failed cnt: 71
[info] position not increasing, failed cnt: 72
[info] position not increasing, failed cnt: 73
[info] position not increasing, failed cnt: 74
[info] position not increasing, failed cnt: 75
[info] position not increasing, failed cnt: 76
[info] position not increasing, failed cnt: 77
[info] position not increasing, failed cnt: 78
[info] position not increasing, failed cnt: 79
[info] position not increasing, failed cnt: 80
[info] position not increasing, failed cnt: 81
[info] position not increasing, failed cnt: 82
[info] position not increasing, failed cnt: 83
[info] position not increasing, failed cnt: 84
[info] position not increasing, failed cnt: 85
[info] position not increasing, failed cnt: 86
[info] position not increasing, failed cnt: 87
[info] position not increasing, failed cnt: 88
[info] position not increasing, failed cnt: 89
[info] position not increasing, failed cnt: 90
[info] position not increasing, failed cnt: 91
[info] position not increasing, failed cnt: 92
[info] position not increasing, failed cnt: 93
[info] position not increasing, failed cnt: 94
[info] position not increasing, failed cnt: 95
[info] position not increasing, failed cnt: 96
[info] position not increasing, failed cnt: 97
[info] position not increasing, failed cnt: 98
[info] position not increasing, failed cnt: 99
[info] position not increasing, failed cnt: 100
[info] position not increasing, failed cnt: 101
[info] position not increasing, failed cnt: 102
[info] position not increasing, failed cnt: 103
[info] position not increasing, failed cnt: 104
[info] position not increasing, failed cnt: 105
[info] position not increasing, failed cnt: 106
[info] position not increasing, failed cnt: 107
[info] position not increasing, failed cnt: 108
[info] position not increasing, failed cnt: 109
[info] position not increasing, failed cnt: 110
[info] position not increasing, failed cnt: 111
[info] position not increasing, failed cnt: 112
[info] position not increasing, failed cnt: 113
[info] position not increasing, failed cnt: 114
[info] position not increasing, failed cnt: 115
[info] position not increasing, failed cnt: 116
[info] position not increasing, failed cnt: 117
[info] position not increasing, failed cnt: 118
[info] position not increasing, failed cnt: 119
[info] position not increasing, failed cnt: 120
[info] position not increasing, failed cnt: 121
[info] position not increasing, failed cnt: 122
[info] position not increasing, failed cnt: 123
[info] position not increasing, failed cnt: 124
[info] position not increasing, failed cnt: 125
[info] position not increasing, failed cnt: 126
[info] position not increasing, failed cnt: 127
[info] position not increasing, failed cnt: 128
[FATAL] model stuck, exiting ...
7omMiE6h9Js24Cr22A0Fbv orig S3 ok=False fail=generation_failed_5_attempts 51.7s
[info] position not increasing, failed cnt: 1
[info] position not increasing, failed cnt: 2
[info] position not increasing, failed cnt: 3
[info] position not increasing, failed cnt: 4
[info] position not increasing, failed cnt: 5
[info] position not increasing, failed cnt: 6
[info] position not increasing, failed cnt: 7
[info] position not increasing, failed cnt: 8
[info] position not increasing, failed cnt: 9
[info] position not increasing, failed cnt: 10
[info] position not increasing, failed cnt: 11
[info] position not increasing, failed cnt: 12
[info] position not increasing, failed cnt: 13
[info] position not increasing, failed cnt: 14
[info] position not increasing, failed cnt: 15
[info] position not increasing, failed cnt: 16
[info] position not increasing, failed cnt: 17
[info] position not increasing, failed cnt: 18
[info] position not increasing, failed cnt: 19
[info] position not increasing, failed cnt: 20
[info] position not increasing, failed cnt: 21
[info] position not increasing, failed cnt: 22
[info] position not increasing, failed cnt: 23
[info] position not increasing, failed cnt: 24
[info] position not increasing, failed cnt: 25
[info] position not increasing, failed cnt: 26
[info] position not increasing, failed cnt: 27
[info] position not increasing, failed cnt: 28
[info] position not increasing, failed cnt: 29
[info] position not increasing, failed cnt: 30
[info] position not increasing, failed cnt: 31
[info] position not increasing, failed cnt: 32
[info] position not increasing, failed cnt: 33
[info] position not increasing, failed cnt: 34
[info] position not increasing, failed cnt: 35
[info] position not increasing, failed cnt: 36
[info] position not increasing, failed cnt: 37
[info] position not increasing, failed cnt: 38
[info] position not increasing, failed cnt: 39
[info] position not increasing, failed cnt: 40
[info] position not increasing, failed cnt: 41
[info] position not increasing, failed cnt: 42
[info] position not increasing, failed cnt: 43
[info] position not increasing, failed cnt: 44
[info] position not increasing, failed cnt: 45
[info] position not increasing, failed cnt: 46
[info] position not increasing, failed cnt: 47
[info] position not increasing, failed cnt: 48
[info] position not increasing, failed cnt: 49
[info] position not increasing, failed cnt: 50
[info] position not increasing, failed cnt: 51
[info] position not increasing, failed cnt: 52
[info] position not increasing, failed cnt: 53
[info] position not increasing, failed cnt: 54
[info] position not increasing, failed cnt: 55
[info] position not increasing, failed cnt: 56
[info] position not increasing, failed cnt: 57
[info] position not increasing, failed cnt: 58
[info] position not increasing, failed cnt: 59
[info] position not increasing, failed cnt: 60
[info] position not increasing, failed cnt: 61
[info] position not increasing, failed cnt: 62
[info] position not increasing, failed cnt: 63
[info] position not increasing, failed cnt: 64
[info] position not increasing, failed cnt: 65
[info] position not increasing, failed cnt: 66
[info] position not increasing, failed cnt: 67
[info] position not increasing, failed cnt: 68
[info] position not increasing, failed cnt: 69
[info] position not increasing, failed cnt: 70
[info] position not increasing, failed cnt: 71
[info] position not increasing, failed cnt: 72
[info] position not increasing, failed cnt: 73
[info] position not increasing, failed cnt: 74
[info] position not increasing, failed cnt: 75
[info] position not increasing, failed cnt: 76
[info] position not increasing, failed cnt: 77
[info] position not increasing, failed cnt: 78
[info] position not increasing, failed cnt: 79
[info] position not increasing, failed cnt: 80
[info] position not increasing, failed cnt: 81
[info] position not increasing, failed cnt: 82
[info] position not increasing, failed cnt: 83
[info] position not increasing, failed cnt: 84
[info] position not increasing, failed cnt: 85
[info] position not increasing, failed cnt: 86
[info] position not increasing, failed cnt: 87
[info] position not increasing, failed cnt: 88
[info] position not increasing, failed cnt: 89
[info] position not increasing, failed cnt: 90
[info] position not increasing, failed cnt: 91
[info] position not increasing, failed cnt: 92
[info] position not increasing, failed cnt: 93
[info] position not increasing, failed cnt: 94
[info] position not increasing, failed cnt: 95
[info] position not increasing, failed cnt: 96
[info] position not increasing, failed cnt: 97
[info] position not increasing, failed cnt: 98
[info] position not increasing, failed cnt: 99
[info] position not increasing, failed cnt: 100
[info] position not increasing, failed cnt: 101
[info] position not increasing, failed cnt: 102
[info] position not increasing, failed cnt: 103
[info] position not increasing, failed cnt: 104
[info] position not increasing, failed cnt: 105
[info] position not increasing, failed cnt: 106
[info] position not increasing, failed cnt: 107
[info] position not increasing, failed cnt: 108
[info] position not increasing, failed cnt: 109
[info] position not increasing, failed cnt: 110
[info] position not increasing, failed cnt: 111
[info] position not increasing, failed cnt: 112
[info] position not increasing, failed cnt: 113
[info] position not increasing, failed cnt: 114
[info] position not increasing, failed cnt: 115
[info] position not increasing, failed cnt: 116
[info] position not increasing, failed cnt: 117
[info] position not increasing, failed cnt: 118
[info] position not increasing, failed cnt: 119
[info] position not increasing, failed cnt: 120
[info] position not increasing, failed cnt: 121
[info] position not increasing, failed cnt: 122
[info] position not increasing, failed cnt: 123
[info] position not increasing, failed cnt: 124
[info] position not increasing, failed cnt: 125
[info] position not increasing, failed cnt: 126
[info] position not increasing, failed cnt: 127
[info] position not increasing, failed cnt: 128
[FATAL] model stuck, exiting ...
[info] position not increasing, failed cnt: 1
[info] position not increasing, failed cnt: 2
[info] position not increasing, failed cnt: 3
[info] position not increasing, failed cnt: 4
[info] position not increasing, failed cnt: 1
[info] position not increasing, failed cnt: 2
[info] position not increasing, failed cnt: 3
[info] position not increasing, failed cnt: 4
[info] position not increasing, failed cnt: 5
[info] position not increasing, failed cnt: 6
[info] position not increasing, failed cnt: 7
[info] position not increasing, failed cnt: 8
[info] position not increasing, failed cnt: 9
[info] position not increasing, failed cnt: 10
[info] position not increasing, failed cnt: 11
[info] position not increasing, failed cnt: 12
[info] position not increasing, failed cnt: 13
[info] position not increasing, failed cnt: 14
[info] position not increasing, failed cnt: 15
[info] position not increasing, failed cnt: 16
[info] position not increasing, failed cnt: 17
[info] position not increasing, failed cnt: 18
[info] position not increasing, failed cnt: 19
[info] position not increasing, failed cnt: 20
[info] position not increasing, failed cnt: 21
[info] position not increasing, failed cnt: 22
[info] position not increasing, failed cnt: 23
[info] position not increasing, failed cnt: 24
[info] position not increasing, failed cnt: 25
[info] position not increasing, failed cnt: 26
[info] position not increasing, failed cnt: 27
[info] position not increasing, failed cnt: 28
[info] position not increasing, failed cnt: 29
[info] position not increasing, failed cnt: 30
[info] position not increasing, failed cnt: 31
[info] position not increasing, failed cnt: 32
[info] position not increasing, failed cnt: 33
[info] position not increasing, failed cnt: 34
[info] position not increasing, failed cnt: 35
[info] position not increasing, failed cnt: 36
[info] position not increasing, failed cnt: 37
[info] position not increasing, failed cnt: 38
[info] position not increasing, failed cnt: 39
[info] position not increasing, failed cnt: 40
[info] position not increasing, failed cnt: 41
[info] position not increasing, failed cnt: 42
[info] position not increasing, failed cnt: 43
[info] position not increasing, failed cnt: 44
[info] position not increasing, failed cnt: 45
[info] position not increasing, failed cnt: 46
[info] position not increasing, failed cnt: 47
[info] position not increasing, failed cnt: 48
[info] position not increasing, failed cnt: 49
[info] position not increasing, failed cnt: 50
[info] position not increasing, failed cnt: 51
[info] position not increasing, failed cnt: 52
[info] position not increasing, failed cnt: 53
[info] position not increasing, failed cnt: 54
[info] position not increasing, failed cnt: 55
[info] position not increasing, failed cnt: 56
[info] position not increasing, failed cnt: 57
[info] position not increasing, failed cnt: 58
[info] position not increasing, failed cnt: 59
[info] position not increasing, failed cnt: 60
[info] position not increasing, failed cnt: 61
[info] position not increasing, failed cnt: 62
[info] position not increasing, failed cnt: 63
[info] position not increasing, failed cnt: 64
[info] position not increasing, failed cnt: 65
[info] position not increasing, failed cnt: 66
[info] position not increasing, failed cnt: 67
[info] position not increasing, failed cnt: 68
[info] position not increasing, failed cnt: 69
[info] position not increasing, failed cnt: 70
[info] position not increasing, failed cnt: 71
[info] position not increasing, failed cnt: 72
[info] position not increasing, failed cnt: 73
[info] position not increasing, failed cnt: 74
[info] position not increasing, failed cnt: 75
[info] position not increasing, failed cnt: 76
[info] position not increasing, failed cnt: 77
[info] position not increasing, failed cnt: 78
[info] position not increasing, failed cnt: 79
[info] position not increasing, failed cnt: 80
[info] position not increasing, failed cnt: 81
[info] position not increasing, failed cnt: 82
[info] position not increasing, failed cnt: 83
[info] position not increasing, failed cnt: 84
[info] position not increasing, failed cnt: 85
[info] position not increasing, failed cnt: 86
[info] position not increasing, failed cnt: 87
[info] position not increasing, failed cnt: 88
[info] position not increasing, failed cnt: 89
[info] position not increasing, failed cnt: 90
[info] position not increasing, failed cnt: 91
[info] position not increasing, failed cnt: 92
[info] position not increasing, failed cnt: 93
[info] position not increasing, failed cnt: 94
[info] position not increasing, failed cnt: 95
[info] position not increasing, failed cnt: 96
[info] position not increasing, failed cnt: 97
[info] position not increasing, failed cnt: 98
[info] position not increasing, failed cnt: 99
[info] position not increasing, failed cnt: 100
[info] position not increasing, failed cnt: 101
[info] position not increasing, failed cnt: 102
[info] position not increasing, failed cnt: 103
[info] position not increasing, failed cnt: 104
[info] position not increasing, failed cnt: 105
[info] position not increasing, failed cnt: 106
[info] position not increasing, failed cnt: 107
[info] position not increasing, failed cnt: 108
[info] position not increasing, failed cnt: 109
[info] position not increasing, failed cnt: 110
[info] position not increasing, failed cnt: 111
[info] position not increasing, failed cnt: 112
[info] position not increasing, failed cnt: 113
[info] position not increasing, failed cnt: 114
[info] position not increasing, failed cnt: 115
[info] position not increasing, failed cnt: 116
[info] position not increasing, failed cnt: 117
[info] position not increasing, failed cnt: 118
[info] position not increasing, failed cnt: 119
[info] position not increasing, failed cnt: 120
[info] position not increasing, failed cnt: 121
[info] position not increasing, failed cnt: 122
[info] position not increasing, failed cnt: 123
[info] position not increasing, failed cnt: 124
[info] position not increasing, failed cnt: 125
[info] position not increasing, failed cnt: 126
[info] position not increasing, failed cnt: 127
[info] position not increasing, failed cnt: 128
[FATAL] model stuck, exiting ...
[info] position not increasing, failed cnt: 1
[info] position not increasing, failed cnt: 2
[info] position not increasing, failed cnt: 1
[info] position not increasing, failed cnt: 2
[info] position not increasing, failed cnt: 3
[info] position not increasing, failed cnt: 4
[info] position not increasing, failed cnt: 5
[info] position not increasing, failed cnt: 6
[info] position not increasing, failed cnt: 7
[info] position not increasing, failed cnt: 8
[info] position not increasing, failed cnt: 9
[info] position not increasing, failed cnt: 10
[info] position not increasing, failed cnt: 11
[info] position not increasing, failed cnt: 12
[info] position not increasing, failed cnt: 13
[info] position not increasing, failed cnt: 14
[info] position not increasing, failed cnt: 15
[info] position not increasing, failed cnt: 16
[info] position not increasing, failed cnt: 17
[info] position not increasing, failed cnt: 18
[info] position not increasing, failed cnt: 19
[info] position not increasing, failed cnt: 20
[info] position not increasing, failed cnt: 21
[info] position not increasing, failed cnt: 22
[info] position not increasing, failed cnt: 23
[info] position not increasing, failed cnt: 24
[info] position not increasing, failed cnt: 25
[info] position not increasing, failed cnt: 26
[info] position not increasing, failed cnt: 27
[info] position not increasing, failed cnt: 28
[info] position not increasing, failed cnt: 29
[info] position not increasing, failed cnt: 30
[info] position not increasing, failed cnt: 31
[info] position not increasing, failed cnt: 32
[info] position not increasing, failed cnt: 33
[info] position not increasing, failed cnt: 34
[info] position not increasing, failed cnt: 35
[info] position not increasing, failed cnt: 36
[info] position not increasing, failed cnt: 37
[info] position not increasing, failed cnt: 38
[info] position not increasing, failed cnt: 39
[info] position not increasing, failed cnt: 40
[info] position not increasing, failed cnt: 41
[info] position not increasing, failed cnt: 42
[info] position not increasing, failed cnt: 43
[info] position not increasing, failed cnt: 44
[info] position not increasing, failed cnt: 45
[info] position not increasing, failed cnt: 46
[info] position not increasing, failed cnt: 47
[info] position not increasing, failed cnt: 48
[info] position not increasing, failed cnt: 49
[info] position not increasing, failed cnt: 50
[info] position not increasing, failed cnt: 51
[info] position not increasing, failed cnt: 52
[info] position not increasing, failed cnt: 53
[info] position not increasing, failed cnt: 54
[info] position not increasing, failed cnt: 55
[info] position not increasing, failed cnt: 56
[info] position not increasing, failed cnt: 57
[info] position not increasing, failed cnt: 58
[info] position not increasing, failed cnt: 59
[info] position not increasing, failed cnt: 60
[info] position not increasing, failed cnt: 61
[info] position not increasing, failed cnt: 62
[info] position not increasing, failed cnt: 63
[info] position not increasing, failed cnt: 64
[info] position not increasing, failed cnt: 65
[info] position not increasing, failed cnt: 66
[info] position not increasing, failed cnt: 67
[info] position not increasing, failed cnt: 68
[info] position not increasing, failed cnt: 69
[info] position not increasing, failed cnt: 70
[info] position not increasing, failed cnt: 71
[info] position not increasing, failed cnt: 72
[info] position not increasing, failed cnt: 73
[info] position not increasing, failed cnt: 74
[info] position not increasing, failed cnt: 75
[info] position not increasing, failed cnt: 76
[info] position not increasing, failed cnt: 77
[info] position not increasing, failed cnt: 78
[info] position not increasing, failed cnt: 79
[info] position not increasing, failed cnt: 80
[info] position not increasing, failed cnt: 81
[info] position not increasing, failed cnt: 82
[info] position not increasing, failed cnt: 83
[info] position not increasing, failed cnt: 84
[info] position not increasing, failed cnt: 85
[info] position not increasing, failed cnt: 86
[info] position not increasing, failed cnt: 87
[info] position not increasing, failed cnt: 88
[info] position not increasing, failed cnt: 89
[info] position not increasing, failed cnt: 90
[info] position not increasing, failed cnt: 91
[info] position not increasing, failed cnt: 92
[info] position not increasing, failed cnt: 93
[info] position not increasing, failed cnt: 94
[info] position not increasing, failed cnt: 95
[info] position not increasing, failed cnt: 96
[info] position not increasing, failed cnt: 97
[info] position not increasing, failed cnt: 98
[info] position not increasing, failed cnt: 99
[info] position not increasing, failed cnt: 100
[info] position not increasing, failed cnt: 101
[info] position not increasing, failed cnt: 102
[info] position not increasing, failed cnt: 103
[info] position not increasing, failed cnt: 104
[info] position not increasing, failed cnt: 105
[info] position not increasing, failed cnt: 106
[info] position not increasing, failed cnt: 107
[info] position not increasing, failed cnt: 108
[info] position not increasing, failed cnt: 109
[info] position not increasing, failed cnt: 110
[info] position not increasing, failed cnt: 111
[info] position not increasing, failed cnt: 112
[info] position not increasing, failed cnt: 113
[info] position not increasing, failed cnt: 114
[info] position not increasing, failed cnt: 115
[info] position not increasing, failed cnt: 116
[info] position not increasing, failed cnt: 117
[info] position not increasing, failed cnt: 118
[info] position not increasing, failed cnt: 119
[info] position not increasing, failed cnt: 120
[info] position not increasing, failed cnt: 121
[info] position not increasing, failed cnt: 122
[info] position not increasing, failed cnt: 123
[info] position not increasing, failed cnt: 124
[info] position not increasing, failed cnt: 125
[info] position not increasing, failed cnt: 126
[info] position not increasing, failed cnt: 127
[info] position not increasing, failed cnt: 128
[FATAL] model stuck, exiting ...
[info] position not increasing, failed cnt: 1
[info] position not increasing, failed cnt: 1
[info] position not increasing, failed cnt: 2
[info] position not increasing, failed cnt: 3
[info] position not increasing, failed cnt: 4
[info] position not increasing, failed cnt: 5
[info] position not increasing, failed cnt: 6
[info] position not increasing, failed cnt: 7
[info] position not increasing, failed cnt: 8
[info] position not increasing, failed cnt: 9
[info] position not increasing, failed cnt: 10
[info] position not increasing, failed cnt: 11
[info] position not increasing, failed cnt: 12
[info] position not increasing, failed cnt: 13
[info] position not increasing, failed cnt: 14
[info] position not increasing, failed cnt: 15
[info] position not increasing, failed cnt: 16
[info] position not increasing, failed cnt: 17
[info] position not increasing, failed cnt: 18
[info] position not increasing, failed cnt: 19
[info] position not increasing, failed cnt: 20
[info] position not increasing, failed cnt: 21
[info] position not increasing, failed cnt: 22
[info] position not increasing, failed cnt: 23
[info] position not increasing, failed cnt: 24
[info] position not increasing, failed cnt: 25
[info] position not increasing, failed cnt: 26
[info] position not increasing, failed cnt: 27
[info] position not increasing, failed cnt: 28
[info] position not increasing, failed cnt: 29
[info] position not increasing, failed cnt: 30
[info] position not increasing, failed cnt: 31
[info] position not increasing, failed cnt: 32
[info] position not increasing, failed cnt: 33
[info] position not increasing, failed cnt: 34
[info] position not increasing, failed cnt: 35
[info] position not increasing, failed cnt: 36
[info] position not increasing, failed cnt: 37
[info] position not increasing, failed cnt: 38
[info] position not increasing, failed cnt: 39
[info] position not increasing, failed cnt: 40
[info] position not increasing, failed cnt: 41
[info] position not increasing, failed cnt: 42
[info] position not increasing, failed cnt: 43
[info] position not increasing, failed cnt: 44
[info] position not increasing, failed cnt: 45
[info] position not increasing, failed cnt: 46
[info] position not increasing, failed cnt: 47
[info] position not increasing, failed cnt: 48
[info] position not increasing, failed cnt: 49
[info] position not increasing, failed cnt: 50
[info] position not increasing, failed cnt: 51
[info] position not increasing, failed cnt: 52
[info] position not increasing, failed cnt: 53
[info] position not increasing, failed cnt: 54
[info] position not increasing, failed cnt: 55
[info] position not increasing, failed cnt: 56
[info] position not increasing, failed cnt: 57
[info] position not increasing, failed cnt: 58
[info] position not increasing, failed cnt: 59
[info] position not increasing, failed cnt: 60
[info] position not increasing, failed cnt: 61
[info] position not increasing, failed cnt: 62
[info] position not increasing, failed cnt: 63
[info] position not increasing, failed cnt: 64
[info] position not increasing, failed cnt: 65
[info] position not increasing, failed cnt: 66
[info] position not increasing, failed cnt: 67
[info] position not increasing, failed cnt: 68
[info] position not increasing, failed cnt: 69
[info] position not increasing, failed cnt: 70
[info] position not increasing, failed cnt: 71
[info] position not increasing, failed cnt: 72
[info] position not increasing, failed cnt: 73
[info] position not increasing, failed cnt: 74
[info] position not increasing, failed cnt: 75
[info] position not increasing, failed cnt: 76
[info] position not increasing, failed cnt: 77
[info] position not increasing, failed cnt: 78
[info] position not increasing, failed cnt: 79
[info] position not increasing, failed cnt: 80
[info] position not increasing, failed cnt: 81
[info] position not increasing, failed cnt: 82
[info] position not increasing, failed cnt: 83
[info] position not increasing, failed cnt: 84
[info] position not increasing, failed cnt: 85
[info] position not increasing, failed cnt: 86
[info] position not increasing, failed cnt: 87
[info] position not increasing, failed cnt: 88
[info] position not increasing, failed cnt: 89
[info] position not increasing, failed cnt: 90
[info] position not increasing, failed cnt: 91
[info] position not increasing, failed cnt: 92
[info] position not increasing, failed cnt: 93
[info] position not increasing, failed cnt: 94
[info] position not increasing, failed cnt: 95
[info] position not increasing, failed cnt: 96
[info] position not increasing, failed cnt: 97
[info] position not increasing, failed cnt: 98
[info] position not increasing, failed cnt: 99
[info] position not increasing, failed cnt: 100
[info] position not increasing, failed cnt: 101
[info] position not increasing, failed cnt: 102
[info] position not increasing, failed cnt: 103
[info] position not increasing, failed cnt: 104
[info] position not increasing, failed cnt: 105
[info] position not increasing, failed cnt: 106
[info] position not increasing, failed cnt: 107
[info] position not increasing, failed cnt: 108
[info] position not increasing, failed cnt: 109
[info] position not increasing, failed cnt: 110
[info] position not increasing, failed cnt: 111
[info] position not increasing, failed cnt: 112
[info] position not increasing, failed cnt: 113
[info] position not increasing, failed cnt: 114
[info] position not increasing, failed cnt: 115
[info] position not increasing, failed cnt: 116
[info] position not increasing, failed cnt: 117
[info] position not increasing, failed cnt: 118
[info] position not increasing, failed cnt: 119
[info] position not increasing, failed cnt: 120
[info] position not increasing, failed cnt: 121
[info] position not increasing, failed cnt: 122
[info] position not increasing, failed cnt: 123
[info] position not increasing, failed cnt: 124
[info] position not increasing, failed cnt: 125
[info] position not increasing, failed cnt: 126
[info] position not increasing, failed cnt: 127
[info] position not increasing, failed cnt: 128
[FATAL] model stuck, exiting ...
[info] position not increasing, failed cnt: 1
[info] position not increasing, failed cnt: 1
[info] position not increasing, failed cnt: 2
[info] position not increasing, failed cnt: 3
[info] position not increasing, failed cnt: 4
[info] position not increasing, failed cnt: 1
[info] position not increasing, failed cnt: 2
[info] position not increasing, failed cnt: 3
[info] position not increasing, failed cnt: 4
[info] position not increasing, failed cnt: 5
[info] position not increasing, failed cnt: 6
[info] position not increasing, failed cnt: 7
[info] position not increasing, failed cnt: 8
[info] position not increasing, failed cnt: 9
[info] position not increasing, failed cnt: 10
[info] position not increasing, failed cnt: 11
[info] position not increasing, failed cnt: 12
[info] position not increasing, failed cnt: 13
[info] position not increasing, failed cnt: 14
[info] position not increasing, failed cnt: 15
[info] position not increasing, failed cnt: 16
[info] position not increasing, failed cnt: 17
[info] position not increasing, failed cnt: 18
[info] position not increasing, failed cnt: 19
[info] position not increasing, failed cnt: 20
[info] position not increasing, failed cnt: 21
[info] position not increasing, failed cnt: 22
[info] position not increasing, failed cnt: 23
[info] position not increasing, failed cnt: 24
[info] position not increasing, failed cnt: 25
[info] position not increasing, failed cnt: 26
[info] position not increasing, failed cnt: 27
[info] position not increasing, failed cnt: 28
[info] position not increasing, failed cnt: 29
[info] position not increasing, failed cnt: 30
[info] position not increasing, failed cnt: 31
[info] position not increasing, failed cnt: 32
[info] position not increasing, failed cnt: 33
[info] position not increasing, failed cnt: 34
[info] position not increasing, failed cnt: 35
[info] position not increasing, failed cnt: 36
[info] position not increasing, failed cnt: 37
[info] position not increasing, failed cnt: 38
[info] position not increasing, failed cnt: 39
[info] position not increasing, failed cnt: 40
[info] position not increasing, failed cnt: 41
[info] position not increasing, failed cnt: 42
[info] position not increasing, failed cnt: 43
[info] position not increasing, failed cnt: 44
[info] position not increasing, failed cnt: 45
[info] position not increasing, failed cnt: 46
[info] position not increasing, failed cnt: 47
[info] position not increasing, failed cnt: 48
[info] position not increasing, failed cnt: 49
[info] position not increasing, failed cnt: 50
[info] position not increasing, failed cnt: 51
[info] position not increasing, failed cnt: 52
[info] position not increasing, failed cnt: 53
[info] position not increasing, failed cnt: 54
[info] position not increasing, failed cnt: 55
[info] position not increasing, failed cnt: 56
[info] position not increasing, failed cnt: 57
[info] position not increasing, failed cnt: 58
[info] position not increasing, failed cnt: 59
[info] position not increasing, failed cnt: 60
[info] position not increasing, failed cnt: 61
[info] position not increasing, failed cnt: 62
[info] position not increasing, failed cnt: 63
[info] position not increasing, failed cnt: 64
[info] position not increasing, failed cnt: 65
[info] position not increasing, failed cnt: 66
[info] position not increasing, failed cnt: 67
[info] position not increasing, failed cnt: 68
[info] position not increasing, failed cnt: 69
[info] position not increasing, failed cnt: 70
[info] position not increasing, failed cnt: 71
[info] position not increasing, failed cnt: 72
[info] position not increasing, failed cnt: 73
[info] position not increasing, failed cnt: 74
[info] position not increasing, failed cnt: 75
[info] position not increasing, failed cnt: 76
[info] position not increasing, failed cnt: 77
[info] position not increasing, failed cnt: 78
[info] position not increasing, failed cnt: 79
[info] position not increasing, failed cnt: 80
[info] position not increasing, failed cnt: 81
[info] position not increasing, failed cnt: 82
[info] position not increasing, failed cnt: 83
[info] position not increasing, failed cnt: 84
[info] position not increasing, failed cnt: 85
[info] position not increasing, failed cnt: 86
[info] position not increasing, failed cnt: 87
[info] position not increasing, failed cnt: 88
[info] position not increasing, failed cnt: 89
[info] position not increasing, failed cnt: 90
[info] position not increasing, failed cnt: 91
[info] position not increasing, failed cnt: 92
[info] position not increasing, failed cnt: 93
[info] position not increasing, failed cnt: 94
[info] position not increasing, failed cnt: 95
[info] position not increasing, failed cnt: 96
[info] position not increasing, failed cnt: 97
[info] position not increasing, failed cnt: 98
[info] position not increasing, failed cnt: 99
[info] position not increasing, failed cnt: 100
[info] position not increasing, failed cnt: 101
[info] position not increasing, failed cnt: 102
[info] position not increasing, failed cnt: 103
[info] position not increasing, failed cnt: 104
[info] position not increasing, failed cnt: 105
[info] position not increasing, failed cnt: 106
[info] position not increasing, failed cnt: 107
[info] position not increasing, failed cnt: 108
[info] position not increasing, failed cnt: 109
[info] position not increasing, failed cnt: 110
[info] position not increasing, failed cnt: 111
[info] position not increasing, failed cnt: 112
[info] position not increasing, failed cnt: 113
[info] position not increasing, failed cnt: 114
[info] position not increasing, failed cnt: 115
[info] position not increasing, failed cnt: 116
[info] position not increasing, failed cnt: 117
[info] position not increasing, failed cnt: 118
[info] position not increasing, failed cnt: 119
[info] position not increasing, failed cnt: 120
[info] position not increasing, failed cnt: 121
[info] position not increasing, failed cnt: 122
[info] position not increasing, failed cnt: 123
[info] position not increasing, failed cnt: 124
[info] position not increasing, failed cnt: 125
[info] position not increasing, failed cnt: 126
[info] position not increasing, failed cnt: 127
[info] position not increasing, failed cnt: 128
[FATAL] model stuck, exiting ...
7q5MNn6t2YpWawZvWDpAhv orig S3 ok=False fail=generation_failed_5_attempts 67.56s
[info] position not increasing, failed cnt: 1
[info] position not increasing, failed cnt: 2
[info] position not increasing, failed cnt: 1
[info] position not increasing, failed cnt: 1
[info] position not increasing, failed cnt: 2
[info] position not increasing, failed cnt: 1
[info] position not increasing, failed cnt: 2
[info] position not increasing, failed cnt: 3
[info] position not increasing, failed cnt: 4
[info] position not increasing, failed cnt: 5
[info] position not increasing, failed cnt: 6
[info] position not increasing, failed cnt: 7
[info] position not increasing, failed cnt: 8
[info] position not increasing, failed cnt: 9
[info] position not increasing, failed cnt: 10
[info] position not increasing, failed cnt: 11
[info] position not increasing, failed cnt: 12
[info] position not increasing, failed cnt: 13
[info] position not increasing, failed cnt: 14
[info] position not increasing, failed cnt: 15
[info] position not increasing, failed cnt: 16
[info] position not increasing, failed cnt: 17
[info] position not increasing, failed cnt: 18
[info] position not increasing, failed cnt: 19
[info] position not increasing, failed cnt: 20
[info] position not increasing, failed cnt: 21
[info] position not increasing, failed cnt: 22
[info] position not increasing, failed cnt: 23
[info] position not increasing, failed cnt: 24
[info] position not increasing, failed cnt: 25
[info] position not increasing, failed cnt: 26
[info] position not increasing, failed cnt: 27
[info] position not increasing, failed cnt: 28
[info] position not increasing, failed cnt: 29
[info] position not increasing, failed cnt: 30
[info] position not increasing, failed cnt: 31
[info] position not increasing, failed cnt: 32
[info] position not increasing, failed cnt: 33
[info] position not increasing, failed cnt: 34
[info] position not increasing, failed cnt: 35
[info] position not increasing, failed cnt: 36
[info] position not increasing, failed cnt: 37
[info] position not increasing, failed cnt: 38
[info] position not increasing, failed cnt: 39
[info] position not increasing, failed cnt: 40
[info] position not increasing, failed cnt: 41
[info] position not increasing, failed cnt: 42
[info] position not increasing, failed cnt: 43
[info] position not increasing, failed cnt: 44
[info] position not increasing, failed cnt: 45
[info] position not increasing, failed cnt: 46
[info] position not increasing, failed cnt: 47
[info] position not increasing, failed cnt: 48
[info] position not increasing, failed cnt: 49
[info] position not increasing, failed cnt: 50
[info] position not increasing, failed cnt: 51
[info] position not increasing, failed cnt: 52
[info] position not increasing, failed cnt: 53
[info] position not increasing, failed cnt: 54
[info] position not increasing, failed cnt: 55
[info] position not increasing, failed cnt: 56
[info] position not increasing, failed cnt: 57
[info] position not increasing, failed cnt: 58
[info] position not increasing, failed cnt: 59
[info] position not increasing, failed cnt: 60
[info] position not increasing, failed cnt: 61
[info] position not increasing, failed cnt: 62
[info] position not increasing, failed cnt: 63
[info] position not increasing, failed cnt: 64
[info] position not increasing, failed cnt: 65
[info] position not increasing, failed cnt: 66
[info] position not increasing, failed cnt: 67
[info] position not increasing, failed cnt: 68
[info] position not increasing, failed cnt: 69
[info] position not increasing, failed cnt: 70
[info] position not increasing, failed cnt: 71
[info] position not increasing, failed cnt: 72
[info] position not increasing, failed cnt: 73
[info] position not increasing, failed cnt: 74
[info] position not increasing, failed cnt: 75
[info] position not increasing, failed cnt: 76
[info] position not increasing, failed cnt: 77
[info] position not increasing, failed cnt: 78
[info] position not increasing, failed cnt: 79
[info] position not increasing, failed cnt: 80
[info] position not increasing, failed cnt: 81
[info] position not increasing, failed cnt: 82
[info] position not increasing, failed cnt: 83
[info] position not increasing, failed cnt: 84
[info] position not increasing, failed cnt: 85
[info] position not increasing, failed cnt: 86
[info] position not increasing, failed cnt: 87
[info] position not increasing, failed cnt: 88
[info] position not increasing, failed cnt: 89
[info] position not increasing, failed cnt: 90
[info] position not increasing, failed cnt: 91
[info] position not increasing, failed cnt: 92
[info] position not increasing, failed cnt: 93
[info] position not increasing, failed cnt: 94
[info] position not increasing, failed cnt: 95
[info] position not increasing, failed cnt: 96
[info] position not increasing, failed cnt: 97
[info] position not increasing, failed cnt: 98
[info] position not increasing, failed cnt: 99
[info] position not increasing, failed cnt: 100
[info] position not increasing, failed cnt: 101
[info] position not increasing, failed cnt: 102
[info] position not increasing, failed cnt: 103
[info] position not increasing, failed cnt: 104
[info] position not increasing, failed cnt: 105
[info] position not increasing, failed cnt: 106
[info] position not increasing, failed cnt: 107
[info] position not increasing, failed cnt: 108
[info] position not increasing, failed cnt: 109
[info] position not increasing, failed cnt: 110
[info] position not increasing, failed cnt: 111
[info] position not increasing, failed cnt: 112
[info] position not increasing, failed cnt: 113
[info] position not increasing, failed cnt: 114
[info] position not increasing, failed cnt: 115
[info] position not increasing, failed cnt: 116
[info] position not increasing, failed cnt: 117
[info] position not increasing, failed cnt: 118
[info] position not increasing, failed cnt: 119
[info] position not increasing, failed cnt: 120
[info] position not increasing, failed cnt: 121
[info] position not increasing, failed cnt: 122
[info] position not increasing, failed cnt: 123
[info] position not increasing, failed cnt: 124
[info] position not increasing, failed cnt: 125
[info] position not increasing, failed cnt: 126
[info] position not increasing, failed cnt: 127
[info] position not increasing, failed cnt: 128
[FATAL] model stuck, exiting ...
-- generated events: 1223
-- time elapsed: 10.70 secs
7urNxXDmuL6xVKEOoEY41E orig S3 ok=True fail=None 24.27s
[info] position not increasing, failed cnt: 1
[info] position not increasing, failed cnt: 2
[info] position not increasing, failed cnt: 3
[info] position not increasing, failed cnt: 4
[info] position not increasing, failed cnt: 5
[info] position not increasing, failed cnt: 6
[info] position not increasing, failed cnt: 7
[info] position not increasing, failed cnt: 8
[info] position not increasing, failed cnt: 9
[info] position not increasing, failed cnt: 10
[info] position not increasing, failed cnt: 11
[info] position not increasing, failed cnt: 12
[info] position not increasing, failed cnt: 13
[info] position not increasing, failed cnt: 14
[info] position not increasing, failed cnt: 15
[info] position not increasing, failed cnt: 16
[info] position not increasing, failed cnt: 17
[info] position not increasing, failed cnt: 18
[info] position not increasing, failed cnt: 19
[info] position not increasing, failed cnt: 20
[info] position not increasing, failed cnt: 21
[info] position not increasing, failed cnt: 22
[info] position not increasing, failed cnt: 23
[info] position not increasing, failed cnt: 24
[info] position not increasing, failed cnt: 25
[info] position not increasing, failed cnt: 26
[info] position not increasing, failed cnt: 27
[info] position not increasing, failed cnt: 28
[info] position not increasing, failed cnt: 29
[info] position not increasing, failed cnt: 30
[info] position not increasing, failed cnt: 31
[info] position not increasing, failed cnt: 32
[info] position not increasing, failed cnt: 33
[info] position not increasing, failed cnt: 34
[info] position not increasing, failed cnt: 35
[info] position not increasing, failed cnt: 36
[info] position not increasing, failed cnt: 37
[info] position not increasing, failed cnt: 38
[info] position not increasing, failed cnt: 39
[info] position not increasing, failed cnt: 40
[info] position not increasing, failed cnt: 41
[info] position not increasing, failed cnt: 42
[info] position not increasing, failed cnt: 43
[info] position not increasing, failed cnt: 44
[info] position not increasing, failed cnt: 45
[info] position not increasing, failed cnt: 46
[info] position not increasing, failed cnt: 47
[info] position not increasing, failed cnt: 48
[info] position not increasing, failed cnt: 49
[info] position not increasing, failed cnt: 50
[info] position not increasing, failed cnt: 51
[info] position not increasing, failed cnt: 52
[info] position not increasing, failed cnt: 53
[info] position not increasing, failed cnt: 54
[info] position not increasing, failed cnt: 55
[info] position not increasing, failed cnt: 56
[info] position not increasing, failed cnt: 57
[info] position not increasing, failed cnt: 58
[info] position not increasing, failed cnt: 59
[info] position not increasing, failed cnt: 60
[info] position not increasing, failed cnt: 61
[info] position not increasing, failed cnt: 62
[info] position not increasing, failed cnt: 63
[info] position not increasing, failed cnt: 64
[info] position not increasing, failed cnt: 65
[info] position not increasing, failed cnt: 66
[info] position not increasing, failed cnt: 67
[info] position not increasing, failed cnt: 68
[info] position not increasing, failed cnt: 69
[info] position not increasing, failed cnt: 70
[info] position not increasing, failed cnt: 71
[info] position not increasing, failed cnt: 72
[info] position not increasing, failed cnt: 73
[info] position not increasing, failed cnt: 74
[info] position not increasing, failed cnt: 75
[info] position not increasing, failed cnt: 76
[info] position not increasing, failed cnt: 77
[info] position not increasing, failed cnt: 78
[info] position not increasing, failed cnt: 79
[info] position not increasing, failed cnt: 80
[info] position not increasing, failed cnt: 81
[info] position not increasing, failed cnt: 82
[info] position not increasing, failed cnt: 83
[info] position not increasing, failed cnt: 84
[info] position not increasing, failed cnt: 85
[info] position not increasing, failed cnt: 86
[info] position not increasing, failed cnt: 87
[info] position not increasing, failed cnt: 88
[info] position not increasing, failed cnt: 89
[info] position not increasing, failed cnt: 90
[info] position not increasing, failed cnt: 91
[info] position not increasing, failed cnt: 92
[info] position not increasing, failed cnt: 93
[info] position not increasing, failed cnt: 94
[info] position not increasing, failed cnt: 95
[info] position not increasing, failed cnt: 96
[info] position not increasing, failed cnt: 97
[info] position not increasing, failed cnt: 98
[info] position not increasing, failed cnt: 99
[info] position not increasing, failed cnt: 100
[info] position not increasing, failed cnt: 101
[info] position not increasing, failed cnt: 102
[info] position not increasing, failed cnt: 103
[info] position not increasing, failed cnt: 104
[info] position not increasing, failed cnt: 105
[info] position not increasing, failed cnt: 106
[info] position not increasing, failed cnt: 107
[info] position not increasing, failed cnt: 108
[info] position not increasing, failed cnt: 109
[info] position not increasing, failed cnt: 110
[info] position not increasing, failed cnt: 111
[info] position not increasing, failed cnt: 112
[info] position not increasing, failed cnt: 113
[info] position not increasing, failed cnt: 114
[info] position not increasing, failed cnt: 115
[info] position not increasing, failed cnt: 116
[info] position not increasing, failed cnt: 117
[info] position not increasing, failed cnt: 118
[info] position not increasing, failed cnt: 119
[info] position not increasing, failed cnt: 120
[info] position not increasing, failed cnt: 121
[info] position not increasing, failed cnt: 122
[info] position not increasing, failed cnt: 123
[info] position not increasing, failed cnt: 124
[info] position not increasing, failed cnt: 125
[info] position not increasing, failed cnt: 126
[info] position not increasing, failed cnt: 127
[info] position not increasing, failed cnt: 128
[FATAL] model stuck, exiting ...
[info] position not increasing, failed cnt: 1
[info] position not increasing, failed cnt: 2
[info] position not increasing, failed cnt: 3
[info] position not increasing, failed cnt: 4
[info] position not increasing, failed cnt: 5
[info] position not increasing, failed cnt: 1
[info] position not increasing, failed cnt: 2
[info] position not increasing, failed cnt: 3
[info] position not increasing, failed cnt: 4
[info] position not increasing, failed cnt: 5
[info] position not increasing, failed cnt: 6
[info] position not increasing, failed cnt: 7
[info] position not increasing, failed cnt: 8
[info] position not increasing, failed cnt: 9
[info] position not increasing, failed cnt: 10
[info] position not increasing, failed cnt: 11
[info] position not increasing, failed cnt: 12
[info] position not increasing, failed cnt: 13
[info] position not increasing, failed cnt: 14
[info] position not increasing, failed cnt: 15
[info] position not increasing, failed cnt: 16
[info] position not increasing, failed cnt: 17
[info] position not increasing, failed cnt: 18
[info] position not increasing, failed cnt: 19
[info] position not increasing, failed cnt: 20
[info] position not increasing, failed cnt: 21
[info] position not increasing, failed cnt: 22
[info] position not increasing, failed cnt: 23
[info] position not increasing, failed cnt: 24
[info] position not increasing, failed cnt: 25
[info] position not increasing, failed cnt: 26
[info] position not increasing, failed cnt: 27
[info] position not increasing, failed cnt: 28
[info] position not increasing, failed cnt: 29
[info] position not increasing, failed cnt: 30
[info] position not increasing, failed cnt: 31
[info] position not increasing, failed cnt: 32
[info] position not increasing, failed cnt: 33
[info] position not increasing, failed cnt: 34
[info] position not increasing, failed cnt: 35
[info] position not increasing, failed cnt: 36
[info] position not increasing, failed cnt: 37
[info] position not increasing, failed cnt: 38
[info] position not increasing, failed cnt: 39
[info] position not increasing, failed cnt: 40
[info] position not increasing, failed cnt: 41
[info] position not increasing, failed cnt: 42
[info] position not increasing, failed cnt: 43
[info] position not increasing, failed cnt: 44
[info] position not increasing, failed cnt: 45
[info] position not increasing, failed cnt: 46
[info] position not increasing, failed cnt: 47
[info] position not increasing, failed cnt: 48
[info] position not increasing, failed cnt: 49
[info] position not increasing, failed cnt: 50
[info] position not increasing, failed cnt: 51
[info] position not increasing, failed cnt: 52
[info] position not increasing, failed cnt: 53
[info] position not increasing, failed cnt: 54
[info] position not increasing, failed cnt: 55
[info] position not increasing, failed cnt: 56
[info] position not increasing, failed cnt: 57
[info] position not increasing, failed cnt: 58
[info] position not increasing, failed cnt: 59
[info] position not increasing, failed cnt: 60
[info] position not increasing, failed cnt: 61
[info] position not increasing, failed cnt: 62
[info] position not increasing, failed cnt: 63
[info] position not increasing, failed cnt: 64
[info] position not increasing, failed cnt: 65
[info] position not increasing, failed cnt: 66
[info] position not increasing, failed cnt: 67
[info] position not increasing, failed cnt: 68
[info] position not increasing, failed cnt: 69
[info] position not increasing, failed cnt: 70
[info] position not increasing, failed cnt: 71
[info] position not increasing, failed cnt: 72
[info] position not increasing, failed cnt: 73
[info] position not increasing, failed cnt: 74
[info] position not increasing, failed cnt: 75
[info] position not increasing, failed cnt: 76
[info] position not increasing, failed cnt: 77
[info] position not increasing, failed cnt: 78
[info] position not increasing, failed cnt: 79
[info] position not increasing, failed cnt: 80
[info] position not increasing, failed cnt: 81
[info] position not increasing, failed cnt: 82
[info] position not increasing, failed cnt: 83
[info] position not increasing, failed cnt: 84
[info] position not increasing, failed cnt: 85
[info] position not increasing, failed cnt: 86
[info] position not increasing, failed cnt: 87
[info] position not increasing, failed cnt: 88
[info] position not increasing, failed cnt: 89
[info] position not increasing, failed cnt: 90
[info] position not increasing, failed cnt: 91
[info] position not increasing, failed cnt: 92
[info] position not increasing, failed cnt: 93
[info] position not increasing, failed cnt: 94
[info] position not increasing, failed cnt: 95
[info] position not increasing, failed cnt: 96
[info] position not increasing, failed cnt: 97
[info] position not increasing, failed cnt: 98
[info] position not increasing, failed cnt: 99
[info] position not increasing, failed cnt: 100
[info] position not increasing, failed cnt: 101
[info] position not increasing, failed cnt: 102
[info] position not increasing, failed cnt: 103
[info] position not increasing, failed cnt: 104
[info] position not increasing, failed cnt: 105
[info] position not increasing, failed cnt: 106
[info] position not increasing, failed cnt: 107
[info] position not increasing, failed cnt: 108
[info] position not increasing, failed cnt: 109
[info] position not increasing, failed cnt: 110
[info] position not increasing, failed cnt: 111
[info] position not increasing, failed cnt: 112
[info] position not increasing, failed cnt: 113
[info] position not increasing, failed cnt: 114
[info] position not increasing, failed cnt: 115
[info] position not increasing, failed cnt: 116
[info] position not increasing, failed cnt: 117
[info] position not increasing, failed cnt: 118
[info] position not increasing, failed cnt: 119
[info] position not increasing, failed cnt: 120
[info] position not increasing, failed cnt: 121
[info] position not increasing, failed cnt: 122
[info] position not increasing, failed cnt: 123
[info] position not increasing, failed cnt: 124
[info] position not increasing, failed cnt: 125
[info] position not increasing, failed cnt: 126
[info] position not increasing, failed cnt: 127
[info] position not increasing, failed cnt: 128
[FATAL] model stuck, exiting ...
[info] position not increasing, failed cnt: 1
[info] position not increasing, failed cnt: 2
[info] position not increasing, failed cnt: 3
[info] position not increasing, failed cnt: 4
[info] position not increasing, failed cnt: 5
[info] position not increasing, failed cnt: 6
[info] position not increasing, failed cnt: 7
[info] position not increasing, failed cnt: 8
[info] position not increasing, failed cnt: 9
[info] position not increasing, failed cnt: 10
[info] position not increasing, failed cnt: 11
[info] position not increasing, failed cnt: 12
[info] position not increasing, failed cnt: 13
[info] position not increasing, failed cnt: 14
[info] position not increasing, failed cnt: 15
[info] position not increasing, failed cnt: 16
[info] position not increasing, failed cnt: 17
[info] position not increasing, failed cnt: 18
[info] position not increasing, failed cnt: 19
[info] position not increasing, failed cnt: 20
[info] position not increasing, failed cnt: 21
[info] position not increasing, failed cnt: 22
[info] position not increasing, failed cnt: 23
[info] position not increasing, failed cnt: 24
[info] position not increasing, failed cnt: 25
[info] position not increasing, failed cnt: 26
[info] position not increasing, failed cnt: 27
[info] position not increasing, failed cnt: 28
[info] position not increasing, failed cnt: 29
[info] position not increasing, failed cnt: 30
[info] position not increasing, failed cnt: 31
[info] position not increasing, failed cnt: 32
[info] position not increasing, failed cnt: 33
[info] position not increasing, failed cnt: 34
[info] position not increasing, failed cnt: 35
[info] position not increasing, failed cnt: 36
[info] position not increasing, failed cnt: 37
[info] position not increasing, failed cnt: 38
[info] position not increasing, failed cnt: 39
[info] position not increasing, failed cnt: 40
[info] position not increasing, failed cnt: 41
[info] position not increasing, failed cnt: 42
[info] position not increasing, failed cnt: 43
[info] position not increasing, failed cnt: 44
[info] position not increasing, failed cnt: 45
[info] position not increasing, failed cnt: 46
[info] position not increasing, failed cnt: 47
[info] position not increasing, failed cnt: 48
[info] position not increasing, failed cnt: 49
[info] position not increasing, failed cnt: 50
[info] position not increasing, failed cnt: 51
[info] position not increasing, failed cnt: 52
[info] position not increasing, failed cnt: 53
[info] position not increasing, failed cnt: 54
[info] position not increasing, failed cnt: 55
[info] position not increasing, failed cnt: 56
[info] position not increasing, failed cnt: 57
[info] position not increasing, failed cnt: 58
[info] position not increasing, failed cnt: 59
[info] position not increasing, failed cnt: 60
[info] position not increasing, failed cnt: 61
[info] position not increasing, failed cnt: 62
[info] position not increasing, failed cnt: 63
[info] position not increasing, failed cnt: 64
[info] position not increasing, failed cnt: 65
[info] position not increasing, failed cnt: 66
[info] position not increasing, failed cnt: 67
[info] position not increasing, failed cnt: 68
[info] position not increasing, failed cnt: 69
[info] position not increasing, failed cnt: 70
[info] position not increasing, failed cnt: 71
[info] position not increasing, failed cnt: 72
[info] position not increasing, failed cnt: 73
[info] position not increasing, failed cnt: 74
[info] position not increasing, failed cnt: 75
[info] position not increasing, failed cnt: 76
[info] position not increasing, failed cnt: 77
[info] position not increasing, failed cnt: 78
[info] position not increasing, failed cnt: 79
[info] position not increasing, failed cnt: 80
[info] position not increasing, failed cnt: 81
[info] position not increasing, failed cnt: 82
[info] position not increasing, failed cnt: 83
[info] position not increasing, failed cnt: 84
[info] position not increasing, failed cnt: 85
[info] position not increasing, failed cnt: 86
[info] position not increasing, failed cnt: 87
[info] position not increasing, failed cnt: 88
[info] position not increasing, failed cnt: 89
[info] position not increasing, failed cnt: 90
[info] position not increasing, failed cnt: 91
[info] position not increasing, failed cnt: 92
[info] position not increasing, failed cnt: 93
[info] position not increasing, failed cnt: 94
[info] position not increasing, failed cnt: 95
[info] position not increasing, failed cnt: 96
[info] position not increasing, failed cnt: 97
[info] position not increasing, failed cnt: 98
[info] position not increasing, failed cnt: 99
[info] position not increasing, failed cnt: 100
[info] position not increasing, failed cnt: 101
[info] position not increasing, failed cnt: 102
[info] position not increasing, failed cnt: 103
[info] position not increasing, failed cnt: 104
[info] position not increasing, failed cnt: 105
[info] position not increasing, failed cnt: 106
[info] position not increasing, failed cnt: 107
[info] position not increasing, failed cnt: 108
[info] position not increasing, failed cnt: 109
[info] position not increasing, failed cnt: 110
[info] position not increasing, failed cnt: 111
[info] position not increasing, failed cnt: 112
[info] position not increasing, failed cnt: 113
[info] position not increasing, failed cnt: 114
[info] position not increasing, failed cnt: 115
[info] position not increasing, failed cnt: 116
[info] position not increasing, failed cnt: 117
[info] position not increasing, failed cnt: 118
[info] position not increasing, failed cnt: 119
[info] position not increasing, failed cnt: 120
[info] position not increasing, failed cnt: 121
[info] position not increasing, failed cnt: 122
[info] position not increasing, failed cnt: 123
[info] position not increasing, failed cnt: 124
[info] position not increasing, failed cnt: 125
[info] position not increasing, failed cnt: 126
[info] position not increasing, failed cnt: 127
[info] position not increasing, failed cnt: 128
[FATAL] model stuck, exiting ...
[info] position not increasing, failed cnt: 1
[info] position not increasing, failed cnt: 2
[info] position not increasing, failed cnt: 3
[info] position not increasing, failed cnt: 4
[info] position not increasing, failed cnt: 5
[info] position not increasing, failed cnt: 6
[info] position not increasing, failed cnt: 7
[info] position not increasing, failed cnt: 8
[info] position not increasing, failed cnt: 9
[info] position not increasing, failed cnt: 10
[info] position not increasing, failed cnt: 11
[info] position not increasing, failed cnt: 12
[info] position not increasing, failed cnt: 13
[info] position not increasing, failed cnt: 14
[info] position not increasing, failed cnt: 15
[info] position not increasing, failed cnt: 16
[info] position not increasing, failed cnt: 17
[info] position not increasing, failed cnt: 18
[info] position not increasing, failed cnt: 19
[info] position not increasing, failed cnt: 20
[info] position not increasing, failed cnt: 21
[info] position not increasing, failed cnt: 22
[info] position not increasing, failed cnt: 23
[info] position not increasing, failed cnt: 24
[info] position not increasing, failed cnt: 25
[info] position not increasing, failed cnt: 26
[info] position not increasing, failed cnt: 27
[info] position not increasing, failed cnt: 28
[info] position not increasing, failed cnt: 29
[info] position not increasing, failed cnt: 30
[info] position not increasing, failed cnt: 31
[info] position not increasing, failed cnt: 32
[info] position not increasing, failed cnt: 33
[info] position not increasing, failed cnt: 34
[info] position not increasing, failed cnt: 35
[info] position not increasing, failed cnt: 36
[info] position not increasing, failed cnt: 37
[info] position not increasing, failed cnt: 38
[info] position not increasing, failed cnt: 39
[info] position not increasing, failed cnt: 40
[info] position not increasing, failed cnt: 41
[info] position not increasing, failed cnt: 42
[info] position not increasing, failed cnt: 43
[info] position not increasing, failed cnt: 44
[info] position not increasing, failed cnt: 45
[info] position not increasing, failed cnt: 46
[info] position not increasing, failed cnt: 47
[info] position not increasing, failed cnt: 48
[info] position not increasing, failed cnt: 49
[info] position not increasing, failed cnt: 50
[info] position not increasing, failed cnt: 51
[info] position not increasing, failed cnt: 52
[info] position not increasing, failed cnt: 53
[info] position not increasing, failed cnt: 54
[info] position not increasing, failed cnt: 55
[info] position not increasing, failed cnt: 56
[info] position not increasing, failed cnt: 57
[info] position not increasing, failed cnt: 58
[info] position not increasing, failed cnt: 59
[info] position not increasing, failed cnt: 60
[info] position not increasing, failed cnt: 61
[info] position not increasing, failed cnt: 62
[info] position not increasing, failed cnt: 63
[info] position not increasing, failed cnt: 64
[info] position not increasing, failed cnt: 65
[info] position not increasing, failed cnt: 66
[info] position not increasing, failed cnt: 67
[info] position not increasing, failed cnt: 68
[info] position not increasing, failed cnt: 69
[info] position not increasing, failed cnt: 70
[info] position not increasing, failed cnt: 71
[info] position not increasing, failed cnt: 72
[info] position not increasing, failed cnt: 73
[info] position not increasing, failed cnt: 74
[info] position not increasing, failed cnt: 75
[info] position not increasing, failed cnt: 76
[info] position not increasing, failed cnt: 77
[info] position not increasing, failed cnt: 78
[info] position not increasing, failed cnt: 79
[info] position not increasing, failed cnt: 80
[info] position not increasing, failed cnt: 81
[info] position not increasing, failed cnt: 82
[info] position not increasing, failed cnt: 83
[info] position not increasing, failed cnt: 84
[info] position not increasing, failed cnt: 85
[info] position not increasing, failed cnt: 86
[info] position not increasing, failed cnt: 87
[info] position not increasing, failed cnt: 88
[info] position not increasing, failed cnt: 89
[info] position not increasing, failed cnt: 90
[info] position not increasing, failed cnt: 91
[info] position not increasing, failed cnt: 92
[info] position not increasing, failed cnt: 93
[info] position not increasing, failed cnt: 94
[info] position not increasing, failed cnt: 95
[info] position not increasing, failed cnt: 96
[info] position not increasing, failed cnt: 97
[info] position not increasing, failed cnt: 98
[info] position not increasing, failed cnt: 99
[info] position not increasing, failed cnt: 100
[info] position not increasing, failed cnt: 101
[info] position not increasing, failed cnt: 102
[info] position not increasing, failed cnt: 103
[info] position not increasing, failed cnt: 104
[info] position not increasing, failed cnt: 105
[info] position not increasing, failed cnt: 106
[info] position not increasing, failed cnt: 107
[info] position not increasing, failed cnt: 108
[info] position not increasing, failed cnt: 109
[info] position not increasing, failed cnt: 110
[info] position not increasing, failed cnt: 111
[info] position not increasing, failed cnt: 112
[info] position not increasing, failed cnt: 113
[info] position not increasing, failed cnt: 114
[info] position not increasing, failed cnt: 115
[info] position not increasing, failed cnt: 116
[info] position not increasing, failed cnt: 117
[info] position not increasing, failed cnt: 118
[info] position not increasing, failed cnt: 119
[info] position not increasing, failed cnt: 120
[info] position not increasing, failed cnt: 121
[info] position not increasing, failed cnt: 122
[info] position not increasing, failed cnt: 123
[info] position not increasing, failed cnt: 124
[info] position not increasing, failed cnt: 125
[info] position not increasing, failed cnt: 126
[info] position not increasing, failed cnt: 127
[info] position not increasing, failed cnt: 128
[FATAL] model stuck, exiting ...
[info] position not increasing, failed cnt: 1
[info] position not increasing, failed cnt: 2
[info] position not increasing, failed cnt: 3
[info] position not increasing, failed cnt: 4
[info] position not increasing, failed cnt: 5
[info] position not increasing, failed cnt: 6
[info] position not increasing, failed cnt: 7
[info] position not increasing, failed cnt: 8
[info] position not increasing, failed cnt: 9
[info] position not increasing, failed cnt: 10
[info] position not increasing, failed cnt: 11
[info] position not increasing, failed cnt: 12
[info] position not increasing, failed cnt: 13
[info] position not increasing, failed cnt: 14
[info] position not increasing, failed cnt: 15
[info] position not increasing, failed cnt: 16
[info] position not increasing, failed cnt: 17
[info] position not increasing, failed cnt: 18
[info] position not increasing, failed cnt: 19
[info] position not increasing, failed cnt: 20
[info] position not increasing, failed cnt: 21
[info] position not increasing, failed cnt: 22
[info] position not increasing, failed cnt: 23
[info] position not increasing, failed cnt: 24
[info] position not increasing, failed cnt: 25
[info] position not increasing, failed cnt: 26
[info] position not increasing, failed cnt: 27
[info] position not increasing, failed cnt: 28
[info] position not increasing, failed cnt: 29
[info] position not increasing, failed cnt: 30
[info] position not increasing, failed cnt: 31
[info] position not increasing, failed cnt: 32
[info] position not increasing, failed cnt: 33
[info] position not increasing, failed cnt: 34
[info] position not increasing, failed cnt: 35
[info] position not increasing, failed cnt: 36
[info] position not increasing, failed cnt: 37
[info] position not increasing, failed cnt: 38
[info] position not increasing, failed cnt: 39
[info] position not increasing, failed cnt: 40
[info] position not increasing, failed cnt: 41
[info] position not increasing, failed cnt: 42
[info] position not increasing, failed cnt: 43
[info] position not increasing, failed cnt: 44
[info] position not increasing, failed cnt: 45
[info] position not increasing, failed cnt: 46
[info] position not increasing, failed cnt: 47
[info] position not increasing, failed cnt: 48
[info] position not increasing, failed cnt: 49
[info] position not increasing, failed cnt: 50
[info] position not increasing, failed cnt: 51
[info] position not increasing, failed cnt: 52
[info] position not increasing, failed cnt: 53
[info] position not increasing, failed cnt: 54
[info] position not increasing, failed cnt: 55
[info] position not increasing, failed cnt: 56
[info] position not increasing, failed cnt: 57
[info] position not increasing, failed cnt: 58
[info] position not increasing, failed cnt: 59
[info] position not increasing, failed cnt: 60
[info] position not increasing, failed cnt: 61
[info] position not increasing, failed cnt: 62
[info] position not increasing, failed cnt: 63
[info] position not increasing, failed cnt: 64
[info] position not increasing, failed cnt: 65
[info] position not increasing, failed cnt: 66
[info] position not increasing, failed cnt: 67
[info] position not increasing, failed cnt: 68
[info] position not increasing, failed cnt: 69
[info] position not increasing, failed cnt: 70
[info] position not increasing, failed cnt: 71
[info] position not increasing, failed cnt: 72
[info] position not increasing, failed cnt: 73
[info] position not increasing, failed cnt: 74
[info] position not increasing, failed cnt: 75
[info] position not increasing, failed cnt: 76
[info] position not increasing, failed cnt: 77
[info] position not increasing, failed cnt: 78
[info] position not increasing, failed cnt: 79
[info] position not increasing, failed cnt: 80
[info] position not increasing, failed cnt: 81
[info] position not increasing, failed cnt: 82
[info] position not increasing, failed cnt: 83
[info] position not increasing, failed cnt: 84
[info] position not increasing, failed cnt: 85
[info] position not increasing, failed cnt: 86
[info] position not increasing, failed cnt: 87
[info] position not increasing, failed cnt: 88
[info] position not increasing, failed cnt: 89
[info] position not increasing, failed cnt: 90
[info] position not increasing, failed cnt: 91
[info] position not increasing, failed cnt: 92
[info] position not increasing, failed cnt: 93
[info] position not increasing, failed cnt: 94
[info] position not increasing, failed cnt: 95
[info] position not increasing, failed cnt: 96
[info] position not increasing, failed cnt: 97
[info] position not increasing, failed cnt: 98
[info] position not increasing, failed cnt: 99
[info] position not increasing, failed cnt: 100
[info] position not increasing, failed cnt: 101
[info] position not increasing, failed cnt: 102
[info] position not increasing, failed cnt: 103
[info] position not increasing, failed cnt: 104
[info] position not increasing, failed cnt: 105
[info] position not increasing, failed cnt: 106
[info] position not increasing, failed cnt: 107
[info] position not increasing, failed cnt: 108
[info] position not increasing, failed cnt: 109
[info] position not increasing, failed cnt: 110
[info] position not increasing, failed cnt: 111
[info] position not increasing, failed cnt: 112
[info] position not increasing, failed cnt: 113
[info] position not increasing, failed cnt: 114
[info] position not increasing, failed cnt: 115
[info] position not increasing, failed cnt: 116
[info] position not increasing, failed cnt: 117
[info] position not increasing, failed cnt: 118
[info] position not increasing, failed cnt: 119
[info] position not increasing, failed cnt: 120
[info] position not increasing, failed cnt: 121
[info] position not increasing, failed cnt: 122
[info] position not increasing, failed cnt: 123
[info] position not increasing, failed cnt: 124
[info] position not increasing, failed cnt: 125
[info] position not increasing, failed cnt: 126
[info] position not increasing, failed cnt: 127
[info] position not increasing, failed cnt: 128
[FATAL] model stuck, exiting ...
7ya27A8QscYolruZhE2dAy orig S3 ok=False fail=generation_failed_5_attempts 56.49s
CSL_INFER_DONE
end=2026-09-27T04:55:30-07:00 GPU_OK
