job=40767840 array=40765886_2 host=g3113 gpu=NVIDIA L40S start=2026-09-27T04:54:45-07:00 commit=b7edc012ae318ffac8b2749a830cdaf6f471ca3c cmd=$PY -m paper_eval.component_sota.csl_l2m infer --which official --chunked --shard $SHARD --num-shards $NSHARDS
csl_offc: tasks 1800 shard 225 todo 225
/gscratch/ark/pingw220/miniconda3/envs/midi-sag/lib/python3.9/site-packages/jieba/_compat.py:18: UserWarning: pkg_resources is deprecated as an API. See https://setuptools.pypa.io/en/latest/pkg_resources.html. The pkg_resources package is slated for removal as early as 2025-11-30. Refrain from using this package or pin to Setuptools<81.
  import pkg_resources
/gscratch/ark/pingw220/miniconda3/envs/midi-sag/lib/python3.9/site-packages/torch/nn/modules/transformer.py:379: UserWarning: enable_nested_tensor is True, but self.use_nested_tensor is False because encoder_layer.self_attn.batch_first was not True(use batch_first for better inference performance)
  warnings.warn(
/mmfs1/gscratch/scrubbed/pingw220/music_acc/Qwen-ABC-component/paper_eval/component_sota/csl_l2m.py:189: FutureWarning: You are using `torch.load` with `weights_only=False` (the current default value), which uses the default pickle module implicitly. It is possible to construct malicious pickle data which will execute arbitrary code during unpickling (See https://github.com/pytorch/pytorch/blob/main/SECURITY.md#untrusted-models for more details). In a future release, the default value for `weights_only` will be flipped to `True`. This limits the functions that could be executed during unpickling. Arbitrary objects will no longer be allowed to be loaded via this mode unless they are explicitly allowlisted by the user via `torch.serialization.add_safe_globals`. We recommend you start setting `weights_only=True` for any use case where you don't have full control of the loaded file. Please open an issue on GitHub for any issues related to this experimental feature.
  sd = torch.load(ckpt, map_location="cpu")
load: {"missing": [], "unexpected": ["notedensity_emb.emb_lookup.weight", "lyricVSnote_emb.emb_lookup.weight", "meanpitch_emb.emb_lookup.weight", "meanduration_emb.emb_lookup.weight"], "ckpt": "/gscratch/ark/pingw220/third_party/csl_l2m_ckpt/pretrained_CSLL2M_onlyLyrics.pt", "config": "/mmfs1/gscratch/scrubbed/pingw220/music_acc/Qwen-ABC-component/configs/component_sota/csl_l2m_onlylyrics_official.yaml"}
-- generated events: 790
-- time elapsed: 3.79 secs
-- generated events: 706
-- time elapsed: 3.18 secs
-- generated events: 295
-- time elapsed: 1.12 secs
05QmUFMQMUYV3CCVgs8G6Z orig S3 ok=True fail=None 8.37s
05Yqjul6jLsld0Vh8K36KH orig S3 ok=False fail=unsupported_meter 0.0s
09RY5jQZ5kNoMSU5toQlfU orig S3 ok=False fail=unsupported_meter 0.0s
-- generated events: 1069
-- time elapsed: 6.10 secs
-- generated events: 358
-- time elapsed: 1.40 secs
09d4jeFypKBWzZVfHKBeVY orig S3 ok=True fail=None 7.6s
-- generated events: 724
-- time elapsed: 3.30 secs
-- generated events: 473
-- time elapsed: 1.89 secs
0A4ehMRLl7v8TFyhSbdkh8 orig S3 ok=True fail=None 5.29s
[info] position not increasing, failed cnt: 1
[info] position not increasing, failed cnt: 2
[info] position not increasing, failed cnt: 3
[info] position not increasing, failed cnt: 4
[info] position not increasing, failed cnt: 5
[info] position not increasing, failed cnt: 6
[info] position not increasing, failed cnt: 7
[info] position not increasing, failed cnt: 8
[info] position not increasing, failed cnt: 9
[info] position not increasing, failed cnt: 10
[info] position not increasing, failed cnt: 11
[info] position not increasing, failed cnt: 12
[info] position not increasing, failed cnt: 13
[info] position not increasing, failed cnt: 14
[info] position not increasing, failed cnt: 15
[info] position not increasing, failed cnt: 16
[info] position not increasing, failed cnt: 17
[info] position not increasing, failed cnt: 18
[info] position not increasing, failed cnt: 19
[info] position not increasing, failed cnt: 20
[info] position not increasing, failed cnt: 21
[info] position not increasing, failed cnt: 22
[info] position not increasing, failed cnt: 23
[info] position not increasing, failed cnt: 24
[info] position not increasing, failed cnt: 25
[info] position not increasing, failed cnt: 26
[info] position not increasing, failed cnt: 27
[info] position not increasing, failed cnt: 28
[info] position not increasing, failed cnt: 29
[info] position not increasing, failed cnt: 30
[info] position not increasing, failed cnt: 31
[info] position not increasing, failed cnt: 32
[info] position not increasing, failed cnt: 33
[info] position not increasing, failed cnt: 34
[info] position not increasing, failed cnt: 35
[info] position not increasing, failed cnt: 36
[info] position not increasing, failed cnt: 37
[info] position not increasing, failed cnt: 38
[info] position not increasing, failed cnt: 39
[info] position not increasing, failed cnt: 40
[info] position not increasing, failed cnt: 41
[info] position not increasing, failed cnt: 42
[info] position not increasing, failed cnt: 43
[info] position not increasing, failed cnt: 44
[info] position not increasing, failed cnt: 45
[info] position not increasing, failed cnt: 46
[info] position not increasing, failed cnt: 47
[info] position not increasing, failed cnt: 48
[info] position not increasing, failed cnt: 49
[info] position not increasing, failed cnt: 50
[info] position not increasing, failed cnt: 51
[info] position not increasing, failed cnt: 52
[info] position not increasing, failed cnt: 53
[info] position not increasing, failed cnt: 54
[info] position not increasing, failed cnt: 55
[info] position not increasing, failed cnt: 56
[info] position not increasing, failed cnt: 57
[info] position not increasing, failed cnt: 58
[info] position not increasing, failed cnt: 59
[info] position not increasing, failed cnt: 60
[info] position not increasing, failed cnt: 61
[info] position not increasing, failed cnt: 62
[info] position not increasing, failed cnt: 63
[info] position not increasing, failed cnt: 64
[info] position not increasing, failed cnt: 65
[info] position not increasing, failed cnt: 66
[info] position not increasing, failed cnt: 67
[info] position not increasing, failed cnt: 68
[info] position not increasing, failed cnt: 69
[info] position not increasing, failed cnt: 70
[info] position not increasing, failed cnt: 71
[info] position not increasing, failed cnt: 72
[info] position not increasing, failed cnt: 73
[info] position not increasing, failed cnt: 74
[info] position not increasing, failed cnt: 75
[info] position not increasing, failed cnt: 76
[info] position not increasing, failed cnt: 77
[info] position not increasing, failed cnt: 78
[info] position not increasing, failed cnt: 79
[info] position not increasing, failed cnt: 80
[info] position not increasing, failed cnt: 81
[info] position not increasing, failed cnt: 82
[info] position not increasing, failed cnt: 83
[info] position not increasing, failed cnt: 84
[info] position not increasing, failed cnt: 85
[info] position not increasing, failed cnt: 86
[info] position not increasing, failed cnt: 87
[info] position not increasing, failed cnt: 88
[info] position not increasing, failed cnt: 89
[info] position not increasing, failed cnt: 90
[info] position not increasing, failed cnt: 91
[info] position not increasing, failed cnt: 92
[info] position not increasing, failed cnt: 93
[info] position not increasing, failed cnt: 94
[info] position not increasing, failed cnt: 95
[info] position not increasing, failed cnt: 96
[info] position not increasing, failed cnt: 97
[info] position not increasing, failed cnt: 98
[info] position not increasing, failed cnt: 99
[info] position not increasing, failed cnt: 100
[info] position not increasing, failed cnt: 101
[info] position not increasing, failed cnt: 102
[info] position not increasing, failed cnt: 103
[info] position not increasing, failed cnt: 104
[info] position not increasing, failed cnt: 105
[info] position not increasing, failed cnt: 106
[info] position not increasing, failed cnt: 107
[info] position not increasing, failed cnt: 108
[info] position not increasing, failed cnt: 109
[info] position not increasing, failed cnt: 110
[info] position not increasing, failed cnt: 111
[info] position not increasing, failed cnt: 112
[info] position not increasing, failed cnt: 113
[info] position not increasing, failed cnt: 114
[info] position not increasing, failed cnt: 115
[info] position not increasing, failed cnt: 116
[info] position not increasing, failed cnt: 117
[info] position not increasing, failed cnt: 118
[info] position not increasing, failed cnt: 119
[info] position not increasing, failed cnt: 120
[info] position not increasing, failed cnt: 121
[info] position not increasing, failed cnt: 122
[info] position not increasing, failed cnt: 123
[info] position not increasing, failed cnt: 124
[info] position not increasing, failed cnt: 125
[info] position not increasing, failed cnt: 126
[info] position not increasing, failed cnt: 127
[info] position not increasing, failed cnt: 128
[FATAL] model stuck, exiting ...
-- generated events: 637
-- time elapsed: 2.74 secs
-- generated events: 549
-- time elapsed: 2.26 secs
-- generated events: 233
-- time elapsed: 0.87 secs
0B1k0zh8Rsa1aE7LgF6eHi orig S3 ok=True fail=None 8.47s
-- generated events: 871
-- time elapsed: 4.35 secs
-- generated events: 532
-- time elapsed: 2.17 secs
0BetT2tdyEMm4FTs2y464B orig S3 ok=True fail=None 6.62s
-- generated events: 617
-- time elapsed: 2.63 secs
-- generated events: 411
-- time elapsed: 1.62 secs
0CxfpbQfmX4bR6mA6aarL3 orig S3 ok=True fail=None 4.35s
-- generated events: 493
-- time elapsed: 1.97 secs
-- generated events: 540
-- time elapsed: 2.21 secs
0FadVuelB7Srb98yUbTbwI orig S3 ok=True fail=None 4.28s
0FdW541km7r4Zh7hq02jBZ orig S3 ok=False fail=unsupported_meter 0.0s
-- generated events: 615
-- time elapsed: 2.62 secs
0GX8F6CUMYSh0WLvTIR0vF orig S3 ok=True fail=None 2.67s
-- generated events: 931
-- time elapsed: 4.83 secs
-- generated events: 267
-- time elapsed: 1.00 secs
0ITY3kOaEoiDxaCI88jET6 orig S3 ok=True fail=None 5.93s
-- generated events: 1024
-- time elapsed: 5.64 secs
0TdPZ2mnbhww9mVUiZZhX5 orig S3 ok=True fail=None 5.69s
-- generated events: 1165
-- time elapsed: 7.25 secs
-- generated events: 800
-- time elapsed: 3.81 secs
0XV81gUVudUkxWP4x6rJhW orig S3 ok=True fail=None 11.17s
-- generated events: 699
-- time elapsed: 3.13 secs
-- generated events: 105
-- time elapsed: 0.38 secs
0YZZPAvQgazIok3JIr8mEy orig S3 ok=True fail=None 3.6s
-- generated events: 898
-- time elapsed: 4.55 secs
-- generated events: 749
-- time elapsed: 3.46 secs
0ZMWpv0aFBioxywoXsmaId orig S3 ok=True fail=None 8.12s
-- generated events: 988
-- time elapsed: 5.30 secs
-- generated events: 681
-- time elapsed: 3.02 secs
0ccEIUOa32bbAoGaPHGQuX orig S3 ok=True fail=None 8.42s
-- generated events: 632
-- time elapsed: 2.72 secs
-- generated events: 439
-- time elapsed: 1.74 secs
0exfMqddpIIZQbZZny68Rc orig S3 ok=True fail=None 4.57s
-- generated events: 940
-- time elapsed: 4.91 secs
-- generated events: 712
-- time elapsed: 3.22 secs
0hzBWWiSp4x1dzcorjP9FN orig S3 ok=True fail=None 8.24s
-- generated events: 673
-- time elapsed: 2.98 secs
-- generated events: 614
-- time elapsed: 2.62 secs
-- generated events: 193
-- time elapsed: 0.71 secs
0j9LdgpOzc5zMjq4hBlUcn orig S3 ok=True fail=None 6.46s
-- generated events: 990
-- time elapsed: 5.33 secs
0jcOCNg3QQCYcwM4s8JyZI orig S3 ok=True fail=None 5.38s
[info] position not increasing, failed cnt: 1
-- generated events: 1216
-- time elapsed: 7.94 secs
0mGuXhYffcFglH8T4rEA2a orig S3 ok=True fail=None 8.0s
-- generated events: 685
-- time elapsed: 3.06 secs
-- generated events: 174
-- time elapsed: 0.64 secs
0zcMdzPJ7ANImvROghMVsY orig S3 ok=True fail=None 3.8s
-- generated events: 579
-- time elapsed: 2.43 secs
-- generated events: 607
-- time elapsed: 2.58 secs
18wGt2QzrQO73VY4akreyx orig S3 ok=True fail=None 5.12s
-- generated events: 861
-- time elapsed: 4.26 secs
-- generated events: 563
-- time elapsed: 2.33 secs
18wo5vJV7bRnjt3wlkSDCJ orig S3 ok=True fail=None 6.7s
-- generated events: 554
-- time elapsed: 2.29 secs
-- generated events: 459
-- time elapsed: 1.83 secs
19eK3bar5P6Xcw6LzdXCHb orig S3 ok=True fail=None 4.22s
[info] error EOS occurs, failed eos: 1
[info] error EOS occurs, failed eos: 2
[info] position not increasing, failed cnt: 1
[info] position not increasing, failed cnt: 2
[info] position not increasing, failed cnt: 3
[info] position not increasing, failed cnt: 4
[info] position not increasing, failed cnt: 5
[info] position not increasing, failed cnt: 6
[info] position not increasing, failed cnt: 7
[info] position not increasing, failed cnt: 8
[info] position not increasing, failed cnt: 9
[info] position not increasing, failed cnt: 10
[info] position not increasing, failed cnt: 11
[info] position not increasing, failed cnt: 12
[info] position not increasing, failed cnt: 13
[info] position not increasing, failed cnt: 14
[info] position not increasing, failed cnt: 15
[info] position not increasing, failed cnt: 16
[info] position not increasing, failed cnt: 17
[info] position not increasing, failed cnt: 18
[info] position not increasing, failed cnt: 19
[info] position not increasing, failed cnt: 20
[info] position not increasing, failed cnt: 21
[info] position not increasing, failed cnt: 22
[info] position not increasing, failed cnt: 23
[info] position not increasing, failed cnt: 24
[info] position not increasing, failed cnt: 25
[info] position not increasing, failed cnt: 26
[info] position not increasing, failed cnt: 27
[info] position not increasing, failed cnt: 28
[info] position not increasing, failed cnt: 29
[info] position not increasing, failed cnt: 30
[info] position not increasing, failed cnt: 31
[info] position not increasing, failed cnt: 32
[info] position not increasing, failed cnt: 33
[info] position not increasing, failed cnt: 34
[info] position not increasing, failed cnt: 35
[info] position not increasing, failed cnt: 36
[info] position not increasing, failed cnt: 37
[info] position not increasing, failed cnt: 38
[info] position not increasing, failed cnt: 39
[info] position not increasing, failed cnt: 40
[info] position not increasing, failed cnt: 41
[info] position not increasing, failed cnt: 42
[info] position not increasing, failed cnt: 43
[info] position not increasing, failed cnt: 44
[info] position not increasing, failed cnt: 45
[info] position not increasing, failed cnt: 46
[info] position not increasing, failed cnt: 47
[info] position not increasing, failed cnt: 48
[info] position not increasing, failed cnt: 49
[info] position not increasing, failed cnt: 50
[info] position not increasing, failed cnt: 51
[info] position not increasing, failed cnt: 52
[info] position not increasing, failed cnt: 53
[info] position not increasing, failed cnt: 54
[info] position not increasing, failed cnt: 55
[info] position not increasing, failed cnt: 56
[info] position not increasing, failed cnt: 57
[info] position not increasing, failed cnt: 58
[info] position not increasing, failed cnt: 59
[info] position not increasing, failed cnt: 60
[info] position not increasing, failed cnt: 61
[info] position not increasing, failed cnt: 62
[info] position not increasing, failed cnt: 63
[info] position not increasing, failed cnt: 64
[info] position not increasing, failed cnt: 65
[info] position not increasing, failed cnt: 66
[info] position not increasing, failed cnt: 67
[info] position not increasing, failed cnt: 68
[info] position not increasing, failed cnt: 69
[info] position not increasing, failed cnt: 70
[info] position not increasing, failed cnt: 71
[info] position not increasing, failed cnt: 72
[info] position not increasing, failed cnt: 73
[info] position not increasing, failed cnt: 74
[info] position not increasing, failed cnt: 75
[info] position not increasing, failed cnt: 76
[info] position not increasing, failed cnt: 77
[info] position not increasing, failed cnt: 78
[info] position not increasing, failed cnt: 79
[info] position not increasing, failed cnt: 80
[info] position not increasing, failed cnt: 81
[info] position not increasing, failed cnt: 82
[info] position not increasing, failed cnt: 83
[info] position not increasing, failed cnt: 84
[info] position not increasing, failed cnt: 85
[info] position not increasing, failed cnt: 86
[info] position not increasing, failed cnt: 87
[info] position not increasing, failed cnt: 88
[info] position not increasing, failed cnt: 89
[info] position not increasing, failed cnt: 90
[info] position not increasing, failed cnt: 91
[info] position not increasing, failed cnt: 92
[info] position not increasing, failed cnt: 93
[info] position not increasing, failed cnt: 94
[info] position not increasing, failed cnt: 95
[info] position not increasing, failed cnt: 96
[info] position not increasing, failed cnt: 97
[info] position not increasing, failed cnt: 98
[info] position not increasing, failed cnt: 99
[info] position not increasing, failed cnt: 100
[info] position not increasing, failed cnt: 101
[info] position not increasing, failed cnt: 102
[info] position not increasing, failed cnt: 103
[info] position not increasing, failed cnt: 104
[info] position not increasing, failed cnt: 105
[info] position not increasing, failed cnt: 106
[info] position not increasing, failed cnt: 107
[info] position not increasing, failed cnt: 108
[info] position not increasing, failed cnt: 109
[info] position not increasing, failed cnt: 110
[info] position not increasing, failed cnt: 111
[info] position not increasing, failed cnt: 112
[info] position not increasing, failed cnt: 113
[info] position not increasing, failed cnt: 114
[info] position not increasing, failed cnt: 115
[info] position not increasing, failed cnt: 116
[info] position not increasing, failed cnt: 117
[info] position not increasing, failed cnt: 118
[info] position not increasing, failed cnt: 119
[info] position not increasing, failed cnt: 120
[info] position not increasing, failed cnt: 121
[info] position not increasing, failed cnt: 122
[info] position not increasing, failed cnt: 123
[info] position not increasing, failed cnt: 124
[info] position not increasing, failed cnt: 125
[info] position not increasing, failed cnt: 126
[info] position not increasing, failed cnt: 127
[info] position not increasing, failed cnt: 128
[FATAL] model stuck, exiting ...
[info] position not increasing, failed cnt: 1
[info] position not increasing, failed cnt: 2
[info] position not increasing, failed cnt: 3
[info] position not increasing, failed cnt: 4
[info] position not increasing, failed cnt: 5
[info] position not increasing, failed cnt: 6
[info] position not increasing, failed cnt: 7
[info] position not increasing, failed cnt: 8
[info] position not increasing, failed cnt: 9
[info] position not increasing, failed cnt: 10
[info] position not increasing, failed cnt: 11
[info] position not increasing, failed cnt: 12
[info] position not increasing, failed cnt: 13
[info] position not increasing, failed cnt: 14
[info] position not increasing, failed cnt: 15
[info] position not increasing, failed cnt: 16
[info] position not increasing, failed cnt: 17
[info] position not increasing, failed cnt: 18
[info] position not increasing, failed cnt: 19
[info] position not increasing, failed cnt: 20
[info] position not increasing, failed cnt: 21
[info] position not increasing, failed cnt: 22
[info] position not increasing, failed cnt: 23
[info] position not increasing, failed cnt: 24
[info] position not increasing, failed cnt: 25
[info] position not increasing, failed cnt: 26
[info] position not increasing, failed cnt: 27
[info] position not increasing, failed cnt: 28
[info] position not increasing, failed cnt: 29
[info] position not increasing, failed cnt: 30
[info] position not increasing, failed cnt: 31
[info] position not increasing, failed cnt: 32
[info] position not increasing, failed cnt: 33
[info] position not increasing, failed cnt: 34
[info] position not increasing, failed cnt: 35
[info] position not increasing, failed cnt: 36
[info] position not increasing, failed cnt: 37
[info] position not increasing, failed cnt: 38
[info] position not increasing, failed cnt: 39
[info] position not increasing, failed cnt: 40
[info] position not increasing, failed cnt: 41
[info] position not increasing, failed cnt: 42
[info] position not increasing, failed cnt: 43
[info] position not increasing, failed cnt: 44
[info] position not increasing, failed cnt: 45
[info] position not increasing, failed cnt: 46
[info] position not increasing, failed cnt: 47
[info] position not increasing, failed cnt: 48
[info] position not increasing, failed cnt: 49
[info] position not increasing, failed cnt: 50
[info] position not increasing, failed cnt: 51
[info] position not increasing, failed cnt: 52
[info] position not increasing, failed cnt: 53
[info] position not increasing, failed cnt: 54
[info] position not increasing, failed cnt: 55
[info] position not increasing, failed cnt: 56
[info] position not increasing, failed cnt: 57
[info] position not increasing, failed cnt: 58
[info] position not increasing, failed cnt: 59
[info] position not increasing, failed cnt: 60
[info] position not increasing, failed cnt: 61
[info] position not increasing, failed cnt: 62
[info] position not increasing, failed cnt: 63
[info] position not increasing, failed cnt: 64
[info] position not increasing, failed cnt: 65
[info] position not increasing, failed cnt: 66
[info] position not increasing, failed cnt: 67
[info] position not increasing, failed cnt: 68
[info] position not increasing, failed cnt: 69
[info] position not increasing, failed cnt: 70
[info] position not increasing, failed cnt: 71
[info] position not increasing, failed cnt: 72
[info] position not increasing, failed cnt: 73
[info] position not increasing, failed cnt: 74
[info] position not increasing, failed cnt: 75
[info] position not increasing, failed cnt: 76
[info] position not increasing, failed cnt: 77
[info] position not increasing, failed cnt: 78
[info] position not increasing, failed cnt: 79
[info] position not increasing, failed cnt: 80
[info] position not increasing, failed cnt: 81
[info] position not increasing, failed cnt: 82
[info] position not increasing, failed cnt: 83
[info] position not increasing, failed cnt: 84
[info] position not increasing, failed cnt: 85
[info] position not increasing, failed cnt: 86
[info] position not increasing, failed cnt: 87
[info] position not increasing, failed cnt: 88
[info] position not increasing, failed cnt: 89
[info] position not increasing, failed cnt: 90
[info] position not increasing, failed cnt: 91
[info] position not increasing, failed cnt: 92
[info] position not increasing, failed cnt: 93
[info] position not increasing, failed cnt: 94
[info] position not increasing, failed cnt: 95
[info] position not increasing, failed cnt: 96
[info] position not increasing, failed cnt: 97
[info] position not increasing, failed cnt: 98
[info] position not increasing, failed cnt: 99
[info] position not increasing, failed cnt: 100
[info] position not increasing, failed cnt: 101
[info] position not increasing, failed cnt: 102
[info] position not increasing, failed cnt: 103
[info] position not increasing, failed cnt: 104
[info] position not increasing, failed cnt: 105
[info] position not increasing, failed cnt: 106
[info] position not increasing, failed cnt: 107
[info] position not increasing, failed cnt: 108
[info] position not increasing, failed cnt: 109
[info] position not increasing, failed cnt: 110
[info] position not increasing, failed cnt: 111
[info] position not increasing, failed cnt: 112
[info] position not increasing, failed cnt: 113
[info] position not increasing, failed cnt: 114
[info] position not increasing, failed cnt: 115
[info] position not increasing, failed cnt: 116
[info] position not increasing, failed cnt: 117
[info] position not increasing, failed cnt: 118
[info] position not increasing, failed cnt: 119
[info] position not increasing, failed cnt: 120
[info] position not increasing, failed cnt: 121
[info] position not increasing, failed cnt: 122
[info] position not increasing, failed cnt: 123
[info] position not increasing, failed cnt: 124
[info] position not increasing, failed cnt: 125
[info] position not increasing, failed cnt: 126
[info] position not increasing, failed cnt: 127
[info] position not increasing, failed cnt: 128
[FATAL] model stuck, exiting ...
[info] position not increasing, failed cnt: 1
[info] position not increasing, failed cnt: 2
[info] position not increasing, failed cnt: 3
[info] position not increasing, failed cnt: 4
[info] position not increasing, failed cnt: 5
[info] position not increasing, failed cnt: 6
[info] position not increasing, failed cnt: 7
[info] position not increasing, failed cnt: 8
[info] position not increasing, failed cnt: 9
[info] position not increasing, failed cnt: 10
[info] position not increasing, failed cnt: 11
[info] position not increasing, failed cnt: 12
[info] position not increasing, failed cnt: 13
[info] position not increasing, failed cnt: 14
[info] position not increasing, failed cnt: 15
[info] position not increasing, failed cnt: 16
[info] position not increasing, failed cnt: 17
[info] position not increasing, failed cnt: 18
[info] position not increasing, failed cnt: 19
[info] position not increasing, failed cnt: 20
[info] position not increasing, failed cnt: 21
[info] position not increasing, failed cnt: 22
[info] position not increasing, failed cnt: 23
[info] position not increasing, failed cnt: 24
[info] position not increasing, failed cnt: 25
[info] position not increasing, failed cnt: 26
[info] position not increasing, failed cnt: 27
[info] position not increasing, failed cnt: 28
[info] position not increasing, failed cnt: 29
[info] position not increasing, failed cnt: 30
[info] position not increasing, failed cnt: 31
[info] position not increasing, failed cnt: 32
[info] position not increasing, failed cnt: 33
[info] position not increasing, failed cnt: 34
[info] position not increasing, failed cnt: 35
[info] position not increasing, failed cnt: 36
[info] position not increasing, failed cnt: 37
[info] position not increasing, failed cnt: 38
[info] position not increasing, failed cnt: 39
[info] position not increasing, failed cnt: 40
[info] position not increasing, failed cnt: 41
[info] position not increasing, failed cnt: 42
[info] position not increasing, failed cnt: 43
[info] position not increasing, failed cnt: 44
[info] position not increasing, failed cnt: 45
[info] position not increasing, failed cnt: 46
[info] position not increasing, failed cnt: 47
[info] position not increasing, failed cnt: 48
[info] position not increasing, failed cnt: 49
[info] position not increasing, failed cnt: 50
[info] position not increasing, failed cnt: 51
[info] position not increasing, failed cnt: 52
[info] position not increasing, failed cnt: 53
[info] position not increasing, failed cnt: 54
[info] position not increasing, failed cnt: 55
[info] position not increasing, failed cnt: 56
[info] position not increasing, failed cnt: 57
[info] position not increasing, failed cnt: 58
[info] position not increasing, failed cnt: 59
[info] position not increasing, failed cnt: 60
[info] position not increasing, failed cnt: 61
[info] position not increasing, failed cnt: 62
[info] position not increasing, failed cnt: 63
[info] position not increasing, failed cnt: 64
[info] position not increasing, failed cnt: 65
[info] position not increasing, failed cnt: 66
[info] position not increasing, failed cnt: 67
[info] position not increasing, failed cnt: 68
[info] position not increasing, failed cnt: 69
[info] position not increasing, failed cnt: 70
[info] position not increasing, failed cnt: 71
[info] position not increasing, failed cnt: 72
[info] position not increasing, failed cnt: 73
[info] position not increasing, failed cnt: 74
[info] position not increasing, failed cnt: 75
[info] position not increasing, failed cnt: 76
[info] position not increasing, failed cnt: 77
[info] position not increasing, failed cnt: 78
[info] position not increasing, failed cnt: 79
[info] position not increasing, failed cnt: 80
[info] position not increasing, failed cnt: 81
[info] position not increasing, failed cnt: 82
[info] position not increasing, failed cnt: 83
[info] position not increasing, failed cnt: 84
[info] position not increasing, failed cnt: 85
[info] position not increasing, failed cnt: 86
[info] position not increasing, failed cnt: 87
[info] position not increasing, failed cnt: 88
[info] position not increasing, failed cnt: 89
[info] position not increasing, failed cnt: 90
[info] position not increasing, failed cnt: 91
[info] position not increasing, failed cnt: 92
[info] position not increasing, failed cnt: 93
[info] position not increasing, failed cnt: 94
[info] position not increasing, failed cnt: 95
[info] position not increasing, failed cnt: 96
[info] position not increasing, failed cnt: 97
[info] position not increasing, failed cnt: 98
[info] position not increasing, failed cnt: 99
[info] position not increasing, failed cnt: 100
[info] position not increasing, failed cnt: 101
[info] position not increasing, failed cnt: 102
[info] position not increasing, failed cnt: 103
[info] position not increasing, failed cnt: 104
[info] position not increasing, failed cnt: 105
[info] position not increasing, failed cnt: 106
[info] position not increasing, failed cnt: 107
[info] position not increasing, failed cnt: 108
[info] position not increasing, failed cnt: 109
[info] position not increasing, failed cnt: 110
[info] position not increasing, failed cnt: 111
[info] position not increasing, failed cnt: 112
[info] position not increasing, failed cnt: 113
[info] position not increasing, failed cnt: 114
[info] position not increasing, failed cnt: 115
[info] position not increasing, failed cnt: 116
[info] position not increasing, failed cnt: 117
[info] position not increasing, failed cnt: 118
[info] position not increasing, failed cnt: 119
[info] position not increasing, failed cnt: 120
[info] position not increasing, failed cnt: 121
[info] position not increasing, failed cnt: 122
[info] position not increasing, failed cnt: 123
[info] position not increasing, failed cnt: 124
[info] position not increasing, failed cnt: 125
[info] position not increasing, failed cnt: 126
[info] position not increasing, failed cnt: 127
[info] position not increasing, failed cnt: 128
[FATAL] model stuck, exiting ...
[info] gotten eos
-- generated events: 1429
-- time elapsed: 11.06 secs
-- generated events: 452
-- time elapsed: 1.81 secs
1C6yky5bXstgnFRiWmfze3 orig S3 ok=True fail=None 45.18s
[info] error EOS occurs, failed eos: 1
[info] error EOS occurs, failed eos: 2
[info] error EOS occurs, failed eos: 3
[info] error EOS occurs, failed eos: 4
[info] error EOS occurs, failed eos: 5
[info] error EOS occurs, failed eos: 6
[info] error EOS occurs, failed eos: 7
[info] error EOS occurs, failed eos: 8
[info] error EOS occurs, failed eos: 9
[info] error EOS occurs, failed eos: 10
[info] error EOS occurs, failed eos: 11
[info] error EOS occurs, failed eos: 12
[info] error EOS occurs, failed eos: 13
[info] error EOS occurs, failed eos: 14
[info] error EOS occurs, failed eos: 15
[info] error EOS occurs, failed eos: 16
[info] error EOS occurs, failed eos: 17
[info] error EOS occurs, failed eos: 18
[info] error EOS occurs, failed eos: 19
[info] error EOS occurs, failed eos: 20
[info] error EOS occurs, failed eos: 21
[info] error EOS occurs, failed eos: 22
[info] error EOS occurs, failed eos: 23
[info] error EOS occurs, failed eos: 24
[info] error EOS occurs, failed eos: 25
[info] error EOS occurs, failed eos: 26
[info] error EOS occurs, failed eos: 27
[info] error EOS occurs, failed eos: 28
[info] error EOS occurs, failed eos: 29
[info] error EOS occurs, failed eos: 30
[info] error EOS occurs, failed eos: 31
[info] error EOS occurs, failed eos: 32
[info] error EOS occurs, failed eos: 33
[info] error EOS occurs, failed eos: 34
[info] error EOS occurs, failed eos: 35
[info] error EOS occurs, failed eos: 36
[info] error EOS occurs, failed eos: 37
[info] error EOS occurs, failed eos: 38
[info] error EOS occurs, failed eos: 39
[info] error EOS occurs, failed eos: 40
[info] error EOS occurs, failed eos: 41
[info] error EOS occurs, failed eos: 42
[info] error EOS occurs, failed eos: 43
[info] error EOS occurs, failed eos: 44
[info] error EOS occurs, failed eos: 45
[info] error EOS occurs, failed eos: 46
[info] error EOS occurs, failed eos: 47
[info] error EOS occurs, failed eos: 48
[info] error EOS occurs, failed eos: 49
[info] error EOS occurs, failed eos: 50
[info] error EOS occurs, failed eos: 51
[info] error EOS occurs, failed eos: 52
[info] error EOS occurs, failed eos: 53
[info] error EOS occurs, failed eos: 54
[info] error EOS occurs, failed eos: 55
[info] error EOS occurs, failed eos: 56
[info] error EOS occurs, failed eos: 57
[info] error EOS occurs, failed eos: 58
[info] error EOS occurs, failed eos: 59
[info] error EOS occurs, failed eos: 60
[info] error EOS occurs, failed eos: 61
[info] error EOS occurs, failed eos: 62
[info] error EOS occurs, failed eos: 63
[info] error EOS occurs, failed eos: 64
[info] error EOS occurs, failed eos: 65
[info] error EOS occurs, failed eos: 66
[info] error EOS occurs, failed eos: 67
[info] error EOS occurs, failed eos: 68
[info] error EOS occurs, failed eos: 69
[info] error EOS occurs, failed eos: 70
[info] error EOS occurs, failed eos: 71
[info] error EOS occurs, failed eos: 72
[info] error EOS occurs, failed eos: 73
[info] error EOS occurs, failed eos: 74
[info] error EOS occurs, failed eos: 75
[info] error EOS occurs, failed eos: 76
[info] error EOS occurs, failed eos: 77
[info] error EOS occurs, failed eos: 78
[info] error EOS occurs, failed eos: 79
[info] error EOS occurs, failed eos: 80
[info] error EOS occurs, failed eos: 81
[info] error EOS occurs, failed eos: 82
[info] error EOS occurs, failed eos: 83
[info] error EOS occurs, failed eos: 84
[info] error EOS occurs, failed eos: 85
[info] error EOS occurs, failed eos: 86
[info] error EOS occurs, failed eos: 87
[info] error EOS occurs, failed eos: 88
[info] error EOS occurs, failed eos: 89
[info] error EOS occurs, failed eos: 90
[info] error EOS occurs, failed eos: 91
[info] error EOS occurs, failed eos: 92
[info] error EOS occurs, failed eos: 93
[info] error EOS occurs, failed eos: 94
[info] error EOS occurs, failed eos: 95
[info] error EOS occurs, failed eos: 96
[info] error EOS occurs, failed eos: 97
[info] error EOS occurs, failed eos: 98
[info] error EOS occurs, failed eos: 99
[info] error EOS occurs, failed eos: 100
[info] error EOS occurs, failed eos: 101
[info] error EOS occurs, failed eos: 102
[info] error EOS occurs, failed eos: 103
[info] error EOS occurs, failed eos: 104
[info] error EOS occurs, failed eos: 105
[info] error EOS occurs, failed eos: 106
[info] error EOS occurs, failed eos: 107
[info] error EOS occurs, failed eos: 108
[info] error EOS occurs, failed eos: 109
[info] error EOS occurs, failed eos: 110
[info] error EOS occurs, failed eos: 111
[info] error EOS occurs, failed eos: 112
[info] error EOS occurs, failed eos: 113
[info] error EOS occurs, failed eos: 114
[info] error EOS occurs, failed eos: 115
[info] error EOS occurs, failed eos: 116
[info] error EOS occurs, failed eos: 117
[info] error EOS occurs, failed eos: 118
[info] error EOS occurs, failed eos: 119
[info] error EOS occurs, failed eos: 120
[info] error EOS occurs, failed eos: 121
[info] error EOS occurs, failed eos: 122
[info] error EOS occurs, failed eos: 123
[info] error EOS occurs, failed eos: 124
[info] error EOS occurs, failed eos: 125
[info] error EOS occurs, failed eos: 126
[info] error EOS occurs, failed eos: 127
[info] error EOS occurs, failed eos: 128
[FATAL] model stuck, eos error ...
-- generated events: 810
-- time elapsed: 3.90 secs
-- generated events: 579
-- time elapsed: 2.42 secs
1EbYNhVhmnZpriRnaFygWN orig S3 ok=True fail=None 11.31s
[info] position not increasing, failed cnt: 1
[info] position not increasing, failed cnt: 2
[info] position not increasing, failed cnt: 3
[info] position not increasing, failed cnt: 4
[info] position not increasing, failed cnt: 5
[info] position not increasing, failed cnt: 6
[info] position not increasing, failed cnt: 7
[info] position not increasing, failed cnt: 8
[info] position not increasing, failed cnt: 9
[info] position not increasing, failed cnt: 10
[info] position not increasing, failed cnt: 11
[info] position not increasing, failed cnt: 12
[info] position not increasing, failed cnt: 13
[info] position not increasing, failed cnt: 14
[info] position not increasing, failed cnt: 15
[info] position not increasing, failed cnt: 16
[info] position not increasing, failed cnt: 17
[info] position not increasing, failed cnt: 18
[info] position not increasing, failed cnt: 19
[info] position not increasing, failed cnt: 20
[info] position not increasing, failed cnt: 21
[info] position not increasing, failed cnt: 22
[info] position not increasing, failed cnt: 23
[info] position not increasing, failed cnt: 24
[info] position not increasing, failed cnt: 25
[info] position not increasing, failed cnt: 26
[info] position not increasing, failed cnt: 27
[info] position not increasing, failed cnt: 28
[info] position not increasing, failed cnt: 29
[info] position not increasing, failed cnt: 30
[info] position not increasing, failed cnt: 31
[info] position not increasing, failed cnt: 32
[info] position not increasing, failed cnt: 33
[info] position not increasing, failed cnt: 34
[info] position not increasing, failed cnt: 35
[info] position not increasing, failed cnt: 36
[info] position not increasing, failed cnt: 37
[info] position not increasing, failed cnt: 38
[info] position not increasing, failed cnt: 39
[info] position not increasing, failed cnt: 40
[info] position not increasing, failed cnt: 41
[info] position not increasing, failed cnt: 42
[info] position not increasing, failed cnt: 43
[info] position not increasing, failed cnt: 44
[info] position not increasing, failed cnt: 45
[info] position not increasing, failed cnt: 46
[info] position not increasing, failed cnt: 47
[info] position not increasing, failed cnt: 48
[info] position not increasing, failed cnt: 49
[info] position not increasing, failed cnt: 50
[info] position not increasing, failed cnt: 51
[info] position not increasing, failed cnt: 52
[info] position not increasing, failed cnt: 53
[info] position not increasing, failed cnt: 54
[info] position not increasing, failed cnt: 55
[info] position not increasing, failed cnt: 56
[info] position not increasing, failed cnt: 57
[info] position not increasing, failed cnt: 58
[info] position not increasing, failed cnt: 59
[info] position not increasing, failed cnt: 60
[info] position not increasing, failed cnt: 61
[info] position not increasing, failed cnt: 62
[info] position not increasing, failed cnt: 63
[info] position not increasing, failed cnt: 64
[info] position not increasing, failed cnt: 65
[info] position not increasing, failed cnt: 66
[info] position not increasing, failed cnt: 67
[info] position not increasing, failed cnt: 68
[info] position not increasing, failed cnt: 69
[info] position not increasing, failed cnt: 70
[info] position not increasing, failed cnt: 71
[info] position not increasing, failed cnt: 72
[info] position not increasing, failed cnt: 73
[info] position not increasing, failed cnt: 74
[info] position not increasing, failed cnt: 75
[info] position not increasing, failed cnt: 76
[info] position not increasing, failed cnt: 77
[info] position not increasing, failed cnt: 78
[info] position not increasing, failed cnt: 79
[info] position not increasing, failed cnt: 80
[info] position not increasing, failed cnt: 81
[info] position not increasing, failed cnt: 82
[info] position not increasing, failed cnt: 83
[info] position not increasing, failed cnt: 84
[info] position not increasing, failed cnt: 85
[info] position not increasing, failed cnt: 86
[info] position not increasing, failed cnt: 87
[info] position not increasing, failed cnt: 88
[info] position not increasing, failed cnt: 89
[info] position not increasing, failed cnt: 90
[info] position not increasing, failed cnt: 91
[info] position not increasing, failed cnt: 92
[info] position not increasing, failed cnt: 93
[info] position not increasing, failed cnt: 94
[info] position not increasing, failed cnt: 95
[info] position not increasing, failed cnt: 96
[info] position not increasing, failed cnt: 97
[info] position not increasing, failed cnt: 98
[info] position not increasing, failed cnt: 99
[info] position not increasing, failed cnt: 100
[info] position not increasing, failed cnt: 101
[info] position not increasing, failed cnt: 102
[info] position not increasing, failed cnt: 103
[info] position not increasing, failed cnt: 104
[info] position not increasing, failed cnt: 105
[info] position not increasing, failed cnt: 106
[info] position not increasing, failed cnt: 107
[info] position not increasing, failed cnt: 108
[info] position not increasing, failed cnt: 109
[info] position not increasing, failed cnt: 110
[info] position not increasing, failed cnt: 111
[info] position not increasing, failed cnt: 112
[info] position not increasing, failed cnt: 113
[info] position not increasing, failed cnt: 114
[info] position not increasing, failed cnt: 115
[info] position not increasing, failed cnt: 116
[info] position not increasing, failed cnt: 117
[info] position not increasing, failed cnt: 118
[info] position not increasing, failed cnt: 119
[info] position not increasing, failed cnt: 120
[info] position not increasing, failed cnt: 121
[info] position not increasing, failed cnt: 122
[info] position not increasing, failed cnt: 123
[info] position not increasing, failed cnt: 124
[info] position not increasing, failed cnt: 125
[info] position not increasing, failed cnt: 126
[info] position not increasing, failed cnt: 127
[info] position not increasing, failed cnt: 128
[FATAL] model stuck, exiting ...
-- generated events: 638
-- time elapsed: 2.76 secs
1F3t9l7U8CnKmzVyFbR1aG orig S3 ok=True fail=None 5.53s
-- generated events: 1067
-- time elapsed: 6.12 secs
-- generated events: 275
-- time elapsed: 1.04 secs
1FBJbPIt388FFDgZbHVRyV orig S3 ok=True fail=None 7.25s
-- generated events: 761
-- time elapsed: 3.54 secs
-- generated events: 891
-- time elapsed: 4.50 secs
-- generated events: 320
-- time elapsed: 1.22 secs
1Fo23uW11ZN4JCFCeB0ngS orig S3 ok=True fail=None 9.42s
-- generated events: 790
-- time elapsed: 3.74 secs
1QK8j48LA0pLCJly3Yqd82 orig S3 ok=True fail=None 3.8s
-- generated events: 628
-- time elapsed: 2.70 secs
-- generated events: 386
-- time elapsed: 1.50 secs
-- generated events: 282
-- time elapsed: 1.06 secs
1UytAxYwD5crlQcPiL3ZaE orig S3 ok=True fail=None 5.41s
-- generated events: 1088
-- time elapsed: 6.33 secs
-- generated events: 75
-- time elapsed: 0.27 secs
1WVlzSesyFUorHX8iso9dG orig S3 ok=True fail=None 6.69s
-- generated events: 580
-- time elapsed: 2.42 secs
-- generated events: 665
-- time elapsed: 2.92 secs
-- generated events: 187
-- time elapsed: 0.69 secs
1YNdE3GjlS8a3OvGm9tQ0F orig S3 ok=True fail=None 6.19s
-- generated events: 548
-- time elapsed: 2.25 secs
1bIiaFMdH3udqWyXyeQMoH orig S3 ok=True fail=None 2.3s
-- generated events: 780
-- time elapsed: 3.68 secs
-- generated events: 802
-- time elapsed: 3.84 secs
-- generated events: 23
-- time elapsed: 0.08 secs
1eFSgOay51iMZIdmXU3ISl orig S3 ok=True fail=None 7.75s
-- generated events: 669
-- time elapsed: 2.97 secs
-- generated events: 278
-- time elapsed: 1.05 secs
1hWIEh1MKbcB4ouWgWL5Og orig S3 ok=True fail=None 4.12s
-- generated events: 936
-- time elapsed: 4.88 secs
-- generated events: 476
-- time elapsed: 1.90 secs
1heBg3CKPc4qVUXzVO49I2 orig S3 ok=True fail=None 6.89s
-- generated events: 907
-- time elapsed: 4.63 secs
-- generated events: 218
-- time elapsed: 0.81 secs
1mcMqHzkg79tfjUqeLAzpI orig S3 ok=True fail=None 5.54s
-- generated events: 1174
-- time elapsed: 7.37 secs
-- generated events: 549
-- time elapsed: 2.26 secs
1oDW3JIhobplQhuTVBjtcB orig S3 ok=True fail=None 9.73s
-- generated events: 808
-- time elapsed: 3.88 secs
-- generated events: 309
-- time elapsed: 2.03 secs
1oWX2EGO7Z8YCZ5jJuGrpM orig S3 ok=True fail=None 6.01s
-- generated events: 524
-- time elapsed: 2.15 secs
[info] position not increasing, failed cnt: 1
[info] position not increasing, failed cnt: 2
[info] position not increasing, failed cnt: 3
[info] position not increasing, failed cnt: 4
[info] position not increasing, failed cnt: 5
[info] position not increasing, failed cnt: 6
[info] position not increasing, failed cnt: 7
[info] position not increasing, failed cnt: 8
[info] position not increasing, failed cnt: 9
[info] position not increasing, failed cnt: 10
[info] position not increasing, failed cnt: 11
[info] position not increasing, failed cnt: 12
[info] position not increasing, failed cnt: 13
[info] position not increasing, failed cnt: 14
[info] position not increasing, failed cnt: 15
[info] position not increasing, failed cnt: 16
[info] position not increasing, failed cnt: 17
[info] position not increasing, failed cnt: 18
[info] position not increasing, failed cnt: 19
[info] position not increasing, failed cnt: 20
[info] position not increasing, failed cnt: 21
[info] position not increasing, failed cnt: 22
[info] position not increasing, failed cnt: 23
[info] position not increasing, failed cnt: 24
[info] position not increasing, failed cnt: 25
[info] position not increasing, failed cnt: 26
[info] position not increasing, failed cnt: 27
[info] position not increasing, failed cnt: 28
[info] position not increasing, failed cnt: 29
[info] position not increasing, failed cnt: 30
[info] position not increasing, failed cnt: 31
[info] position not increasing, failed cnt: 32
[info] position not increasing, failed cnt: 33
[info] position not increasing, failed cnt: 34
[info] position not increasing, failed cnt: 35
[info] position not increasing, failed cnt: 36
[info] position not increasing, failed cnt: 37
[info] position not increasing, failed cnt: 38
[info] position not increasing, failed cnt: 39
[info] position not increasing, failed cnt: 40
[info] position not increasing, failed cnt: 41
[info] position not increasing, failed cnt: 42
[info] position not increasing, failed cnt: 43
[info] position not increasing, failed cnt: 44
[info] position not increasing, failed cnt: 45
[info] position not increasing, failed cnt: 46
[info] position not increasing, failed cnt: 47
[info] position not increasing, failed cnt: 48
[info] position not increasing, failed cnt: 49
[info] position not increasing, failed cnt: 50
[info] position not increasing, failed cnt: 51
[info] position not increasing, failed cnt: 52
[info] position not increasing, failed cnt: 53
[info] position not increasing, failed cnt: 54
[info] position not increasing, failed cnt: 55
[info] position not increasing, failed cnt: 56
[info] position not increasing, failed cnt: 57
[info] position not increasing, failed cnt: 58
[info] position not increasing, failed cnt: 59
[info] position not increasing, failed cnt: 60
[info] position not increasing, failed cnt: 61
[info] position not increasing, failed cnt: 62
[info] position not increasing, failed cnt: 63
[info] position not increasing, failed cnt: 64
[info] position not increasing, failed cnt: 65
[info] position not increasing, failed cnt: 66
[info] position not increasing, failed cnt: 67
[info] position not increasing, failed cnt: 68
[info] position not increasing, failed cnt: 69
[info] position not increasing, failed cnt: 70
[info] position not increasing, failed cnt: 71
[info] position not increasing, failed cnt: 72
[info] position not increasing, failed cnt: 73
[info] position not increasing, failed cnt: 74
[info] position not increasing, failed cnt: 75
[info] position not increasing, failed cnt: 76
[info] position not increasing, failed cnt: 77
[info] position not increasing, failed cnt: 78
[info] position not increasing, failed cnt: 79
[info] position not increasing, failed cnt: 80
[info] position not increasing, failed cnt: 81
[info] position not increasing, failed cnt: 82
[info] position not increasing, failed cnt: 83
[info] position not increasing, failed cnt: 84
[info] position not increasing, failed cnt: 85
[info] position not increasing, failed cnt: 86
[info] position not increasing, failed cnt: 87
[info] position not increasing, failed cnt: 88
[info] position not increasing, failed cnt: 89
[info] position not increasing, failed cnt: 90
[info] position not increasing, failed cnt: 91
[info] position not increasing, failed cnt: 92
[info] position not increasing, failed cnt: 93
[info] position not increasing, failed cnt: 94
[info] position not increasing, failed cnt: 95
[info] position not increasing, failed cnt: 96
[info] position not increasing, failed cnt: 97
[info] position not increasing, failed cnt: 98
[info] position not increasing, failed cnt: 99
[info] position not increasing, failed cnt: 100
[info] position not increasing, failed cnt: 101
[info] position not increasing, failed cnt: 102
[info] position not increasing, failed cnt: 103
[info] position not increasing, failed cnt: 104
[info] position not increasing, failed cnt: 105
[info] position not increasing, failed cnt: 106
[info] position not increasing, failed cnt: 107
[info] position not increasing, failed cnt: 108
[info] position not increasing, failed cnt: 109
[info] position not increasing, failed cnt: 110
[info] position not increasing, failed cnt: 111
[info] position not increasing, failed cnt: 112
[info] position not increasing, failed cnt: 113
[info] position not increasing, failed cnt: 114
[info] position not increasing, failed cnt: 115
[info] position not increasing, failed cnt: 116
[info] position not increasing, failed cnt: 117
[info] position not increasing, failed cnt: 118
[info] position not increasing, failed cnt: 119
[info] position not increasing, failed cnt: 120
[info] position not increasing, failed cnt: 121
[info] position not increasing, failed cnt: 122
[info] position not increasing, failed cnt: 123
[info] position not increasing, failed cnt: 124
[info] position not increasing, failed cnt: 125
[info] position not increasing, failed cnt: 126
[info] position not increasing, failed cnt: 127
[info] position not increasing, failed cnt: 128
[FATAL] model stuck, exiting ...
-- generated events: 661
-- time elapsed: 2.92 secs
-- generated events: 222
-- time elapsed: 0.83 secs
1ong56tLkuTP0YuTxYAr9F orig S3 ok=True fail=None 6.96s
[info] position not increasing, failed cnt: 1
[info] position not increasing, failed cnt: 2
[info] position not increasing, failed cnt: 3
[info] position not increasing, failed cnt: 4
[info] position not increasing, failed cnt: 5
[info] position not increasing, failed cnt: 6
[info] position not increasing, failed cnt: 7
[info] position not increasing, failed cnt: 8
[info] position not increasing, failed cnt: 9
[info] position not increasing, failed cnt: 10
[info] position not increasing, failed cnt: 11
[info] position not increasing, failed cnt: 12
[info] position not increasing, failed cnt: 13
[info] position not increasing, failed cnt: 14
[info] position not increasing, failed cnt: 15
[info] position not increasing, failed cnt: 16
[info] position not increasing, failed cnt: 17
[info] position not increasing, failed cnt: 18
[info] position not increasing, failed cnt: 19
[info] position not increasing, failed cnt: 20
[info] position not increasing, failed cnt: 21
[info] position not increasing, failed cnt: 22
[info] position not increasing, failed cnt: 23
[info] position not increasing, failed cnt: 24
[info] position not increasing, failed cnt: 25
[info] position not increasing, failed cnt: 26
[info] position not increasing, failed cnt: 27
[info] position not increasing, failed cnt: 28
[info] position not increasing, failed cnt: 29
[info] position not increasing, failed cnt: 30
[info] position not increasing, failed cnt: 31
[info] position not increasing, failed cnt: 32
[info] position not increasing, failed cnt: 33
[info] position not increasing, failed cnt: 34
[info] position not increasing, failed cnt: 35
[info] position not increasing, failed cnt: 36
[info] position not increasing, failed cnt: 37
[info] position not increasing, failed cnt: 38
[info] position not increasing, failed cnt: 39
[info] position not increasing, failed cnt: 40
[info] position not increasing, failed cnt: 41
[info] position not increasing, failed cnt: 42
[info] position not increasing, failed cnt: 43
[info] position not increasing, failed cnt: 44
[info] position not increasing, failed cnt: 45
[info] position not increasing, failed cnt: 46
[info] position not increasing, failed cnt: 47
[info] position not increasing, failed cnt: 48
[info] position not increasing, failed cnt: 49
[info] position not increasing, failed cnt: 50
[info] position not increasing, failed cnt: 51
[info] position not increasing, failed cnt: 52
[info] position not increasing, failed cnt: 53
[info] position not increasing, failed cnt: 54
[info] position not increasing, failed cnt: 55
[info] position not increasing, failed cnt: 56
[info] position not increasing, failed cnt: 57
[info] position not increasing, failed cnt: 58
[info] position not increasing, failed cnt: 59
[info] position not increasing, failed cnt: 60
[info] position not increasing, failed cnt: 61
[info] position not increasing, failed cnt: 62
[info] position not increasing, failed cnt: 63
[info] position not increasing, failed cnt: 64
[info] position not increasing, failed cnt: 65
[info] position not increasing, failed cnt: 66
[info] position not increasing, failed cnt: 67
[info] position not increasing, failed cnt: 68
[info] position not increasing, failed cnt: 69
[info] position not increasing, failed cnt: 70
[info] position not increasing, failed cnt: 71
[info] position not increasing, failed cnt: 72
[info] position not increasing, failed cnt: 73
[info] position not increasing, failed cnt: 74
[info] position not increasing, failed cnt: 75
[info] position not increasing, failed cnt: 76
[info] position not increasing, failed cnt: 77
[info] position not increasing, failed cnt: 78
[info] position not increasing, failed cnt: 79
[info] position not increasing, failed cnt: 80
[info] position not increasing, failed cnt: 81
[info] position not increasing, failed cnt: 82
[info] position not increasing, failed cnt: 83
[info] position not increasing, failed cnt: 84
[info] position not increasing, failed cnt: 85
[info] position not increasing, failed cnt: 86
[info] position not increasing, failed cnt: 87
[info] position not increasing, failed cnt: 88
[info] position not increasing, failed cnt: 89
[info] position not increasing, failed cnt: 90
[info] position not increasing, failed cnt: 91
[info] position not increasing, failed cnt: 92
[info] position not increasing, failed cnt: 93
[info] position not increasing, failed cnt: 94
[info] position not increasing, failed cnt: 95
[info] position not increasing, failed cnt: 96
[info] position not increasing, failed cnt: 97
[info] position not increasing, failed cnt: 98
[info] position not increasing, failed cnt: 99
[info] position not increasing, failed cnt: 100
[info] position not increasing, failed cnt: 101
[info] position not increasing, failed cnt: 102
[info] position not increasing, failed cnt: 103
[info] position not increasing, failed cnt: 104
[info] position not increasing, failed cnt: 105
[info] position not increasing, failed cnt: 106
[info] position not increasing, failed cnt: 107
[info] position not increasing, failed cnt: 108
[info] position not increasing, failed cnt: 109
[info] position not increasing, failed cnt: 110
[info] position not increasing, failed cnt: 111
[info] position not increasing, failed cnt: 112
[info] position not increasing, failed cnt: 113
[info] position not increasing, failed cnt: 114
[info] position not increasing, failed cnt: 115
[info] position not increasing, failed cnt: 116
[info] position not increasing, failed cnt: 117
[info] position not increasing, failed cnt: 118
[info] position not increasing, failed cnt: 119
[info] position not increasing, failed cnt: 120
[info] position not increasing, failed cnt: 121
[info] position not increasing, failed cnt: 122
[info] position not increasing, failed cnt: 123
[info] position not increasing, failed cnt: 124
[info] position not increasing, failed cnt: 125
[info] position not increasing, failed cnt: 126
[info] position not increasing, failed cnt: 127
[info] position not increasing, failed cnt: 128
[FATAL] model stuck, exiting ...
-- generated events: 565
-- time elapsed: 2.36 secs
-- generated events: 488
-- time elapsed: 1.97 secs
1qcgbHATg4tVyVqudr2pxK orig S3 ok=True fail=None 5.7s
-- generated events: 696
-- time elapsed: 3.13 secs
1sVsi9Q7g5zYcw3Aj90bcc orig S3 ok=True fail=None 3.18s
-- generated events: 1087
-- time elapsed: 6.33 secs
1tKSEmbS7vmv7cFc24sjlI orig S3 ok=True fail=None 6.38s
-- generated events: 485
-- time elapsed: 1.96 secs
-- generated events: 795
-- time elapsed: 3.80 secs
1tlU1rCRQ7gzHWk0frnlVj orig S3 ok=True fail=None 5.87s
-- generated events: 897
-- time elapsed: 4.57 secs
[info] position not increasing, failed cnt: 1
-- generated events: 778
-- time elapsed: 3.69 secs
1z51mKj5nHYxrGCEq6c3Eq orig S3 ok=True fail=None 8.37s
-- generated events: 802
-- time elapsed: 3.85 secs
-- generated events: 268
-- time elapsed: 1.02 secs
1zsXjmo39vHJkLW8FJVB0t orig S3 ok=True fail=None 4.97s
-- generated events: 613
-- time elapsed: 2.63 secs
-- generated events: 554
-- time elapsed: 2.30 secs
20WNhehqO6xfLVktkDefs2 orig S3 ok=True fail=None 5.03s
[info] position not increasing, failed cnt: 1
[info] position not increasing, failed cnt: 2
[info] position not increasing, failed cnt: 3
[info] position not increasing, failed cnt: 4
[info] position not increasing, failed cnt: 5
[info] position not increasing, failed cnt: 6
[info] position not increasing, failed cnt: 7
[info] position not increasing, failed cnt: 8
[info] position not increasing, failed cnt: 9
[info] position not increasing, failed cnt: 10
[info] position not increasing, failed cnt: 11
[info] position not increasing, failed cnt: 12
[info] position not increasing, failed cnt: 13
[info] position not increasing, failed cnt: 14
[info] position not increasing, failed cnt: 15
[info] position not increasing, failed cnt: 16
[info] position not increasing, failed cnt: 17
[info] position not increasing, failed cnt: 18
[info] position not increasing, failed cnt: 19
[info] position not increasing, failed cnt: 20
[info] position not increasing, failed cnt: 21
[info] position not increasing, failed cnt: 22
[info] position not increasing, failed cnt: 23
[info] position not increasing, failed cnt: 24
[info] position not increasing, failed cnt: 25
[info] position not increasing, failed cnt: 26
[info] position not increasing, failed cnt: 27
[info] position not increasing, failed cnt: 28
[info] position not increasing, failed cnt: 29
[info] position not increasing, failed cnt: 30
[info] position not increasing, failed cnt: 31
[info] position not increasing, failed cnt: 32
[info] position not increasing, failed cnt: 33
[info] position not increasing, failed cnt: 34
[info] position not increasing, failed cnt: 35
[info] position not increasing, failed cnt: 36
[info] position not increasing, failed cnt: 37
[info] position not increasing, failed cnt: 38
[info] position not increasing, failed cnt: 39
[info] position not increasing, failed cnt: 40
[info] position not increasing, failed cnt: 41
[info] position not increasing, failed cnt: 42
[info] position not increasing, failed cnt: 43
[info] position not increasing, failed cnt: 44
[info] position not increasing, failed cnt: 45
[info] position not increasing, failed cnt: 46
[info] position not increasing, failed cnt: 47
[info] position not increasing, failed cnt: 48
[info] position not increasing, failed cnt: 49
[info] position not increasing, failed cnt: 50
[info] position not increasing, failed cnt: 51
[info] position not increasing, failed cnt: 52
[info] position not increasing, failed cnt: 53
[info] position not increasing, failed cnt: 54
[info] position not increasing, failed cnt: 55
[info] position not increasing, failed cnt: 56
[info] position not increasing, failed cnt: 57
[info] position not increasing, failed cnt: 58
[info] position not increasing, failed cnt: 59
[info] position not increasing, failed cnt: 60
[info] position not increasing, failed cnt: 61
[info] position not increasing, failed cnt: 62
[info] position not increasing, failed cnt: 63
[info] position not increasing, failed cnt: 64
[info] position not increasing, failed cnt: 65
[info] position not increasing, failed cnt: 66
[info] position not increasing, failed cnt: 67
[info] position not increasing, failed cnt: 68
[info] position not increasing, failed cnt: 69
[info] position not increasing, failed cnt: 70
[info] position not increasing, failed cnt: 71
[info] position not increasing, failed cnt: 72
[info] position not increasing, failed cnt: 73
[info] position not increasing, failed cnt: 74
[info] position not increasing, failed cnt: 75
[info] position not increasing, failed cnt: 76
[info] position not increasing, failed cnt: 77
[info] position not increasing, failed cnt: 78
[info] position not increasing, failed cnt: 79
[info] position not increasing, failed cnt: 80
[info] position not increasing, failed cnt: 81
[info] position not increasing, failed cnt: 82
[info] position not increasing, failed cnt: 83
[info] position not increasing, failed cnt: 84
[info] position not increasing, failed cnt: 85
[info] position not increasing, failed cnt: 86
[info] position not increasing, failed cnt: 87
[info] position not increasing, failed cnt: 88
[info] position not increasing, failed cnt: 89
[info] position not increasing, failed cnt: 90
[info] position not increasing, failed cnt: 91
[info] position not increasing, failed cnt: 92
[info] position not increasing, failed cnt: 93
[info] position not increasing, failed cnt: 94
[info] position not increasing, failed cnt: 95
[info] position not increasing, failed cnt: 96
[info] position not increasing, failed cnt: 97
[info] position not increasing, failed cnt: 98
[info] position not increasing, failed cnt: 99
[info] position not increasing, failed cnt: 100
[info] position not increasing, failed cnt: 101
[info] position not increasing, failed cnt: 102
[info] position not increasing, failed cnt: 103
[info] position not increasing, failed cnt: 104
[info] position not increasing, failed cnt: 105
[info] position not increasing, failed cnt: 106
[info] position not increasing, failed cnt: 107
[info] position not increasing, failed cnt: 108
[info] position not increasing, failed cnt: 109
[info] position not increasing, failed cnt: 110
[info] position not increasing, failed cnt: 111
[info] position not increasing, failed cnt: 112
[info] position not increasing, failed cnt: 113
[info] position not increasing, failed cnt: 114
[info] position not increasing, failed cnt: 115
[info] position not increasing, failed cnt: 116
[info] position not increasing, failed cnt: 117
[info] position not increasing, failed cnt: 118
[info] position not increasing, failed cnt: 119
[info] position not increasing, failed cnt: 120
[info] position not increasing, failed cnt: 121
[info] position not increasing, failed cnt: 122
[info] position not increasing, failed cnt: 123
[info] position not increasing, failed cnt: 124
[info] position not increasing, failed cnt: 125
[info] position not increasing, failed cnt: 126
[info] position not increasing, failed cnt: 127
[info] position not increasing, failed cnt: 128
[FATAL] model stuck, exiting ...
[info] position not increasing, failed cnt: 1
[info] position not increasing, failed cnt: 2
[info] position not increasing, failed cnt: 3
[info] position not increasing, failed cnt: 4
[info] position not increasing, failed cnt: 5
[info] position not increasing, failed cnt: 6
[info] position not increasing, failed cnt: 7
[info] position not increasing, failed cnt: 8
[info] position not increasing, failed cnt: 9
[info] position not increasing, failed cnt: 10
[info] position not increasing, failed cnt: 11
[info] position not increasing, failed cnt: 12
[info] position not increasing, failed cnt: 13
[info] position not increasing, failed cnt: 14
[info] position not increasing, failed cnt: 15
[info] position not increasing, failed cnt: 16
[info] position not increasing, failed cnt: 17
[info] position not increasing, failed cnt: 18
[info] position not increasing, failed cnt: 19
[info] position not increasing, failed cnt: 20
[info] position not increasing, failed cnt: 21
[info] position not increasing, failed cnt: 22
[info] position not increasing, failed cnt: 23
[info] position not increasing, failed cnt: 24
[info] position not increasing, failed cnt: 25
[info] position not increasing, failed cnt: 26
[info] position not increasing, failed cnt: 27
[info] position not increasing, failed cnt: 28
[info] position not increasing, failed cnt: 29
[info] position not increasing, failed cnt: 30
[info] position not increasing, failed cnt: 31
[info] position not increasing, failed cnt: 32
[info] position not increasing, failed cnt: 33
[info] position not increasing, failed cnt: 34
[info] position not increasing, failed cnt: 35
[info] position not increasing, failed cnt: 36
[info] position not increasing, failed cnt: 37
[info] position not increasing, failed cnt: 38
[info] position not increasing, failed cnt: 39
[info] position not increasing, failed cnt: 40
[info] position not increasing, failed cnt: 41
[info] position not increasing, failed cnt: 42
[info] position not increasing, failed cnt: 43
[info] position not increasing, failed cnt: 44
[info] position not increasing, failed cnt: 45
[info] position not increasing, failed cnt: 46
[info] position not increasing, failed cnt: 47
[info] position not increasing, failed cnt: 48
[info] position not increasing, failed cnt: 49
[info] position not increasing, failed cnt: 50
[info] position not increasing, failed cnt: 51
[info] position not increasing, failed cnt: 52
[info] position not increasing, failed cnt: 53
[info] position not increasing, failed cnt: 54
[info] position not increasing, failed cnt: 55
[info] position not increasing, failed cnt: 56
[info] position not increasing, failed cnt: 57
[info] position not increasing, failed cnt: 58
[info] position not increasing, failed cnt: 59
[info] position not increasing, failed cnt: 60
[info] position not increasing, failed cnt: 61
[info] position not increasing, failed cnt: 62
[info] position not increasing, failed cnt: 63
[info] position not increasing, failed cnt: 64
[info] position not increasing, failed cnt: 65
[info] position not increasing, failed cnt: 66
[info] position not increasing, failed cnt: 67
[info] position not increasing, failed cnt: 68
[info] position not increasing, failed cnt: 69
[info] position not increasing, failed cnt: 70
[info] position not increasing, failed cnt: 71
[info] position not increasing, failed cnt: 72
[info] position not increasing, failed cnt: 73
[info] position not increasing, failed cnt: 74
[info] position not increasing, failed cnt: 75
[info] position not increasing, failed cnt: 76
[info] position not increasing, failed cnt: 77
[info] position not increasing, failed cnt: 78
[info] position not increasing, failed cnt: 79
[info] position not increasing, failed cnt: 80
[info] position not increasing, failed cnt: 81
[info] position not increasing, failed cnt: 82
[info] position not increasing, failed cnt: 83
[info] position not increasing, failed cnt: 84
[info] position not increasing, failed cnt: 85
[info] position not increasing, failed cnt: 86
[info] position not increasing, failed cnt: 87
[info] position not increasing, failed cnt: 88
[info] position not increasing, failed cnt: 89
[info] position not increasing, failed cnt: 90
[info] position not increasing, failed cnt: 91
[info] position not increasing, failed cnt: 92
[info] position not increasing, failed cnt: 93
[info] position not increasing, failed cnt: 94
[info] position not increasing, failed cnt: 95
[info] position not increasing, failed cnt: 96
[info] position not increasing, failed cnt: 97
[info] position not increasing, failed cnt: 98
[info] position not increasing, failed cnt: 99
[info] position not increasing, failed cnt: 100
[info] position not increasing, failed cnt: 101
[info] position not increasing, failed cnt: 102
[info] position not increasing, failed cnt: 103
[info] position not increasing, failed cnt: 104
[info] position not increasing, failed cnt: 105
[info] position not increasing, failed cnt: 106
[info] position not increasing, failed cnt: 107
[info] position not increasing, failed cnt: 108
[info] position not increasing, failed cnt: 109
[info] position not increasing, failed cnt: 110
[info] position not increasing, failed cnt: 111
[info] position not increasing, failed cnt: 112
[info] position not increasing, failed cnt: 113
[info] position not increasing, failed cnt: 114
[info] position not increasing, failed cnt: 115
[info] position not increasing, failed cnt: 116
[info] position not increasing, failed cnt: 117
[info] position not increasing, failed cnt: 118
[info] position not increasing, failed cnt: 119
[info] position not increasing, failed cnt: 120
[info] position not increasing, failed cnt: 121
[info] position not increasing, failed cnt: 122
[info] position not increasing, failed cnt: 123
[info] position not increasing, failed cnt: 124
[info] position not increasing, failed cnt: 125
[info] position not increasing, failed cnt: 126
[info] position not increasing, failed cnt: 127
[info] position not increasing, failed cnt: 128
[FATAL] model stuck, exiting ...
-- generated events: 1143
-- time elapsed: 7.94 secs
-- generated events: 214
-- time elapsed: 0.80 secs
255drLOJ94rmt1SDRj6H3N orig S3 ok=True fail=None 22.81s
-- generated events: 683
-- time elapsed: 3.06 secs
-- generated events: 506
-- time elapsed: 2.07 secs
-- generated events: 863
-- time elapsed: 4.29 secs
-- generated events: 285
-- time elapsed: 1.09 secs
27o7ErWiozSj47o3dnPvVf orig S3 ok=True fail=None 10.71s
-- generated events: 570
-- time elapsed: 2.38 secs
-- generated events: 745
-- time elapsed: 3.45 secs
-- generated events: 624
-- time elapsed: 2.71 secs
-- generated events: 446
-- time elapsed: 1.78 secs
28I269iDvkDyb2Fqo2p1TI orig S3 ok=True fail=None 10.52s
-- generated events: 931
-- time elapsed: 4.85 secs
-- generated events: 764
-- time elapsed: 3.58 secs
28IzuspwIj6C8XAOoIJ1Wp orig S3 ok=True fail=None 8.54s
[info] position not increasing, failed cnt: 1
[info] position not increasing, failed cnt: 2
[info] position not increasing, failed cnt: 3
[info] position not increasing, failed cnt: 4
[info] position not increasing, failed cnt: 5
[info] position not increasing, failed cnt: 6
[info] position not increasing, failed cnt: 7
[info] position not increasing, failed cnt: 8
[info] position not increasing, failed cnt: 9
[info] position not increasing, failed cnt: 10
[info] position not increasing, failed cnt: 11
[info] position not increasing, failed cnt: 12
[info] position not increasing, failed cnt: 13
[info] position not increasing, failed cnt: 14
[info] position not increasing, failed cnt: 15
[info] position not increasing, failed cnt: 16
[info] position not increasing, failed cnt: 17
[info] position not increasing, failed cnt: 18
[info] position not increasing, failed cnt: 19
[info] position not increasing, failed cnt: 20
[info] position not increasing, failed cnt: 21
[info] position not increasing, failed cnt: 22
[info] position not increasing, failed cnt: 23
[info] position not increasing, failed cnt: 24
[info] position not increasing, failed cnt: 25
[info] position not increasing, failed cnt: 26
[info] position not increasing, failed cnt: 27
[info] position not increasing, failed cnt: 28
[info] position not increasing, failed cnt: 29
[info] position not increasing, failed cnt: 30
[info] position not increasing, failed cnt: 31
[info] position not increasing, failed cnt: 32
[info] position not increasing, failed cnt: 33
[info] position not increasing, failed cnt: 34
[info] position not increasing, failed cnt: 35
[info] position not increasing, failed cnt: 36
[info] position not increasing, failed cnt: 37
[info] position not increasing, failed cnt: 38
[info] position not increasing, failed cnt: 39
[info] position not increasing, failed cnt: 40
[info] position not increasing, failed cnt: 41
[info] position not increasing, failed cnt: 42
[info] position not increasing, failed cnt: 43
[info] position not increasing, failed cnt: 44
[info] position not increasing, failed cnt: 45
[info] position not increasing, failed cnt: 46
[info] position not increasing, failed cnt: 47
[info] position not increasing, failed cnt: 48
[info] position not increasing, failed cnt: 49
[info] position not increasing, failed cnt: 50
[info] position not increasing, failed cnt: 51
[info] position not increasing, failed cnt: 52
[info] position not increasing, failed cnt: 53
[info] position not increasing, failed cnt: 54
[info] position not increasing, failed cnt: 55
[info] position not increasing, failed cnt: 56
[info] position not increasing, failed cnt: 57
[info] position not increasing, failed cnt: 58
[info] position not increasing, failed cnt: 59
[info] position not increasing, failed cnt: 60
[info] position not increasing, failed cnt: 61
[info] position not increasing, failed cnt: 62
[info] position not increasing, failed cnt: 63
[info] position not increasing, failed cnt: 64
[info] position not increasing, failed cnt: 65
[info] position not increasing, failed cnt: 66
[info] position not increasing, failed cnt: 67
[info] position not increasing, failed cnt: 68
[info] position not increasing, failed cnt: 69
[info] position not increasing, failed cnt: 70
[info] position not increasing, failed cnt: 71
[info] position not increasing, failed cnt: 72
[info] position not increasing, failed cnt: 73
[info] position not increasing, failed cnt: 74
[info] position not increasing, failed cnt: 75
[info] position not increasing, failed cnt: 76
[info] position not increasing, failed cnt: 77
[info] position not increasing, failed cnt: 78
[info] position not increasing, failed cnt: 79
[info] position not increasing, failed cnt: 80
[info] position not increasing, failed cnt: 81
[info] position not increasing, failed cnt: 82
[info] position not increasing, failed cnt: 83
[info] position not increasing, failed cnt: 84
[info] position not increasing, failed cnt: 85
[info] position not increasing, failed cnt: 86
[info] position not increasing, failed cnt: 87
[info] position not increasing, failed cnt: 88
[info] position not increasing, failed cnt: 89
[info] position not increasing, failed cnt: 90
[info] position not increasing, failed cnt: 91
[info] position not increasing, failed cnt: 92
[info] position not increasing, failed cnt: 93
[info] position not increasing, failed cnt: 94
[info] position not increasing, failed cnt: 95
[info] position not increasing, failed cnt: 96
[info] position not increasing, failed cnt: 97
[info] position not increasing, failed cnt: 98
[info] position not increasing, failed cnt: 99
[info] position not increasing, failed cnt: 100
[info] position not increasing, failed cnt: 101
[info] position not increasing, failed cnt: 102
[info] position not increasing, failed cnt: 103
[info] position not increasing, failed cnt: 104
[info] position not increasing, failed cnt: 105
[info] position not increasing, failed cnt: 106
[info] position not increasing, failed cnt: 107
[info] position not increasing, failed cnt: 108
[info] position not increasing, failed cnt: 109
[info] position not increasing, failed cnt: 110
[info] position not increasing, failed cnt: 111
[info] position not increasing, failed cnt: 112
[info] position not increasing, failed cnt: 113
[info] position not increasing, failed cnt: 114
[info] position not increasing, failed cnt: 115
[info] position not increasing, failed cnt: 116
[info] position not increasing, failed cnt: 117
[info] position not increasing, failed cnt: 118
[info] position not increasing, failed cnt: 119
[info] position not increasing, failed cnt: 120
[info] position not increasing, failed cnt: 121
[info] position not increasing, failed cnt: 122
[info] position not increasing, failed cnt: 123
[info] position not increasing, failed cnt: 124
[info] position not increasing, failed cnt: 125
[info] position not increasing, failed cnt: 126
[info] position not increasing, failed cnt: 127
[info] position not increasing, failed cnt: 128
[FATAL] model stuck, exiting ...
-- generated events: 864
-- time elapsed: 4.30 secs
-- generated events: 789
-- time elapsed: 3.75 secs
2Ao4GCbjB6dejFu7OWyDuc orig S3 ok=True fail=None 10.05s
-- generated events: 632
-- time elapsed: 2.74 secs
-- generated events: 305
-- time elapsed: 1.18 secs
2BOyzQctN9FQpLfNM9GHQW orig S3 ok=True fail=None 4.02s
-- generated events: 1069
-- time elapsed: 6.17 secs
-- generated events: 461
-- time elapsed: 1.84 secs
2CBn4vqG1420rIiELQRmZW orig S3 ok=True fail=None 8.11s
2CowpOAsDHkhMHQRknInwx orig S3 ok=False fail=unsupported_meter 0.0s
-- generated events: 712
-- time elapsed: 3.23 secs
-- generated events: 1160
-- time elapsed: 7.28 secs
-- generated events: 679
-- time elapsed: 3.02 secs
2HVhqSDfh4XVdrRJuwpG6x orig S3 ok=True fail=None 13.69s
[info] position not increasing, failed cnt: 1
-- generated events: 809
-- time elapsed: 3.90 secs
-- generated events: 873
-- time elapsed: 4.37 secs
-- generated events: 107
-- time elapsed: 0.38 secs
2MAwZYWDPVFHl7OFJ2vtS8 orig S3 ok=True fail=None 8.8s
2Pg6rODAW3EZCCBgE8iPZq orig S3 ok=False fail=unsupported_meter 0.0s
-- generated events: 873
-- time elapsed: 4.37 secs
-- generated events: 152
-- time elapsed: 0.56 secs
2TSoqk7lI5AomIgffxCw4g orig S3 ok=True fail=None 5.02s
-- generated events: 629
-- time elapsed: 2.72 secs
-- generated events: 179
-- time elapsed: 0.66 secs
2Wcz0tFIoJn6xEzVQkOlDR orig S3 ok=True fail=None 3.47s
-- generated events: 690
-- time elapsed: 3.08 secs
-- generated events: 883
-- time elapsed: 4.44 secs
2YSqK9S0SZjulBJdc9BYuu orig S3 ok=True fail=None 7.63s
-- generated events: 855
-- time elapsed: 4.22 secs
-- generated events: 683
-- time elapsed: 3.05 secs
2alKIQAr2MPs28ZI5AHvJB orig S3 ok=True fail=None 7.38s
-- generated events: 623
-- time elapsed: 2.68 secs
-- generated events: 574
-- time elapsed: 2.40 secs
2dNIwWWsu0zmvKgHlE43dG orig S3 ok=True fail=None 5.18s
-- generated events: 604
-- time elapsed: 2.57 secs
-- generated events: 155
-- time elapsed: 0.57 secs
2doqLn2sfIhgoUB2DaLRiv orig S3 ok=True fail=None 3.23s
-- generated events: 940
-- time elapsed: 4.93 secs
2fqUJToyhc6bzIXootn4nv orig S3 ok=True fail=None 4.98s
[info] position not increasing, failed cnt: 1
-- generated events: 1037
-- time elapsed: 5.82 secs
-- generated events: 283
-- time elapsed: 1.08 secs
2fx7D86fwFlVfBJSGhuZFg orig S3 ok=True fail=None 7.0s
-- generated events: 791
-- time elapsed: 3.77 secs
-- generated events: 585
-- time elapsed: 2.47 secs
-- generated events: 243
-- time elapsed: 0.92 secs
2gDzOOf3ElxOa1v6g0Xk7M orig S3 ok=True fail=None 7.3s
-- generated events: 474
-- time elapsed: 1.91 secs
2gmcPtNdcxvNqs0CJRGgel orig S3 ok=True fail=None 1.96s
-- generated events: 1046
-- time elapsed: 5.90 secs
-- generated events: 204
-- time elapsed: 0.76 secs
2jnjsOk91pDjhn7AI9C7eC orig S3 ok=True fail=None 6.76s
[info] error EOS occurs, failed eos: 1
-- generated events: 988
-- time elapsed: 5.36 secs
-- generated events: 250
-- time elapsed: 0.94 secs
2kNj4xVed7CbulRhF3C4nT orig S3 ok=True fail=None 6.41s
-- generated events: 972
-- time elapsed: 5.20 secs
-- generated events: 385
-- time elapsed: 1.52 secs
2mwrlsAA6AzX0AgheZBF41 orig S3 ok=True fail=None 6.82s
-- generated events: 812
-- time elapsed: 3.92 secs
-- generated events: 443
-- time elapsed: 1.77 secs
2nGGovqWeOxXH2WbnoS3RX orig S3 ok=True fail=None 5.79s
-- generated events: 948
-- time elapsed: 4.98 secs
-- generated events: 183
-- time elapsed: 0.67 secs
2r6PR48twaBEyqvTggRzZa orig S3 ok=True fail=None 5.75s
-- generated events: 906
-- time elapsed: 4.62 secs
-- generated events: 763
-- time elapsed: 3.57 secs
2rwYS769lcaMmFpqzR2bBZ orig S3 ok=True fail=None 8.3s
-- generated events: 554
-- time elapsed: 2.30 secs
-- generated events: 214
-- time elapsed: 0.80 secs
2vnn9onO7sQBevG0O2iPHi orig S3 ok=True fail=None 3.2s
-- generated events: 920
-- time elapsed: 4.76 secs
-- generated events: 880
-- time elapsed: 4.44 secs
2xtwnA7wTLBrUYKe3p58oe orig S3 ok=True fail=None 9.31s
-- generated events: 880
-- time elapsed: 4.44 secs
-- generated events: 205
-- time elapsed: 0.76 secs
2y0wImEpj5p6SxBmY0opQN orig S3 ok=True fail=None 5.3s
[info] error EOS occurs, failed eos: 1
[info] error EOS occurs, failed eos: 2
[info] error EOS occurs, failed eos: 3
[info] error EOS occurs, failed eos: 4
[info] error EOS occurs, failed eos: 5
[info] error EOS occurs, failed eos: 6
[info] error EOS occurs, failed eos: 7
[info] error EOS occurs, failed eos: 8
[info] error EOS occurs, failed eos: 9
[info] error EOS occurs, failed eos: 10
[info] error EOS occurs, failed eos: 11
[info] error EOS occurs, failed eos: 12
[info] error EOS occurs, failed eos: 13
[info] error EOS occurs, failed eos: 14
[info] error EOS occurs, failed eos: 15
[info] error EOS occurs, failed eos: 16
[info] error EOS occurs, failed eos: 17
[info] error EOS occurs, failed eos: 18
[info] error EOS occurs, failed eos: 19
[info] error EOS occurs, failed eos: 20
[info] error EOS occurs, failed eos: 21
[info] error EOS occurs, failed eos: 22
[info] error EOS occurs, failed eos: 23
[info] error EOS occurs, failed eos: 24
[info] error EOS occurs, failed eos: 25
[info] error EOS occurs, failed eos: 26
[info] error EOS occurs, failed eos: 27
[info] error EOS occurs, failed eos: 28
[info] error EOS occurs, failed eos: 29
[info] error EOS occurs, failed eos: 30
[info] error EOS occurs, failed eos: 31
[info] error EOS occurs, failed eos: 32
[info] error EOS occurs, failed eos: 33
[info] error EOS occurs, failed eos: 34
[info] error EOS occurs, failed eos: 35
[info] error EOS occurs, failed eos: 36
[info] error EOS occurs, failed eos: 37
[info] error EOS occurs, failed eos: 38
[info] error EOS occurs, failed eos: 39
[info] error EOS occurs, failed eos: 40
[info] error EOS occurs, failed eos: 41
[info] error EOS occurs, failed eos: 42
[info] error EOS occurs, failed eos: 43
[info] error EOS occurs, failed eos: 44
[info] error EOS occurs, failed eos: 45
[info] error EOS occurs, failed eos: 46
[info] error EOS occurs, failed eos: 47
[info] error EOS occurs, failed eos: 48
[info] error EOS occurs, failed eos: 49
[info] error EOS occurs, failed eos: 50
[info] error EOS occurs, failed eos: 51
[info] error EOS occurs, failed eos: 52
[info] error EOS occurs, failed eos: 53
[info] error EOS occurs, failed eos: 54
[info] error EOS occurs, failed eos: 55
[info] error EOS occurs, failed eos: 56
[info] error EOS occurs, failed eos: 57
[info] error EOS occurs, failed eos: 58
[info] error EOS occurs, failed eos: 59
[info] error EOS occurs, failed eos: 60
[info] error EOS occurs, failed eos: 61
[info] error EOS occurs, failed eos: 62
[info] error EOS occurs, failed eos: 63
[info] error EOS occurs, failed eos: 64
[info] error EOS occurs, failed eos: 65
[info] error EOS occurs, failed eos: 66
[info] error EOS occurs, failed eos: 67
[info] error EOS occurs, failed eos: 68
[info] error EOS occurs, failed eos: 69
[info] error EOS occurs, failed eos: 70
[info] error EOS occurs, failed eos: 71
[info] error EOS occurs, failed eos: 72
[info] error EOS occurs, failed eos: 73
[info] error EOS occurs, failed eos: 74
[info] error EOS occurs, failed eos: 75
[info] error EOS occurs, failed eos: 76
[info] error EOS occurs, failed eos: 77
[info] error EOS occurs, failed eos: 78
[info] error EOS occurs, failed eos: 79
[info] error EOS occurs, failed eos: 80
[info] error EOS occurs, failed eos: 81
[info] error EOS occurs, failed eos: 82
[info] error EOS occurs, failed eos: 83
[info] error EOS occurs, failed eos: 84
[info] error EOS occurs, failed eos: 85
[info] error EOS occurs, failed eos: 86
[info] error EOS occurs, failed eos: 87
[info] error EOS occurs, failed eos: 88
[info] error EOS occurs, failed eos: 89
[info] error EOS occurs, failed eos: 90
[info] error EOS occurs, failed eos: 91
[info] error EOS occurs, failed eos: 92
[info] error EOS occurs, failed eos: 93
[info] error EOS occurs, failed eos: 94
[info] error EOS occurs, failed eos: 95
[info] error EOS occurs, failed eos: 96
[info] error EOS occurs, failed eos: 97
[info] error EOS occurs, failed eos: 98
[info] error EOS occurs, failed eos: 99
[info] error EOS occurs, failed eos: 100
[info] error EOS occurs, failed eos: 101
[info] error EOS occurs, failed eos: 102
[info] error EOS occurs, failed eos: 103
[info] error EOS occurs, failed eos: 104
[info] error EOS occurs, failed eos: 105
[info] error EOS occurs, failed eos: 106
[info] error EOS occurs, failed eos: 107
[info] error EOS occurs, failed eos: 108
[info] error EOS occurs, failed eos: 109
[info] error EOS occurs, failed eos: 110
[info] error EOS occurs, failed eos: 111
[info] error EOS occurs, failed eos: 112
[info] error EOS occurs, failed eos: 113
[info] error EOS occurs, failed eos: 114
[info] error EOS occurs, failed eos: 115
[info] error EOS occurs, failed eos: 116
[info] error EOS occurs, failed eos: 117
[info] error EOS occurs, failed eos: 118
[info] error EOS occurs, failed eos: 119
[info] error EOS occurs, failed eos: 120
[info] error EOS occurs, failed eos: 121
[info] error EOS occurs, failed eos: 122
[info] error EOS occurs, failed eos: 123
[info] error EOS occurs, failed eos: 124
[info] error EOS occurs, failed eos: 125
[info] error EOS occurs, failed eos: 126
[info] error EOS occurs, failed eos: 127
[info] error EOS occurs, failed eos: 128
[FATAL] model stuck, eos error ...
[info] error EOS occurs, failed eos: 1
[info] error EOS occurs, failed eos: 2
[info] position not increasing, failed cnt: 1
[info] position not increasing, failed cnt: 2
[info] position not increasing, failed cnt: 3
[info] position not increasing, failed cnt: 4
[info] position not increasing, failed cnt: 5
[info] position not increasing, failed cnt: 6
[info] position not increasing, failed cnt: 7
[info] position not increasing, failed cnt: 8
[info] position not increasing, failed cnt: 9
[info] position not increasing, failed cnt: 10
[info] position not increasing, failed cnt: 11
[info] position not increasing, failed cnt: 12
[info] position not increasing, failed cnt: 13
[info] position not increasing, failed cnt: 14
[info] position not increasing, failed cnt: 15
[info] position not increasing, failed cnt: 16
[info] position not increasing, failed cnt: 17
[info] position not increasing, failed cnt: 18
[info] position not increasing, failed cnt: 19
[info] position not increasing, failed cnt: 20
[info] position not increasing, failed cnt: 21
[info] position not increasing, failed cnt: 22
[info] position not increasing, failed cnt: 23
[info] position not increasing, failed cnt: 24
[info] position not increasing, failed cnt: 25
[info] position not increasing, failed cnt: 26
[info] position not increasing, failed cnt: 27
[info] position not increasing, failed cnt: 28
[info] position not increasing, failed cnt: 29
[info] position not increasing, failed cnt: 30
[info] position not increasing, failed cnt: 31
[info] position not increasing, failed cnt: 32
[info] position not increasing, failed cnt: 33
[info] position not increasing, failed cnt: 34
[info] position not increasing, failed cnt: 35
[info] position not increasing, failed cnt: 36
[info] position not increasing, failed cnt: 37
[info] position not increasing, failed cnt: 38
[info] position not increasing, failed cnt: 39
[info] position not increasing, failed cnt: 40
[info] position not increasing, failed cnt: 41
[info] position not increasing, failed cnt: 42
[info] position not increasing, failed cnt: 43
[info] position not increasing, failed cnt: 44
[info] position not increasing, failed cnt: 45
[info] position not increasing, failed cnt: 46
[info] position not increasing, failed cnt: 47
[info] position not increasing, failed cnt: 48
[info] position not increasing, failed cnt: 49
[info] position not increasing, failed cnt: 50
[info] position not increasing, failed cnt: 51
[info] position not increasing, failed cnt: 52
[info] position not increasing, failed cnt: 53
[info] position not increasing, failed cnt: 54
[info] position not increasing, failed cnt: 55
[info] position not increasing, failed cnt: 56
[info] position not increasing, failed cnt: 57
[info] position not increasing, failed cnt: 58
[info] position not increasing, failed cnt: 59
[info] position not increasing, failed cnt: 60
[info] position not increasing, failed cnt: 61
[info] position not increasing, failed cnt: 62
[info] position not increasing, failed cnt: 63
[info] position not increasing, failed cnt: 64
[info] position not increasing, failed cnt: 65
[info] position not increasing, failed cnt: 66
[info] position not increasing, failed cnt: 67
[info] position not increasing, failed cnt: 68
[info] position not increasing, failed cnt: 69
[info] position not increasing, failed cnt: 70
[info] position not increasing, failed cnt: 71
[info] position not increasing, failed cnt: 72
[info] position not increasing, failed cnt: 73
[info] position not increasing, failed cnt: 74
[info] position not increasing, failed cnt: 75
[info] position not increasing, failed cnt: 76
[info] position not increasing, failed cnt: 77
[info] position not increasing, failed cnt: 78
[info] position not increasing, failed cnt: 79
[info] position not increasing, failed cnt: 80
[info] position not increasing, failed cnt: 81
[info] position not increasing, failed cnt: 82
[info] position not increasing, failed cnt: 83
[info] position not increasing, failed cnt: 84
[info] position not increasing, failed cnt: 85
[info] position not increasing, failed cnt: 86
[info] position not increasing, failed cnt: 87
[info] position not increasing, failed cnt: 88
[info] position not increasing, failed cnt: 89
[info] position not increasing, failed cnt: 90
[info] position not increasing, failed cnt: 91
[info] position not increasing, failed cnt: 92
[info] position not increasing, failed cnt: 93
[info] position not increasing, failed cnt: 94
[info] position not increasing, failed cnt: 95
[info] position not increasing, failed cnt: 96
[info] position not increasing, failed cnt: 97
[info] position not increasing, failed cnt: 98
[info] position not increasing, failed cnt: 99
[info] position not increasing, failed cnt: 100
[info] position not increasing, failed cnt: 101
[info] position not increasing, failed cnt: 102
[info] position not increasing, failed cnt: 103
[info] position not increasing, failed cnt: 104
[info] position not increasing, failed cnt: 105
[info] position not increasing, failed cnt: 106
[info] position not increasing, failed cnt: 107
[info] position not increasing, failed cnt: 108
[info] position not increasing, failed cnt: 109
[info] position not increasing, failed cnt: 110
[info] position not increasing, failed cnt: 111
[info] position not increasing, failed cnt: 112
[info] position not increasing, failed cnt: 113
[info] position not increasing, failed cnt: 114
[info] position not increasing, failed cnt: 115
[info] position not increasing, failed cnt: 116
[info] position not increasing, failed cnt: 117
[info] position not increasing, failed cnt: 118
[info] position not increasing, failed cnt: 119
[info] position not increasing, failed cnt: 120
[info] position not increasing, failed cnt: 121
[info] position not increasing, failed cnt: 122
[info] position not increasing, failed cnt: 123
[info] position not increasing, failed cnt: 124
[info] position not increasing, failed cnt: 125
[info] position not increasing, failed cnt: 126
[info] position not increasing, failed cnt: 127
[info] position not increasing, failed cnt: 128
[FATAL] model stuck, exiting ...
[info] gotten eos
-- generated events: 1208
-- time elapsed: 7.90 secs
-- generated events: 310
-- time elapsed: 1.20 secs
32Wt3NCmKIU2u5RmSN53TJ orig S3 ok=True fail=None 23.88s
-- generated events: 444
-- time elapsed: 1.77 secs
-- generated events: 588
-- time elapsed: 2.48 secs
32fzm1b8Ivyyj9qKXjiMZw orig S3 ok=True fail=None 4.36s
-- generated events: 759
-- time elapsed: 3.54 secs
-- generated events: 286
-- time elapsed: 1.09 secs
3ACFBxapkdupp48I4hSHeX orig S3 ok=True fail=None 4.73s
-- generated events: 710
-- time elapsed: 3.22 secs
-- generated events: 508
-- time elapsed: 2.07 secs
3DtjJWwGp2qAVFkqeZ2Fgn orig S3 ok=True fail=None 5.39s
-- generated events: 762
-- time elapsed: 3.57 secs
-- generated events: 372
-- time elapsed: 1.46 secs
3FT4dcOfYXmlNbLecPiMrm orig S3 ok=True fail=None 5.13s
-- generated events: 702
-- time elapsed: 3.17 secs
-- generated events: 592
-- time elapsed: 2.50 secs
3IIAyAsxuQR9jsikumTVHo orig S3 ok=True fail=None 5.78s
-- generated events: 771
-- time elapsed: 3.64 secs
3JjXD9DVfxh001wI5IACZ1 orig S3 ok=True fail=None 3.69s
-- generated events: 636
-- time elapsed: 2.76 secs
-- generated events: 474
-- time elapsed: 1.91 secs
3KEgUftkAZzQeugm2kVwbT orig S3 ok=True fail=None 4.77s
-- generated events: 747
-- time elapsed: 3.46 secs
-- generated events: 16
-- time elapsed: 0.05 secs
3Oljg1NEoLgRgcJnWJpiAT orig S3 ok=True fail=None 3.61s
-- generated events: 765
-- time elapsed: 3.60 secs
3QdCMpU6fQ1dsJ3GTzG5HW orig S3 ok=True fail=None 3.65s
-- generated events: 916
-- time elapsed: 4.71 secs
3SYxHNDH5nXWkzcQHw4YnX orig S3 ok=True fail=None 4.76s
[info] position not increasing, failed cnt: 1
[info] position not increasing, failed cnt: 2
[info] position not increasing, failed cnt: 3
[info] error EOS occurs, failed eos: 1
[info] error EOS occurs, failed eos: 2
[info] error EOS occurs, failed eos: 3
[info] error EOS occurs, failed eos: 4
[info] error EOS occurs, failed eos: 5
[info] error EOS occurs, failed eos: 6
[info] error EOS occurs, failed eos: 7
[info] error EOS occurs, failed eos: 8
[info] position not increasing, failed cnt: 1
[info] position not increasing, failed cnt: 2
[info] position not increasing, failed cnt: 3
[info] position not increasing, failed cnt: 4
[info] position not increasing, failed cnt: 5
[info] position not increasing, failed cnt: 6
[info] position not increasing, failed cnt: 7
[info] position not increasing, failed cnt: 8
[info] position not increasing, failed cnt: 9
[info] position not increasing, failed cnt: 10
[info] position not increasing, failed cnt: 11
[info] position not increasing, failed cnt: 12
[info] position not increasing, failed cnt: 13
[info] position not increasing, failed cnt: 14
[info] position not increasing, failed cnt: 15
[info] position not increasing, failed cnt: 16
[info] position not increasing, failed cnt: 17
[info] position not increasing, failed cnt: 18
[info] position not increasing, failed cnt: 19
[info] position not increasing, failed cnt: 20
[info] position not increasing, failed cnt: 21
[info] position not increasing, failed cnt: 22
[info] position not increasing, failed cnt: 23
[info] position not increasing, failed cnt: 24
[info] position not increasing, failed cnt: 25
[info] position not increasing, failed cnt: 26
[info] position not increasing, failed cnt: 27
[info] position not increasing, failed cnt: 28
[info] position not increasing, failed cnt: 29
[info] position not increasing, failed cnt: 30
[info] position not increasing, failed cnt: 31
[info] position not increasing, failed cnt: 32
[info] position not increasing, failed cnt: 33
[info] position not increasing, failed cnt: 34
[info] position not increasing, failed cnt: 35
[info] position not increasing, failed cnt: 36
[info] position not increasing, failed cnt: 37
[info] position not increasing, failed cnt: 38
[info] position not increasing, failed cnt: 39
[info] position not increasing, failed cnt: 40
[info] position not increasing, failed cnt: 41
[info] position not increasing, failed cnt: 42
[info] position not increasing, failed cnt: 43
[info] position not increasing, failed cnt: 44
[info] position not increasing, failed cnt: 45
[info] position not increasing, failed cnt: 46
[info] position not increasing, failed cnt: 47
[info] position not increasing, failed cnt: 48
[info] position not increasing, failed cnt: 49
[info] position not increasing, failed cnt: 50
[info] position not increasing, failed cnt: 51
[info] position not increasing, failed cnt: 52
[info] position not increasing, failed cnt: 53
[info] position not increasing, failed cnt: 54
[info] position not increasing, failed cnt: 55
[info] position not increasing, failed cnt: 56
[info] position not increasing, failed cnt: 57
[info] position not increasing, failed cnt: 58
[info] position not increasing, failed cnt: 59
[info] position not increasing, failed cnt: 60
[info] position not increasing, failed cnt: 61
[info] position not increasing, failed cnt: 62
[info] position not increasing, failed cnt: 63
[info] position not increasing, failed cnt: 64
[info] position not increasing, failed cnt: 65
[info] position not increasing, failed cnt: 66
[info] position not increasing, failed cnt: 67
[info] position not increasing, failed cnt: 68
[info] position not increasing, failed cnt: 69
[info] position not increasing, failed cnt: 70
[info] position not increasing, failed cnt: 71
[info] position not increasing, failed cnt: 72
[info] position not increasing, failed cnt: 73
[info] position not increasing, failed cnt: 74
[info] position not increasing, failed cnt: 75
[info] position not increasing, failed cnt: 76
[info] position not increasing, failed cnt: 77
[info] position not increasing, failed cnt: 78
[info] position not increasing, failed cnt: 79
[info] position not increasing, failed cnt: 80
[info] position not increasing, failed cnt: 81
[info] position not increasing, failed cnt: 82
[info] position not increasing, failed cnt: 83
[info] position not increasing, failed cnt: 84
[info] position not increasing, failed cnt: 85
[info] position not increasing, failed cnt: 86
[info] position not increasing, failed cnt: 87
[info] position not increasing, failed cnt: 88
[info] position not increasing, failed cnt: 89
[info] position not increasing, failed cnt: 90
[info] position not increasing, failed cnt: 91
[info] position not increasing, failed cnt: 92
[info] position not increasing, failed cnt: 93
[info] position not increasing, failed cnt: 94
[info] position not increasing, failed cnt: 95
[info] position not increasing, failed cnt: 96
[info] position not increasing, failed cnt: 97
[info] position not increasing, failed cnt: 98
[info] position not increasing, failed cnt: 99
[info] position not increasing, failed cnt: 100
[info] position not increasing, failed cnt: 101
[info] position not increasing, failed cnt: 102
[info] position not increasing, failed cnt: 103
[info] position not increasing, failed cnt: 104
[info] position not increasing, failed cnt: 105
[info] position not increasing, failed cnt: 106
[info] position not increasing, failed cnt: 107
[info] position not increasing, failed cnt: 108
[info] position not increasing, failed cnt: 109
[info] position not increasing, failed cnt: 110
[info] position not increasing, failed cnt: 111
[info] position not increasing, failed cnt: 112
[info] position not increasing, failed cnt: 113
[info] position not increasing, failed cnt: 114
[info] position not increasing, failed cnt: 115
[info] position not increasing, failed cnt: 116
[info] position not increasing, failed cnt: 117
[info] position not increasing, failed cnt: 118
[info] position not increasing, failed cnt: 119
[info] position not increasing, failed cnt: 120
[info] position not increasing, failed cnt: 121
[info] position not increasing, failed cnt: 122
[info] position not increasing, failed cnt: 123
[info] position not increasing, failed cnt: 124
[info] position not increasing, failed cnt: 125
[info] position not increasing, failed cnt: 126
[info] position not increasing, failed cnt: 127
[info] position not increasing, failed cnt: 128
[FATAL] model stuck, exiting ...
-- generated events: 718
-- time elapsed: 3.29 secs
-- generated events: 663
-- time elapsed: 2.93 secs
3SZ3hiasAHYoajQX3XH4FU orig S3 ok=True fail=None 14.4s
3SlCzm1GRT5idmfyQ8LjYP orig S3 ok=False fail=unsupported_meter 0.0s
-- generated events: 964
-- time elapsed: 5.12 secs
-- generated events: 301
-- time elapsed: 1.16 secs
3UD90WH9z5Ftofm8XRf3Ld orig S3 ok=True fail=None 6.38s
-- generated events: 528
-- time elapsed: 2.16 secs
3Wlox2t540dXpZpm20Zjyb orig S3 ok=True fail=None 2.22s
[info] error EOS occurs, failed eos: 1
[info] error EOS occurs, failed eos: 2
[info] error EOS occurs, failed eos: 3
[info] error EOS occurs, failed eos: 4
[info] error EOS occurs, failed eos: 5
[info] error EOS occurs, failed eos: 6
[info] error EOS occurs, failed eos: 7
[info] error EOS occurs, failed eos: 8
[info] error EOS occurs, failed eos: 9
[info] error EOS occurs, failed eos: 10
[info] error EOS occurs, failed eos: 11
[info] error EOS occurs, failed eos: 12
[info] error EOS occurs, failed eos: 13
[info] error EOS occurs, failed eos: 14
[info] error EOS occurs, failed eos: 15
[info] error EOS occurs, failed eos: 16
[info] error EOS occurs, failed eos: 17
[info] error EOS occurs, failed eos: 18
[info] error EOS occurs, failed eos: 19
[info] error EOS occurs, failed eos: 20
[info] error EOS occurs, failed eos: 21
[info] error EOS occurs, failed eos: 22
[info] error EOS occurs, failed eos: 23
[info] error EOS occurs, failed eos: 24
[info] error EOS occurs, failed eos: 25
[info] error EOS occurs, failed eos: 26
[info] error EOS occurs, failed eos: 27
[info] error EOS occurs, failed eos: 28
[info] error EOS occurs, failed eos: 29
[info] error EOS occurs, failed eos: 30
[info] error EOS occurs, failed eos: 31
[info] error EOS occurs, failed eos: 32
[info] error EOS occurs, failed eos: 33
[info] error EOS occurs, failed eos: 34
[info] error EOS occurs, failed eos: 35
[info] error EOS occurs, failed eos: 36
[info] error EOS occurs, failed eos: 37
[info] error EOS occurs, failed eos: 38
[info] error EOS occurs, failed eos: 39
[info] error EOS occurs, failed eos: 40
[info] error EOS occurs, failed eos: 41
[info] error EOS occurs, failed eos: 42
[info] error EOS occurs, failed eos: 43
[info] error EOS occurs, failed eos: 44
[info] error EOS occurs, failed eos: 45
[info] error EOS occurs, failed eos: 46
[info] error EOS occurs, failed eos: 47
[info] error EOS occurs, failed eos: 48
[info] error EOS occurs, failed eos: 49
[info] error EOS occurs, failed eos: 50
[info] error EOS occurs, failed eos: 51
[info] error EOS occurs, failed eos: 52
[info] error EOS occurs, failed eos: 53
[info] error EOS occurs, failed eos: 54
[info] error EOS occurs, failed eos: 55
[info] error EOS occurs, failed eos: 56
[info] error EOS occurs, failed eos: 57
[info] error EOS occurs, failed eos: 58
[info] error EOS occurs, failed eos: 59
[info] error EOS occurs, failed eos: 60
[info] error EOS occurs, failed eos: 61
[info] error EOS occurs, failed eos: 62
[info] error EOS occurs, failed eos: 63
[info] error EOS occurs, failed eos: 64
[info] error EOS occurs, failed eos: 65
[info] error EOS occurs, failed eos: 66
[info] error EOS occurs, failed eos: 67
[info] error EOS occurs, failed eos: 68
[info] error EOS occurs, failed eos: 69
[info] error EOS occurs, failed eos: 70
[info] error EOS occurs, failed eos: 71
[info] error EOS occurs, failed eos: 72
[info] error EOS occurs, failed eos: 73
[info] error EOS occurs, failed eos: 74
[info] error EOS occurs, failed eos: 75
[info] error EOS occurs, failed eos: 76
[info] error EOS occurs, failed eos: 77
[info] error EOS occurs, failed eos: 78
[info] error EOS occurs, failed eos: 79
[info] error EOS occurs, failed eos: 80
[info] error EOS occurs, failed eos: 81
[info] error EOS occurs, failed eos: 82
[info] error EOS occurs, failed eos: 83
[info] error EOS occurs, failed eos: 84
[info] error EOS occurs, failed eos: 85
[info] error EOS occurs, failed eos: 86
[info] error EOS occurs, failed eos: 87
[info] error EOS occurs, failed eos: 88
[info] error EOS occurs, failed eos: 89
[info] error EOS occurs, failed eos: 90
[info] error EOS occurs, failed eos: 91
[info] error EOS occurs, failed eos: 92
[info] error EOS occurs, failed eos: 93
[info] error EOS occurs, failed eos: 94
[info] error EOS occurs, failed eos: 95
[info] error EOS occurs, failed eos: 96
[info] error EOS occurs, failed eos: 97
[info] error EOS occurs, failed eos: 98
[info] error EOS occurs, failed eos: 99
[info] error EOS occurs, failed eos: 100
[info] error EOS occurs, failed eos: 101
[info] error EOS occurs, failed eos: 102
[info] error EOS occurs, failed eos: 103
[info] error EOS occurs, failed eos: 104
[info] error EOS occurs, failed eos: 105
[info] error EOS occurs, failed eos: 106
[info] error EOS occurs, failed eos: 107
[info] error EOS occurs, failed eos: 108
[info] error EOS occurs, failed eos: 109
[info] error EOS occurs, failed eos: 110
[info] error EOS occurs, failed eos: 111
[info] error EOS occurs, failed eos: 112
[info] error EOS occurs, failed eos: 113
[info] error EOS occurs, failed eos: 114
[info] error EOS occurs, failed eos: 115
[info] error EOS occurs, failed eos: 116
[info] error EOS occurs, failed eos: 117
[info] error EOS occurs, failed eos: 118
[info] error EOS occurs, failed eos: 119
[info] error EOS occurs, failed eos: 120
[info] error EOS occurs, failed eos: 121
[info] error EOS occurs, failed eos: 122
[info] error EOS occurs, failed eos: 123
[info] error EOS occurs, failed eos: 124
[info] error EOS occurs, failed eos: 125
[info] error EOS occurs, failed eos: 126
[info] error EOS occurs, failed eos: 127
[info] error EOS occurs, failed eos: 128
[FATAL] model stuck, eos error ...
[info] position not increasing, failed cnt: 1
[info] position not increasing, failed cnt: 2
[info] position not increasing, failed cnt: 3
[info] position not increasing, failed cnt: 4
[info] position not increasing, failed cnt: 5
[info] position not increasing, failed cnt: 6
[info] position not increasing, failed cnt: 7
[info] position not increasing, failed cnt: 8
[info] position not increasing, failed cnt: 9
[info] position not increasing, failed cnt: 10
[info] position not increasing, failed cnt: 11
[info] position not increasing, failed cnt: 12
[info] position not increasing, failed cnt: 13
[info] position not increasing, failed cnt: 14
[info] position not increasing, failed cnt: 15
[info] position not increasing, failed cnt: 16
[info] position not increasing, failed cnt: 17
[info] position not increasing, failed cnt: 18
[info] position not increasing, failed cnt: 19
[info] position not increasing, failed cnt: 20
[info] position not increasing, failed cnt: 21
[info] position not increasing, failed cnt: 22
[info] position not increasing, failed cnt: 23
[info] position not increasing, failed cnt: 24
[info] position not increasing, failed cnt: 25
[info] position not increasing, failed cnt: 26
[info] position not increasing, failed cnt: 27
[info] position not increasing, failed cnt: 28
[info] position not increasing, failed cnt: 29
[info] position not increasing, failed cnt: 30
[info] position not increasing, failed cnt: 31
[info] position not increasing, failed cnt: 32
[info] position not increasing, failed cnt: 33
[info] position not increasing, failed cnt: 34
[info] position not increasing, failed cnt: 35
[info] position not increasing, failed cnt: 36
[info] position not increasing, failed cnt: 37
[info] position not increasing, failed cnt: 38
[info] position not increasing, failed cnt: 39
[info] position not increasing, failed cnt: 40
[info] position not increasing, failed cnt: 41
[info] position not increasing, failed cnt: 42
[info] position not increasing, failed cnt: 43
[info] position not increasing, failed cnt: 44
[info] position not increasing, failed cnt: 45
[info] position not increasing, failed cnt: 46
[info] position not increasing, failed cnt: 47
[info] position not increasing, failed cnt: 48
[info] position not increasing, failed cnt: 49
[info] position not increasing, failed cnt: 50
[info] position not increasing, failed cnt: 51
[info] position not increasing, failed cnt: 52
[info] position not increasing, failed cnt: 53
[info] position not increasing, failed cnt: 54
[info] position not increasing, failed cnt: 55
[info] position not increasing, failed cnt: 56
[info] position not increasing, failed cnt: 57
[info] position not increasing, failed cnt: 58
[info] position not increasing, failed cnt: 59
[info] position not increasing, failed cnt: 60
[info] position not increasing, failed cnt: 61
[info] position not increasing, failed cnt: 62
[info] position not increasing, failed cnt: 63
[info] position not increasing, failed cnt: 64
[info] position not increasing, failed cnt: 65
[info] position not increasing, failed cnt: 66
[info] position not increasing, failed cnt: 67
[info] position not increasing, failed cnt: 68
[info] position not increasing, failed cnt: 69
[info] position not increasing, failed cnt: 70
[info] position not increasing, failed cnt: 71
[info] position not increasing, failed cnt: 72
[info] position not increasing, failed cnt: 73
[info] position not increasing, failed cnt: 74
[info] position not increasing, failed cnt: 75
[info] position not increasing, failed cnt: 76
[info] position not increasing, failed cnt: 77
[info] position not increasing, failed cnt: 78
[info] position not increasing, failed cnt: 79
[info] position not increasing, failed cnt: 80
[info] position not increasing, failed cnt: 81
[info] position not increasing, failed cnt: 82
[info] position not increasing, failed cnt: 83
[info] position not increasing, failed cnt: 84
[info] position not increasing, failed cnt: 85
[info] position not increasing, failed cnt: 86
[info] position not increasing, failed cnt: 87
[info] position not increasing, failed cnt: 88
[info] position not increasing, failed cnt: 89
[info] position not increasing, failed cnt: 90
[info] position not increasing, failed cnt: 91
[info] position not increasing, failed cnt: 92
[info] position not increasing, failed cnt: 93
[info] position not increasing, failed cnt: 94
[info] position not increasing, failed cnt: 95
[info] position not increasing, failed cnt: 96
[info] position not increasing, failed cnt: 97
[info] position not increasing, failed cnt: 98
[info] position not increasing, failed cnt: 99
[info] position not increasing, failed cnt: 100
[info] position not increasing, failed cnt: 101
[info] position not increasing, failed cnt: 102
[info] position not increasing, failed cnt: 103
[info] position not increasing, failed cnt: 104
[info] position not increasing, failed cnt: 105
[info] position not increasing, failed cnt: 106
[info] position not increasing, failed cnt: 107
[info] position not increasing, failed cnt: 108
[info] position not increasing, failed cnt: 109
[info] position not increasing, failed cnt: 110
[info] position not increasing, failed cnt: 111
[info] position not increasing, failed cnt: 112
[info] position not increasing, failed cnt: 113
[info] position not increasing, failed cnt: 114
[info] position not increasing, failed cnt: 115
[info] position not increasing, failed cnt: 116
[info] position not increasing, failed cnt: 117
[info] position not increasing, failed cnt: 118
[info] position not increasing, failed cnt: 119
[info] position not increasing, failed cnt: 120
[info] position not increasing, failed cnt: 121
[info] position not increasing, failed cnt: 122
[info] position not increasing, failed cnt: 123
[info] position not increasing, failed cnt: 124
[info] position not increasing, failed cnt: 125
[info] position not increasing, failed cnt: 126
[info] position not increasing, failed cnt: 127
[info] position not increasing, failed cnt: 128
[FATAL] model stuck, exiting ...
[info] error EOS occurs, failed eos: 1
-- generated events: 1156
-- time elapsed: 7.14 secs
3X3BdYpVpN78IFIpmhhEmU orig S3 ok=True fail=None 21.02s
-- generated events: 894
-- time elapsed: 4.53 secs
3Yg7Z2rVweAHOwUiPkqTvE orig S3 ok=True fail=None 4.58s
-- generated events: 785
-- time elapsed: 3.70 secs
-- generated events: 428
-- time elapsed: 1.70 secs
3fqOOwQx6M8XpJMf8Bsp9K orig S3 ok=True fail=None 5.51s
-- generated events: 797
-- time elapsed: 3.81 secs
-- generated events: 161
-- time elapsed: 0.59 secs
3fuDrXgVS9Be7HQqDuX5qV orig S3 ok=True fail=None 4.5s
[info] position not increasing, failed cnt: 1
[info] position not increasing, failed cnt: 2
[info] position not increasing, failed cnt: 3
[info] position not increasing, failed cnt: 4
[info] position not increasing, failed cnt: 5
[info] position not increasing, failed cnt: 6
[info] position not increasing, failed cnt: 7
[info] position not increasing, failed cnt: 8
[info] position not increasing, failed cnt: 9
[info] position not increasing, failed cnt: 10
[info] position not increasing, failed cnt: 11
[info] position not increasing, failed cnt: 12
[info] position not increasing, failed cnt: 13
[info] position not increasing, failed cnt: 14
[info] position not increasing, failed cnt: 15
[info] position not increasing, failed cnt: 16
[info] position not increasing, failed cnt: 17
[info] position not increasing, failed cnt: 18
[info] position not increasing, failed cnt: 19
[info] position not increasing, failed cnt: 20
[info] position not increasing, failed cnt: 21
[info] position not increasing, failed cnt: 22
[info] position not increasing, failed cnt: 23
[info] position not increasing, failed cnt: 24
[info] position not increasing, failed cnt: 25
[info] position not increasing, failed cnt: 26
[info] position not increasing, failed cnt: 27
[info] position not increasing, failed cnt: 28
[info] position not increasing, failed cnt: 29
[info] position not increasing, failed cnt: 30
[info] position not increasing, failed cnt: 31
[info] position not increasing, failed cnt: 32
[info] position not increasing, failed cnt: 33
[info] position not increasing, failed cnt: 34
[info] position not increasing, failed cnt: 35
[info] position not increasing, failed cnt: 36
[info] position not increasing, failed cnt: 37
[info] position not increasing, failed cnt: 38
[info] position not increasing, failed cnt: 39
[info] position not increasing, failed cnt: 40
[info] position not increasing, failed cnt: 41
[info] position not increasing, failed cnt: 42
[info] position not increasing, failed cnt: 43
[info] position not increasing, failed cnt: 44
[info] position not increasing, failed cnt: 45
[info] position not increasing, failed cnt: 46
[info] position not increasing, failed cnt: 47
[info] position not increasing, failed cnt: 48
[info] position not increasing, failed cnt: 49
[info] position not increasing, failed cnt: 50
[info] position not increasing, failed cnt: 51
[info] position not increasing, failed cnt: 52
[info] position not increasing, failed cnt: 53
[info] position not increasing, failed cnt: 54
[info] position not increasing, failed cnt: 55
[info] position not increasing, failed cnt: 56
[info] position not increasing, failed cnt: 57
[info] position not increasing, failed cnt: 58
[info] position not increasing, failed cnt: 59
[info] position not increasing, failed cnt: 60
[info] position not increasing, failed cnt: 61
[info] position not increasing, failed cnt: 62
[info] position not increasing, failed cnt: 63
[info] position not increasing, failed cnt: 64
[info] position not increasing, failed cnt: 65
[info] position not increasing, failed cnt: 66
[info] position not increasing, failed cnt: 67
[info] position not increasing, failed cnt: 68
[info] position not increasing, failed cnt: 69
[info] position not increasing, failed cnt: 70
[info] position not increasing, failed cnt: 71
[info] position not increasing, failed cnt: 72
[info] position not increasing, failed cnt: 73
[info] position not increasing, failed cnt: 74
[info] position not increasing, failed cnt: 75
[info] position not increasing, failed cnt: 76
[info] position not increasing, failed cnt: 77
[info] position not increasing, failed cnt: 78
[info] position not increasing, failed cnt: 79
[info] position not increasing, failed cnt: 80
[info] position not increasing, failed cnt: 81
[info] position not increasing, failed cnt: 82
[info] position not increasing, failed cnt: 83
[info] position not increasing, failed cnt: 84
[info] position not increasing, failed cnt: 85
[info] position not increasing, failed cnt: 86
[info] position not increasing, failed cnt: 87
[info] position not increasing, failed cnt: 88
[info] position not increasing, failed cnt: 89
[info] position not increasing, failed cnt: 90
[info] position not increasing, failed cnt: 91
[info] position not increasing, failed cnt: 92
[info] position not increasing, failed cnt: 93
[info] position not increasing, failed cnt: 94
[info] position not increasing, failed cnt: 95
[info] position not increasing, failed cnt: 96
[info] position not increasing, failed cnt: 97
[info] position not increasing, failed cnt: 98
[info] position not increasing, failed cnt: 99
[info] position not increasing, failed cnt: 100
[info] position not increasing, failed cnt: 101
[info] position not increasing, failed cnt: 102
[info] position not increasing, failed cnt: 103
[info] position not increasing, failed cnt: 104
[info] position not increasing, failed cnt: 105
[info] position not increasing, failed cnt: 106
[info] position not increasing, failed cnt: 107
[info] position not increasing, failed cnt: 108
[info] position not increasing, failed cnt: 109
[info] position not increasing, failed cnt: 110
[info] position not increasing, failed cnt: 111
[info] position not increasing, failed cnt: 112
[info] position not increasing, failed cnt: 113
[info] position not increasing, failed cnt: 114
[info] position not increasing, failed cnt: 115
[info] position not increasing, failed cnt: 116
[info] position not increasing, failed cnt: 117
[info] position not increasing, failed cnt: 118
[info] position not increasing, failed cnt: 119
[info] position not increasing, failed cnt: 120
[info] position not increasing, failed cnt: 121
[info] position not increasing, failed cnt: 122
[info] position not increasing, failed cnt: 123
[info] position not increasing, failed cnt: 124
[info] position not increasing, failed cnt: 125
[info] position not increasing, failed cnt: 126
[info] position not increasing, failed cnt: 127
[info] position not increasing, failed cnt: 128
[FATAL] model stuck, exiting ...
-- generated events: 1006
-- time elapsed: 5.49 secs
-- generated events: 938
-- time elapsed: 4.91 secs
3im9iOhpZNgaTS4VGYOGF9 orig S3 ok=True fail=None 11.58s
-- generated events: 707
-- time elapsed: 3.18 secs
-- generated events: 551
-- time elapsed: 2.29 secs
-- generated events: 182
-- time elapsed: 0.67 secs
3mGw54mWnUpV2wNONvBTJy orig S3 ok=True fail=None 6.29s
-- generated events: 662
-- time elapsed: 2.92 secs
-- generated events: 809
-- time elapsed: 3.89 secs
3q9kTZg82Fxa7KptbOLqav orig S3 ok=True fail=None 6.91s
[info] position not increasing, failed cnt: 1
[info] position not increasing, failed cnt: 2
[info] position not increasing, failed cnt: 3
[info] position not increasing, failed cnt: 4
[info] position not increasing, failed cnt: 5
[info] position not increasing, failed cnt: 6
[info] position not increasing, failed cnt: 7
[info] position not increasing, failed cnt: 8
[info] position not increasing, failed cnt: 9
[info] position not increasing, failed cnt: 10
[info] position not increasing, failed cnt: 11
[info] position not increasing, failed cnt: 12
[info] position not increasing, failed cnt: 13
[info] position not increasing, failed cnt: 14
[info] position not increasing, failed cnt: 15
[info] position not increasing, failed cnt: 16
[info] position not increasing, failed cnt: 17
[info] position not increasing, failed cnt: 18
[info] position not increasing, failed cnt: 19
[info] position not increasing, failed cnt: 20
[info] position not increasing, failed cnt: 21
[info] position not increasing, failed cnt: 22
[info] position not increasing, failed cnt: 23
[info] position not increasing, failed cnt: 24
[info] position not increasing, failed cnt: 25
[info] position not increasing, failed cnt: 26
[info] position not increasing, failed cnt: 27
[info] position not increasing, failed cnt: 28
[info] position not increasing, failed cnt: 29
[info] position not increasing, failed cnt: 30
[info] position not increasing, failed cnt: 31
[info] position not increasing, failed cnt: 32
[info] position not increasing, failed cnt: 33
[info] position not increasing, failed cnt: 34
[info] position not increasing, failed cnt: 35
[info] position not increasing, failed cnt: 36
[info] position not increasing, failed cnt: 37
[info] position not increasing, failed cnt: 38
[info] position not increasing, failed cnt: 39
[info] position not increasing, failed cnt: 40
[info] position not increasing, failed cnt: 41
[info] position not increasing, failed cnt: 42
[info] position not increasing, failed cnt: 43
[info] position not increasing, failed cnt: 44
[info] position not increasing, failed cnt: 45
[info] position not increasing, failed cnt: 46
[info] position not increasing, failed cnt: 47
[info] position not increasing, failed cnt: 48
[info] position not increasing, failed cnt: 49
[info] position not increasing, failed cnt: 50
[info] position not increasing, failed cnt: 51
[info] position not increasing, failed cnt: 52
[info] position not increasing, failed cnt: 53
[info] position not increasing, failed cnt: 54
[info] position not increasing, failed cnt: 55
[info] position not increasing, failed cnt: 56
[info] position not increasing, failed cnt: 57
[info] position not increasing, failed cnt: 58
[info] position not increasing, failed cnt: 59
[info] position not increasing, failed cnt: 60
[info] position not increasing, failed cnt: 61
[info] position not increasing, failed cnt: 62
[info] position not increasing, failed cnt: 63
[info] position not increasing, failed cnt: 64
[info] position not increasing, failed cnt: 65
[info] position not increasing, failed cnt: 66
[info] position not increasing, failed cnt: 67
[info] position not increasing, failed cnt: 68
[info] position not increasing, failed cnt: 69
[info] position not increasing, failed cnt: 70
[info] position not increasing, failed cnt: 71
[info] position not increasing, failed cnt: 72
[info] position not increasing, failed cnt: 73
[info] position not increasing, failed cnt: 74
[info] position not increasing, failed cnt: 75
[info] position not increasing, failed cnt: 76
[info] position not increasing, failed cnt: 77
[info] position not increasing, failed cnt: 78
[info] position not increasing, failed cnt: 79
[info] position not increasing, failed cnt: 80
[info] position not increasing, failed cnt: 81
[info] position not increasing, failed cnt: 82
[info] position not increasing, failed cnt: 83
[info] position not increasing, failed cnt: 84
[info] position not increasing, failed cnt: 85
[info] position not increasing, failed cnt: 86
[info] position not increasing, failed cnt: 87
[info] position not increasing, failed cnt: 88
[info] position not increasing, failed cnt: 89
[info] position not increasing, failed cnt: 90
[info] position not increasing, failed cnt: 91
[info] position not increasing, failed cnt: 92
[info] position not increasing, failed cnt: 93
[info] position not increasing, failed cnt: 94
[info] position not increasing, failed cnt: 95
[info] position not increasing, failed cnt: 96
[info] position not increasing, failed cnt: 97
[info] position not increasing, failed cnt: 98
[info] position not increasing, failed cnt: 99
[info] position not increasing, failed cnt: 100
[info] position not increasing, failed cnt: 101
[info] position not increasing, failed cnt: 102
[info] position not increasing, failed cnt: 103
[info] position not increasing, failed cnt: 104
[info] position not increasing, failed cnt: 105
[info] position not increasing, failed cnt: 106
[info] position not increasing, failed cnt: 107
[info] position not increasing, failed cnt: 108
[info] position not increasing, failed cnt: 109
[info] position not increasing, failed cnt: 110
[info] position not increasing, failed cnt: 111
[info] position not increasing, failed cnt: 112
[info] position not increasing, failed cnt: 113
[info] position not increasing, failed cnt: 114
[info] position not increasing, failed cnt: 115
[info] position not increasing, failed cnt: 116
[info] position not increasing, failed cnt: 117
[info] position not increasing, failed cnt: 118
[info] position not increasing, failed cnt: 119
[info] position not increasing, failed cnt: 120
[info] position not increasing, failed cnt: 121
[info] position not increasing, failed cnt: 122
[info] position not increasing, failed cnt: 123
[info] position not increasing, failed cnt: 124
[info] position not increasing, failed cnt: 125
[info] position not increasing, failed cnt: 126
[info] position not increasing, failed cnt: 127
[info] position not increasing, failed cnt: 128
[FATAL] model stuck, exiting ...
-- generated events: 599
-- time elapsed: 2.54 secs
-- generated events: 584
-- time elapsed: 2.46 secs
3t677uctclLy3tETsBtGF9 orig S3 ok=True fail=None 6.18s
-- generated events: 1075
-- time elapsed: 6.20 secs
-- generated events: 527
-- time elapsed: 2.16 secs
3tOVrJlfy9g1dPBI8czFIy orig S3 ok=True fail=None 8.46s
-- generated events: 752
-- time elapsed: 3.49 secs
-- generated events: 302
-- time elapsed: 1.16 secs
3tmLIBcbVxYe6tTKvUyMIk orig S3 ok=True fail=None 4.75s
[info] position not increasing, failed cnt: 1
[info] position not increasing, failed cnt: 2
[info] position not increasing, failed cnt: 3
[info] position not increasing, failed cnt: 4
[info] position not increasing, failed cnt: 5
[info] position not increasing, failed cnt: 6
[info] position not increasing, failed cnt: 7
[info] position not increasing, failed cnt: 8
[info] position not increasing, failed cnt: 9
[info] position not increasing, failed cnt: 10
[info] position not increasing, failed cnt: 11
[info] position not increasing, failed cnt: 12
[info] position not increasing, failed cnt: 13
[info] position not increasing, failed cnt: 14
[info] position not increasing, failed cnt: 15
[info] position not increasing, failed cnt: 16
[info] position not increasing, failed cnt: 17
[info] position not increasing, failed cnt: 18
[info] position not increasing, failed cnt: 19
[info] position not increasing, failed cnt: 20
[info] position not increasing, failed cnt: 21
[info] position not increasing, failed cnt: 22
[info] position not increasing, failed cnt: 23
[info] position not increasing, failed cnt: 24
[info] position not increasing, failed cnt: 25
[info] position not increasing, failed cnt: 26
[info] position not increasing, failed cnt: 27
[info] position not increasing, failed cnt: 28
[info] position not increasing, failed cnt: 29
[info] position not increasing, failed cnt: 30
[info] position not increasing, failed cnt: 31
[info] position not increasing, failed cnt: 32
[info] position not increasing, failed cnt: 33
[info] position not increasing, failed cnt: 34
[info] position not increasing, failed cnt: 35
[info] position not increasing, failed cnt: 36
[info] position not increasing, failed cnt: 37
[info] position not increasing, failed cnt: 38
[info] position not increasing, failed cnt: 39
[info] position not increasing, failed cnt: 40
[info] position not increasing, failed cnt: 41
[info] position not increasing, failed cnt: 42
[info] position not increasing, failed cnt: 43
[info] position not increasing, failed cnt: 44
[info] position not increasing, failed cnt: 45
[info] position not increasing, failed cnt: 46
[info] position not increasing, failed cnt: 47
[info] position not increasing, failed cnt: 48
[info] position not increasing, failed cnt: 49
[info] position not increasing, failed cnt: 50
[info] position not increasing, failed cnt: 51
[info] position not increasing, failed cnt: 52
[info] position not increasing, failed cnt: 53
[info] position not increasing, failed cnt: 54
[info] position not increasing, failed cnt: 55
[info] position not increasing, failed cnt: 56
[info] position not increasing, failed cnt: 57
[info] position not increasing, failed cnt: 58
[info] position not increasing, failed cnt: 59
[info] position not increasing, failed cnt: 60
[info] position not increasing, failed cnt: 61
[info] position not increasing, failed cnt: 62
[info] position not increasing, failed cnt: 63
[info] position not increasing, failed cnt: 64
[info] position not increasing, failed cnt: 65
[info] position not increasing, failed cnt: 66
[info] position not increasing, failed cnt: 67
[info] position not increasing, failed cnt: 68
[info] position not increasing, failed cnt: 69
[info] position not increasing, failed cnt: 70
[info] position not increasing, failed cnt: 71
[info] position not increasing, failed cnt: 72
[info] position not increasing, failed cnt: 73
[info] position not increasing, failed cnt: 74
[info] position not increasing, failed cnt: 75
[info] position not increasing, failed cnt: 76
[info] position not increasing, failed cnt: 77
[info] position not increasing, failed cnt: 78
[info] position not increasing, failed cnt: 79
[info] position not increasing, failed cnt: 80
[info] position not increasing, failed cnt: 81
[info] position not increasing, failed cnt: 82
[info] position not increasing, failed cnt: 83
[info] position not increasing, failed cnt: 84
[info] position not increasing, failed cnt: 85
[info] position not increasing, failed cnt: 86
[info] position not increasing, failed cnt: 87
[info] position not increasing, failed cnt: 88
[info] position not increasing, failed cnt: 89
[info] position not increasing, failed cnt: 90
[info] position not increasing, failed cnt: 91
[info] position not increasing, failed cnt: 92
[info] position not increasing, failed cnt: 93
[info] position not increasing, failed cnt: 94
[info] position not increasing, failed cnt: 95
[info] position not increasing, failed cnt: 96
[info] position not increasing, failed cnt: 97
[info] position not increasing, failed cnt: 98
[info] position not increasing, failed cnt: 99
[info] position not increasing, failed cnt: 100
[info] position not increasing, failed cnt: 101
[info] position not increasing, failed cnt: 102
[info] position not increasing, failed cnt: 103
[info] position not increasing, failed cnt: 104
[info] position not increasing, failed cnt: 105
[info] position not increasing, failed cnt: 106
[info] position not increasing, failed cnt: 107
[info] position not increasing, failed cnt: 108
[info] position not increasing, failed cnt: 109
[info] position not increasing, failed cnt: 110
[info] position not increasing, failed cnt: 111
[info] position not increasing, failed cnt: 112
[info] position not increasing, failed cnt: 113
[info] position not increasing, failed cnt: 114
[info] position not increasing, failed cnt: 115
[info] position not increasing, failed cnt: 116
[info] position not increasing, failed cnt: 117
[info] position not increasing, failed cnt: 118
[info] position not increasing, failed cnt: 119
[info] position not increasing, failed cnt: 120
[info] position not increasing, failed cnt: 121
[info] position not increasing, failed cnt: 122
[info] position not increasing, failed cnt: 123
[info] position not increasing, failed cnt: 124
[info] position not increasing, failed cnt: 125
[info] position not increasing, failed cnt: 126
[info] position not increasing, failed cnt: 127
[info] position not increasing, failed cnt: 128
[FATAL] model stuck, exiting ...
-- generated events: 726
-- time elapsed: 3.32 secs
-- generated events: 469
-- time elapsed: 1.89 secs
3xqFOwya52XoVYyO2HphmG orig S3 ok=True fail=None 9.97s
[info] position not increasing, failed cnt: 1
[info] position not increasing, failed cnt: 2
[info] position not increasing, failed cnt: 3
[info] position not increasing, failed cnt: 4
[info] position not increasing, failed cnt: 5
[info] position not increasing, failed cnt: 6
[info] position not increasing, failed cnt: 7
[info] position not increasing, failed cnt: 8
[info] position not increasing, failed cnt: 9
[info] position not increasing, failed cnt: 10
[info] position not increasing, failed cnt: 11
[info] position not increasing, failed cnt: 12
[info] position not increasing, failed cnt: 13
[info] position not increasing, failed cnt: 14
[info] position not increasing, failed cnt: 15
[info] position not increasing, failed cnt: 16
[info] position not increasing, failed cnt: 17
[info] position not increasing, failed cnt: 18
[info] position not increasing, failed cnt: 19
[info] position not increasing, failed cnt: 20
[info] position not increasing, failed cnt: 21
[info] position not increasing, failed cnt: 22
[info] position not increasing, failed cnt: 23
[info] position not increasing, failed cnt: 24
[info] position not increasing, failed cnt: 25
[info] position not increasing, failed cnt: 26
[info] position not increasing, failed cnt: 27
[info] position not increasing, failed cnt: 28
[info] position not increasing, failed cnt: 29
[info] position not increasing, failed cnt: 30
[info] position not increasing, failed cnt: 31
[info] position not increasing, failed cnt: 32
[info] position not increasing, failed cnt: 33
[info] position not increasing, failed cnt: 34
[info] position not increasing, failed cnt: 35
[info] position not increasing, failed cnt: 36
[info] position not increasing, failed cnt: 37
[info] position not increasing, failed cnt: 38
[info] position not increasing, failed cnt: 39
[info] position not increasing, failed cnt: 40
[info] position not increasing, failed cnt: 41
[info] position not increasing, failed cnt: 42
[info] position not increasing, failed cnt: 43
[info] position not increasing, failed cnt: 44
[info] position not increasing, failed cnt: 45
[info] position not increasing, failed cnt: 46
[info] position not increasing, failed cnt: 47
[info] position not increasing, failed cnt: 48
[info] position not increasing, failed cnt: 49
[info] position not increasing, failed cnt: 50
[info] position not increasing, failed cnt: 51
[info] position not increasing, failed cnt: 52
[info] position not increasing, failed cnt: 53
[info] position not increasing, failed cnt: 54
[info] position not increasing, failed cnt: 55
[info] position not increasing, failed cnt: 56
[info] position not increasing, failed cnt: 57
[info] position not increasing, failed cnt: 58
[info] position not increasing, failed cnt: 59
[info] position not increasing, failed cnt: 60
[info] position not increasing, failed cnt: 61
[info] position not increasing, failed cnt: 62
[info] position not increasing, failed cnt: 63
[info] position not increasing, failed cnt: 64
[info] position not increasing, failed cnt: 65
[info] position not increasing, failed cnt: 66
[info] position not increasing, failed cnt: 67
[info] position not increasing, failed cnt: 68
[info] position not increasing, failed cnt: 69
[info] position not increasing, failed cnt: 70
[info] position not increasing, failed cnt: 71
[info] position not increasing, failed cnt: 72
[info] position not increasing, failed cnt: 73
[info] position not increasing, failed cnt: 74
[info] position not increasing, failed cnt: 75
[info] position not increasing, failed cnt: 76
[info] position not increasing, failed cnt: 77
[info] position not increasing, failed cnt: 78
[info] position not increasing, failed cnt: 79
[info] position not increasing, failed cnt: 80
[info] position not increasing, failed cnt: 81
[info] position not increasing, failed cnt: 82
[info] position not increasing, failed cnt: 83
[info] position not increasing, failed cnt: 84
[info] position not increasing, failed cnt: 85
[info] position not increasing, failed cnt: 86
[info] position not increasing, failed cnt: 87
[info] position not increasing, failed cnt: 88
[info] position not increasing, failed cnt: 89
[info] position not increasing, failed cnt: 90
[info] position not increasing, failed cnt: 91
[info] position not increasing, failed cnt: 92
[info] position not increasing, failed cnt: 93
[info] position not increasing, failed cnt: 94
[info] position not increasing, failed cnt: 95
[info] position not increasing, failed cnt: 96
[info] position not increasing, failed cnt: 97
[info] position not increasing, failed cnt: 98
[info] position not increasing, failed cnt: 99
[info] position not increasing, failed cnt: 100
[info] position not increasing, failed cnt: 101
[info] position not increasing, failed cnt: 102
[info] position not increasing, failed cnt: 103
[info] position not increasing, failed cnt: 104
[info] position not increasing, failed cnt: 105
[info] position not increasing, failed cnt: 106
[info] position not increasing, failed cnt: 107
[info] position not increasing, failed cnt: 108
[info] position not increasing, failed cnt: 109
[info] position not increasing, failed cnt: 110
[info] position not increasing, failed cnt: 111
[info] position not increasing, failed cnt: 112
[info] position not increasing, failed cnt: 113
[info] position not increasing, failed cnt: 114
[info] position not increasing, failed cnt: 115
[info] position not increasing, failed cnt: 116
[info] position not increasing, failed cnt: 117
[info] position not increasing, failed cnt: 118
[info] position not increasing, failed cnt: 119
[info] position not increasing, failed cnt: 120
[info] position not increasing, failed cnt: 121
[info] position not increasing, failed cnt: 122
[info] position not increasing, failed cnt: 123
[info] position not increasing, failed cnt: 124
[info] position not increasing, failed cnt: 125
[info] position not increasing, failed cnt: 126
[info] position not increasing, failed cnt: 127
[info] position not increasing, failed cnt: 128
[FATAL] model stuck, exiting ...
-- generated events: 792
-- time elapsed: 3.76 secs
-- generated events: 660
-- time elapsed: 2.91 secs
-- generated events: 777
-- time elapsed: 3.66 secs
-- generated events: 489
-- time elapsed: 1.98 secs
40RF2zemUhNk0aPkIJNWxM orig S3 ok=True fail=None 13.92s
[info] position not increasing, failed cnt: 1
[info] position not increasing, failed cnt: 2
[info] position not increasing, failed cnt: 3
[info] position not increasing, failed cnt: 4
[info] position not increasing, failed cnt: 5
[info] position not increasing, failed cnt: 6
-- generated events: 1098
-- time elapsed: 6.48 secs
-- generated events: 361
-- time elapsed: 1.41 secs
4218Xav4mopAXlguvSJ9Uv orig S3 ok=True fail=None 7.99s
-- generated events: 872
-- time elapsed: 4.36 secs
-- generated events: 453
-- time elapsed: 1.81 secs
479FYDDkEokgYf3BG9x6fp orig S3 ok=True fail=None 6.28s
-- generated events: 1048
-- time elapsed: 5.91 secs
-- generated events: 737
-- time elapsed: 3.40 secs
47ZxPbe5sBnGaQanA7sQDq orig S3 ok=True fail=None 9.41s
-- generated events: 581
-- time elapsed: 2.44 secs
-- generated events: 510
-- time elapsed: 2.08 secs
499ghNme62G8hsotXXlAIE orig S3 ok=True fail=None 4.62s
-- generated events: 1111
-- time elapsed: 6.59 secs
49pMRkESXndNlp0jD1Vxnj orig S3 ok=True fail=None 6.65s
[info] error EOS occurs, failed eos: 1
[info] error EOS occurs, failed eos: 2
[info] error EOS occurs, failed eos: 3
[info] error EOS occurs, failed eos: 4
[info] error EOS occurs, failed eos: 5
[info] error EOS occurs, failed eos: 6
[info] error EOS occurs, failed eos: 7
[info] error EOS occurs, failed eos: 8
[info] error EOS occurs, failed eos: 9
[info] error EOS occurs, failed eos: 10
[info] error EOS occurs, failed eos: 11
[info] error EOS occurs, failed eos: 12
[info] error EOS occurs, failed eos: 13
[info] error EOS occurs, failed eos: 14
[info] error EOS occurs, failed eos: 15
[info] error EOS occurs, failed eos: 16
[info] error EOS occurs, failed eos: 17
[info] error EOS occurs, failed eos: 18
[info] error EOS occurs, failed eos: 19
[info] error EOS occurs, failed eos: 20
[info] error EOS occurs, failed eos: 21
[info] error EOS occurs, failed eos: 22
[info] error EOS occurs, failed eos: 23
[info] error EOS occurs, failed eos: 24
[info] error EOS occurs, failed eos: 25
[info] error EOS occurs, failed eos: 26
[info] error EOS occurs, failed eos: 27
[info] error EOS occurs, failed eos: 28
[info] error EOS occurs, failed eos: 29
[info] error EOS occurs, failed eos: 30
[info] error EOS occurs, failed eos: 31
[info] error EOS occurs, failed eos: 32
[info] error EOS occurs, failed eos: 33
[info] error EOS occurs, failed eos: 34
[info] error EOS occurs, failed eos: 35
[info] error EOS occurs, failed eos: 36
[info] error EOS occurs, failed eos: 37
[info] error EOS occurs, failed eos: 38
[info] error EOS occurs, failed eos: 39
[info] error EOS occurs, failed eos: 40
[info] error EOS occurs, failed eos: 41
[info] error EOS occurs, failed eos: 42
[info] error EOS occurs, failed eos: 43
[info] error EOS occurs, failed eos: 44
[info] error EOS occurs, failed eos: 45
[info] error EOS occurs, failed eos: 46
[info] error EOS occurs, failed eos: 47
[info] error EOS occurs, failed eos: 48
[info] error EOS occurs, failed eos: 49
[info] error EOS occurs, failed eos: 50
[info] error EOS occurs, failed eos: 51
[info] error EOS occurs, failed eos: 52
[info] error EOS occurs, failed eos: 53
[info] error EOS occurs, failed eos: 54
[info] error EOS occurs, failed eos: 55
[info] error EOS occurs, failed eos: 56
[info] error EOS occurs, failed eos: 57
[info] error EOS occurs, failed eos: 58
[info] error EOS occurs, failed eos: 59
[info] error EOS occurs, failed eos: 60
[info] error EOS occurs, failed eos: 61
[info] error EOS occurs, failed eos: 62
[info] error EOS occurs, failed eos: 63
[info] error EOS occurs, failed eos: 64
[info] error EOS occurs, failed eos: 65
[info] error EOS occurs, failed eos: 66
[info] error EOS occurs, failed eos: 67
[info] error EOS occurs, failed eos: 68
[info] error EOS occurs, failed eos: 69
[info] error EOS occurs, failed eos: 70
[info] error EOS occurs, failed eos: 71
[info] error EOS occurs, failed eos: 72
[info] error EOS occurs, failed eos: 73
[info] error EOS occurs, failed eos: 74
[info] error EOS occurs, failed eos: 75
[info] error EOS occurs, failed eos: 76
[info] error EOS occurs, failed eos: 77
[info] error EOS occurs, failed eos: 78
[info] error EOS occurs, failed eos: 79
[info] error EOS occurs, failed eos: 80
[info] error EOS occurs, failed eos: 81
[info] error EOS occurs, failed eos: 82
[info] error EOS occurs, failed eos: 83
[info] error EOS occurs, failed eos: 84
[info] error EOS occurs, failed eos: 85
[info] error EOS occurs, failed eos: 86
[info] error EOS occurs, failed eos: 87
[info] error EOS occurs, failed eos: 88
[info] error EOS occurs, failed eos: 89
[info] error EOS occurs, failed eos: 90
[info] error EOS occurs, failed eos: 91
[info] error EOS occurs, failed eos: 92
[info] error EOS occurs, failed eos: 93
[info] error EOS occurs, failed eos: 94
[info] error EOS occurs, failed eos: 95
[info] error EOS occurs, failed eos: 96
[info] error EOS occurs, failed eos: 97
[info] error EOS occurs, failed eos: 98
[info] error EOS occurs, failed eos: 99
[info] error EOS occurs, failed eos: 100
[info] error EOS occurs, failed eos: 101
[info] error EOS occurs, failed eos: 102
[info] error EOS occurs, failed eos: 103
[info] error EOS occurs, failed eos: 104
[info] error EOS occurs, failed eos: 105
[info] error EOS occurs, failed eos: 106
[info] error EOS occurs, failed eos: 107
[info] error EOS occurs, failed eos: 108
[info] error EOS occurs, failed eos: 109
[info] error EOS occurs, failed eos: 110
[info] error EOS occurs, failed eos: 111
[info] error EOS occurs, failed eos: 112
[info] error EOS occurs, failed eos: 113
[info] error EOS occurs, failed eos: 114
[info] error EOS occurs, failed eos: 115
[info] error EOS occurs, failed eos: 116
[info] error EOS occurs, failed eos: 117
[info] error EOS occurs, failed eos: 118
[info] error EOS occurs, failed eos: 119
[info] error EOS occurs, failed eos: 120
[info] error EOS occurs, failed eos: 121
[info] error EOS occurs, failed eos: 122
[info] error EOS occurs, failed eos: 123
[info] error EOS occurs, failed eos: 124
[info] error EOS occurs, failed eos: 125
[info] error EOS occurs, failed eos: 126
[info] error EOS occurs, failed eos: 127
[info] error EOS occurs, failed eos: 128
[FATAL] model stuck, eos error ...
-- generated events: 820
-- time elapsed: 3.98 secs
-- generated events: 889
-- time elapsed: 4.50 secs
4Aguf5QHJzRN4PcXwFX7X0 orig S3 ok=True fail=None 11.97s
-- generated events: 671
-- time elapsed: 2.97 secs
4BDdKKIImyCOH0UFXGSoMu orig S3 ok=True fail=None 3.02s
[info] position not increasing, failed cnt: 1
[info] position not increasing, failed cnt: 2
[info] position not increasing, failed cnt: 3
[info] position not increasing, failed cnt: 4
[info] position not increasing, failed cnt: 5
[info] position not increasing, failed cnt: 6
[info] position not increasing, failed cnt: 7
-- generated events: 888
-- time elapsed: 4.56 secs
-- generated events: 96
-- time elapsed: 0.34 secs
4Bsy0tFLV7FdP4t1gUY5XI orig S3 ok=True fail=None 5.01s
-- generated events: 617
-- time elapsed: 2.65 secs
-- generated events: 403
-- time elapsed: 1.60 secs
4C8V4YVVhGQdsoyD1uuhyJ orig S3 ok=True fail=None 4.35s
-- generated events: 648
-- time elapsed: 2.82 secs
-- generated events: 450
-- time elapsed: 1.81 secs
-- generated events: 239
-- time elapsed: 0.90 secs
4Cvd1vwstGUZTdnL6X35md orig S3 ok=True fail=None 5.69s
-- generated events: 496
-- time elapsed: 2.01 secs
-- generated events: 590
-- time elapsed: 2.49 secs
4DJ0DsOmFv6fR5LeyUsslY orig S3 ok=True fail=None 4.6s
[info] position not increasing, failed cnt: 1
[info] position not increasing, failed cnt: 2
[info] position not increasing, failed cnt: 3
[info] position not increasing, failed cnt: 4
[info] position not increasing, failed cnt: 5
-- generated events: 921
-- time elapsed: 4.79 secs
4KnaiD9UY8fAhM1GrM9M8m orig S3 ok=True fail=None 4.85s
4M901X90BfY3H74MqcXZNi orig S3 ok=False fail=unsupported_meter 0.0s
[info] position not increasing, failed cnt: 1
-- generated events: 742
-- time elapsed: 3.43 secs
-- generated events: 726
-- time elapsed: 3.32 secs
4QvcPLQoWZK9qiX8uU6zft orig S3 ok=True fail=None 6.85s
-- generated events: 861
-- time elapsed: 4.28 secs
-- generated events: 839
-- time elapsed: 4.13 secs
4REzuXet7gr8UCA3T5tK2s orig S3 ok=True fail=None 8.52s
[info] position not increasing, failed cnt: 1
[info] position not increasing, failed cnt: 2
[info] position not increasing, failed cnt: 3
[info] position not increasing, failed cnt: 4
[info] position not increasing, failed cnt: 5
[info] position not increasing, failed cnt: 6
[info] position not increasing, failed cnt: 7
[info] position not increasing, failed cnt: 8
[info] position not increasing, failed cnt: 9
[info] position not increasing, failed cnt: 10
[info] position not increasing, failed cnt: 11
[info] position not increasing, failed cnt: 12
[info] position not increasing, failed cnt: 13
[info] position not increasing, failed cnt: 14
[info] position not increasing, failed cnt: 15
[info] position not increasing, failed cnt: 16
[info] position not increasing, failed cnt: 17
[info] position not increasing, failed cnt: 18
[info] position not increasing, failed cnt: 19
[info] position not increasing, failed cnt: 20
[info] position not increasing, failed cnt: 21
[info] position not increasing, failed cnt: 22
[info] position not increasing, failed cnt: 23
[info] position not increasing, failed cnt: 24
[info] position not increasing, failed cnt: 25
[info] position not increasing, failed cnt: 26
[info] position not increasing, failed cnt: 27
[info] position not increasing, failed cnt: 28
[info] position not increasing, failed cnt: 29
[info] position not increasing, failed cnt: 30
[info] position not increasing, failed cnt: 31
[info] position not increasing, failed cnt: 32
[info] position not increasing, failed cnt: 33
[info] position not increasing, failed cnt: 34
[info] position not increasing, failed cnt: 35
[info] position not increasing, failed cnt: 36
[info] position not increasing, failed cnt: 37
[info] position not increasing, failed cnt: 38
[info] position not increasing, failed cnt: 39
[info] position not increasing, failed cnt: 40
[info] position not increasing, failed cnt: 41
[info] position not increasing, failed cnt: 42
[info] position not increasing, failed cnt: 43
[info] position not increasing, failed cnt: 44
[info] position not increasing, failed cnt: 45
[info] position not increasing, failed cnt: 46
[info] position not increasing, failed cnt: 47
[info] position not increasing, failed cnt: 48
[info] position not increasing, failed cnt: 49
[info] position not increasing, failed cnt: 50
[info] position not increasing, failed cnt: 51
[info] position not increasing, failed cnt: 52
[info] position not increasing, failed cnt: 53
[info] position not increasing, failed cnt: 54
[info] position not increasing, failed cnt: 55
[info] position not increasing, failed cnt: 56
[info] position not increasing, failed cnt: 57
[info] position not increasing, failed cnt: 58
[info] position not increasing, failed cnt: 59
[info] position not increasing, failed cnt: 60
[info] position not increasing, failed cnt: 61
[info] position not increasing, failed cnt: 62
[info] position not increasing, failed cnt: 63
[info] position not increasing, failed cnt: 64
[info] position not increasing, failed cnt: 65
[info] position not increasing, failed cnt: 66
[info] position not increasing, failed cnt: 67
[info] position not increasing, failed cnt: 68
[info] position not increasing, failed cnt: 69
[info] position not increasing, failed cnt: 70
[info] position not increasing, failed cnt: 71
[info] position not increasing, failed cnt: 72
[info] position not increasing, failed cnt: 73
[info] position not increasing, failed cnt: 74
[info] position not increasing, failed cnt: 75
[info] position not increasing, failed cnt: 76
[info] position not increasing, failed cnt: 77
[info] position not increasing, failed cnt: 78
[info] position not increasing, failed cnt: 79
[info] position not increasing, failed cnt: 80
[info] position not increasing, failed cnt: 81
[info] position not increasing, failed cnt: 82
[info] position not increasing, failed cnt: 83
[info] position not increasing, failed cnt: 84
[info] position not increasing, failed cnt: 85
[info] position not increasing, failed cnt: 86
[info] position not increasing, failed cnt: 87
[info] position not increasing, failed cnt: 88
[info] position not increasing, failed cnt: 89
[info] position not increasing, failed cnt: 90
[info] position not increasing, failed cnt: 91
[info] position not increasing, failed cnt: 92
[info] position not increasing, failed cnt: 93
[info] position not increasing, failed cnt: 94
[info] position not increasing, failed cnt: 95
[info] position not increasing, failed cnt: 96
[info] position not increasing, failed cnt: 97
[info] position not increasing, failed cnt: 98
[info] position not increasing, failed cnt: 99
[info] position not increasing, failed cnt: 100
[info] position not increasing, failed cnt: 101
[info] position not increasing, failed cnt: 102
[info] position not increasing, failed cnt: 103
[info] position not increasing, failed cnt: 104
[info] position not increasing, failed cnt: 105
[info] position not increasing, failed cnt: 106
[info] position not increasing, failed cnt: 107
[info] position not increasing, failed cnt: 108
[info] position not increasing, failed cnt: 109
[info] position not increasing, failed cnt: 110
[info] position not increasing, failed cnt: 111
[info] position not increasing, failed cnt: 112
[info] position not increasing, failed cnt: 113
[info] position not increasing, failed cnt: 114
[info] position not increasing, failed cnt: 115
[info] position not increasing, failed cnt: 116
[info] position not increasing, failed cnt: 117
[info] position not increasing, failed cnt: 118
[info] position not increasing, failed cnt: 119
[info] position not increasing, failed cnt: 120
[info] position not increasing, failed cnt: 121
[info] position not increasing, failed cnt: 122
[info] position not increasing, failed cnt: 123
[info] position not increasing, failed cnt: 124
[info] position not increasing, failed cnt: 125
[info] position not increasing, failed cnt: 126
[info] position not increasing, failed cnt: 127
[info] position not increasing, failed cnt: 128
[FATAL] model stuck, exiting ...
[info] position not increasing, failed cnt: 1
[info] position not increasing, failed cnt: 2
[info] position not increasing, failed cnt: 3
[info] position not increasing, failed cnt: 4
[info] position not increasing, failed cnt: 5
[info] position not increasing, failed cnt: 6
[info] position not increasing, failed cnt: 7
[info] position not increasing, failed cnt: 8
[info] position not increasing, failed cnt: 9
[info] position not increasing, failed cnt: 10
[info] position not increasing, failed cnt: 11
[info] position not increasing, failed cnt: 12
[info] position not increasing, failed cnt: 13
[info] position not increasing, failed cnt: 14
[info] position not increasing, failed cnt: 15
[info] position not increasing, failed cnt: 16
[info] position not increasing, failed cnt: 17
[info] position not increasing, failed cnt: 18
[info] position not increasing, failed cnt: 19
[info] position not increasing, failed cnt: 20
[info] position not increasing, failed cnt: 21
[info] position not increasing, failed cnt: 22
[info] position not increasing, failed cnt: 23
[info] position not increasing, failed cnt: 24
[info] position not increasing, failed cnt: 25
[info] position not increasing, failed cnt: 26
[info] position not increasing, failed cnt: 27
[info] position not increasing, failed cnt: 28
[info] position not increasing, failed cnt: 29
[info] position not increasing, failed cnt: 30
[info] position not increasing, failed cnt: 31
[info] position not increasing, failed cnt: 32
[info] position not increasing, failed cnt: 33
[info] position not increasing, failed cnt: 34
[info] position not increasing, failed cnt: 35
[info] position not increasing, failed cnt: 36
[info] position not increasing, failed cnt: 37
[info] position not increasing, failed cnt: 38
[info] position not increasing, failed cnt: 39
[info] position not increasing, failed cnt: 40
[info] position not increasing, failed cnt: 41
[info] position not increasing, failed cnt: 42
[info] position not increasing, failed cnt: 43
[info] position not increasing, failed cnt: 44
[info] position not increasing, failed cnt: 45
[info] position not increasing, failed cnt: 46
[info] position not increasing, failed cnt: 47
[info] position not increasing, failed cnt: 48
[info] position not increasing, failed cnt: 49
[info] position not increasing, failed cnt: 50
[info] position not increasing, failed cnt: 51
[info] position not increasing, failed cnt: 52
[info] position not increasing, failed cnt: 53
[info] position not increasing, failed cnt: 54
[info] position not increasing, failed cnt: 55
[info] position not increasing, failed cnt: 56
[info] position not increasing, failed cnt: 57
[info] position not increasing, failed cnt: 58
[info] position not increasing, failed cnt: 59
[info] position not increasing, failed cnt: 60
[info] position not increasing, failed cnt: 61
[info] position not increasing, failed cnt: 62
[info] position not increasing, failed cnt: 63
[info] position not increasing, failed cnt: 64
[info] position not increasing, failed cnt: 65
[info] position not increasing, failed cnt: 66
[info] position not increasing, failed cnt: 67
[info] position not increasing, failed cnt: 68
[info] position not increasing, failed cnt: 69
[info] position not increasing, failed cnt: 70
[info] position not increasing, failed cnt: 71
[info] position not increasing, failed cnt: 72
[info] position not increasing, failed cnt: 73
[info] position not increasing, failed cnt: 74
[info] position not increasing, failed cnt: 75
[info] position not increasing, failed cnt: 76
[info] position not increasing, failed cnt: 77
[info] position not increasing, failed cnt: 78
[info] position not increasing, failed cnt: 79
[info] position not increasing, failed cnt: 80
[info] position not increasing, failed cnt: 81
[info] position not increasing, failed cnt: 82
[info] position not increasing, failed cnt: 83
[info] position not increasing, failed cnt: 84
[info] position not increasing, failed cnt: 85
[info] position not increasing, failed cnt: 86
[info] position not increasing, failed cnt: 87
[info] position not increasing, failed cnt: 88
[info] position not increasing, failed cnt: 89
[info] position not increasing, failed cnt: 90
[info] position not increasing, failed cnt: 91
[info] position not increasing, failed cnt: 92
[info] position not increasing, failed cnt: 93
[info] position not increasing, failed cnt: 94
[info] position not increasing, failed cnt: 95
[info] position not increasing, failed cnt: 96
[info] position not increasing, failed cnt: 97
[info] position not increasing, failed cnt: 98
[info] position not increasing, failed cnt: 99
[info] position not increasing, failed cnt: 100
[info] position not increasing, failed cnt: 101
[info] position not increasing, failed cnt: 102
[info] position not increasing, failed cnt: 103
[info] position not increasing, failed cnt: 104
[info] position not increasing, failed cnt: 105
[info] position not increasing, failed cnt: 106
[info] position not increasing, failed cnt: 107
[info] position not increasing, failed cnt: 108
[info] position not increasing, failed cnt: 109
[info] position not increasing, failed cnt: 110
[info] position not increasing, failed cnt: 111
[info] position not increasing, failed cnt: 112
[info] position not increasing, failed cnt: 113
[info] position not increasing, failed cnt: 114
[info] position not increasing, failed cnt: 115
[info] position not increasing, failed cnt: 116
[info] position not increasing, failed cnt: 117
[info] position not increasing, failed cnt: 118
[info] position not increasing, failed cnt: 119
[info] position not increasing, failed cnt: 120
[info] position not increasing, failed cnt: 121
[info] position not increasing, failed cnt: 122
[info] position not increasing, failed cnt: 123
[info] position not increasing, failed cnt: 124
[info] position not increasing, failed cnt: 125
[info] position not increasing, failed cnt: 126
[info] position not increasing, failed cnt: 127
[info] position not increasing, failed cnt: 128
[FATAL] model stuck, exiting ...
[info] position not increasing, failed cnt: 1
[info] position not increasing, failed cnt: 2
[info] position not increasing, failed cnt: 3
[info] position not increasing, failed cnt: 4
[info] position not increasing, failed cnt: 5
[info] position not increasing, failed cnt: 6
[info] position not increasing, failed cnt: 7
[info] position not increasing, failed cnt: 8
[info] position not increasing, failed cnt: 9
[info] position not increasing, failed cnt: 10
[info] position not increasing, failed cnt: 11
[info] position not increasing, failed cnt: 12
[info] position not increasing, failed cnt: 13
[info] position not increasing, failed cnt: 14
[info] position not increasing, failed cnt: 15
[info] position not increasing, failed cnt: 16
[info] position not increasing, failed cnt: 17
[info] position not increasing, failed cnt: 18
[info] position not increasing, failed cnt: 19
[info] position not increasing, failed cnt: 20
[info] position not increasing, failed cnt: 21
[info] position not increasing, failed cnt: 22
[info] position not increasing, failed cnt: 23
[info] position not increasing, failed cnt: 24
[info] position not increasing, failed cnt: 25
[info] position not increasing, failed cnt: 26
[info] position not increasing, failed cnt: 27
[info] position not increasing, failed cnt: 28
[info] position not increasing, failed cnt: 29
[info] position not increasing, failed cnt: 30
[info] position not increasing, failed cnt: 31
[info] position not increasing, failed cnt: 32
[info] position not increasing, failed cnt: 33
[info] position not increasing, failed cnt: 34
[info] position not increasing, failed cnt: 35
[info] position not increasing, failed cnt: 36
[info] position not increasing, failed cnt: 37
[info] position not increasing, failed cnt: 38
[info] position not increasing, failed cnt: 39
[info] position not increasing, failed cnt: 40
[info] position not increasing, failed cnt: 41
[info] position not increasing, failed cnt: 42
[info] position not increasing, failed cnt: 43
[info] position not increasing, failed cnt: 44
[info] position not increasing, failed cnt: 45
[info] position not increasing, failed cnt: 46
[info] position not increasing, failed cnt: 47
[info] position not increasing, failed cnt: 48
[info] position not increasing, failed cnt: 49
[info] position not increasing, failed cnt: 50
[info] position not increasing, failed cnt: 51
[info] position not increasing, failed cnt: 52
[info] position not increasing, failed cnt: 53
[info] position not increasing, failed cnt: 54
[info] position not increasing, failed cnt: 55
[info] position not increasing, failed cnt: 56
[info] position not increasing, failed cnt: 57
[info] position not increasing, failed cnt: 58
[info] position not increasing, failed cnt: 59
[info] position not increasing, failed cnt: 60
[info] position not increasing, failed cnt: 61
[info] position not increasing, failed cnt: 62
[info] position not increasing, failed cnt: 63
[info] position not increasing, failed cnt: 64
[info] position not increasing, failed cnt: 65
[info] position not increasing, failed cnt: 66
[info] position not increasing, failed cnt: 67
[info] position not increasing, failed cnt: 68
[info] position not increasing, failed cnt: 69
[info] position not increasing, failed cnt: 70
[info] position not increasing, failed cnt: 71
[info] position not increasing, failed cnt: 72
[info] position not increasing, failed cnt: 73
[info] position not increasing, failed cnt: 74
[info] position not increasing, failed cnt: 75
[info] position not increasing, failed cnt: 76
[info] position not increasing, failed cnt: 77
[info] position not increasing, failed cnt: 78
[info] position not increasing, failed cnt: 79
[info] position not increasing, failed cnt: 80
[info] position not increasing, failed cnt: 81
[info] position not increasing, failed cnt: 82
[info] position not increasing, failed cnt: 83
[info] position not increasing, failed cnt: 84
[info] position not increasing, failed cnt: 85
[info] position not increasing, failed cnt: 86
[info] position not increasing, failed cnt: 87
[info] position not increasing, failed cnt: 88
[info] position not increasing, failed cnt: 89
[info] position not increasing, failed cnt: 90
[info] position not increasing, failed cnt: 91
[info] position not increasing, failed cnt: 92
[info] position not increasing, failed cnt: 93
[info] position not increasing, failed cnt: 94
[info] position not increasing, failed cnt: 95
[info] position not increasing, failed cnt: 96
[info] position not increasing, failed cnt: 97
[info] position not increasing, failed cnt: 98
[info] position not increasing, failed cnt: 99
[info] position not increasing, failed cnt: 100
[info] position not increasing, failed cnt: 101
[info] position not increasing, failed cnt: 102
[info] position not increasing, failed cnt: 103
[info] position not increasing, failed cnt: 104
[info] position not increasing, failed cnt: 105
[info] position not increasing, failed cnt: 106
[info] position not increasing, failed cnt: 107
[info] position not increasing, failed cnt: 108
[info] position not increasing, failed cnt: 109
[info] position not increasing, failed cnt: 110
[info] position not increasing, failed cnt: 111
[info] position not increasing, failed cnt: 112
[info] position not increasing, failed cnt: 113
[info] position not increasing, failed cnt: 114
[info] position not increasing, failed cnt: 115
[info] position not increasing, failed cnt: 116
[info] position not increasing, failed cnt: 117
[info] position not increasing, failed cnt: 118
[info] position not increasing, failed cnt: 119
[info] position not increasing, failed cnt: 120
[info] position not increasing, failed cnt: 121
[info] position not increasing, failed cnt: 122
[info] position not increasing, failed cnt: 123
[info] position not increasing, failed cnt: 124
[info] position not increasing, failed cnt: 125
[info] position not increasing, failed cnt: 126
[info] position not increasing, failed cnt: 127
[info] position not increasing, failed cnt: 128
[FATAL] model stuck, exiting ...
[info] error EOS occurs, failed eos: 1
[info] error EOS occurs, failed eos: 2
[info] error EOS occurs, failed eos: 3
[info] error EOS occurs, failed eos: 4
[info] error EOS occurs, failed eos: 5
[info] error EOS occurs, failed eos: 6
[info] error EOS occurs, failed eos: 7
[info] error EOS occurs, failed eos: 8
[info] error EOS occurs, failed eos: 9
[info] error EOS occurs, failed eos: 10
[info] error EOS occurs, failed eos: 11
[info] error EOS occurs, failed eos: 12
[info] error EOS occurs, failed eos: 13
[info] error EOS occurs, failed eos: 14
[info] error EOS occurs, failed eos: 15
[info] error EOS occurs, failed eos: 16
[info] error EOS occurs, failed eos: 17
[info] error EOS occurs, failed eos: 18
[info] error EOS occurs, failed eos: 19
[info] error EOS occurs, failed eos: 20
[info] error EOS occurs, failed eos: 21
[info] error EOS occurs, failed eos: 22
[info] error EOS occurs, failed eos: 23
[info] error EOS occurs, failed eos: 24
[info] error EOS occurs, failed eos: 25
[info] error EOS occurs, failed eos: 26
[info] error EOS occurs, failed eos: 27
[info] error EOS occurs, failed eos: 28
[info] error EOS occurs, failed eos: 29
[info] error EOS occurs, failed eos: 30
[info] error EOS occurs, failed eos: 31
[info] error EOS occurs, failed eos: 32
[info] error EOS occurs, failed eos: 33
[info] error EOS occurs, failed eos: 34
[info] error EOS occurs, failed eos: 35
[info] error EOS occurs, failed eos: 36
[info] error EOS occurs, failed eos: 37
[info] error EOS occurs, failed eos: 38
[info] error EOS occurs, failed eos: 39
[info] error EOS occurs, failed eos: 40
[info] error EOS occurs, failed eos: 41
[info] error EOS occurs, failed eos: 42
[info] error EOS occurs, failed eos: 43
[info] error EOS occurs, failed eos: 44
[info] error EOS occurs, failed eos: 45
[info] error EOS occurs, failed eos: 46
[info] error EOS occurs, failed eos: 47
[info] error EOS occurs, failed eos: 48
[info] error EOS occurs, failed eos: 49
[info] error EOS occurs, failed eos: 50
[info] error EOS occurs, failed eos: 51
[info] error EOS occurs, failed eos: 52
[info] error EOS occurs, failed eos: 53
[info] error EOS occurs, failed eos: 54
[info] error EOS occurs, failed eos: 55
[info] error EOS occurs, failed eos: 56
[info] error EOS occurs, failed eos: 57
[info] error EOS occurs, failed eos: 58
[info] error EOS occurs, failed eos: 59
[info] error EOS occurs, failed eos: 60
[info] error EOS occurs, failed eos: 61
[info] error EOS occurs, failed eos: 62
[info] error EOS occurs, failed eos: 63
[info] error EOS occurs, failed eos: 64
[info] error EOS occurs, failed eos: 65
[info] error EOS occurs, failed eos: 66
[info] error EOS occurs, failed eos: 67
[info] error EOS occurs, failed eos: 68
[info] error EOS occurs, failed eos: 69
[info] error EOS occurs, failed eos: 70
[info] error EOS occurs, failed eos: 71
[info] error EOS occurs, failed eos: 72
[info] error EOS occurs, failed eos: 73
[info] error EOS occurs, failed eos: 74
[info] error EOS occurs, failed eos: 75
[info] error EOS occurs, failed eos: 76
[info] error EOS occurs, failed eos: 77
[info] error EOS occurs, failed eos: 78
[info] error EOS occurs, failed eos: 79
[info] error EOS occurs, failed eos: 80
[info] error EOS occurs, failed eos: 81
[info] error EOS occurs, failed eos: 82
[info] error EOS occurs, failed eos: 83
[info] error EOS occurs, failed eos: 84
[info] error EOS occurs, failed eos: 85
[info] error EOS occurs, failed eos: 86
[info] error EOS occurs, failed eos: 87
[info] error EOS occurs, failed eos: 88
[info] error EOS occurs, failed eos: 89
[info] error EOS occurs, failed eos: 90
[info] error EOS occurs, failed eos: 91
[info] error EOS occurs, failed eos: 92
[info] error EOS occurs, failed eos: 93
[info] error EOS occurs, failed eos: 94
[info] error EOS occurs, failed eos: 95
[info] error EOS occurs, failed eos: 96
[info] error EOS occurs, failed eos: 97
[info] error EOS occurs, failed eos: 98
[info] error EOS occurs, failed eos: 99
[info] error EOS occurs, failed eos: 100
[info] error EOS occurs, failed eos: 101
[info] error EOS occurs, failed eos: 102
[info] error EOS occurs, failed eos: 103
[info] error EOS occurs, failed eos: 104
[info] error EOS occurs, failed eos: 105
[info] error EOS occurs, failed eos: 106
[info] error EOS occurs, failed eos: 107
[info] error EOS occurs, failed eos: 108
[info] error EOS occurs, failed eos: 109
[info] error EOS occurs, failed eos: 110
[info] error EOS occurs, failed eos: 111
[info] error EOS occurs, failed eos: 112
[info] error EOS occurs, failed eos: 113
[info] error EOS occurs, failed eos: 114
[info] error EOS occurs, failed eos: 115
[info] error EOS occurs, failed eos: 116
[info] error EOS occurs, failed eos: 117
[info] error EOS occurs, failed eos: 118
[info] error EOS occurs, failed eos: 119
[info] error EOS occurs, failed eos: 120
[info] error EOS occurs, failed eos: 121
[info] error EOS occurs, failed eos: 122
[info] error EOS occurs, failed eos: 123
[info] error EOS occurs, failed eos: 124
[info] error EOS occurs, failed eos: 125
[info] error EOS occurs, failed eos: 126
[info] error EOS occurs, failed eos: 127
[info] error EOS occurs, failed eos: 128
[FATAL] model stuck, eos error ...
[info] position not increasing, failed cnt: 1
[info] position not increasing, failed cnt: 2
[info] position not increasing, failed cnt: 3
[info] position not increasing, failed cnt: 4
[info] position not increasing, failed cnt: 5
[info] position not increasing, failed cnt: 6
[info] position not increasing, failed cnt: 7
[info] position not increasing, failed cnt: 1
[info] position not increasing, failed cnt: 1
[info] position not increasing, failed cnt: 2
[info] position not increasing, failed cnt: 1
[info] position not increasing, failed cnt: 2
[info] position not increasing, failed cnt: 3
[info] position not increasing, failed cnt: 4
[info] position not increasing, failed cnt: 5
[info] position not increasing, failed cnt: 6
[info] position not increasing, failed cnt: 7
[info] position not increasing, failed cnt: 8
[info] position not increasing, failed cnt: 9
[info] position not increasing, failed cnt: 10
[info] position not increasing, failed cnt: 11
[info] position not increasing, failed cnt: 12
[info] position not increasing, failed cnt: 13
[info] position not increasing, failed cnt: 14
[info] position not increasing, failed cnt: 15
[info] position not increasing, failed cnt: 16
[info] position not increasing, failed cnt: 17
[info] position not increasing, failed cnt: 18
[info] position not increasing, failed cnt: 19
[info] position not increasing, failed cnt: 20
[info] position not increasing, failed cnt: 21
[info] position not increasing, failed cnt: 22
[info] position not increasing, failed cnt: 23
[info] position not increasing, failed cnt: 24
[info] position not increasing, failed cnt: 25
[info] position not increasing, failed cnt: 26
[info] position not increasing, failed cnt: 27
[info] position not increasing, failed cnt: 28
[info] position not increasing, failed cnt: 29
[info] position not increasing, failed cnt: 30
[info] position not increasing, failed cnt: 31
[info] position not increasing, failed cnt: 32
[info] position not increasing, failed cnt: 33
[info] position not increasing, failed cnt: 34
[info] position not increasing, failed cnt: 35
[info] position not increasing, failed cnt: 36
[info] position not increasing, failed cnt: 37
[info] position not increasing, failed cnt: 38
[info] position not increasing, failed cnt: 39
[info] position not increasing, failed cnt: 40
[info] position not increasing, failed cnt: 41
[info] position not increasing, failed cnt: 42
[info] position not increasing, failed cnt: 43
[info] position not increasing, failed cnt: 44
[info] position not increasing, failed cnt: 45
[info] position not increasing, failed cnt: 46
[info] position not increasing, failed cnt: 47
[info] position not increasing, failed cnt: 48
[info] position not increasing, failed cnt: 49
[info] position not increasing, failed cnt: 50
[info] position not increasing, failed cnt: 51
[info] position not increasing, failed cnt: 52
[info] position not increasing, failed cnt: 53
[info] position not increasing, failed cnt: 54
[info] position not increasing, failed cnt: 55
[info] position not increasing, failed cnt: 56
[info] position not increasing, failed cnt: 57
[info] position not increasing, failed cnt: 58
[info] position not increasing, failed cnt: 59
[info] position not increasing, failed cnt: 60
[info] position not increasing, failed cnt: 61
[info] position not increasing, failed cnt: 62
[info] position not increasing, failed cnt: 63
[info] position not increasing, failed cnt: 64
[info] position not increasing, failed cnt: 65
[info] position not increasing, failed cnt: 66
[info] position not increasing, failed cnt: 67
[info] position not increasing, failed cnt: 68
[info] position not increasing, failed cnt: 69
[info] position not increasing, failed cnt: 70
[info] position not increasing, failed cnt: 71
[info] position not increasing, failed cnt: 72
[info] position not increasing, failed cnt: 73
[info] position not increasing, failed cnt: 74
[info] position not increasing, failed cnt: 75
[info] position not increasing, failed cnt: 76
[info] position not increasing, failed cnt: 77
[info] position not increasing, failed cnt: 78
[info] position not increasing, failed cnt: 79
[info] position not increasing, failed cnt: 80
[info] position not increasing, failed cnt: 81
[info] position not increasing, failed cnt: 82
[info] position not increasing, failed cnt: 83
[info] position not increasing, failed cnt: 84
[info] position not increasing, failed cnt: 85
[info] position not increasing, failed cnt: 86
[info] position not increasing, failed cnt: 87
[info] position not increasing, failed cnt: 88
[info] position not increasing, failed cnt: 89
[info] position not increasing, failed cnt: 90
[info] position not increasing, failed cnt: 91
[info] position not increasing, failed cnt: 92
[info] position not increasing, failed cnt: 93
[info] position not increasing, failed cnt: 94
[info] position not increasing, failed cnt: 95
[info] position not increasing, failed cnt: 96
[info] position not increasing, failed cnt: 97
[info] position not increasing, failed cnt: 98
[info] position not increasing, failed cnt: 99
[info] position not increasing, failed cnt: 100
[info] position not increasing, failed cnt: 101
[info] position not increasing, failed cnt: 102
[info] position not increasing, failed cnt: 103
[info] position not increasing, failed cnt: 104
[info] position not increasing, failed cnt: 105
[info] position not increasing, failed cnt: 106
[info] position not increasing, failed cnt: 107
[info] position not increasing, failed cnt: 108
[info] position not increasing, failed cnt: 109
[info] position not increasing, failed cnt: 110
[info] position not increasing, failed cnt: 111
[info] position not increasing, failed cnt: 112
[info] position not increasing, failed cnt: 113
[info] position not increasing, failed cnt: 114
[info] position not increasing, failed cnt: 115
[info] position not increasing, failed cnt: 116
[info] position not increasing, failed cnt: 117
[info] position not increasing, failed cnt: 118
[info] position not increasing, failed cnt: 119
[info] position not increasing, failed cnt: 120
[info] position not increasing, failed cnt: 121
[info] position not increasing, failed cnt: 122
[info] position not increasing, failed cnt: 123
[info] position not increasing, failed cnt: 124
[info] position not increasing, failed cnt: 125
[info] position not increasing, failed cnt: 126
[info] position not increasing, failed cnt: 127
[info] position not increasing, failed cnt: 128
[FATAL] model stuck, exiting ...
4T4TeoIBft7oIW5WOte5Au orig S3 ok=False fail=generation_failed_5_attempts 54.24s
[info] position not increasing, failed cnt: 1
[info] position not increasing, failed cnt: 2
[info] position not increasing, failed cnt: 3
-- generated events: 988
-- time elapsed: 5.37 secs
-- generated events: 223
-- time elapsed: 0.83 secs
4VEbbZeJwrlqRBTTscq3m2 orig S3 ok=True fail=None 6.31s
-- generated events: 853
-- time elapsed: 4.22 secs
-- generated events: 700
-- time elapsed: 3.15 secs
4VfHbfbzNPZmX5KI4iAOyT orig S3 ok=True fail=None 7.48s
-- generated events: 943
-- time elapsed: 4.94 secs
-- generated events: 36
-- time elapsed: 0.13 secs
4eMDRwO2dreLU0IvNoARUP orig S3 ok=True fail=None 5.16s
-- generated events: 676
-- time elapsed: 3.00 secs
4eNxB89LADQeQnUvvIIuRG orig S3 ok=True fail=None 3.05s
-- generated events: 1015
-- time elapsed: 5.56 secs
4gXVhPeuxE9ojFL0Ose0vA orig S3 ok=True fail=None 5.61s
-- generated events: 930
-- time elapsed: 4.84 secs
-- generated events: 228
-- time elapsed: 0.86 secs
4h1AwwM52VG8iwNmDf1FIK orig S3 ok=True fail=None 5.8s
-- generated events: 900
-- time elapsed: 4.60 secs
-- generated events: 95
-- time elapsed: 0.34 secs
4i0tFVka77iJFMvsLWUALb orig S3 ok=True fail=None 5.04s
-- generated events: 696
-- time elapsed: 3.12 secs
-- generated events: 224
-- time elapsed: 0.84 secs
4iexiXer21ge7jm3GPQkT2 orig S3 ok=True fail=None 4.06s
-- generated events: 730
-- time elapsed: 3.34 secs
-- generated events: 860
-- time elapsed: 4.27 secs
4trtyNhvxt6BDPMt2Rpw48 orig S3 ok=True fail=None 7.72s
[info] position not increasing, failed cnt: 1
[info] position not increasing, failed cnt: 1
[info] position not increasing, failed cnt: 2
-- generated events: 1002
-- time elapsed: 5.47 secs
-- generated events: 26
-- time elapsed: 0.09 secs
4uJ6Twc8EbeVIaqBj5CJs7 orig S3 ok=True fail=None 5.66s
-- generated events: 758
-- time elapsed: 3.53 secs
-- generated events: 398
-- time elapsed: 1.57 secs
4yZY7e169iMB1o29Pk41cz orig S3 ok=True fail=None 5.2s
-- generated events: 864
-- time elapsed: 4.30 secs
-- generated events: 860
-- time elapsed: 4.27 secs
50OR02Pg9seVMqYyJ7Nmrb orig S3 ok=True fail=None 8.68s
-- generated events: 603
-- time elapsed: 2.56 secs
51G9MuAKc5GOKrfoP4M4uO orig S3 ok=True fail=None 2.61s
[info] position not increasing, failed cnt: 1
-- generated events: 666
-- time elapsed: 2.94 secs
-- generated events: 165
-- time elapsed: 0.60 secs
53a8hVCKsw8NhGxmRH1YeZ orig S3 ok=True fail=None 3.64s
-- generated events: 726
-- time elapsed: 3.31 secs
-- generated events: 440
-- time elapsed: 1.75 secs
56EoTwd4LGjmEO7UzQrDoX orig S3 ok=True fail=None 5.16s
-- generated events: 647
-- time elapsed: 2.82 secs
58ajbBxQUMMFpqHA62QNO0 orig S3 ok=True fail=None 2.87s
-- generated events: 837
-- time elapsed: 4.10 secs
-- generated events: 566
-- time elapsed: 2.36 secs
59E7BFFni2GTDisijRqKU7 orig S3 ok=True fail=None 6.56s
-- generated events: 868
-- time elapsed: 4.34 secs
5AC7fEOMQqxqzqCq5z7nc9 orig S3 ok=True fail=None 4.39s
-- generated events: 565
-- time elapsed: 2.35 secs
-- generated events: 604
-- time elapsed: 2.57 secs
-- generated events: 108
-- time elapsed: 0.39 secs
5AEMs1wDhUJeZnTl5xyfys orig S3 ok=True fail=None 5.46s
[info] position not increasing, failed cnt: 1
-- generated events: 593
-- time elapsed: 2.52 secs
5AxCJOjIDdu4mVxvCWECuV orig S3 ok=True fail=None 2.57s
-- generated events: 1080
-- time elapsed: 6.26 secs
5BldrYOHmqUwouMmcBNEtK orig S3 ok=True fail=None 6.31s
-- generated events: 1045
-- time elapsed: 5.87 secs
-- generated events: 283
-- time elapsed: 1.10 secs
5CbNIRIgmrh1W9xNnhtSz1 orig S3 ok=True fail=None 7.07s
-- generated events: 788
-- time elapsed: 3.74 secs
-- generated events: 685
-- time elapsed: 3.06 secs
5CqrGysexXG1yOlouhkm6p orig S3 ok=True fail=None 6.9s
-- generated events: 753
-- time elapsed: 3.50 secs
-- generated events: 599
-- time elapsed: 2.54 secs
5DOdnY5NIJVe0tln5eFm7f orig S3 ok=True fail=None 6.14s
-- generated events: 940
-- time elapsed: 4.91 secs
-- generated events: 1029
-- time elapsed: 5.70 secs
-- generated events: 398
-- time elapsed: 1.57 secs
5EbU9BSwgacaX0mW7zU4jN orig S3 ok=True fail=None 12.33s
-- generated events: 590
-- time elapsed: 2.50 secs
-- generated events: 482
-- time elapsed: 1.95 secs
5Fpa2uQd90iYGAEsbKSSZR orig S3 ok=True fail=None 4.55s
-- generated events: 996
-- time elapsed: 5.41 secs
-- generated events: 924
-- time elapsed: 4.79 secs
5IhH7idp4sHJ4o0pnxH59X orig S3 ok=True fail=None 10.3s
-- generated events: 619
-- time elapsed: 2.66 secs
5K8AQ2dBiXolebEfawTrzv orig S3 ok=True fail=None 2.71s
-- generated events: 755
-- time elapsed: 3.53 secs
-- generated events: 554
-- time elapsed: 2.31 secs
5LPdNDuOWYSDT5P20iCRYO orig S3 ok=True fail=None 5.94s
-- generated events: 543
-- time elapsed: 2.25 secs
5LlXalu5DZuQl7Q9CmNKp0 orig S3 ok=True fail=None 2.3s
5OqvADUGavUqQnYH0Ukt7T orig S3 ok=False fail=unsupported_meter 0.0s
-- generated events: 851
-- time elapsed: 4.20 secs
-- generated events: 479
-- time elapsed: 1.93 secs
5SifuCu1raOyB2mljEPWoM orig S3 ok=True fail=None 6.24s
5a7cNKUhxWPg9jWE0fUukb orig S3 ok=False fail=unsupported_meter 0.0s
-- generated events: 783
-- time elapsed: 3.72 secs
-- generated events: 334
-- time elapsed: 1.30 secs
5bVKIpODZbjn82L68A80hv orig S3 ok=True fail=None 5.12s
-- generated events: 519
-- time elapsed: 2.12 secs
-- generated events: 608
-- time elapsed: 2.60 secs
5bf4zyUkbC7Df7icueGtcR orig S3 ok=True fail=None 4.83s
-- generated events: 385
-- time elapsed: 1.51 secs
5dxFx2Ez14xXuqyOK3Pgxd orig S3 ok=True fail=None 1.56s
-- generated events: 721
-- time elapsed: 3.28 secs
5eZwk6UYsVAbqSomPjNSDE orig S3 ok=True fail=None 3.33s
-- generated events: 861
-- time elapsed: 4.27 secs
-- generated events: 278
-- time elapsed: 1.06 secs
5fTRjBPvXscWyOOukAGtW5 orig S3 ok=True fail=None 5.42s
-- generated events: 826
-- time elapsed: 4.02 secs
5gIW9IMReT6xicyfHKtcug orig S3 ok=True fail=None 4.07s
-- generated events: 937
-- time elapsed: 4.88 secs
-- generated events: 202
-- time elapsed: 0.75 secs
5i64hhiLZt1NWnRZiVubSL orig S3 ok=True fail=None 5.73s
-- generated events: 630
-- time elapsed: 2.73 secs
-- generated events: 587
-- time elapsed: 2.48 secs
-- generated events: 345
-- time elapsed: 1.35 secs
5icriKgD89JhLxeSnd9o74 orig S3 ok=True fail=None 6.72s
-- generated events: 863
-- time elapsed: 4.30 secs
-- generated events: 704
-- time elapsed: 3.17 secs
5igSw7TE7vW1iKMCU9ACMJ orig S3 ok=True fail=None 7.57s
-- generated events: 1024
-- time elapsed: 5.63 secs
[info] position not increasing, failed cnt: 1
[info] position not increasing, failed cnt: 2
[info] position not increasing, failed cnt: 3
[info] position not increasing, failed cnt: 4
[info] position not increasing, failed cnt: 5
[info] position not increasing, failed cnt: 6
[info] position not increasing, failed cnt: 7
[info] position not increasing, failed cnt: 8
[info] position not increasing, failed cnt: 9
[info] position not increasing, failed cnt: 10
[info] position not increasing, failed cnt: 11
[info] position not increasing, failed cnt: 12
[info] position not increasing, failed cnt: 13
[info] position not increasing, failed cnt: 14
[info] position not increasing, failed cnt: 15
[info] position not increasing, failed cnt: 16
[info] position not increasing, failed cnt: 17
[info] position not increasing, failed cnt: 18
[info] position not increasing, failed cnt: 19
[info] position not increasing, failed cnt: 20
[info] position not increasing, failed cnt: 21
[info] position not increasing, failed cnt: 22
[info] position not increasing, failed cnt: 23
[info] position not increasing, failed cnt: 24
[info] position not increasing, failed cnt: 25
[info] position not increasing, failed cnt: 26
[info] position not increasing, failed cnt: 27
[info] position not increasing, failed cnt: 28
[info] position not increasing, failed cnt: 29
[info] position not increasing, failed cnt: 30
[info] position not increasing, failed cnt: 31
[info] position not increasing, failed cnt: 32
[info] position not increasing, failed cnt: 33
[info] position not increasing, failed cnt: 34
[info] position not increasing, failed cnt: 35
[info] position not increasing, failed cnt: 36
[info] position not increasing, failed cnt: 37
[info] position not increasing, failed cnt: 38
[info] position not increasing, failed cnt: 39
[info] position not increasing, failed cnt: 40
[info] position not increasing, failed cnt: 41
[info] position not increasing, failed cnt: 42
[info] position not increasing, failed cnt: 43
[info] position not increasing, failed cnt: 44
[info] position not increasing, failed cnt: 45
[info] position not increasing, failed cnt: 46
[info] position not increasing, failed cnt: 47
[info] position not increasing, failed cnt: 48
[info] position not increasing, failed cnt: 49
[info] position not increasing, failed cnt: 50
[info] position not increasing, failed cnt: 51
[info] position not increasing, failed cnt: 52
[info] position not increasing, failed cnt: 53
[info] position not increasing, failed cnt: 54
[info] position not increasing, failed cnt: 55
[info] position not increasing, failed cnt: 56
[info] position not increasing, failed cnt: 57
[info] position not increasing, failed cnt: 58
[info] position not increasing, failed cnt: 59
[info] position not increasing, failed cnt: 60
[info] position not increasing, failed cnt: 61
[info] position not increasing, failed cnt: 62
[info] position not increasing, failed cnt: 63
[info] position not increasing, failed cnt: 64
[info] position not increasing, failed cnt: 65
[info] position not increasing, failed cnt: 66
[info] position not increasing, failed cnt: 67
[info] position not increasing, failed cnt: 68
[info] position not increasing, failed cnt: 69
[info] position not increasing, failed cnt: 70
[info] position not increasing, failed cnt: 71
[info] position not increasing, failed cnt: 72
[info] position not increasing, failed cnt: 73
[info] position not increasing, failed cnt: 74
[info] position not increasing, failed cnt: 75
[info] position not increasing, failed cnt: 76
[info] position not increasing, failed cnt: 77
[info] position not increasing, failed cnt: 78
[info] position not increasing, failed cnt: 79
[info] position not increasing, failed cnt: 80
[info] position not increasing, failed cnt: 81
[info] position not increasing, failed cnt: 82
[info] position not increasing, failed cnt: 83
[info] position not increasing, failed cnt: 84
[info] position not increasing, failed cnt: 85
[info] position not increasing, failed cnt: 86
[info] position not increasing, failed cnt: 87
[info] position not increasing, failed cnt: 88
[info] position not increasing, failed cnt: 89
[info] position not increasing, failed cnt: 90
[info] position not increasing, failed cnt: 91
[info] position not increasing, failed cnt: 92
[info] position not increasing, failed cnt: 93
[info] position not increasing, failed cnt: 94
[info] position not increasing, failed cnt: 95
[info] position not increasing, failed cnt: 96
[info] position not increasing, failed cnt: 97
[info] position not increasing, failed cnt: 98
[info] position not increasing, failed cnt: 99
[info] position not increasing, failed cnt: 100
[info] position not increasing, failed cnt: 101
[info] position not increasing, failed cnt: 102
[info] position not increasing, failed cnt: 103
[info] position not increasing, failed cnt: 104
[info] position not increasing, failed cnt: 105
[info] position not increasing, failed cnt: 106
[info] position not increasing, failed cnt: 107
[info] position not increasing, failed cnt: 108
[info] position not increasing, failed cnt: 109
[info] position not increasing, failed cnt: 110
[info] position not increasing, failed cnt: 111
[info] position not increasing, failed cnt: 112
[info] position not increasing, failed cnt: 113
[info] position not increasing, failed cnt: 114
[info] position not increasing, failed cnt: 115
[info] position not increasing, failed cnt: 116
[info] position not increasing, failed cnt: 117
[info] position not increasing, failed cnt: 118
[info] position not increasing, failed cnt: 119
[info] position not increasing, failed cnt: 120
[info] position not increasing, failed cnt: 121
[info] position not increasing, failed cnt: 122
[info] position not increasing, failed cnt: 123
[info] position not increasing, failed cnt: 124
[info] position not increasing, failed cnt: 125
[info] position not increasing, failed cnt: 126
[info] position not increasing, failed cnt: 127
[info] position not increasing, failed cnt: 128
[FATAL] model stuck, exiting ...
-- generated events: 445
-- time elapsed: 1.78 secs
5jRB7otWSFz3kMR3fAOQ2n orig S3 ok=True fail=None 8.96s
-- generated events: 1140
-- time elapsed: 6.96 secs
-- generated events: 99
-- time elapsed: 0.36 secs
5jwyaHQbtmpEPVmHwq19Fy orig S3 ok=True fail=None 7.42s
-- generated events: 840
-- time elapsed: 4.11 secs
-- generated events: 186
-- time elapsed: 0.68 secs
5kehUJhVBQAMgzY9IQXIOV orig S3 ok=True fail=None 4.89s
-- generated events: 744
-- time elapsed: 3.44 secs
-- generated events: 205
-- time elapsed: 0.76 secs
5mh8LL52KOZXeb80QpcUVG orig S3 ok=True fail=None 4.3s
-- generated events: 901
-- time elapsed: 4.59 secs
-- generated events: 315
-- time elapsed: 1.21 secs
5ojQLq8MsewWoGbVQEBd8f orig S3 ok=True fail=None 5.9s
-- generated events: 664
-- time elapsed: 2.92 secs
-- generated events: 477
-- time elapsed: 1.92 secs
5pewA4rsox31wXDX26VMlr orig S3 ok=True fail=None 4.94s
-- generated events: 1072
-- time elapsed: 6.15 secs
5rVNJGnGulbxFwEgUeqAPg orig S3 ok=True fail=None 6.21s
-- generated events: 318
-- time elapsed: 1.23 secs
5rc5x4FKWvrJb8qxFNp1bO orig S3 ok=True fail=None 1.28s
-- generated events: 952
-- time elapsed: 5.01 secs
5zpJSe86hLBaTpd6ZW3TFB orig S3 ok=True fail=None 5.06s
-- generated events: 841
-- time elapsed: 4.12 secs
-- generated events: 479
-- time elapsed: 1.94 secs
-- generated events: 457
-- time elapsed: 1.83 secs
-- generated events: 237
-- time elapsed: 0.89 secs
61g5RPLFCdbnVwAQ363gyP orig S3 ok=True fail=None 8.99s
-- generated events: 784
-- time elapsed: 3.71 secs
-- generated events: 413
-- time elapsed: 1.64 secs
64ksmDDLWaiY21WDVXBoYC orig S3 ok=True fail=None 5.45s
-- generated events: 505
-- time elapsed: 2.06 secs
-- generated events: 528
-- time elapsed: 2.16 secs
[info] position not increasing, failed cnt: 1
[info] position not increasing, failed cnt: 2
[info] position not increasing, failed cnt: 3
[info] position not increasing, failed cnt: 4
[info] position not increasing, failed cnt: 5
[info] position not increasing, failed cnt: 6
[info] position not increasing, failed cnt: 7
[info] position not increasing, failed cnt: 8
[info] position not increasing, failed cnt: 9
[info] position not increasing, failed cnt: 10
[info] position not increasing, failed cnt: 11
[info] position not increasing, failed cnt: 12
[info] position not increasing, failed cnt: 13
[info] position not increasing, failed cnt: 14
[info] position not increasing, failed cnt: 15
[info] position not increasing, failed cnt: 16
[info] position not increasing, failed cnt: 17
[info] position not increasing, failed cnt: 18
[info] position not increasing, failed cnt: 19
[info] position not increasing, failed cnt: 20
[info] position not increasing, failed cnt: 21
[info] position not increasing, failed cnt: 22
[info] position not increasing, failed cnt: 23
[info] position not increasing, failed cnt: 24
[info] position not increasing, failed cnt: 25
[info] position not increasing, failed cnt: 26
[info] position not increasing, failed cnt: 27
[info] position not increasing, failed cnt: 28
[info] position not increasing, failed cnt: 29
[info] position not increasing, failed cnt: 30
[info] position not increasing, failed cnt: 31
[info] position not increasing, failed cnt: 32
[info] position not increasing, failed cnt: 33
[info] position not increasing, failed cnt: 34
[info] position not increasing, failed cnt: 35
[info] position not increasing, failed cnt: 36
[info] position not increasing, failed cnt: 37
[info] position not increasing, failed cnt: 38
[info] position not increasing, failed cnt: 39
[info] position not increasing, failed cnt: 40
[info] position not increasing, failed cnt: 41
[info] position not increasing, failed cnt: 42
[info] position not increasing, failed cnt: 43
[info] position not increasing, failed cnt: 44
[info] position not increasing, failed cnt: 45
[info] position not increasing, failed cnt: 46
[info] position not increasing, failed cnt: 47
[info] position not increasing, failed cnt: 48
[info] position not increasing, failed cnt: 49
[info] position not increasing, failed cnt: 50
[info] position not increasing, failed cnt: 51
[info] position not increasing, failed cnt: 52
[info] position not increasing, failed cnt: 53
[info] position not increasing, failed cnt: 54
[info] position not increasing, failed cnt: 55
[info] position not increasing, failed cnt: 56
[info] position not increasing, failed cnt: 57
[info] position not increasing, failed cnt: 58
[info] position not increasing, failed cnt: 59
[info] position not increasing, failed cnt: 60
[info] position not increasing, failed cnt: 61
[info] position not increasing, failed cnt: 62
[info] position not increasing, failed cnt: 63
[info] position not increasing, failed cnt: 64
[info] position not increasing, failed cnt: 65
[info] position not increasing, failed cnt: 66
[info] position not increasing, failed cnt: 67
[info] position not increasing, failed cnt: 68
[info] position not increasing, failed cnt: 69
[info] position not increasing, failed cnt: 70
[info] position not increasing, failed cnt: 71
[info] position not increasing, failed cnt: 72
[info] position not increasing, failed cnt: 73
[info] position not increasing, failed cnt: 74
[info] position not increasing, failed cnt: 75
[info] position not increasing, failed cnt: 76
[info] position not increasing, failed cnt: 77
[info] position not increasing, failed cnt: 78
[info] position not increasing, failed cnt: 79
[info] position not increasing, failed cnt: 80
[info] position not increasing, failed cnt: 81
[info] position not increasing, failed cnt: 82
[info] position not increasing, failed cnt: 83
[info] position not increasing, failed cnt: 84
[info] position not increasing, failed cnt: 85
[info] position not increasing, failed cnt: 86
[info] position not increasing, failed cnt: 87
[info] position not increasing, failed cnt: 88
[info] position not increasing, failed cnt: 89
[info] position not increasing, failed cnt: 90
[info] position not increasing, failed cnt: 91
[info] position not increasing, failed cnt: 92
[info] position not increasing, failed cnt: 93
[info] position not increasing, failed cnt: 94
[info] position not increasing, failed cnt: 95
[info] position not increasing, failed cnt: 96
[info] position not increasing, failed cnt: 97
[info] position not increasing, failed cnt: 98
[info] position not increasing, failed cnt: 99
[info] position not increasing, failed cnt: 100
[info] position not increasing, failed cnt: 101
[info] position not increasing, failed cnt: 102
[info] position not increasing, failed cnt: 103
[info] position not increasing, failed cnt: 104
[info] position not increasing, failed cnt: 105
[info] position not increasing, failed cnt: 106
[info] position not increasing, failed cnt: 107
[info] position not increasing, failed cnt: 108
[info] position not increasing, failed cnt: 109
[info] position not increasing, failed cnt: 110
[info] position not increasing, failed cnt: 111
[info] position not increasing, failed cnt: 112
[info] position not increasing, failed cnt: 113
[info] position not increasing, failed cnt: 114
[info] position not increasing, failed cnt: 115
[info] position not increasing, failed cnt: 116
[info] position not increasing, failed cnt: 117
[info] position not increasing, failed cnt: 118
[info] position not increasing, failed cnt: 119
[info] position not increasing, failed cnt: 120
[info] position not increasing, failed cnt: 121
[info] position not increasing, failed cnt: 122
[info] position not increasing, failed cnt: 123
[info] position not increasing, failed cnt: 124
[info] position not increasing, failed cnt: 125
[info] position not increasing, failed cnt: 126
[info] position not increasing, failed cnt: 127
[info] position not increasing, failed cnt: 128
[FATAL] model stuck, exiting ...
-- generated events: 622
-- time elapsed: 2.68 secs
-- generated events: 135
-- time elapsed: 0.49 secs
65qUlixRrzCOI7RIHMZ8b0 orig S3 ok=True fail=None 8.65s
-- generated events: 566
-- time elapsed: 2.36 secs
-- generated events: 508
-- time elapsed: 2.08 secs
-- generated events: 213
-- time elapsed: 0.79 secs
66x69ddxo6rH3KZoa5yNfO orig S3 ok=True fail=None 5.39s
-- generated events: 1074
-- time elapsed: 6.17 secs
-- generated events: 669
-- time elapsed: 2.96 secs
-- generated events: 408
-- time elapsed: 1.62 secs
6A4DbuFY7yg40irHQW5VL3 orig S3 ok=True fail=None 10.9s
-- generated events: 899
-- time elapsed: 4.57 secs
-- generated events: 485
-- time elapsed: 1.96 secs
6FmfdFUbG8q6U2KbsNFo3y orig S3 ok=True fail=None 6.63s
-- generated events: 779
-- time elapsed: 3.68 secs
[info] position not increasing, failed cnt: 1
[info] position not increasing, failed cnt: 2
[info] position not increasing, failed cnt: 3
[info] position not increasing, failed cnt: 4
[info] position not increasing, failed cnt: 5
[info] position not increasing, failed cnt: 6
[info] position not increasing, failed cnt: 7
[info] position not increasing, failed cnt: 8
[info] position not increasing, failed cnt: 9
[info] position not increasing, failed cnt: 10
[info] position not increasing, failed cnt: 11
[info] position not increasing, failed cnt: 12
[info] position not increasing, failed cnt: 13
[info] position not increasing, failed cnt: 14
[info] position not increasing, failed cnt: 15
[info] position not increasing, failed cnt: 16
[info] position not increasing, failed cnt: 17
[info] position not increasing, failed cnt: 18
[info] position not increasing, failed cnt: 19
[info] position not increasing, failed cnt: 20
[info] position not increasing, failed cnt: 21
[info] position not increasing, failed cnt: 22
[info] position not increasing, failed cnt: 23
[info] position not increasing, failed cnt: 24
[info] position not increasing, failed cnt: 25
[info] position not increasing, failed cnt: 26
[info] position not increasing, failed cnt: 27
[info] position not increasing, failed cnt: 28
[info] position not increasing, failed cnt: 29
[info] position not increasing, failed cnt: 30
[info] position not increasing, failed cnt: 31
[info] position not increasing, failed cnt: 32
[info] position not increasing, failed cnt: 33
[info] position not increasing, failed cnt: 34
[info] position not increasing, failed cnt: 35
[info] position not increasing, failed cnt: 36
[info] position not increasing, failed cnt: 37
[info] position not increasing, failed cnt: 38
[info] position not increasing, failed cnt: 39
[info] position not increasing, failed cnt: 40
[info] position not increasing, failed cnt: 41
[info] position not increasing, failed cnt: 42
[info] position not increasing, failed cnt: 43
[info] position not increasing, failed cnt: 44
[info] position not increasing, failed cnt: 45
[info] position not increasing, failed cnt: 46
[info] position not increasing, failed cnt: 47
[info] position not increasing, failed cnt: 48
[info] position not increasing, failed cnt: 49
[info] position not increasing, failed cnt: 50
[info] position not increasing, failed cnt: 51
[info] position not increasing, failed cnt: 52
[info] position not increasing, failed cnt: 53
[info] position not increasing, failed cnt: 54
[info] position not increasing, failed cnt: 55
[info] position not increasing, failed cnt: 56
[info] position not increasing, failed cnt: 57
[info] position not increasing, failed cnt: 58
[info] position not increasing, failed cnt: 59
[info] position not increasing, failed cnt: 60
[info] position not increasing, failed cnt: 61
[info] position not increasing, failed cnt: 62
[info] position not increasing, failed cnt: 63
[info] position not increasing, failed cnt: 64
[info] position not increasing, failed cnt: 65
[info] position not increasing, failed cnt: 66
[info] position not increasing, failed cnt: 67
[info] position not increasing, failed cnt: 68
[info] position not increasing, failed cnt: 69
[info] position not increasing, failed cnt: 70
[info] position not increasing, failed cnt: 71
[info] position not increasing, failed cnt: 72
[info] position not increasing, failed cnt: 73
[info] position not increasing, failed cnt: 74
[info] position not increasing, failed cnt: 75
[info] position not increasing, failed cnt: 76
[info] position not increasing, failed cnt: 77
[info] position not increasing, failed cnt: 78
[info] position not increasing, failed cnt: 79
[info] position not increasing, failed cnt: 80
[info] position not increasing, failed cnt: 81
[info] position not increasing, failed cnt: 82
[info] position not increasing, failed cnt: 83
[info] position not increasing, failed cnt: 84
[info] position not increasing, failed cnt: 85
[info] position not increasing, failed cnt: 86
[info] position not increasing, failed cnt: 87
[info] position not increasing, failed cnt: 88
[info] position not increasing, failed cnt: 89
[info] position not increasing, failed cnt: 90
[info] position not increasing, failed cnt: 91
[info] position not increasing, failed cnt: 92
[info] position not increasing, failed cnt: 93
[info] position not increasing, failed cnt: 94
[info] position not increasing, failed cnt: 95
[info] position not increasing, failed cnt: 96
[info] position not increasing, failed cnt: 97
[info] position not increasing, failed cnt: 98
[info] position not increasing, failed cnt: 99
[info] position not increasing, failed cnt: 100
[info] position not increasing, failed cnt: 101
[info] position not increasing, failed cnt: 102
[info] position not increasing, failed cnt: 103
[info] position not increasing, failed cnt: 104
[info] position not increasing, failed cnt: 105
[info] position not increasing, failed cnt: 106
[info] position not increasing, failed cnt: 107
[info] position not increasing, failed cnt: 108
[info] position not increasing, failed cnt: 109
[info] position not increasing, failed cnt: 110
[info] position not increasing, failed cnt: 111
[info] position not increasing, failed cnt: 112
[info] position not increasing, failed cnt: 113
[info] position not increasing, failed cnt: 114
[info] position not increasing, failed cnt: 115
[info] position not increasing, failed cnt: 116
[info] position not increasing, failed cnt: 117
[info] position not increasing, failed cnt: 118
[info] position not increasing, failed cnt: 119
[info] position not increasing, failed cnt: 120
[info] position not increasing, failed cnt: 121
[info] position not increasing, failed cnt: 122
[info] position not increasing, failed cnt: 123
[info] position not increasing, failed cnt: 124
[info] position not increasing, failed cnt: 125
[info] position not increasing, failed cnt: 126
[info] position not increasing, failed cnt: 127
[info] position not increasing, failed cnt: 128
[FATAL] model stuck, exiting ...
-- generated events: 453
-- time elapsed: 1.82 secs
6H1qeLID2gslZMgxpwfACS orig S3 ok=True fail=None 6.15s
-- generated events: 1019
-- time elapsed: 5.59 secs
-- generated events: 771
-- time elapsed: 3.63 secs
6I3A7q18EJgbdZf2Zx1wxm orig S3 ok=True fail=None 9.33s
-- generated events: 905
-- time elapsed: 4.63 secs
6M8dGV2alakIhqDFNFIEfg orig S3 ok=True fail=None 4.68s
-- generated events: 735
-- time elapsed: 3.39 secs
-- generated events: 763
-- time elapsed: 3.58 secs
6N1sew50IOyienxE3u6WEM orig S3 ok=True fail=None 7.07s
6NgFmG5lumvnyBEpjye3Rd orig S3 ok=False fail=unsupported_meter 0.0s
-- generated events: 894
-- time elapsed: 4.54 secs
6NqPOID1RsXpj7IAEsgd2v orig S3 ok=True fail=None 4.6s
-- generated events: 843
-- time elapsed: 4.13 secs
-- generated events: 269
-- time elapsed: 1.03 secs
6TCciGLZyMSTZDJDmrdVSI orig S3 ok=True fail=None 5.26s
-- generated events: 1026
-- time elapsed: 5.67 secs
-- generated events: 347
-- time elapsed: 1.35 secs
6URmER9CypxglzgwthpWTU orig S3 ok=True fail=None 7.13s
6W6bjaq3SpD6OMuxWgPM9X orig S3 ok=False fail=unsupported_meter 0.0s
-- generated events: 532
-- time elapsed: 2.19 secs
-- generated events: 330
-- time elapsed: 1.28 secs
6WGLxfoN1BIjmIJYcb2Wwn orig S3 ok=True fail=None 3.57s
-- generated events: 814
-- time elapsed: 3.93 secs
-- generated events: 269
-- time elapsed: 1.02 secs
6XwWuAFFTqL2IoPdeA4iis orig S3 ok=True fail=None 5.06s
-- generated events: 726
-- time elapsed: 3.31 secs
6alSXplRoBcYCNHKqJDWPz orig S3 ok=True fail=None 3.36s
[info] position not increasing, failed cnt: 1
[info] position not increasing, failed cnt: 1
[info] position not increasing, failed cnt: 2
-- generated events: 757
-- time elapsed: 3.54 secs
-- generated events: 514
-- time elapsed: 2.10 secs
6ast0Gzj3H6MgDfkRHZxx1 orig S3 ok=True fail=None 5.74s
-- generated events: 568
-- time elapsed: 2.37 secs
-- generated events: 185
-- time elapsed: 0.68 secs
6bPSr7yKukRjAGk9cIkJ4J orig S3 ok=True fail=None 3.15s
-- generated events: 708
-- time elapsed: 3.19 secs
[info] position not increasing, failed cnt: 1
[info] position not increasing, failed cnt: 2
[info] position not increasing, failed cnt: 3
[info] position not increasing, failed cnt: 4
[info] position not increasing, failed cnt: 5
[info] position not increasing, failed cnt: 6
[info] position not increasing, failed cnt: 7
[info] position not increasing, failed cnt: 8
[info] position not increasing, failed cnt: 9
[info] position not increasing, failed cnt: 10
[info] position not increasing, failed cnt: 11
[info] position not increasing, failed cnt: 12
[info] position not increasing, failed cnt: 13
[info] position not increasing, failed cnt: 14
[info] position not increasing, failed cnt: 15
[info] position not increasing, failed cnt: 16
[info] position not increasing, failed cnt: 17
[info] position not increasing, failed cnt: 18
[info] position not increasing, failed cnt: 19
[info] position not increasing, failed cnt: 20
[info] position not increasing, failed cnt: 21
[info] position not increasing, failed cnt: 22
[info] position not increasing, failed cnt: 23
[info] position not increasing, failed cnt: 24
[info] position not increasing, failed cnt: 25
[info] position not increasing, failed cnt: 26
[info] position not increasing, failed cnt: 27
[info] position not increasing, failed cnt: 28
[info] position not increasing, failed cnt: 29
[info] position not increasing, failed cnt: 30
[info] position not increasing, failed cnt: 31
[info] position not increasing, failed cnt: 32
[info] position not increasing, failed cnt: 33
[info] position not increasing, failed cnt: 34
[info] position not increasing, failed cnt: 35
[info] position not increasing, failed cnt: 36
[info] position not increasing, failed cnt: 37
[info] position not increasing, failed cnt: 38
[info] position not increasing, failed cnt: 39
[info] position not increasing, failed cnt: 40
[info] position not increasing, failed cnt: 41
[info] position not increasing, failed cnt: 42
[info] position not increasing, failed cnt: 43
[info] position not increasing, failed cnt: 44
[info] position not increasing, failed cnt: 45
[info] position not increasing, failed cnt: 46
[info] position not increasing, failed cnt: 47
[info] position not increasing, failed cnt: 48
[info] position not increasing, failed cnt: 49
[info] position not increasing, failed cnt: 50
[info] position not increasing, failed cnt: 51
[info] position not increasing, failed cnt: 52
[info] position not increasing, failed cnt: 53
[info] position not increasing, failed cnt: 54
[info] position not increasing, failed cnt: 55
[info] position not increasing, failed cnt: 56
[info] position not increasing, failed cnt: 57
[info] position not increasing, failed cnt: 58
[info] position not increasing, failed cnt: 59
[info] position not increasing, failed cnt: 60
[info] position not increasing, failed cnt: 61
[info] position not increasing, failed cnt: 62
[info] position not increasing, failed cnt: 63
[info] position not increasing, failed cnt: 64
[info] position not increasing, failed cnt: 65
[info] position not increasing, failed cnt: 66
[info] position not increasing, failed cnt: 67
[info] position not increasing, failed cnt: 68
[info] position not increasing, failed cnt: 69
[info] position not increasing, failed cnt: 70
[info] position not increasing, failed cnt: 71
[info] position not increasing, failed cnt: 72
[info] position not increasing, failed cnt: 73
[info] position not increasing, failed cnt: 74
[info] position not increasing, failed cnt: 75
[info] position not increasing, failed cnt: 76
[info] position not increasing, failed cnt: 77
[info] position not increasing, failed cnt: 78
[info] position not increasing, failed cnt: 79
[info] position not increasing, failed cnt: 80
[info] position not increasing, failed cnt: 81
[info] position not increasing, failed cnt: 82
[info] position not increasing, failed cnt: 83
[info] position not increasing, failed cnt: 84
[info] position not increasing, failed cnt: 85
[info] position not increasing, failed cnt: 86
[info] position not increasing, failed cnt: 87
[info] position not increasing, failed cnt: 88
[info] position not increasing, failed cnt: 89
[info] position not increasing, failed cnt: 90
[info] position not increasing, failed cnt: 91
[info] position not increasing, failed cnt: 92
[info] position not increasing, failed cnt: 93
[info] position not increasing, failed cnt: 94
[info] position not increasing, failed cnt: 95
[info] position not increasing, failed cnt: 96
[info] position not increasing, failed cnt: 97
[info] position not increasing, failed cnt: 98
[info] position not increasing, failed cnt: 99
[info] position not increasing, failed cnt: 100
[info] position not increasing, failed cnt: 101
[info] position not increasing, failed cnt: 102
[info] position not increasing, failed cnt: 103
[info] position not increasing, failed cnt: 104
[info] position not increasing, failed cnt: 105
[info] position not increasing, failed cnt: 106
[info] position not increasing, failed cnt: 107
[info] position not increasing, failed cnt: 108
[info] position not increasing, failed cnt: 109
[info] position not increasing, failed cnt: 110
[info] position not increasing, failed cnt: 111
[info] position not increasing, failed cnt: 112
[info] position not increasing, failed cnt: 113
[info] position not increasing, failed cnt: 114
[info] position not increasing, failed cnt: 115
[info] position not increasing, failed cnt: 116
[info] position not increasing, failed cnt: 117
[info] position not increasing, failed cnt: 118
[info] position not increasing, failed cnt: 119
[info] position not increasing, failed cnt: 120
[info] position not increasing, failed cnt: 121
[info] position not increasing, failed cnt: 122
[info] position not increasing, failed cnt: 123
[info] position not increasing, failed cnt: 124
[info] position not increasing, failed cnt: 125
[info] position not increasing, failed cnt: 126
[info] position not increasing, failed cnt: 127
[info] position not increasing, failed cnt: 128
[FATAL] model stuck, exiting ...
-- generated events: 320
-- time elapsed: 1.23 secs
6ceBOPyGnJnumkJ2wOTt7D orig S3 ok=True fail=None 6.41s
-- generated events: 775
-- time elapsed: 3.64 secs
6coZcwGP3Cmhyqzvp6sEJS orig S3 ok=True fail=None 3.7s
[info] position not increasing, failed cnt: 1
[info] error EOS occurs, failed eos: 1
[info] error EOS occurs, failed eos: 2
[info] error EOS occurs, failed eos: 3
[info] error EOS occurs, failed eos: 4
[info] error EOS occurs, failed eos: 5
[info] error EOS occurs, failed eos: 6
[info] error EOS occurs, failed eos: 7
[info] error EOS occurs, failed eos: 8
[info] error EOS occurs, failed eos: 9
[info] error EOS occurs, failed eos: 10
[info] error EOS occurs, failed eos: 11
[info] error EOS occurs, failed eos: 12
[info] error EOS occurs, failed eos: 13
[info] error EOS occurs, failed eos: 14
[info] error EOS occurs, failed eos: 15
[info] error EOS occurs, failed eos: 16
[info] error EOS occurs, failed eos: 17
[info] error EOS occurs, failed eos: 18
[info] error EOS occurs, failed eos: 19
[info] error EOS occurs, failed eos: 20
[info] error EOS occurs, failed eos: 21
[info] error EOS occurs, failed eos: 22
[info] error EOS occurs, failed eos: 23
[info] error EOS occurs, failed eos: 24
[info] error EOS occurs, failed eos: 25
[info] error EOS occurs, failed eos: 26
[info] error EOS occurs, failed eos: 27
[info] error EOS occurs, failed eos: 28
[info] error EOS occurs, failed eos: 29
[info] error EOS occurs, failed eos: 30
[info] error EOS occurs, failed eos: 31
[info] error EOS occurs, failed eos: 32
[info] error EOS occurs, failed eos: 33
[info] error EOS occurs, failed eos: 34
[info] error EOS occurs, failed eos: 35
[info] error EOS occurs, failed eos: 36
[info] error EOS occurs, failed eos: 37
[info] error EOS occurs, failed eos: 38
[info] error EOS occurs, failed eos: 39
[info] error EOS occurs, failed eos: 40
[info] error EOS occurs, failed eos: 41
[info] error EOS occurs, failed eos: 42
[info] error EOS occurs, failed eos: 43
[info] error EOS occurs, failed eos: 44
[info] error EOS occurs, failed eos: 45
[info] error EOS occurs, failed eos: 46
[info] error EOS occurs, failed eos: 47
[info] error EOS occurs, failed eos: 48
[info] error EOS occurs, failed eos: 49
[info] error EOS occurs, failed eos: 50
[info] error EOS occurs, failed eos: 51
[info] error EOS occurs, failed eos: 52
[info] error EOS occurs, failed eos: 53
[info] error EOS occurs, failed eos: 54
[info] error EOS occurs, failed eos: 55
[info] error EOS occurs, failed eos: 56
[info] error EOS occurs, failed eos: 57
[info] error EOS occurs, failed eos: 58
[info] error EOS occurs, failed eos: 59
[info] error EOS occurs, failed eos: 60
[info] error EOS occurs, failed eos: 61
[info] error EOS occurs, failed eos: 62
[info] error EOS occurs, failed eos: 63
[info] error EOS occurs, failed eos: 64
[info] error EOS occurs, failed eos: 65
[info] error EOS occurs, failed eos: 66
[info] error EOS occurs, failed eos: 67
[info] error EOS occurs, failed eos: 68
[info] error EOS occurs, failed eos: 69
[info] error EOS occurs, failed eos: 70
[info] error EOS occurs, failed eos: 71
[info] error EOS occurs, failed eos: 72
[info] error EOS occurs, failed eos: 73
[info] error EOS occurs, failed eos: 74
[info] error EOS occurs, failed eos: 75
[info] error EOS occurs, failed eos: 76
[info] error EOS occurs, failed eos: 77
[info] error EOS occurs, failed eos: 78
[info] error EOS occurs, failed eos: 79
[info] error EOS occurs, failed eos: 80
[info] error EOS occurs, failed eos: 81
[info] error EOS occurs, failed eos: 82
[info] error EOS occurs, failed eos: 83
[info] error EOS occurs, failed eos: 84
[info] error EOS occurs, failed eos: 85
[info] error EOS occurs, failed eos: 86
[info] error EOS occurs, failed eos: 87
[info] error EOS occurs, failed eos: 88
[info] error EOS occurs, failed eos: 89
[info] error EOS occurs, failed eos: 90
[info] error EOS occurs, failed eos: 91
[info] error EOS occurs, failed eos: 92
[info] error EOS occurs, failed eos: 93
[info] error EOS occurs, failed eos: 94
[info] error EOS occurs, failed eos: 95
[info] error EOS occurs, failed eos: 96
[info] error EOS occurs, failed eos: 97
[info] error EOS occurs, failed eos: 98
[info] error EOS occurs, failed eos: 99
[info] error EOS occurs, failed eos: 100
[info] error EOS occurs, failed eos: 101
[info] error EOS occurs, failed eos: 102
[info] error EOS occurs, failed eos: 103
[info] error EOS occurs, failed eos: 104
[info] error EOS occurs, failed eos: 105
[info] error EOS occurs, failed eos: 106
[info] error EOS occurs, failed eos: 107
[info] error EOS occurs, failed eos: 108
[info] error EOS occurs, failed eos: 109
[info] error EOS occurs, failed eos: 110
[info] error EOS occurs, failed eos: 111
[info] error EOS occurs, failed eos: 112
[info] error EOS occurs, failed eos: 113
[info] error EOS occurs, failed eos: 114
[info] error EOS occurs, failed eos: 115
[info] error EOS occurs, failed eos: 116
[info] error EOS occurs, failed eos: 117
[info] error EOS occurs, failed eos: 118
[info] error EOS occurs, failed eos: 119
[info] error EOS occurs, failed eos: 120
[info] error EOS occurs, failed eos: 121
[info] error EOS occurs, failed eos: 122
[info] error EOS occurs, failed eos: 123
[info] error EOS occurs, failed eos: 124
[info] error EOS occurs, failed eos: 125
[info] error EOS occurs, failed eos: 126
[info] error EOS occurs, failed eos: 127
[info] error EOS occurs, failed eos: 128
[FATAL] model stuck, eos error ...
[info] position not increasing, failed cnt: 1
[info] position not increasing, failed cnt: 1
[info] position not increasing, failed cnt: 1
[info] position not increasing, failed cnt: 2
[info] position not increasing, failed cnt: 3
[info] position not increasing, failed cnt: 4
[info] position not increasing, failed cnt: 5
[info] position not increasing, failed cnt: 6
[info] position not increasing, failed cnt: 7
[info] position not increasing, failed cnt: 8
[info] position not increasing, failed cnt: 9
[info] position not increasing, failed cnt: 10
[info] position not increasing, failed cnt: 11
[info] position not increasing, failed cnt: 12
[info] position not increasing, failed cnt: 13
[info] position not increasing, failed cnt: 14
[info] position not increasing, failed cnt: 15
[info] position not increasing, failed cnt: 16
[info] position not increasing, failed cnt: 17
[info] position not increasing, failed cnt: 18
[info] position not increasing, failed cnt: 19
[info] position not increasing, failed cnt: 20
[info] position not increasing, failed cnt: 21
[info] position not increasing, failed cnt: 22
[info] position not increasing, failed cnt: 23
[info] position not increasing, failed cnt: 24
[info] position not increasing, failed cnt: 25
[info] position not increasing, failed cnt: 26
[info] position not increasing, failed cnt: 27
[info] position not increasing, failed cnt: 28
[info] position not increasing, failed cnt: 29
[info] position not increasing, failed cnt: 30
[info] position not increasing, failed cnt: 31
[info] position not increasing, failed cnt: 32
[info] position not increasing, failed cnt: 33
[info] position not increasing, failed cnt: 34
[info] position not increasing, failed cnt: 35
[info] position not increasing, failed cnt: 36
[info] position not increasing, failed cnt: 37
[info] position not increasing, failed cnt: 38
[info] position not increasing, failed cnt: 39
[info] position not increasing, failed cnt: 40
[info] position not increasing, failed cnt: 41
[info] position not increasing, failed cnt: 42
[info] position not increasing, failed cnt: 43
[info] position not increasing, failed cnt: 44
[info] position not increasing, failed cnt: 45
[info] position not increasing, failed cnt: 46
[info] position not increasing, failed cnt: 47
[info] position not increasing, failed cnt: 48
[info] position not increasing, failed cnt: 49
[info] position not increasing, failed cnt: 50
[info] position not increasing, failed cnt: 51
[info] position not increasing, failed cnt: 52
[info] position not increasing, failed cnt: 53
[info] position not increasing, failed cnt: 54
[info] position not increasing, failed cnt: 55
[info] position not increasing, failed cnt: 56
[info] position not increasing, failed cnt: 57
[info] position not increasing, failed cnt: 58
[info] position not increasing, failed cnt: 59
[info] position not increasing, failed cnt: 60
[info] position not increasing, failed cnt: 61
[info] position not increasing, failed cnt: 62
[info] position not increasing, failed cnt: 63
[info] position not increasing, failed cnt: 64
[info] position not increasing, failed cnt: 65
[info] position not increasing, failed cnt: 66
[info] position not increasing, failed cnt: 67
[info] position not increasing, failed cnt: 68
[info] position not increasing, failed cnt: 69
[info] position not increasing, failed cnt: 70
[info] position not increasing, failed cnt: 71
[info] position not increasing, failed cnt: 72
[info] position not increasing, failed cnt: 73
[info] position not increasing, failed cnt: 74
[info] position not increasing, failed cnt: 75
[info] position not increasing, failed cnt: 76
[info] position not increasing, failed cnt: 77
[info] position not increasing, failed cnt: 78
[info] position not increasing, failed cnt: 79
[info] position not increasing, failed cnt: 80
[info] position not increasing, failed cnt: 81
[info] position not increasing, failed cnt: 82
[info] position not increasing, failed cnt: 83
[info] position not increasing, failed cnt: 84
[info] position not increasing, failed cnt: 85
[info] position not increasing, failed cnt: 86
[info] position not increasing, failed cnt: 87
[info] position not increasing, failed cnt: 88
[info] position not increasing, failed cnt: 89
[info] position not increasing, failed cnt: 90
[info] position not increasing, failed cnt: 91
[info] position not increasing, failed cnt: 92
[info] position not increasing, failed cnt: 93
[info] position not increasing, failed cnt: 94
[info] position not increasing, failed cnt: 95
[info] position not increasing, failed cnt: 96
[info] position not increasing, failed cnt: 97
[info] position not increasing, failed cnt: 98
[info] position not increasing, failed cnt: 99
[info] position not increasing, failed cnt: 100
[info] position not increasing, failed cnt: 101
[info] position not increasing, failed cnt: 102
[info] position not increasing, failed cnt: 103
[info] position not increasing, failed cnt: 104
[info] position not increasing, failed cnt: 105
[info] position not increasing, failed cnt: 106
[info] position not increasing, failed cnt: 107
[info] position not increasing, failed cnt: 108
[info] position not increasing, failed cnt: 109
[info] position not increasing, failed cnt: 110
[info] position not increasing, failed cnt: 111
[info] position not increasing, failed cnt: 112
[info] position not increasing, failed cnt: 113
[info] position not increasing, failed cnt: 114
[info] position not increasing, failed cnt: 115
[info] position not increasing, failed cnt: 116
[info] position not increasing, failed cnt: 117
[info] position not increasing, failed cnt: 118
[info] position not increasing, failed cnt: 119
[info] position not increasing, failed cnt: 120
[info] position not increasing, failed cnt: 121
[info] position not increasing, failed cnt: 122
[info] position not increasing, failed cnt: 123
[info] position not increasing, failed cnt: 124
[info] position not increasing, failed cnt: 125
[info] position not increasing, failed cnt: 126
[info] position not increasing, failed cnt: 127
[info] position not increasing, failed cnt: 128
[FATAL] model stuck, exiting ...
-- generated events: 1095
-- time elapsed: 6.41 secs
-- generated events: 1054
-- time elapsed: 5.96 secs
-- generated events: 177
-- time elapsed: 0.65 secs
6gkCBQjjSFX0UctwaFFdL2 orig S3 ok=True fail=None 20.29s
[info] position not increasing, failed cnt: 1
[info] position not increasing, failed cnt: 2
[info] position not increasing, failed cnt: 3
[info] position not increasing, failed cnt: 4
[info] position not increasing, failed cnt: 5
[info] position not increasing, failed cnt: 6
[info] position not increasing, failed cnt: 7
[info] position not increasing, failed cnt: 8
[info] position not increasing, failed cnt: 9
[info] position not increasing, failed cnt: 10
[info] position not increasing, failed cnt: 11
[info] position not increasing, failed cnt: 12
[info] position not increasing, failed cnt: 13
[info] position not increasing, failed cnt: 14
[info] position not increasing, failed cnt: 15
[info] position not increasing, failed cnt: 16
[info] position not increasing, failed cnt: 17
[info] position not increasing, failed cnt: 18
[info] position not increasing, failed cnt: 19
[info] position not increasing, failed cnt: 20
[info] position not increasing, failed cnt: 21
[info] position not increasing, failed cnt: 22
[info] position not increasing, failed cnt: 23
[info] position not increasing, failed cnt: 24
[info] position not increasing, failed cnt: 25
[info] position not increasing, failed cnt: 26
[info] position not increasing, failed cnt: 27
[info] position not increasing, failed cnt: 28
[info] position not increasing, failed cnt: 29
[info] position not increasing, failed cnt: 30
[info] position not increasing, failed cnt: 31
[info] position not increasing, failed cnt: 32
[info] position not increasing, failed cnt: 33
[info] position not increasing, failed cnt: 34
[info] position not increasing, failed cnt: 35
[info] position not increasing, failed cnt: 36
[info] position not increasing, failed cnt: 37
[info] position not increasing, failed cnt: 38
[info] position not increasing, failed cnt: 39
[info] position not increasing, failed cnt: 40
[info] position not increasing, failed cnt: 41
[info] position not increasing, failed cnt: 42
[info] position not increasing, failed cnt: 43
[info] position not increasing, failed cnt: 44
[info] position not increasing, failed cnt: 45
[info] position not increasing, failed cnt: 46
[info] position not increasing, failed cnt: 47
[info] position not increasing, failed cnt: 48
[info] position not increasing, failed cnt: 49
[info] position not increasing, failed cnt: 50
[info] position not increasing, failed cnt: 51
[info] position not increasing, failed cnt: 52
[info] position not increasing, failed cnt: 53
[info] position not increasing, failed cnt: 54
[info] position not increasing, failed cnt: 55
[info] position not increasing, failed cnt: 56
[info] position not increasing, failed cnt: 57
[info] position not increasing, failed cnt: 58
[info] position not increasing, failed cnt: 59
[info] position not increasing, failed cnt: 60
[info] position not increasing, failed cnt: 61
[info] position not increasing, failed cnt: 62
[info] position not increasing, failed cnt: 63
[info] position not increasing, failed cnt: 64
[info] position not increasing, failed cnt: 65
[info] position not increasing, failed cnt: 66
[info] position not increasing, failed cnt: 67
[info] position not increasing, failed cnt: 68
[info] position not increasing, failed cnt: 69
[info] position not increasing, failed cnt: 70
[info] position not increasing, failed cnt: 71
[info] position not increasing, failed cnt: 72
[info] position not increasing, failed cnt: 73
[info] position not increasing, failed cnt: 74
[info] position not increasing, failed cnt: 75
[info] position not increasing, failed cnt: 76
[info] position not increasing, failed cnt: 77
[info] position not increasing, failed cnt: 78
[info] position not increasing, failed cnt: 79
[info] position not increasing, failed cnt: 80
[info] position not increasing, failed cnt: 81
[info] position not increasing, failed cnt: 82
[info] position not increasing, failed cnt: 83
[info] position not increasing, failed cnt: 84
[info] position not increasing, failed cnt: 85
[info] position not increasing, failed cnt: 86
[info] position not increasing, failed cnt: 87
[info] position not increasing, failed cnt: 88
[info] position not increasing, failed cnt: 89
[info] position not increasing, failed cnt: 90
[info] position not increasing, failed cnt: 91
[info] position not increasing, failed cnt: 92
[info] position not increasing, failed cnt: 93
[info] position not increasing, failed cnt: 94
[info] position not increasing, failed cnt: 95
[info] position not increasing, failed cnt: 96
[info] position not increasing, failed cnt: 97
[info] position not increasing, failed cnt: 98
[info] position not increasing, failed cnt: 99
[info] position not increasing, failed cnt: 100
[info] position not increasing, failed cnt: 101
[info] position not increasing, failed cnt: 102
[info] position not increasing, failed cnt: 103
[info] position not increasing, failed cnt: 104
[info] position not increasing, failed cnt: 105
[info] position not increasing, failed cnt: 106
[info] position not increasing, failed cnt: 107
[info] position not increasing, failed cnt: 108
[info] position not increasing, failed cnt: 109
[info] position not increasing, failed cnt: 110
[info] position not increasing, failed cnt: 111
[info] position not increasing, failed cnt: 112
[info] position not increasing, failed cnt: 113
[info] position not increasing, failed cnt: 114
[info] position not increasing, failed cnt: 115
[info] position not increasing, failed cnt: 116
[info] position not increasing, failed cnt: 117
[info] position not increasing, failed cnt: 118
[info] position not increasing, failed cnt: 119
[info] position not increasing, failed cnt: 120
[info] position not increasing, failed cnt: 121
[info] position not increasing, failed cnt: 122
[info] position not increasing, failed cnt: 123
[info] position not increasing, failed cnt: 124
[info] position not increasing, failed cnt: 125
[info] position not increasing, failed cnt: 126
[info] position not increasing, failed cnt: 127
[info] position not increasing, failed cnt: 128
[FATAL] model stuck, exiting ...
-- generated events: 1165
-- time elapsed: 7.29 secs
-- generated events: 784
-- time elapsed: 3.72 secs
6i6Lrq6Lkfsjw4WCLOr6zp orig S3 ok=True fail=None 13.06s
6jK3PQWd5QOPHLAJw6nvCD orig S3 ok=False fail=unsupported_meter 0.0s
-- generated events: 864
-- time elapsed: 4.31 secs
-- generated events: 173
-- time elapsed: 0.64 secs
6lyPKJbCwZEiOtxwXxTDLD orig S3 ok=True fail=None 5.05s
-- generated events: 783
-- time elapsed: 3.70 secs
-- generated events: 391
-- time elapsed: 1.55 secs
6n5cdQsg6li2aDYUGUiL5l orig S3 ok=True fail=None 5.35s
6oFUns8NczIrmLbQOLYJhD orig S3 ok=False fail=unsupported_meter 0.0s
[info] position not increasing, failed cnt: 1
[info] position not increasing, failed cnt: 2
[info] position not increasing, failed cnt: 3
[info] position not increasing, failed cnt: 4
[info] position not increasing, failed cnt: 5
[info] position not increasing, failed cnt: 6
[info] position not increasing, failed cnt: 7
[info] position not increasing, failed cnt: 8
[info] position not increasing, failed cnt: 9
[info] position not increasing, failed cnt: 10
[info] position not increasing, failed cnt: 11
[info] position not increasing, failed cnt: 12
[info] position not increasing, failed cnt: 13
[info] position not increasing, failed cnt: 14
[info] position not increasing, failed cnt: 15
[info] position not increasing, failed cnt: 16
[info] position not increasing, failed cnt: 17
[info] position not increasing, failed cnt: 18
[info] position not increasing, failed cnt: 19
[info] position not increasing, failed cnt: 20
[info] position not increasing, failed cnt: 21
[info] position not increasing, failed cnt: 22
[info] position not increasing, failed cnt: 23
[info] position not increasing, failed cnt: 24
[info] position not increasing, failed cnt: 25
[info] position not increasing, failed cnt: 26
[info] position not increasing, failed cnt: 27
[info] position not increasing, failed cnt: 28
[info] position not increasing, failed cnt: 29
[info] position not increasing, failed cnt: 30
[info] position not increasing, failed cnt: 31
[info] position not increasing, failed cnt: 32
[info] position not increasing, failed cnt: 33
[info] position not increasing, failed cnt: 34
[info] position not increasing, failed cnt: 35
[info] position not increasing, failed cnt: 36
[info] position not increasing, failed cnt: 37
[info] position not increasing, failed cnt: 38
[info] position not increasing, failed cnt: 39
[info] position not increasing, failed cnt: 40
[info] position not increasing, failed cnt: 41
[info] position not increasing, failed cnt: 42
[info] position not increasing, failed cnt: 43
[info] position not increasing, failed cnt: 44
[info] position not increasing, failed cnt: 45
[info] position not increasing, failed cnt: 46
[info] position not increasing, failed cnt: 47
[info] position not increasing, failed cnt: 48
[info] position not increasing, failed cnt: 49
[info] position not increasing, failed cnt: 50
[info] position not increasing, failed cnt: 51
[info] position not increasing, failed cnt: 52
[info] position not increasing, failed cnt: 53
[info] position not increasing, failed cnt: 54
[info] position not increasing, failed cnt: 55
[info] position not increasing, failed cnt: 56
[info] position not increasing, failed cnt: 57
[info] position not increasing, failed cnt: 58
[info] position not increasing, failed cnt: 59
[info] position not increasing, failed cnt: 60
[info] position not increasing, failed cnt: 61
[info] position not increasing, failed cnt: 62
[info] position not increasing, failed cnt: 63
[info] position not increasing, failed cnt: 64
[info] position not increasing, failed cnt: 65
[info] position not increasing, failed cnt: 66
[info] position not increasing, failed cnt: 67
[info] position not increasing, failed cnt: 68
[info] position not increasing, failed cnt: 69
[info] position not increasing, failed cnt: 70
[info] position not increasing, failed cnt: 71
[info] position not increasing, failed cnt: 72
[info] position not increasing, failed cnt: 73
[info] position not increasing, failed cnt: 74
[info] position not increasing, failed cnt: 75
[info] position not increasing, failed cnt: 76
[info] position not increasing, failed cnt: 77
[info] position not increasing, failed cnt: 78
[info] position not increasing, failed cnt: 79
[info] position not increasing, failed cnt: 80
[info] position not increasing, failed cnt: 81
[info] position not increasing, failed cnt: 82
[info] position not increasing, failed cnt: 83
[info] position not increasing, failed cnt: 84
[info] position not increasing, failed cnt: 85
[info] position not increasing, failed cnt: 86
[info] position not increasing, failed cnt: 87
[info] position not increasing, failed cnt: 88
[info] position not increasing, failed cnt: 89
[info] position not increasing, failed cnt: 90
[info] position not increasing, failed cnt: 91
[info] position not increasing, failed cnt: 92
[info] position not increasing, failed cnt: 93
[info] position not increasing, failed cnt: 94
[info] position not increasing, failed cnt: 95
[info] position not increasing, failed cnt: 96
[info] position not increasing, failed cnt: 97
[info] position not increasing, failed cnt: 98
[info] position not increasing, failed cnt: 99
[info] position not increasing, failed cnt: 100
[info] position not increasing, failed cnt: 101
[info] position not increasing, failed cnt: 102
[info] position not increasing, failed cnt: 103
[info] position not increasing, failed cnt: 104
[info] position not increasing, failed cnt: 105
[info] position not increasing, failed cnt: 106
[info] position not increasing, failed cnt: 107
[info] position not increasing, failed cnt: 108
[info] position not increasing, failed cnt: 109
[info] position not increasing, failed cnt: 110
[info] position not increasing, failed cnt: 111
[info] position not increasing, failed cnt: 112
[info] position not increasing, failed cnt: 113
[info] position not increasing, failed cnt: 114
[info] position not increasing, failed cnt: 115
[info] position not increasing, failed cnt: 116
[info] position not increasing, failed cnt: 117
[info] position not increasing, failed cnt: 118
[info] position not increasing, failed cnt: 119
[info] position not increasing, failed cnt: 120
[info] position not increasing, failed cnt: 121
[info] position not increasing, failed cnt: 122
[info] position not increasing, failed cnt: 123
[info] position not increasing, failed cnt: 124
[info] position not increasing, failed cnt: 125
[info] position not increasing, failed cnt: 126
[info] position not increasing, failed cnt: 127
[info] position not increasing, failed cnt: 128
[FATAL] model stuck, exiting ...
-- generated events: 910
-- time elapsed: 4.68 secs
6ousLSFH3faAPCokCk2gCm orig S3 ok=True fail=None 15.41s
-- generated events: 867
-- time elapsed: 4.34 secs
-- generated events: 310
-- time elapsed: 1.19 secs
6pQe06VbPHfAD9MVV7y7ed orig S3 ok=True fail=None 5.63s
-- generated events: 876
-- time elapsed: 4.41 secs
-- generated events: 541
-- time elapsed: 2.23 secs
6tnnVnCMhhIbXsnReXa0KX orig S3 ok=True fail=None 6.75s
-- generated events: 625
-- time elapsed: 2.69 secs
-- generated events: 486
-- time elapsed: 1.96 secs
72HBFpZW26bT1E0POMsQUW orig S3 ok=True fail=None 4.76s
-- generated events: 816
-- time elapsed: 3.94 secs
-- generated events: 266
-- time elapsed: 1.01 secs
72yPhoXJHKpAeCt99RLdK4 orig S3 ok=True fail=None 5.05s
-- generated events: 555
-- time elapsed: 2.30 secs
75eCpTAhv6j4enqG1OMBOg orig S3 ok=True fail=None 2.35s
[info] position not increasing, failed cnt: 1
-- generated events: 692
-- time elapsed: 3.10 secs
-- generated events: 295
-- time elapsed: 1.14 secs
7DWvcbGGWWtk0edvck09X3 orig S3 ok=True fail=None 4.34s
7DeY1fKszqaJKtXUk1NiiH orig S3 ok=False fail=unsupported_meter 0.0s
-- generated events: 587
-- time elapsed: 2.48 secs
7G1ifUUwRSuQCc8wnDgi6T orig S3 ok=True fail=None 2.53s
-- generated events: 602
-- time elapsed: 2.55 secs
-- generated events: 505
-- time elapsed: 2.06 secs
-- generated events: 500
-- time elapsed: 2.03 secs
7Ga5M55lfOVkuHxzUgk4ZX orig S3 ok=True fail=None 6.8s
[info] error EOS occurs, failed eos: 1
-- generated events: 1097
-- time elapsed: 6.48 secs
-- generated events: 900
-- time elapsed: 4.59 secs
7IE2jtO8pkWtcSdj71OnlT orig S3 ok=True fail=None 11.18s
-- generated events: 646
-- time elapsed: 2.80 secs
-- generated events: 145
-- time elapsed: 0.52 secs
7fnhHkS67SrSqsWpwkD6CM orig S3 ok=True fail=None 3.43s
-- generated events: 734
-- time elapsed: 3.36 secs
-- generated events: 313
-- time elapsed: 1.21 secs
7iUYsnszotTdqXyh8tzQlZ orig S3 ok=True fail=None 4.67s
-- generated events: 1016
-- time elapsed: 5.57 secs
-- generated events: 230
-- time elapsed: 0.86 secs
7jDM04sebBiBcWysWcvSFx orig S3 ok=True fail=None 6.53s
-- generated events: 711
-- time elapsed: 3.22 secs
7ntQ7iPTYMS4LLAumzJQ7R orig S3 ok=True fail=None 3.27s
-- generated events: 828
-- time elapsed: 4.02 secs
-- generated events: 502
-- time elapsed: 2.04 secs
7omMiE6h9Js24Cr22A0Fbv orig S3 ok=True fail=None 6.16s
-- generated events: 1032
-- time elapsed: 5.73 secs
-- generated events: 37
-- time elapsed: 0.13 secs
7ozbJ4EX6Ps7AqVpZ2sDnT orig S3 ok=True fail=None 5.96s
-- generated events: 507
-- time elapsed: 2.05 secs
-- generated events: 505
-- time elapsed: 2.05 secs
-- generated events: 466
-- time elapsed: 1.87 secs
7q5MNn6t2YpWawZvWDpAhv orig S3 ok=True fail=None 6.12s
-- generated events: 1123
-- time elapsed: 6.74 secs
-- generated events: 383
-- time elapsed: 1.50 secs
7qDiugtLVz4njwHDGCfdB5 orig S3 ok=True fail=None 8.34s
[info] position not increasing, failed cnt: 1
[info] position not increasing, failed cnt: 2
[info] position not increasing, failed cnt: 1
[info] position not increasing, failed cnt: 1
[info] position not increasing, failed cnt: 2
-- generated events: 786
-- time elapsed: 3.75 secs
-- generated events: 571
-- time elapsed: 2.39 secs
7urNxXDmuL6xVKEOoEY41E orig S3 ok=True fail=None 6.24s
-- generated events: 807
-- time elapsed: 3.87 secs
-- generated events: 152
-- time elapsed: 0.55 secs
7v46DZBqB4xmaTHRygC8gy orig S3 ok=True fail=None 4.53s
-- generated events: 1054
-- time elapsed: 5.95 secs
-- generated events: 452
-- time elapsed: 1.81 secs
7ya27A8QscYolruZhE2dAy orig S3 ok=True fail=None 7.86s
-- generated events: 970
-- time elapsed: 5.17 secs
-- generated events: 210
-- time elapsed: 0.78 secs
7zvq0c9K75w1mijevp7GPQ orig S3 ok=True fail=None 6.04s
CSL_INFER_DONE
end=2026-09-27T05:19:10-07:00 GPU_OK
