job=40851019 array=40850193_4 host=g3102 gpu=NVIDIA L40S start=2026-09-29T10:57:01-07:00 commit=b7edc012ae318ffac8b2749a830cdaf6f471ca3c cmd=$PY -m paper_eval.component_sota.csl_l2m infer --which retrain --ckpt /mmfs1/gscratch/scrubbed/pingw220/music_acc/Qwen-ABC-component/experiments/component_sota/runs/csl_l2m_retrain/params/step_29000-RC_0.581.pt  --shard $SHARD --num-shards $NSHARDS
csl_rt: tasks 1800 shard 150 todo 141
/gscratch/ark/pingw220/miniconda3/envs/midi-sag/lib/python3.9/site-packages/jieba/_compat.py:18: UserWarning: pkg_resources is deprecated as an API. See https://setuptools.pypa.io/en/latest/pkg_resources.html. The pkg_resources package is slated for removal as early as 2025-11-30. Refrain from using this package or pin to Setuptools<81.
  import pkg_resources
/gscratch/ark/pingw220/miniconda3/envs/midi-sag/lib/python3.9/site-packages/torch/nn/modules/transformer.py:379: UserWarning: enable_nested_tensor is True, but self.use_nested_tensor is False because encoder_layer.self_attn.batch_first was not True(use batch_first for better inference performance)
  warnings.warn(
/mmfs1/gscratch/scrubbed/pingw220/music_acc/Qwen-ABC-component/paper_eval/component_sota/csl_l2m.py:189: FutureWarning: You are using `torch.load` with `weights_only=False` (the current default value), which uses the default pickle module implicitly. It is possible to construct malicious pickle data which will execute arbitrary code during unpickling (See https://github.com/pytorch/pytorch/blob/main/SECURITY.md#untrusted-models for more details). In a future release, the default value for `weights_only` will be flipped to `True`. This limits the functions that could be executed during unpickling. Arbitrary objects will no longer be allowed to be loaded via this mode unless they are explicitly allowlisted by the user via `torch.serialization.add_safe_globals`. We recommend you start setting `weights_only=True` for any use case where you don't have full control of the loaded file. Please open an issue on GitHub for any issues related to this experimental feature.
  sd = torch.load(ckpt, map_location="cpu")
load: {"missing": [], "unexpected": [], "ckpt": "/mmfs1/gscratch/scrubbed/pingw220/music_acc/Qwen-ABC-component/experiments/component_sota/runs/csl_l2m_retrain/params/step_29000-RC_0.581.pt", "config": "/mmfs1/gscratch/scrubbed/pingw220/music_acc/Qwen-ABC-component/configs/component_sota/csl_l2m_onlylyrics_retrain.yaml"}
-- generated events: 576
-- time elapsed: 2.61 secs
0YZZPAvQgazIok3JIr8mEy orig S1 ok=True fail=None 2.81s
-- generated events: 1493
-- time elapsed: 12.61 secs
0ZMWpv0aFBioxywoXsmaId lyrics_all S1 ok=True fail=None 12.68s
-- generated events: 848
-- time elapsed: 4.43 secs
0exfMqddpIIZQbZZny68Rc orig S1 ok=True fail=None 4.49s
[info] position not increasing, failed cnt: 1
[info] position not increasing, failed cnt: 2
[info] position not increasing, failed cnt: 3
[info] position not increasing, failed cnt: 4
[info] position not increasing, failed cnt: 5
[info] position not increasing, failed cnt: 6
[info] position not increasing, failed cnt: 7
[info] position not increasing, failed cnt: 8
[info] position not increasing, failed cnt: 9
[info] position not increasing, failed cnt: 10
[info] position not increasing, failed cnt: 11
[info] position not increasing, failed cnt: 12
[info] position not increasing, failed cnt: 13
[info] position not increasing, failed cnt: 14
[info] position not increasing, failed cnt: 15
[info] position not increasing, failed cnt: 16
[info] position not increasing, failed cnt: 17
[info] position not increasing, failed cnt: 18
[info] position not increasing, failed cnt: 19
[info] position not increasing, failed cnt: 20
[info] position not increasing, failed cnt: 21
[info] position not increasing, failed cnt: 22
[info] position not increasing, failed cnt: 23
[info] position not increasing, failed cnt: 24
[info] position not increasing, failed cnt: 25
[info] position not increasing, failed cnt: 26
[info] position not increasing, failed cnt: 27
[info] position not increasing, failed cnt: 28
[info] position not increasing, failed cnt: 29
[info] position not increasing, failed cnt: 30
[info] position not increasing, failed cnt: 31
[info] position not increasing, failed cnt: 32
[info] position not increasing, failed cnt: 33
[info] position not increasing, failed cnt: 34
[info] position not increasing, failed cnt: 35
[info] position not increasing, failed cnt: 36
[info] position not increasing, failed cnt: 37
[info] position not increasing, failed cnt: 38
[info] position not increasing, failed cnt: 39
[info] position not increasing, failed cnt: 40
[info] position not increasing, failed cnt: 41
[info] position not increasing, failed cnt: 42
[info] position not increasing, failed cnt: 43
[info] position not increasing, failed cnt: 44
[info] position not increasing, failed cnt: 45
[info] position not increasing, failed cnt: 46
[info] position not increasing, failed cnt: 47
[info] position not increasing, failed cnt: 48
[info] position not increasing, failed cnt: 49
[info] position not increasing, failed cnt: 50
[info] position not increasing, failed cnt: 51
[info] position not increasing, failed cnt: 52
[info] position not increasing, failed cnt: 53
[info] position not increasing, failed cnt: 54
[info] position not increasing, failed cnt: 55
[info] position not increasing, failed cnt: 56
[info] position not increasing, failed cnt: 57
[info] position not increasing, failed cnt: 58
[info] position not increasing, failed cnt: 59
[info] position not increasing, failed cnt: 60
[info] position not increasing, failed cnt: 61
[info] position not increasing, failed cnt: 62
[info] position not increasing, failed cnt: 63
[info] position not increasing, failed cnt: 64
[info] position not increasing, failed cnt: 65
[info] position not increasing, failed cnt: 66
[info] position not increasing, failed cnt: 67
[info] position not increasing, failed cnt: 68
[info] position not increasing, failed cnt: 69
[info] position not increasing, failed cnt: 70
[info] position not increasing, failed cnt: 71
[info] position not increasing, failed cnt: 72
[info] position not increasing, failed cnt: 73
[info] position not increasing, failed cnt: 74
[info] position not increasing, failed cnt: 75
[info] position not increasing, failed cnt: 76
[info] position not increasing, failed cnt: 77
[info] position not increasing, failed cnt: 78
[info] position not increasing, failed cnt: 79
[info] position not increasing, failed cnt: 80
[info] position not increasing, failed cnt: 81
[info] position not increasing, failed cnt: 82
[info] position not increasing, failed cnt: 83
[info] position not increasing, failed cnt: 84
[info] position not increasing, failed cnt: 85
[info] position not increasing, failed cnt: 86
[info] position not increasing, failed cnt: 87
[info] position not increasing, failed cnt: 88
[info] position not increasing, failed cnt: 89
[info] position not increasing, failed cnt: 90
[info] position not increasing, failed cnt: 91
[info] position not increasing, failed cnt: 92
[info] position not increasing, failed cnt: 93
[info] position not increasing, failed cnt: 94
[info] position not increasing, failed cnt: 95
[info] position not increasing, failed cnt: 96
[info] position not increasing, failed cnt: 97
[info] position not increasing, failed cnt: 98
[info] position not increasing, failed cnt: 99
[info] position not increasing, failed cnt: 100
[info] position not increasing, failed cnt: 101
[info] position not increasing, failed cnt: 102
[info] position not increasing, failed cnt: 103
[info] position not increasing, failed cnt: 104
[info] position not increasing, failed cnt: 105
[info] position not increasing, failed cnt: 106
[info] position not increasing, failed cnt: 107
[info] position not increasing, failed cnt: 108
[info] position not increasing, failed cnt: 109
[info] position not increasing, failed cnt: 110
[info] position not increasing, failed cnt: 111
[info] position not increasing, failed cnt: 112
[info] position not increasing, failed cnt: 113
[info] position not increasing, failed cnt: 114
[info] position not increasing, failed cnt: 115
[info] position not increasing, failed cnt: 116
[info] position not increasing, failed cnt: 117
[info] position not increasing, failed cnt: 118
[info] position not increasing, failed cnt: 119
[info] position not increasing, failed cnt: 120
[info] position not increasing, failed cnt: 121
[info] position not increasing, failed cnt: 122
[info] position not increasing, failed cnt: 123
[info] position not increasing, failed cnt: 124
[info] position not increasing, failed cnt: 125
[info] position not increasing, failed cnt: 126
[info] position not increasing, failed cnt: 127
[info] position not increasing, failed cnt: 128
[FATAL] model stuck, exiting ...
-- generated events: 1625
-- time elapsed: 14.98 secs
0hzBWWiSp4x1dzcorjP9FN lyrics_all S1 ok=True fail=None 45.29s
-- generated events: 921
-- time elapsed: 4.89 secs
0jcOCNg3QQCYcwM4s8JyZI orig S1 ok=True fail=None 4.94s
[info] position not increasing, failed cnt: 1
-- generated events: 1235
-- time elapsed: 8.66 secs
0mGuXhYffcFglH8T4rEA2a lyrics_all S1 ok=True fail=None 8.71s
-- generated events: 1095
-- time elapsed: 6.74 secs
18wGt2QzrQO73VY4akreyx orig S1 ok=True fail=None 6.79s
[info] position not increasing, failed cnt: 1
[info] position not increasing, failed cnt: 2
[info] position not increasing, failed cnt: 3
[info] position not increasing, failed cnt: 4
[info] position not increasing, failed cnt: 5
[info] position not increasing, failed cnt: 6
[info] position not increasing, failed cnt: 7
[info] position not increasing, failed cnt: 8
[info] position not increasing, failed cnt: 9
[info] position not increasing, failed cnt: 10
[info] position not increasing, failed cnt: 11
[info] position not increasing, failed cnt: 12
[info] position not increasing, failed cnt: 13
[info] position not increasing, failed cnt: 14
[info] position not increasing, failed cnt: 15
[info] position not increasing, failed cnt: 16
[info] position not increasing, failed cnt: 17
-- generated events: 1501
-- time elapsed: 12.85 secs
18wo5vJV7bRnjt3wlkSDCJ lyrics_all S1 ok=True fail=None 12.91s
-- generated events: 1874
-- time elapsed: 21.08 secs
1C6yky5bXstgnFRiWmfze3 orig S1 ok=True fail=None 21.14s
[info] position not increasing, failed cnt: 1
[info] position not increasing, failed cnt: 2
[info] position not increasing, failed cnt: 3
[info] position not increasing, failed cnt: 4
[info] position not increasing, failed cnt: 5
[info] position not increasing, failed cnt: 6
[info] position not increasing, failed cnt: 7
[info] position not increasing, failed cnt: 8
[info] position not increasing, failed cnt: 9
[info] position not increasing, failed cnt: 10
[info] position not increasing, failed cnt: 11
[info] position not increasing, failed cnt: 12
[info] position not increasing, failed cnt: 13
[info] position not increasing, failed cnt: 14
[info] position not increasing, failed cnt: 15
[info] position not increasing, failed cnt: 16
[info] position not increasing, failed cnt: 17
[info] position not increasing, failed cnt: 18
[info] position not increasing, failed cnt: 19
[info] position not increasing, failed cnt: 20
[info] position not increasing, failed cnt: 21
[info] position not increasing, failed cnt: 22
[info] position not increasing, failed cnt: 23
[info] position not increasing, failed cnt: 24
[info] position not increasing, failed cnt: 25
[info] position not increasing, failed cnt: 26
[info] position not increasing, failed cnt: 27
[info] position not increasing, failed cnt: 28
[info] position not increasing, failed cnt: 29
[info] position not increasing, failed cnt: 30
[info] position not increasing, failed cnt: 31
[info] position not increasing, failed cnt: 32
[info] position not increasing, failed cnt: 33
[info] position not increasing, failed cnt: 34
[info] position not increasing, failed cnt: 35
[info] position not increasing, failed cnt: 36
[info] position not increasing, failed cnt: 37
[info] position not increasing, failed cnt: 38
[info] position not increasing, failed cnt: 39
[info] position not increasing, failed cnt: 40
[info] position not increasing, failed cnt: 41
[info] position not increasing, failed cnt: 42
[info] position not increasing, failed cnt: 43
[info] position not increasing, failed cnt: 44
[info] position not increasing, failed cnt: 45
[info] position not increasing, failed cnt: 46
[info] position not increasing, failed cnt: 47
[info] position not increasing, failed cnt: 48
[info] position not increasing, failed cnt: 49
[info] position not increasing, failed cnt: 50
[info] position not increasing, failed cnt: 51
[info] position not increasing, failed cnt: 52
[info] position not increasing, failed cnt: 53
[info] position not increasing, failed cnt: 54
[info] position not increasing, failed cnt: 55
[info] position not increasing, failed cnt: 56
[info] position not increasing, failed cnt: 57
[info] position not increasing, failed cnt: 58
[info] position not increasing, failed cnt: 59
[info] position not increasing, failed cnt: 60
[info] position not increasing, failed cnt: 61
[info] position not increasing, failed cnt: 62
[info] position not increasing, failed cnt: 63
[info] position not increasing, failed cnt: 64
[info] position not increasing, failed cnt: 65
[info] position not increasing, failed cnt: 66
[info] position not increasing, failed cnt: 67
[info] position not increasing, failed cnt: 68
[info] position not increasing, failed cnt: 69
[info] position not increasing, failed cnt: 70
[info] position not increasing, failed cnt: 71
[info] position not increasing, failed cnt: 72
[info] position not increasing, failed cnt: 73
[info] position not increasing, failed cnt: 74
[info] position not increasing, failed cnt: 75
[info] position not increasing, failed cnt: 76
[info] position not increasing, failed cnt: 77
[info] position not increasing, failed cnt: 78
[info] position not increasing, failed cnt: 79
[info] position not increasing, failed cnt: 80
[info] position not increasing, failed cnt: 81
[info] position not increasing, failed cnt: 82
[info] position not increasing, failed cnt: 83
[info] position not increasing, failed cnt: 84
[info] position not increasing, failed cnt: 85
[info] position not increasing, failed cnt: 86
[info] position not increasing, failed cnt: 87
[info] position not increasing, failed cnt: 88
[info] position not increasing, failed cnt: 89
[info] position not increasing, failed cnt: 90
[info] position not increasing, failed cnt: 91
[info] position not increasing, failed cnt: 92
[info] position not increasing, failed cnt: 93
[info] position not increasing, failed cnt: 94
[info] position not increasing, failed cnt: 95
[info] position not increasing, failed cnt: 96
[info] position not increasing, failed cnt: 97
[info] position not increasing, failed cnt: 98
[info] position not increasing, failed cnt: 99
[info] position not increasing, failed cnt: 100
[info] position not increasing, failed cnt: 101
[info] position not increasing, failed cnt: 102
[info] position not increasing, failed cnt: 103
[info] position not increasing, failed cnt: 104
[info] position not increasing, failed cnt: 105
[info] position not increasing, failed cnt: 106
[info] position not increasing, failed cnt: 107
[info] position not increasing, failed cnt: 108
[info] position not increasing, failed cnt: 109
[info] position not increasing, failed cnt: 110
[info] position not increasing, failed cnt: 111
[info] position not increasing, failed cnt: 112
[info] position not increasing, failed cnt: 113
[info] position not increasing, failed cnt: 114
[info] position not increasing, failed cnt: 115
[info] position not increasing, failed cnt: 116
[info] position not increasing, failed cnt: 117
[info] position not increasing, failed cnt: 118
[info] position not increasing, failed cnt: 119
[info] position not increasing, failed cnt: 120
[info] position not increasing, failed cnt: 121
[info] position not increasing, failed cnt: 122
[info] position not increasing, failed cnt: 123
[info] position not increasing, failed cnt: 124
[info] position not increasing, failed cnt: 125
[info] position not increasing, failed cnt: 126
[info] position not increasing, failed cnt: 127
[info] position not increasing, failed cnt: 128
[FATAL] model stuck, exiting ...
-- generated events: 1395
-- time elapsed: 10.95 secs
1EbYNhVhmnZpriRnaFygWN lyrics_all S1 ok=True fail=None 22.32s
-- generated events: 1311
-- time elapsed: 9.64 secs
1FBJbPIt388FFDgZbHVRyV orig S1 ok=True fail=None 9.69s
-- generated events: 1692
-- time elapsed: 16.64 secs
1Fo23uW11ZN4JCFCeB0ngS lyrics_all S1 ok=True fail=None 16.7s
[info] position not increasing, failed cnt: 1
[info] position not increasing, failed cnt: 2
[info] position not increasing, failed cnt: 3
[info] position not increasing, failed cnt: 4
[info] position not increasing, failed cnt: 5
[info] position not increasing, failed cnt: 6
[info] position not increasing, failed cnt: 7
[info] position not increasing, failed cnt: 8
[info] position not increasing, failed cnt: 9
[info] position not increasing, failed cnt: 10
[info] position not increasing, failed cnt: 11
[info] position not increasing, failed cnt: 12
[info] position not increasing, failed cnt: 13
[info] position not increasing, failed cnt: 14
[info] position not increasing, failed cnt: 15
[info] position not increasing, failed cnt: 16
[info] position not increasing, failed cnt: 17
[info] position not increasing, failed cnt: 18
[info] position not increasing, failed cnt: 19
[info] position not increasing, failed cnt: 20
[info] position not increasing, failed cnt: 21
[info] position not increasing, failed cnt: 22
[info] position not increasing, failed cnt: 23
[info] position not increasing, failed cnt: 24
[info] position not increasing, failed cnt: 25
[info] position not increasing, failed cnt: 26
[info] position not increasing, failed cnt: 27
[info] position not increasing, failed cnt: 28
[info] position not increasing, failed cnt: 29
[info] position not increasing, failed cnt: 30
[info] position not increasing, failed cnt: 31
[info] position not increasing, failed cnt: 32
[info] position not increasing, failed cnt: 33
[info] position not increasing, failed cnt: 34
[info] position not increasing, failed cnt: 35
[info] position not increasing, failed cnt: 36
[info] position not increasing, failed cnt: 37
[info] position not increasing, failed cnt: 38
[info] position not increasing, failed cnt: 39
[info] position not increasing, failed cnt: 40
[info] position not increasing, failed cnt: 41
[info] position not increasing, failed cnt: 42
[info] position not increasing, failed cnt: 43
[info] position not increasing, failed cnt: 44
[info] position not increasing, failed cnt: 45
[info] position not increasing, failed cnt: 46
[info] position not increasing, failed cnt: 47
[info] position not increasing, failed cnt: 48
[info] position not increasing, failed cnt: 49
[info] position not increasing, failed cnt: 50
[info] position not increasing, failed cnt: 51
[info] position not increasing, failed cnt: 52
[info] position not increasing, failed cnt: 53
[info] position not increasing, failed cnt: 54
[info] position not increasing, failed cnt: 55
[info] position not increasing, failed cnt: 56
[info] position not increasing, failed cnt: 57
[info] position not increasing, failed cnt: 58
[info] position not increasing, failed cnt: 59
[info] position not increasing, failed cnt: 60
[info] position not increasing, failed cnt: 61
[info] position not increasing, failed cnt: 62
[info] position not increasing, failed cnt: 63
[info] position not increasing, failed cnt: 64
[info] position not increasing, failed cnt: 65
[info] position not increasing, failed cnt: 66
[info] position not increasing, failed cnt: 67
[info] position not increasing, failed cnt: 68
[info] position not increasing, failed cnt: 69
[info] position not increasing, failed cnt: 70
[info] position not increasing, failed cnt: 71
[info] position not increasing, failed cnt: 72
[info] position not increasing, failed cnt: 73
[info] position not increasing, failed cnt: 74
[info] position not increasing, failed cnt: 75
[info] position not increasing, failed cnt: 76
[info] position not increasing, failed cnt: 77
[info] position not increasing, failed cnt: 78
[info] position not increasing, failed cnt: 79
[info] position not increasing, failed cnt: 80
[info] position not increasing, failed cnt: 81
[info] position not increasing, failed cnt: 82
[info] position not increasing, failed cnt: 83
[info] position not increasing, failed cnt: 84
[info] position not increasing, failed cnt: 85
[info] position not increasing, failed cnt: 86
[info] position not increasing, failed cnt: 87
[info] position not increasing, failed cnt: 88
[info] position not increasing, failed cnt: 89
[info] position not increasing, failed cnt: 90
[info] position not increasing, failed cnt: 91
[info] position not increasing, failed cnt: 92
[info] position not increasing, failed cnt: 93
[info] position not increasing, failed cnt: 94
[info] position not increasing, failed cnt: 95
[info] position not increasing, failed cnt: 96
[info] position not increasing, failed cnt: 97
[info] position not increasing, failed cnt: 98
[info] position not increasing, failed cnt: 99
[info] position not increasing, failed cnt: 100
[info] position not increasing, failed cnt: 101
[info] position not increasing, failed cnt: 102
[info] position not increasing, failed cnt: 103
[info] position not increasing, failed cnt: 104
[info] position not increasing, failed cnt: 105
[info] position not increasing, failed cnt: 106
[info] position not increasing, failed cnt: 107
[info] position not increasing, failed cnt: 108
[info] position not increasing, failed cnt: 109
[info] position not increasing, failed cnt: 110
[info] position not increasing, failed cnt: 111
[info] position not increasing, failed cnt: 112
[info] position not increasing, failed cnt: 113
[info] position not increasing, failed cnt: 114
[info] position not increasing, failed cnt: 115
[info] position not increasing, failed cnt: 116
[info] position not increasing, failed cnt: 117
[info] position not increasing, failed cnt: 118
[info] position not increasing, failed cnt: 119
[info] position not increasing, failed cnt: 120
[info] position not increasing, failed cnt: 121
[info] position not increasing, failed cnt: 122
[info] position not increasing, failed cnt: 123
[info] position not increasing, failed cnt: 124
[info] position not increasing, failed cnt: 125
[info] position not increasing, failed cnt: 126
[info] position not increasing, failed cnt: 127
[info] position not increasing, failed cnt: 128
[FATAL] model stuck, exiting ...
-- generated events: 1320
-- time elapsed: 9.80 secs
1UytAxYwD5crlQcPiL3ZaE orig S1 ok=True fail=None 12.73s
-- generated events: 1216
-- time elapsed: 8.20 secs
1WVlzSesyFUorHX8iso9dG lyrics_all S1 ok=True fail=None 8.25s
[info] position not increasing, failed cnt: 1
[info] position not increasing, failed cnt: 2
[info] position not increasing, failed cnt: 3
[info] position not increasing, failed cnt: 4
[info] position not increasing, failed cnt: 5
[info] position not increasing, failed cnt: 6
[info] position not increasing, failed cnt: 7
[info] position not increasing, failed cnt: 8
[info] position not increasing, failed cnt: 9
[info] position not increasing, failed cnt: 10
[info] position not increasing, failed cnt: 11
[info] position not increasing, failed cnt: 12
[info] position not increasing, failed cnt: 13
[info] position not increasing, failed cnt: 14
[info] position not increasing, failed cnt: 15
[info] position not increasing, failed cnt: 16
[info] position not increasing, failed cnt: 17
[info] position not increasing, failed cnt: 18
[info] position not increasing, failed cnt: 19
[info] position not increasing, failed cnt: 20
[info] position not increasing, failed cnt: 21
[info] position not increasing, failed cnt: 22
[info] position not increasing, failed cnt: 23
[info] position not increasing, failed cnt: 24
[info] position not increasing, failed cnt: 25
[info] position not increasing, failed cnt: 26
[info] position not increasing, failed cnt: 27
[info] position not increasing, failed cnt: 28
[info] position not increasing, failed cnt: 29
[info] position not increasing, failed cnt: 30
[info] position not increasing, failed cnt: 31
[info] position not increasing, failed cnt: 32
[info] position not increasing, failed cnt: 33
[info] position not increasing, failed cnt: 34
[info] position not increasing, failed cnt: 35
[info] position not increasing, failed cnt: 36
[info] position not increasing, failed cnt: 37
[info] position not increasing, failed cnt: 38
[info] position not increasing, failed cnt: 39
[info] position not increasing, failed cnt: 40
[info] position not increasing, failed cnt: 41
[info] position not increasing, failed cnt: 42
[info] position not increasing, failed cnt: 43
[info] position not increasing, failed cnt: 44
[info] position not increasing, failed cnt: 45
[info] position not increasing, failed cnt: 46
[info] position not increasing, failed cnt: 47
[info] position not increasing, failed cnt: 48
[info] position not increasing, failed cnt: 49
[info] position not increasing, failed cnt: 50
[info] position not increasing, failed cnt: 51
[info] position not increasing, failed cnt: 52
[info] position not increasing, failed cnt: 53
[info] position not increasing, failed cnt: 54
[info] position not increasing, failed cnt: 55
[info] position not increasing, failed cnt: 56
[info] position not increasing, failed cnt: 57
[info] position not increasing, failed cnt: 58
[info] position not increasing, failed cnt: 59
[info] position not increasing, failed cnt: 60
[info] position not increasing, failed cnt: 61
[info] position not increasing, failed cnt: 62
[info] position not increasing, failed cnt: 63
[info] position not increasing, failed cnt: 64
[info] position not increasing, failed cnt: 65
[info] position not increasing, failed cnt: 66
[info] position not increasing, failed cnt: 67
[info] position not increasing, failed cnt: 68
[info] position not increasing, failed cnt: 69
[info] position not increasing, failed cnt: 70
[info] position not increasing, failed cnt: 71
[info] position not increasing, failed cnt: 72
[info] position not increasing, failed cnt: 73
[info] position not increasing, failed cnt: 74
[info] position not increasing, failed cnt: 75
[info] position not increasing, failed cnt: 76
[info] position not increasing, failed cnt: 77
[info] position not increasing, failed cnt: 78
[info] position not increasing, failed cnt: 79
[info] position not increasing, failed cnt: 80
[info] position not increasing, failed cnt: 81
[info] position not increasing, failed cnt: 82
[info] position not increasing, failed cnt: 83
[info] position not increasing, failed cnt: 84
[info] position not increasing, failed cnt: 85
[info] position not increasing, failed cnt: 86
[info] position not increasing, failed cnt: 87
[info] position not increasing, failed cnt: 88
[info] position not increasing, failed cnt: 89
[info] position not increasing, failed cnt: 90
[info] position not increasing, failed cnt: 91
[info] position not increasing, failed cnt: 92
[info] position not increasing, failed cnt: 93
[info] position not increasing, failed cnt: 94
[info] position not increasing, failed cnt: 95
[info] position not increasing, failed cnt: 96
[info] position not increasing, failed cnt: 97
[info] position not increasing, failed cnt: 98
[info] position not increasing, failed cnt: 99
[info] position not increasing, failed cnt: 100
[info] position not increasing, failed cnt: 101
[info] position not increasing, failed cnt: 102
[info] position not increasing, failed cnt: 103
[info] position not increasing, failed cnt: 104
[info] position not increasing, failed cnt: 105
[info] position not increasing, failed cnt: 106
[info] position not increasing, failed cnt: 107
[info] position not increasing, failed cnt: 108
[info] position not increasing, failed cnt: 109
[info] position not increasing, failed cnt: 110
[info] position not increasing, failed cnt: 111
[info] position not increasing, failed cnt: 112
[info] position not increasing, failed cnt: 113
[info] position not increasing, failed cnt: 114
[info] position not increasing, failed cnt: 115
[info] position not increasing, failed cnt: 116
[info] position not increasing, failed cnt: 117
[info] position not increasing, failed cnt: 118
[info] position not increasing, failed cnt: 119
[info] position not increasing, failed cnt: 120
[info] position not increasing, failed cnt: 121
[info] position not increasing, failed cnt: 122
[info] position not increasing, failed cnt: 123
[info] position not increasing, failed cnt: 124
[info] position not increasing, failed cnt: 125
[info] position not increasing, failed cnt: 126
[info] position not increasing, failed cnt: 127
[info] position not increasing, failed cnt: 128
[FATAL] model stuck, exiting ...
-- generated events: 761
-- time elapsed: 3.67 secs
1bIiaFMdH3udqWyXyeQMoH orig S1 ok=True fail=None 4.47s
-- generated events: 1573
-- time elapsed: 14.30 secs
1eFSgOay51iMZIdmXU3ISl lyrics_all S1 ok=True fail=None 14.36s
-- generated events: 1289
-- time elapsed: 9.42 secs
1heBg3CKPc4qVUXzVO49I2 orig S1 ok=True fail=None 9.47s
[info] position not increasing, failed cnt: 1
[info] position not increasing, failed cnt: 2
[info] position not increasing, failed cnt: 3
[info] position not increasing, failed cnt: 1
[info] position not increasing, failed cnt: 2
[info] position not increasing, failed cnt: 3
[info] position not increasing, failed cnt: 4
[info] position not increasing, failed cnt: 1
[info] position not increasing, failed cnt: 1
[info] position not increasing, failed cnt: 2
[info] position not increasing, failed cnt: 3
[info] error EOS occurs, failed eos: 1
[info] error EOS occurs, failed eos: 2
[info] error EOS occurs, failed eos: 3
[info] error EOS occurs, failed eos: 4
[info] error EOS occurs, failed eos: 5
[info] error EOS occurs, failed eos: 6
[info] error EOS occurs, failed eos: 7
[info] error EOS occurs, failed eos: 8
[info] error EOS occurs, failed eos: 9
[info] error EOS occurs, failed eos: 10
[info] error EOS occurs, failed eos: 11
[info] error EOS occurs, failed eos: 12
[info] error EOS occurs, failed eos: 13
[info] error EOS occurs, failed eos: 14
[info] error EOS occurs, failed eos: 15
[info] error EOS occurs, failed eos: 16
[info] error EOS occurs, failed eos: 17
[info] error EOS occurs, failed eos: 18
[info] error EOS occurs, failed eos: 19
[info] error EOS occurs, failed eos: 20
[info] error EOS occurs, failed eos: 21
[info] error EOS occurs, failed eos: 22
[info] error EOS occurs, failed eos: 23
[info] error EOS occurs, failed eos: 24
[info] error EOS occurs, failed eos: 25
[info] error EOS occurs, failed eos: 26
[info] error EOS occurs, failed eos: 27
[info] error EOS occurs, failed eos: 28
[info] error EOS occurs, failed eos: 29
[info] error EOS occurs, failed eos: 30
[info] error EOS occurs, failed eos: 31
[info] error EOS occurs, failed eos: 32
[info] error EOS occurs, failed eos: 33
[info] error EOS occurs, failed eos: 34
[info] error EOS occurs, failed eos: 35
[info] error EOS occurs, failed eos: 36
[info] error EOS occurs, failed eos: 37
[info] error EOS occurs, failed eos: 38
[info] error EOS occurs, failed eos: 39
[info] error EOS occurs, failed eos: 40
[info] error EOS occurs, failed eos: 41
[info] error EOS occurs, failed eos: 42
[info] error EOS occurs, failed eos: 43
[info] error EOS occurs, failed eos: 44
[info] error EOS occurs, failed eos: 45
[info] error EOS occurs, failed eos: 46
[info] error EOS occurs, failed eos: 47
[info] error EOS occurs, failed eos: 48
[info] error EOS occurs, failed eos: 49
[info] error EOS occurs, failed eos: 50
[info] error EOS occurs, failed eos: 51
[info] error EOS occurs, failed eos: 52
[info] error EOS occurs, failed eos: 53
[info] error EOS occurs, failed eos: 54
[info] error EOS occurs, failed eos: 55
[info] error EOS occurs, failed eos: 56
[info] error EOS occurs, failed eos: 57
[info] error EOS occurs, failed eos: 58
[info] error EOS occurs, failed eos: 59
[info] error EOS occurs, failed eos: 60
[info] error EOS occurs, failed eos: 61
[info] error EOS occurs, failed eos: 62
[info] error EOS occurs, failed eos: 63
[info] error EOS occurs, failed eos: 64
[info] error EOS occurs, failed eos: 65
[info] error EOS occurs, failed eos: 66
[info] error EOS occurs, failed eos: 67
[info] error EOS occurs, failed eos: 68
[info] error EOS occurs, failed eos: 69
[info] error EOS occurs, failed eos: 70
[info] error EOS occurs, failed eos: 71
[info] error EOS occurs, failed eos: 72
[info] error EOS occurs, failed eos: 73
[info] error EOS occurs, failed eos: 74
[info] error EOS occurs, failed eos: 75
[info] error EOS occurs, failed eos: 76
[info] error EOS occurs, failed eos: 77
[info] error EOS occurs, failed eos: 78
[info] error EOS occurs, failed eos: 79
[info] error EOS occurs, failed eos: 80
[info] error EOS occurs, failed eos: 81
[info] error EOS occurs, failed eos: 82
[info] error EOS occurs, failed eos: 83
[info] error EOS occurs, failed eos: 84
[info] error EOS occurs, failed eos: 85
[info] error EOS occurs, failed eos: 86
[info] error EOS occurs, failed eos: 87
[info] error EOS occurs, failed eos: 88
[info] error EOS occurs, failed eos: 89
[info] error EOS occurs, failed eos: 90
[info] error EOS occurs, failed eos: 91
[info] error EOS occurs, failed eos: 92
[info] error EOS occurs, failed eos: 93
[info] error EOS occurs, failed eos: 94
[info] error EOS occurs, failed eos: 95
[info] error EOS occurs, failed eos: 96
[info] error EOS occurs, failed eos: 97
[info] error EOS occurs, failed eos: 98
[info] error EOS occurs, failed eos: 99
[info] error EOS occurs, failed eos: 100
[info] error EOS occurs, failed eos: 101
[info] error EOS occurs, failed eos: 102
[info] error EOS occurs, failed eos: 103
[info] error EOS occurs, failed eos: 104
[info] error EOS occurs, failed eos: 105
[info] error EOS occurs, failed eos: 106
[info] error EOS occurs, failed eos: 107
[info] error EOS occurs, failed eos: 108
[info] error EOS occurs, failed eos: 109
[info] error EOS occurs, failed eos: 110
[info] error EOS occurs, failed eos: 111
[info] error EOS occurs, failed eos: 112
[info] error EOS occurs, failed eos: 113
[info] error EOS occurs, failed eos: 114
[info] error EOS occurs, failed eos: 115
[info] error EOS occurs, failed eos: 116
[info] error EOS occurs, failed eos: 117
[info] error EOS occurs, failed eos: 118
[info] error EOS occurs, failed eos: 119
[info] error EOS occurs, failed eos: 120
[info] error EOS occurs, failed eos: 121
[info] error EOS occurs, failed eos: 122
[info] error EOS occurs, failed eos: 123
[info] error EOS occurs, failed eos: 124
[info] error EOS occurs, failed eos: 125
[info] error EOS occurs, failed eos: 126
[info] error EOS occurs, failed eos: 127
[info] error EOS occurs, failed eos: 128
[FATAL] model stuck, eos error ...
[info] position not increasing, failed cnt: 1
[info] position not increasing, failed cnt: 2
[info] position not increasing, failed cnt: 3
[info] position not increasing, failed cnt: 4
[info] position not increasing, failed cnt: 5
[info] position not increasing, failed cnt: 6
[info] position not increasing, failed cnt: 7
[info] position not increasing, failed cnt: 8
[info] position not increasing, failed cnt: 9
[info] position not increasing, failed cnt: 10
[info] position not increasing, failed cnt: 11
[info] position not increasing, failed cnt: 12
[info] position not increasing, failed cnt: 13
[info] position not increasing, failed cnt: 14
[info] position not increasing, failed cnt: 15
[info] position not increasing, failed cnt: 16
[info] position not increasing, failed cnt: 17
[info] position not increasing, failed cnt: 18
[info] position not increasing, failed cnt: 19
[info] position not increasing, failed cnt: 20
[info] position not increasing, failed cnt: 21
[info] position not increasing, failed cnt: 22
[info] position not increasing, failed cnt: 23
[info] position not increasing, failed cnt: 24
[info] position not increasing, failed cnt: 25
[info] position not increasing, failed cnt: 26
[info] position not increasing, failed cnt: 27
[info] position not increasing, failed cnt: 28
[info] position not increasing, failed cnt: 29
[info] position not increasing, failed cnt: 30
[info] position not increasing, failed cnt: 31
[info] position not increasing, failed cnt: 32
[info] position not increasing, failed cnt: 33
[info] position not increasing, failed cnt: 34
[info] position not increasing, failed cnt: 35
[info] position not increasing, failed cnt: 36
[info] position not increasing, failed cnt: 37
[info] position not increasing, failed cnt: 38
[info] position not increasing, failed cnt: 39
[info] position not increasing, failed cnt: 40
[info] position not increasing, failed cnt: 41
[info] position not increasing, failed cnt: 42
[info] position not increasing, failed cnt: 43
[info] position not increasing, failed cnt: 44
[info] position not increasing, failed cnt: 45
[info] position not increasing, failed cnt: 46
[info] position not increasing, failed cnt: 47
[info] position not increasing, failed cnt: 48
[info] position not increasing, failed cnt: 49
[info] position not increasing, failed cnt: 50
[info] position not increasing, failed cnt: 51
[info] position not increasing, failed cnt: 52
[info] position not increasing, failed cnt: 53
[info] position not increasing, failed cnt: 54
[info] position not increasing, failed cnt: 55
[info] position not increasing, failed cnt: 56
[info] position not increasing, failed cnt: 57
[info] position not increasing, failed cnt: 58
[info] position not increasing, failed cnt: 59
[info] position not increasing, failed cnt: 60
[info] position not increasing, failed cnt: 61
[info] position not increasing, failed cnt: 62
[info] position not increasing, failed cnt: 63
[info] position not increasing, failed cnt: 64
[info] position not increasing, failed cnt: 65
[info] position not increasing, failed cnt: 66
[info] position not increasing, failed cnt: 67
[info] position not increasing, failed cnt: 68
[info] position not increasing, failed cnt: 69
[info] position not increasing, failed cnt: 70
[info] position not increasing, failed cnt: 71
[info] position not increasing, failed cnt: 72
[info] position not increasing, failed cnt: 73
[info] position not increasing, failed cnt: 74
[info] position not increasing, failed cnt: 75
[info] position not increasing, failed cnt: 76
[info] position not increasing, failed cnt: 77
[info] position not increasing, failed cnt: 78
[info] position not increasing, failed cnt: 79
[info] position not increasing, failed cnt: 80
[info] position not increasing, failed cnt: 81
[info] position not increasing, failed cnt: 82
[info] position not increasing, failed cnt: 83
[info] position not increasing, failed cnt: 84
[info] position not increasing, failed cnt: 85
[info] position not increasing, failed cnt: 86
[info] position not increasing, failed cnt: 87
[info] position not increasing, failed cnt: 88
[info] position not increasing, failed cnt: 89
[info] position not increasing, failed cnt: 90
[info] position not increasing, failed cnt: 91
[info] position not increasing, failed cnt: 92
[info] position not increasing, failed cnt: 93
[info] position not increasing, failed cnt: 94
[info] position not increasing, failed cnt: 95
[info] position not increasing, failed cnt: 96
[info] position not increasing, failed cnt: 97
[info] position not increasing, failed cnt: 98
[info] position not increasing, failed cnt: 99
[info] position not increasing, failed cnt: 100
[info] position not increasing, failed cnt: 101
[info] position not increasing, failed cnt: 102
[info] position not increasing, failed cnt: 103
[info] position not increasing, failed cnt: 104
[info] position not increasing, failed cnt: 105
[info] position not increasing, failed cnt: 106
[info] position not increasing, failed cnt: 107
[info] position not increasing, failed cnt: 108
[info] position not increasing, failed cnt: 109
[info] position not increasing, failed cnt: 110
[info] position not increasing, failed cnt: 111
[info] position not increasing, failed cnt: 112
[info] position not increasing, failed cnt: 113
[info] position not increasing, failed cnt: 114
[info] position not increasing, failed cnt: 115
[info] position not increasing, failed cnt: 116
[info] position not increasing, failed cnt: 117
[info] position not increasing, failed cnt: 118
[info] position not increasing, failed cnt: 119
[info] position not increasing, failed cnt: 120
[info] position not increasing, failed cnt: 121
[info] position not increasing, failed cnt: 122
[info] position not increasing, failed cnt: 123
[info] position not increasing, failed cnt: 124
[info] position not increasing, failed cnt: 125
[info] position not increasing, failed cnt: 126
[info] position not increasing, failed cnt: 127
[info] position not increasing, failed cnt: 128
[FATAL] model stuck, exiting ...
-- generated events: 1234
-- time elapsed: 8.60 secs
1mcMqHzkg79tfjUqeLAzpI lyrics_all S1 ok=True fail=None 72.45s
-- generated events: 1072
-- time elapsed: 6.38 secs
1oWX2EGO7Z8YCZ5jJuGrpM orig S1 ok=True fail=None 6.44s
[info] position not increasing, failed cnt: 1
-- generated events: 1390
-- time elapsed: 11.12 secs
1ong56tLkuTP0YuTxYAr9F lyrics_all S1 ok=True fail=None 11.18s
-- generated events: 706
-- time elapsed: 3.31 secs
1sVsi9Q7g5zYcw3Aj90bcc orig S1 ok=True fail=None 3.35s
-- generated events: 1123
-- time elapsed: 7.14 secs
1tKSEmbS7vmv7cFc24sjlI lyrics_all S1 ok=True fail=None 7.19s
[info] position not increasing, failed cnt: 1
[info] position not increasing, failed cnt: 2
[info] position not increasing, failed cnt: 3
[info] position not increasing, failed cnt: 4
[info] position not increasing, failed cnt: 5
[info] position not increasing, failed cnt: 6
[info] position not increasing, failed cnt: 7
[info] position not increasing, failed cnt: 8
[info] position not increasing, failed cnt: 9
[info] position not increasing, failed cnt: 10
[info] position not increasing, failed cnt: 11
[info] position not increasing, failed cnt: 12
[info] position not increasing, failed cnt: 13
[info] position not increasing, failed cnt: 14
[info] position not increasing, failed cnt: 15
[info] position not increasing, failed cnt: 16
[info] position not increasing, failed cnt: 17
[info] position not increasing, failed cnt: 18
[info] position not increasing, failed cnt: 19
[info] position not increasing, failed cnt: 20
[info] position not increasing, failed cnt: 21
[info] position not increasing, failed cnt: 22
[info] position not increasing, failed cnt: 23
[info] position not increasing, failed cnt: 24
[info] position not increasing, failed cnt: 25
[info] position not increasing, failed cnt: 26
[info] position not increasing, failed cnt: 27
[info] position not increasing, failed cnt: 28
[info] position not increasing, failed cnt: 29
[info] position not increasing, failed cnt: 30
[info] position not increasing, failed cnt: 31
[info] position not increasing, failed cnt: 32
[info] position not increasing, failed cnt: 33
[info] position not increasing, failed cnt: 34
[info] position not increasing, failed cnt: 35
[info] position not increasing, failed cnt: 36
[info] position not increasing, failed cnt: 37
[info] position not increasing, failed cnt: 38
[info] position not increasing, failed cnt: 39
[info] position not increasing, failed cnt: 40
[info] position not increasing, failed cnt: 41
[info] position not increasing, failed cnt: 42
[info] position not increasing, failed cnt: 43
[info] position not increasing, failed cnt: 44
[info] position not increasing, failed cnt: 45
[info] position not increasing, failed cnt: 46
[info] position not increasing, failed cnt: 47
[info] position not increasing, failed cnt: 48
[info] position not increasing, failed cnt: 49
[info] position not increasing, failed cnt: 50
[info] position not increasing, failed cnt: 51
[info] position not increasing, failed cnt: 52
[info] position not increasing, failed cnt: 53
[info] position not increasing, failed cnt: 54
[info] position not increasing, failed cnt: 55
[info] position not increasing, failed cnt: 56
[info] position not increasing, failed cnt: 57
[info] position not increasing, failed cnt: 58
[info] position not increasing, failed cnt: 59
[info] position not increasing, failed cnt: 60
[info] position not increasing, failed cnt: 61
[info] position not increasing, failed cnt: 62
[info] position not increasing, failed cnt: 63
[info] position not increasing, failed cnt: 64
[info] position not increasing, failed cnt: 65
[info] position not increasing, failed cnt: 66
[info] position not increasing, failed cnt: 67
[info] position not increasing, failed cnt: 68
[info] position not increasing, failed cnt: 69
[info] position not increasing, failed cnt: 70
[info] position not increasing, failed cnt: 71
[info] position not increasing, failed cnt: 72
[info] position not increasing, failed cnt: 73
[info] position not increasing, failed cnt: 74
[info] position not increasing, failed cnt: 75
[info] position not increasing, failed cnt: 76
[info] position not increasing, failed cnt: 77
[info] position not increasing, failed cnt: 78
[info] position not increasing, failed cnt: 79
[info] position not increasing, failed cnt: 80
[info] position not increasing, failed cnt: 81
[info] position not increasing, failed cnt: 82
[info] position not increasing, failed cnt: 83
[info] position not increasing, failed cnt: 84
[info] position not increasing, failed cnt: 85
[info] position not increasing, failed cnt: 86
[info] position not increasing, failed cnt: 87
[info] position not increasing, failed cnt: 88
[info] position not increasing, failed cnt: 89
[info] position not increasing, failed cnt: 90
[info] position not increasing, failed cnt: 91
[info] position not increasing, failed cnt: 92
[info] position not increasing, failed cnt: 93
[info] position not increasing, failed cnt: 94
[info] position not increasing, failed cnt: 95
[info] position not increasing, failed cnt: 96
[info] position not increasing, failed cnt: 97
[info] position not increasing, failed cnt: 98
[info] position not increasing, failed cnt: 99
[info] position not increasing, failed cnt: 100
[info] position not increasing, failed cnt: 101
[info] position not increasing, failed cnt: 102
[info] position not increasing, failed cnt: 103
[info] position not increasing, failed cnt: 104
[info] position not increasing, failed cnt: 105
[info] position not increasing, failed cnt: 106
[info] position not increasing, failed cnt: 107
[info] position not increasing, failed cnt: 108
[info] position not increasing, failed cnt: 109
[info] position not increasing, failed cnt: 110
[info] position not increasing, failed cnt: 111
[info] position not increasing, failed cnt: 112
[info] position not increasing, failed cnt: 113
[info] position not increasing, failed cnt: 114
[info] position not increasing, failed cnt: 115
[info] position not increasing, failed cnt: 116
[info] position not increasing, failed cnt: 117
[info] position not increasing, failed cnt: 118
[info] position not increasing, failed cnt: 119
[info] position not increasing, failed cnt: 120
[info] position not increasing, failed cnt: 121
[info] position not increasing, failed cnt: 122
[info] position not increasing, failed cnt: 123
[info] position not increasing, failed cnt: 124
[info] position not increasing, failed cnt: 125
[info] position not increasing, failed cnt: 126
[info] position not increasing, failed cnt: 127
[info] position not increasing, failed cnt: 128
[FATAL] model stuck, exiting ...
-- generated events: 1509
-- time elapsed: 13.33 secs
1z51mKj5nHYxrGCEq6c3Eq orig S1 ok=True fail=None 15.6s
-- generated events: 1030
-- time elapsed: 5.98 secs
1zsXjmo39vHJkLW8FJVB0t lyrics_all S1 ok=True fail=None 6.03s
-- generated events: 1084
-- time elapsed: 6.66 secs
255drLOJ94rmt1SDRj6H3N orig S1 ok=True fail=None 6.71s
[info] position not increasing, failed cnt: 1
[info] position not increasing, failed cnt: 2
[info] position not increasing, failed cnt: 3
[info] position not increasing, failed cnt: 4
[info] position not increasing, failed cnt: 5
[info] position not increasing, failed cnt: 6
[info] position not increasing, failed cnt: 7
[info] position not increasing, failed cnt: 8
[info] position not increasing, failed cnt: 9
[info] position not increasing, failed cnt: 10
[info] position not increasing, failed cnt: 11
[info] position not increasing, failed cnt: 12
[info] position not increasing, failed cnt: 13
[info] position not increasing, failed cnt: 14
[info] position not increasing, failed cnt: 15
[info] position not increasing, failed cnt: 16
[info] position not increasing, failed cnt: 17
[info] position not increasing, failed cnt: 18
[info] position not increasing, failed cnt: 19
[info] position not increasing, failed cnt: 20
[info] position not increasing, failed cnt: 21
[info] position not increasing, failed cnt: 22
[info] position not increasing, failed cnt: 23
[info] position not increasing, failed cnt: 24
[info] position not increasing, failed cnt: 25
[info] position not increasing, failed cnt: 26
[info] position not increasing, failed cnt: 27
[info] position not increasing, failed cnt: 28
[info] position not increasing, failed cnt: 29
[info] position not increasing, failed cnt: 30
[info] position not increasing, failed cnt: 31
[info] position not increasing, failed cnt: 32
[info] position not increasing, failed cnt: 33
[info] position not increasing, failed cnt: 34
[info] position not increasing, failed cnt: 35
[info] position not increasing, failed cnt: 36
[info] position not increasing, failed cnt: 37
[info] position not increasing, failed cnt: 38
[info] position not increasing, failed cnt: 39
[info] position not increasing, failed cnt: 40
[info] position not increasing, failed cnt: 41
[info] position not increasing, failed cnt: 42
[info] position not increasing, failed cnt: 43
[info] position not increasing, failed cnt: 44
[info] position not increasing, failed cnt: 45
[info] position not increasing, failed cnt: 46
[info] position not increasing, failed cnt: 47
[info] position not increasing, failed cnt: 48
[info] position not increasing, failed cnt: 49
[info] position not increasing, failed cnt: 50
[info] position not increasing, failed cnt: 51
[info] position not increasing, failed cnt: 52
[info] position not increasing, failed cnt: 53
[info] position not increasing, failed cnt: 54
[info] position not increasing, failed cnt: 55
[info] position not increasing, failed cnt: 56
[info] position not increasing, failed cnt: 57
[info] position not increasing, failed cnt: 58
[info] position not increasing, failed cnt: 59
[info] position not increasing, failed cnt: 60
[info] position not increasing, failed cnt: 61
[info] position not increasing, failed cnt: 62
[info] position not increasing, failed cnt: 63
[info] position not increasing, failed cnt: 64
[info] position not increasing, failed cnt: 65
[info] position not increasing, failed cnt: 66
[info] position not increasing, failed cnt: 67
[info] position not increasing, failed cnt: 68
[info] position not increasing, failed cnt: 69
[info] position not increasing, failed cnt: 70
[info] position not increasing, failed cnt: 71
[info] position not increasing, failed cnt: 72
[info] position not increasing, failed cnt: 73
[info] position not increasing, failed cnt: 74
[info] position not increasing, failed cnt: 75
[info] position not increasing, failed cnt: 76
[info] position not increasing, failed cnt: 77
[info] position not increasing, failed cnt: 78
[info] position not increasing, failed cnt: 79
[info] position not increasing, failed cnt: 80
[info] position not increasing, failed cnt: 81
[info] position not increasing, failed cnt: 82
[info] position not increasing, failed cnt: 83
[info] position not increasing, failed cnt: 84
[info] position not increasing, failed cnt: 85
[info] position not increasing, failed cnt: 86
[info] position not increasing, failed cnt: 87
[info] position not increasing, failed cnt: 88
[info] position not increasing, failed cnt: 89
[info] position not increasing, failed cnt: 90
[info] position not increasing, failed cnt: 91
[info] position not increasing, failed cnt: 92
[info] position not increasing, failed cnt: 93
[info] position not increasing, failed cnt: 94
[info] position not increasing, failed cnt: 95
[info] position not increasing, failed cnt: 96
[info] position not increasing, failed cnt: 97
[info] position not increasing, failed cnt: 98
[info] position not increasing, failed cnt: 99
[info] position not increasing, failed cnt: 100
[info] position not increasing, failed cnt: 101
[info] position not increasing, failed cnt: 102
[info] position not increasing, failed cnt: 103
[info] position not increasing, failed cnt: 104
[info] position not increasing, failed cnt: 105
[info] position not increasing, failed cnt: 106
[info] position not increasing, failed cnt: 107
[info] position not increasing, failed cnt: 108
[info] position not increasing, failed cnt: 109
[info] position not increasing, failed cnt: 110
[info] position not increasing, failed cnt: 111
[info] position not increasing, failed cnt: 112
[info] position not increasing, failed cnt: 113
[info] position not increasing, failed cnt: 114
[info] position not increasing, failed cnt: 115
[info] position not increasing, failed cnt: 116
[info] position not increasing, failed cnt: 117
[info] position not increasing, failed cnt: 118
[info] position not increasing, failed cnt: 119
[info] position not increasing, failed cnt: 120
[info] position not increasing, failed cnt: 121
[info] position not increasing, failed cnt: 122
[info] position not increasing, failed cnt: 123
[info] position not increasing, failed cnt: 124
[info] position not increasing, failed cnt: 125
[info] position not increasing, failed cnt: 126
[info] position not increasing, failed cnt: 127
[info] position not increasing, failed cnt: 128
[FATAL] model stuck, exiting ...
[info] position not increasing, failed cnt: 1
[info] position not increasing, failed cnt: 2
[info] position not increasing, failed cnt: 3
[info] position not increasing, failed cnt: 4
[info] position not increasing, failed cnt: 5
[info] position not increasing, failed cnt: 6
[info] position not increasing, failed cnt: 7
[info] position not increasing, failed cnt: 8
[info] position not increasing, failed cnt: 9
[info] position not increasing, failed cnt: 10
[info] position not increasing, failed cnt: 11
[info] position not increasing, failed cnt: 12
[info] position not increasing, failed cnt: 13
[info] position not increasing, failed cnt: 14
[info] position not increasing, failed cnt: 15
[info] position not increasing, failed cnt: 16
[info] position not increasing, failed cnt: 17
[info] position not increasing, failed cnt: 18
[info] position not increasing, failed cnt: 19
[info] position not increasing, failed cnt: 20
[info] position not increasing, failed cnt: 21
[info] position not increasing, failed cnt: 22
[info] position not increasing, failed cnt: 23
[info] position not increasing, failed cnt: 24
[info] position not increasing, failed cnt: 25
[info] position not increasing, failed cnt: 26
[info] position not increasing, failed cnt: 27
[info] position not increasing, failed cnt: 28
[info] position not increasing, failed cnt: 29
[info] position not increasing, failed cnt: 30
[info] position not increasing, failed cnt: 31
[info] position not increasing, failed cnt: 32
[info] position not increasing, failed cnt: 33
[info] position not increasing, failed cnt: 34
[info] position not increasing, failed cnt: 35
[info] position not increasing, failed cnt: 36
[info] position not increasing, failed cnt: 37
[info] position not increasing, failed cnt: 38
[info] position not increasing, failed cnt: 39
[info] position not increasing, failed cnt: 40
[info] position not increasing, failed cnt: 41
[info] position not increasing, failed cnt: 42
[info] position not increasing, failed cnt: 43
[info] position not increasing, failed cnt: 44
[info] position not increasing, failed cnt: 45
[info] position not increasing, failed cnt: 46
[info] position not increasing, failed cnt: 47
[info] position not increasing, failed cnt: 48
[info] position not increasing, failed cnt: 49
[info] position not increasing, failed cnt: 50
[info] position not increasing, failed cnt: 51
[info] position not increasing, failed cnt: 52
[info] position not increasing, failed cnt: 53
[info] position not increasing, failed cnt: 54
[info] position not increasing, failed cnt: 55
[info] position not increasing, failed cnt: 56
[info] position not increasing, failed cnt: 57
[info] position not increasing, failed cnt: 58
[info] position not increasing, failed cnt: 59
[info] position not increasing, failed cnt: 60
[info] position not increasing, failed cnt: 61
[info] position not increasing, failed cnt: 62
[info] position not increasing, failed cnt: 63
[info] position not increasing, failed cnt: 64
[info] position not increasing, failed cnt: 65
[info] position not increasing, failed cnt: 66
[info] position not increasing, failed cnt: 67
[info] position not increasing, failed cnt: 68
[info] position not increasing, failed cnt: 69
[info] position not increasing, failed cnt: 70
[info] position not increasing, failed cnt: 71
[info] position not increasing, failed cnt: 72
[info] position not increasing, failed cnt: 73
[info] position not increasing, failed cnt: 74
[info] position not increasing, failed cnt: 75
[info] position not increasing, failed cnt: 76
[info] position not increasing, failed cnt: 77
[info] position not increasing, failed cnt: 78
[info] position not increasing, failed cnt: 79
[info] position not increasing, failed cnt: 80
[info] position not increasing, failed cnt: 81
[info] position not increasing, failed cnt: 82
[info] position not increasing, failed cnt: 83
[info] position not increasing, failed cnt: 84
[info] position not increasing, failed cnt: 85
[info] position not increasing, failed cnt: 86
[info] position not increasing, failed cnt: 87
[info] position not increasing, failed cnt: 88
[info] position not increasing, failed cnt: 89
[info] position not increasing, failed cnt: 90
[info] position not increasing, failed cnt: 91
[info] position not increasing, failed cnt: 92
[info] position not increasing, failed cnt: 93
[info] position not increasing, failed cnt: 94
[info] position not increasing, failed cnt: 95
[info] position not increasing, failed cnt: 96
[info] position not increasing, failed cnt: 97
[info] position not increasing, failed cnt: 98
[info] position not increasing, failed cnt: 99
[info] position not increasing, failed cnt: 100
[info] position not increasing, failed cnt: 101
[info] position not increasing, failed cnt: 102
[info] position not increasing, failed cnt: 103
[info] position not increasing, failed cnt: 104
[info] position not increasing, failed cnt: 105
[info] position not increasing, failed cnt: 106
[info] position not increasing, failed cnt: 107
[info] position not increasing, failed cnt: 108
[info] position not increasing, failed cnt: 109
[info] position not increasing, failed cnt: 110
[info] position not increasing, failed cnt: 111
[info] position not increasing, failed cnt: 112
[info] position not increasing, failed cnt: 113
[info] position not increasing, failed cnt: 114
[info] position not increasing, failed cnt: 115
[info] position not increasing, failed cnt: 116
[info] position not increasing, failed cnt: 117
[info] position not increasing, failed cnt: 118
[info] position not increasing, failed cnt: 119
[info] position not increasing, failed cnt: 120
[info] position not increasing, failed cnt: 121
[info] position not increasing, failed cnt: 122
[info] position not increasing, failed cnt: 123
[info] position not increasing, failed cnt: 124
[info] position not increasing, failed cnt: 125
[info] position not increasing, failed cnt: 126
[info] position not increasing, failed cnt: 127
[info] position not increasing, failed cnt: 128
[FATAL] model stuck, exiting ...
[info] position not increasing, failed cnt: 1
[info] position not increasing, failed cnt: 2
[info] position not increasing, failed cnt: 3
[info] position not increasing, failed cnt: 4
[info] position not increasing, failed cnt: 5
[info] position not increasing, failed cnt: 6
[info] position not increasing, failed cnt: 7
[info] position not increasing, failed cnt: 1
[info] position not increasing, failed cnt: 2
[info] position not increasing, failed cnt: 3
[info] position not increasing, failed cnt: 4
[info] position not increasing, failed cnt: 5
[info] position not increasing, failed cnt: 6
[info] position not increasing, failed cnt: 7
[info] position not increasing, failed cnt: 8
[info] position not increasing, failed cnt: 9
[info] position not increasing, failed cnt: 10
[info] position not increasing, failed cnt: 11
[info] position not increasing, failed cnt: 12
[info] position not increasing, failed cnt: 13
[info] position not increasing, failed cnt: 14
[info] position not increasing, failed cnt: 15
[info] position not increasing, failed cnt: 16
[info] position not increasing, failed cnt: 17
[info] position not increasing, failed cnt: 18
[info] position not increasing, failed cnt: 19
[info] position not increasing, failed cnt: 20
[info] position not increasing, failed cnt: 21
[info] position not increasing, failed cnt: 22
[info] position not increasing, failed cnt: 23
[info] position not increasing, failed cnt: 24
[info] position not increasing, failed cnt: 25
[info] position not increasing, failed cnt: 26
[info] position not increasing, failed cnt: 27
[info] position not increasing, failed cnt: 28
[info] position not increasing, failed cnt: 29
[info] position not increasing, failed cnt: 30
[info] position not increasing, failed cnt: 31
[info] position not increasing, failed cnt: 32
[info] position not increasing, failed cnt: 33
[info] position not increasing, failed cnt: 34
[info] position not increasing, failed cnt: 35
[info] position not increasing, failed cnt: 36
[info] position not increasing, failed cnt: 37
[info] position not increasing, failed cnt: 38
[info] position not increasing, failed cnt: 39
[info] position not increasing, failed cnt: 40
[info] position not increasing, failed cnt: 41
[info] position not increasing, failed cnt: 42
[info] position not increasing, failed cnt: 43
[info] position not increasing, failed cnt: 44
[info] position not increasing, failed cnt: 45
[info] position not increasing, failed cnt: 46
[info] position not increasing, failed cnt: 47
[info] position not increasing, failed cnt: 48
[info] position not increasing, failed cnt: 49
[info] position not increasing, failed cnt: 50
[info] position not increasing, failed cnt: 51
[info] position not increasing, failed cnt: 52
[info] position not increasing, failed cnt: 53
[info] position not increasing, failed cnt: 54
[info] position not increasing, failed cnt: 55
[info] position not increasing, failed cnt: 56
[info] position not increasing, failed cnt: 57
[info] position not increasing, failed cnt: 58
[info] position not increasing, failed cnt: 59
[info] position not increasing, failed cnt: 60
[info] position not increasing, failed cnt: 61
[info] position not increasing, failed cnt: 62
[info] position not increasing, failed cnt: 63
[info] position not increasing, failed cnt: 64
[info] position not increasing, failed cnt: 65
[info] position not increasing, failed cnt: 66
[info] position not increasing, failed cnt: 67
[info] position not increasing, failed cnt: 68
[info] position not increasing, failed cnt: 69
[info] position not increasing, failed cnt: 70
[info] position not increasing, failed cnt: 71
[info] position not increasing, failed cnt: 72
[info] position not increasing, failed cnt: 73
[info] position not increasing, failed cnt: 74
[info] position not increasing, failed cnt: 75
[info] position not increasing, failed cnt: 76
[info] position not increasing, failed cnt: 77
[info] position not increasing, failed cnt: 78
[info] position not increasing, failed cnt: 79
[info] position not increasing, failed cnt: 80
[info] position not increasing, failed cnt: 81
[info] position not increasing, failed cnt: 82
[info] position not increasing, failed cnt: 83
[info] position not increasing, failed cnt: 84
[info] position not increasing, failed cnt: 85
[info] position not increasing, failed cnt: 86
[info] position not increasing, failed cnt: 87
[info] position not increasing, failed cnt: 88
[info] position not increasing, failed cnt: 89
[info] position not increasing, failed cnt: 90
[info] position not increasing, failed cnt: 91
[info] position not increasing, failed cnt: 92
[info] position not increasing, failed cnt: 93
[info] position not increasing, failed cnt: 94
[info] position not increasing, failed cnt: 95
[info] position not increasing, failed cnt: 96
[info] position not increasing, failed cnt: 97
[info] position not increasing, failed cnt: 98
[info] position not increasing, failed cnt: 99
[info] position not increasing, failed cnt: 100
[info] position not increasing, failed cnt: 101
[info] position not increasing, failed cnt: 102
[info] position not increasing, failed cnt: 103
[info] position not increasing, failed cnt: 104
[info] position not increasing, failed cnt: 105
[info] position not increasing, failed cnt: 106
[info] position not increasing, failed cnt: 107
[info] position not increasing, failed cnt: 108
[info] position not increasing, failed cnt: 109
[info] position not increasing, failed cnt: 110
[info] position not increasing, failed cnt: 111
[info] position not increasing, failed cnt: 112
[info] position not increasing, failed cnt: 113
[info] position not increasing, failed cnt: 114
[info] position not increasing, failed cnt: 115
[info] position not increasing, failed cnt: 116
[info] position not increasing, failed cnt: 117
[info] position not increasing, failed cnt: 118
[info] position not increasing, failed cnt: 119
[info] position not increasing, failed cnt: 120
[info] position not increasing, failed cnt: 121
[info] position not increasing, failed cnt: 122
[info] position not increasing, failed cnt: 123
[info] position not increasing, failed cnt: 124
[info] position not increasing, failed cnt: 125
[info] position not increasing, failed cnt: 126
[info] position not increasing, failed cnt: 127
[info] position not increasing, failed cnt: 128
[FATAL] model stuck, exiting ...
[info] position not increasing, failed cnt: 1
[info] position not increasing, failed cnt: 2
[info] position not increasing, failed cnt: 3
[info] position not increasing, failed cnt: 4
[info] position not increasing, failed cnt: 5
[info] position not increasing, failed cnt: 6
[info] position not increasing, failed cnt: 7
[info] position not increasing, failed cnt: 8
[info] position not increasing, failed cnt: 9
[info] position not increasing, failed cnt: 10
[info] position not increasing, failed cnt: 11
[info] position not increasing, failed cnt: 12
[info] position not increasing, failed cnt: 13
[info] position not increasing, failed cnt: 14
[info] position not increasing, failed cnt: 15
[info] position not increasing, failed cnt: 16
[info] position not increasing, failed cnt: 17
[info] position not increasing, failed cnt: 18
[info] position not increasing, failed cnt: 19
[info] position not increasing, failed cnt: 20
[info] position not increasing, failed cnt: 21
[info] position not increasing, failed cnt: 22
[info] position not increasing, failed cnt: 23
[info] position not increasing, failed cnt: 24
[info] position not increasing, failed cnt: 25
[info] position not increasing, failed cnt: 26
[info] position not increasing, failed cnt: 27
[info] position not increasing, failed cnt: 28
[info] position not increasing, failed cnt: 29
[info] position not increasing, failed cnt: 30
[info] position not increasing, failed cnt: 31
[info] position not increasing, failed cnt: 32
[info] position not increasing, failed cnt: 33
[info] position not increasing, failed cnt: 34
[info] position not increasing, failed cnt: 35
[info] position not increasing, failed cnt: 36
[info] position not increasing, failed cnt: 37
[info] position not increasing, failed cnt: 38
[info] position not increasing, failed cnt: 39
[info] position not increasing, failed cnt: 40
[info] position not increasing, failed cnt: 41
[info] position not increasing, failed cnt: 42
[info] position not increasing, failed cnt: 43
[info] position not increasing, failed cnt: 44
[info] position not increasing, failed cnt: 45
[info] position not increasing, failed cnt: 46
[info] position not increasing, failed cnt: 47
[info] position not increasing, failed cnt: 48
[info] position not increasing, failed cnt: 49
[info] position not increasing, failed cnt: 50
[info] position not increasing, failed cnt: 51
[info] position not increasing, failed cnt: 52
[info] position not increasing, failed cnt: 53
[info] position not increasing, failed cnt: 54
[info] position not increasing, failed cnt: 55
[info] position not increasing, failed cnt: 56
[info] position not increasing, failed cnt: 57
[info] position not increasing, failed cnt: 58
[info] position not increasing, failed cnt: 59
[info] position not increasing, failed cnt: 60
[info] position not increasing, failed cnt: 61
[info] position not increasing, failed cnt: 62
[info] position not increasing, failed cnt: 63
[info] position not increasing, failed cnt: 64
[info] position not increasing, failed cnt: 65
[info] position not increasing, failed cnt: 66
[info] position not increasing, failed cnt: 67
[info] position not increasing, failed cnt: 68
[info] position not increasing, failed cnt: 69
[info] position not increasing, failed cnt: 70
[info] position not increasing, failed cnt: 71
[info] position not increasing, failed cnt: 72
[info] position not increasing, failed cnt: 73
[info] position not increasing, failed cnt: 74
[info] position not increasing, failed cnt: 75
[info] position not increasing, failed cnt: 76
[info] position not increasing, failed cnt: 77
[info] position not increasing, failed cnt: 78
[info] position not increasing, failed cnt: 79
[info] position not increasing, failed cnt: 80
[info] position not increasing, failed cnt: 81
[info] position not increasing, failed cnt: 82
[info] position not increasing, failed cnt: 83
[info] position not increasing, failed cnt: 84
[info] position not increasing, failed cnt: 85
[info] position not increasing, failed cnt: 86
[info] position not increasing, failed cnt: 87
[info] position not increasing, failed cnt: 88
[info] position not increasing, failed cnt: 89
[info] position not increasing, failed cnt: 90
[info] position not increasing, failed cnt: 91
[info] position not increasing, failed cnt: 92
[info] position not increasing, failed cnt: 93
[info] position not increasing, failed cnt: 94
[info] position not increasing, failed cnt: 95
[info] position not increasing, failed cnt: 96
[info] position not increasing, failed cnt: 97
[info] position not increasing, failed cnt: 98
[info] position not increasing, failed cnt: 99
[info] position not increasing, failed cnt: 100
[info] position not increasing, failed cnt: 101
[info] position not increasing, failed cnt: 102
[info] position not increasing, failed cnt: 103
[info] position not increasing, failed cnt: 104
[info] position not increasing, failed cnt: 105
[info] position not increasing, failed cnt: 106
[info] position not increasing, failed cnt: 107
[info] position not increasing, failed cnt: 108
[info] position not increasing, failed cnt: 109
[info] position not increasing, failed cnt: 110
[info] position not increasing, failed cnt: 111
[info] position not increasing, failed cnt: 112
[info] position not increasing, failed cnt: 113
[info] position not increasing, failed cnt: 114
[info] position not increasing, failed cnt: 115
[info] position not increasing, failed cnt: 116
[info] position not increasing, failed cnt: 117
[info] position not increasing, failed cnt: 118
[info] position not increasing, failed cnt: 119
[info] position not increasing, failed cnt: 120
[info] position not increasing, failed cnt: 121
[info] position not increasing, failed cnt: 122
[info] position not increasing, failed cnt: 123
[info] position not increasing, failed cnt: 124
[info] position not increasing, failed cnt: 125
[info] position not increasing, failed cnt: 126
[info] position not increasing, failed cnt: 127
[info] position not increasing, failed cnt: 128
[FATAL] model stuck, exiting ...
[info] position not increasing, failed cnt: 1
[info] position not increasing, failed cnt: 2
[info] position not increasing, failed cnt: 3
[info] position not increasing, failed cnt: 4
[info] position not increasing, failed cnt: 5
[info] position not increasing, failed cnt: 6
[info] position not increasing, failed cnt: 7
[info] position not increasing, failed cnt: 8
[info] position not increasing, failed cnt: 9
[info] position not increasing, failed cnt: 10
[info] position not increasing, failed cnt: 11
[info] position not increasing, failed cnt: 1
[info] position not increasing, failed cnt: 2
[info] position not increasing, failed cnt: 3
[info] position not increasing, failed cnt: 4
[info] position not increasing, failed cnt: 5
[info] position not increasing, failed cnt: 6
[info] position not increasing, failed cnt: 7
[info] position not increasing, failed cnt: 8
[info] position not increasing, failed cnt: 9
[info] position not increasing, failed cnt: 10
[info] position not increasing, failed cnt: 11
[info] position not increasing, failed cnt: 12
[info] position not increasing, failed cnt: 13
[info] position not increasing, failed cnt: 14
[info] position not increasing, failed cnt: 15
[info] position not increasing, failed cnt: 16
[info] position not increasing, failed cnt: 17
[info] position not increasing, failed cnt: 18
[info] position not increasing, failed cnt: 19
[info] position not increasing, failed cnt: 20
[info] position not increasing, failed cnt: 21
[info] position not increasing, failed cnt: 22
[info] position not increasing, failed cnt: 23
[info] position not increasing, failed cnt: 24
[info] position not increasing, failed cnt: 25
[info] position not increasing, failed cnt: 26
[info] position not increasing, failed cnt: 27
[info] position not increasing, failed cnt: 28
[info] position not increasing, failed cnt: 29
[info] position not increasing, failed cnt: 30
[info] position not increasing, failed cnt: 31
[info] position not increasing, failed cnt: 32
[info] position not increasing, failed cnt: 33
[info] position not increasing, failed cnt: 34
[info] position not increasing, failed cnt: 35
[info] position not increasing, failed cnt: 36
[info] position not increasing, failed cnt: 37
[info] position not increasing, failed cnt: 38
[info] position not increasing, failed cnt: 39
[info] position not increasing, failed cnt: 40
[info] position not increasing, failed cnt: 41
[info] position not increasing, failed cnt: 42
[info] position not increasing, failed cnt: 43
[info] position not increasing, failed cnt: 44
[info] position not increasing, failed cnt: 45
[info] position not increasing, failed cnt: 46
[info] position not increasing, failed cnt: 47
[info] position not increasing, failed cnt: 48
[info] position not increasing, failed cnt: 49
[info] position not increasing, failed cnt: 50
[info] position not increasing, failed cnt: 51
[info] position not increasing, failed cnt: 52
[info] position not increasing, failed cnt: 53
[info] position not increasing, failed cnt: 54
[info] position not increasing, failed cnt: 55
[info] position not increasing, failed cnt: 56
[info] position not increasing, failed cnt: 57
[info] position not increasing, failed cnt: 58
[info] position not increasing, failed cnt: 59
[info] position not increasing, failed cnt: 60
[info] position not increasing, failed cnt: 61
[info] position not increasing, failed cnt: 62
[info] position not increasing, failed cnt: 63
[info] position not increasing, failed cnt: 64
[info] position not increasing, failed cnt: 65
[info] position not increasing, failed cnt: 66
[info] position not increasing, failed cnt: 67
[info] position not increasing, failed cnt: 68
[info] position not increasing, failed cnt: 69
[info] position not increasing, failed cnt: 70
[info] position not increasing, failed cnt: 71
[info] position not increasing, failed cnt: 72
[info] position not increasing, failed cnt: 73
[info] position not increasing, failed cnt: 74
[info] position not increasing, failed cnt: 75
[info] position not increasing, failed cnt: 76
[info] position not increasing, failed cnt: 77
[info] position not increasing, failed cnt: 78
[info] position not increasing, failed cnt: 79
[info] position not increasing, failed cnt: 80
[info] position not increasing, failed cnt: 81
[info] position not increasing, failed cnt: 82
[info] position not increasing, failed cnt: 83
[info] position not increasing, failed cnt: 84
[info] position not increasing, failed cnt: 85
[info] position not increasing, failed cnt: 86
[info] position not increasing, failed cnt: 87
[info] position not increasing, failed cnt: 88
[info] position not increasing, failed cnt: 89
[info] position not increasing, failed cnt: 90
[info] position not increasing, failed cnt: 91
[info] position not increasing, failed cnt: 92
[info] position not increasing, failed cnt: 93
[info] position not increasing, failed cnt: 94
[info] position not increasing, failed cnt: 95
[info] position not increasing, failed cnt: 96
[info] position not increasing, failed cnt: 97
[info] position not increasing, failed cnt: 98
[info] position not increasing, failed cnt: 99
[info] position not increasing, failed cnt: 100
[info] position not increasing, failed cnt: 101
[info] position not increasing, failed cnt: 102
[info] position not increasing, failed cnt: 103
[info] position not increasing, failed cnt: 104
[info] position not increasing, failed cnt: 105
[info] position not increasing, failed cnt: 106
[info] position not increasing, failed cnt: 107
[info] position not increasing, failed cnt: 108
[info] position not increasing, failed cnt: 109
[info] position not increasing, failed cnt: 110
[info] position not increasing, failed cnt: 111
[info] position not increasing, failed cnt: 112
[info] position not increasing, failed cnt: 113
[info] position not increasing, failed cnt: 114
[info] position not increasing, failed cnt: 115
[info] position not increasing, failed cnt: 116
[info] position not increasing, failed cnt: 117
[info] position not increasing, failed cnt: 118
[info] position not increasing, failed cnt: 119
[info] position not increasing, failed cnt: 120
[info] position not increasing, failed cnt: 121
[info] position not increasing, failed cnt: 122
[info] position not increasing, failed cnt: 123
[info] position not increasing, failed cnt: 124
[info] position not increasing, failed cnt: 125
[info] position not increasing, failed cnt: 126
[info] position not increasing, failed cnt: 127
[info] position not increasing, failed cnt: 128
[FATAL] model stuck, exiting ...
27o7ErWiozSj47o3dnPvVf lyrics_all S1 ok=False fail=generation_failed_5_attempts 154.44s
-- generated events: 1744
-- time elapsed: 17.78 secs
28IzuspwIj6C8XAOoIJ1Wp orig S1 ok=True fail=None 17.84s
-- generated events: 1817
-- time elapsed: 19.29 secs
2Ao4GCbjB6dejFu7OWyDuc lyrics_all S1 ok=True fail=None 19.35s
-- generated events: 1807
-- time elapsed: 20.34 secs
2CBn4vqG1420rIiELQRmZW orig S1 ok=True fail=None 20.4s
2CowpOAsDHkhMHQRknInwx lyrics_all S1 ok=False fail=unsupported_meter 0.0s
-- generated events: 1784
-- time elapsed: 18.54 secs
2MAwZYWDPVFHl7OFJ2vtS8 orig S1 ok=True fail=None 18.6s
2Pg6rODAW3EZCCBgE8iPZq lyrics_all S1 ok=False fail=unsupported_meter 0.0s
[info] position not increasing, failed cnt: 1
[info] position not increasing, failed cnt: 2
[info] position not increasing, failed cnt: 1
[info] position not increasing, failed cnt: 2
[info] position not increasing, failed cnt: 3
[info] position not increasing, failed cnt: 4
[info] position not increasing, failed cnt: 5
[info] position not increasing, failed cnt: 6
[info] position not increasing, failed cnt: 7
[info] position not increasing, failed cnt: 8
[info] position not increasing, failed cnt: 9
[info] position not increasing, failed cnt: 10
[info] position not increasing, failed cnt: 11
[info] position not increasing, failed cnt: 12
[info] position not increasing, failed cnt: 13
[info] position not increasing, failed cnt: 14
[info] position not increasing, failed cnt: 15
[info] position not increasing, failed cnt: 16
[info] position not increasing, failed cnt: 17
[info] position not increasing, failed cnt: 18
[info] position not increasing, failed cnt: 19
[info] position not increasing, failed cnt: 20
[info] position not increasing, failed cnt: 21
[info] position not increasing, failed cnt: 22
[info] position not increasing, failed cnt: 23
[info] position not increasing, failed cnt: 24
[info] position not increasing, failed cnt: 25
[info] position not increasing, failed cnt: 26
[info] position not increasing, failed cnt: 27
[info] position not increasing, failed cnt: 28
[info] position not increasing, failed cnt: 29
[info] position not increasing, failed cnt: 30
[info] position not increasing, failed cnt: 31
[info] position not increasing, failed cnt: 32
[info] position not increasing, failed cnt: 33
[info] position not increasing, failed cnt: 34
[info] position not increasing, failed cnt: 35
[info] position not increasing, failed cnt: 36
[info] position not increasing, failed cnt: 37
[info] position not increasing, failed cnt: 38
[info] position not increasing, failed cnt: 39
[info] position not increasing, failed cnt: 40
[info] position not increasing, failed cnt: 41
[info] position not increasing, failed cnt: 42
[info] position not increasing, failed cnt: 43
[info] position not increasing, failed cnt: 44
[info] position not increasing, failed cnt: 45
[info] position not increasing, failed cnt: 46
[info] position not increasing, failed cnt: 47
[info] position not increasing, failed cnt: 48
[info] position not increasing, failed cnt: 49
[info] position not increasing, failed cnt: 50
[info] position not increasing, failed cnt: 51
[info] position not increasing, failed cnt: 52
[info] position not increasing, failed cnt: 53
[info] position not increasing, failed cnt: 54
[info] position not increasing, failed cnt: 55
[info] position not increasing, failed cnt: 56
[info] position not increasing, failed cnt: 57
[info] position not increasing, failed cnt: 58
[info] position not increasing, failed cnt: 59
[info] position not increasing, failed cnt: 60
[info] position not increasing, failed cnt: 61
[info] position not increasing, failed cnt: 62
[info] position not increasing, failed cnt: 63
[info] position not increasing, failed cnt: 64
[info] position not increasing, failed cnt: 65
[info] position not increasing, failed cnt: 66
[info] position not increasing, failed cnt: 67
[info] position not increasing, failed cnt: 68
[info] position not increasing, failed cnt: 69
[info] position not increasing, failed cnt: 70
[info] position not increasing, failed cnt: 71
[info] position not increasing, failed cnt: 72
[info] position not increasing, failed cnt: 73
[info] position not increasing, failed cnt: 74
[info] position not increasing, failed cnt: 75
[info] position not increasing, failed cnt: 76
[info] position not increasing, failed cnt: 77
[info] position not increasing, failed cnt: 78
[info] position not increasing, failed cnt: 79
[info] position not increasing, failed cnt: 80
[info] position not increasing, failed cnt: 81
[info] position not increasing, failed cnt: 82
[info] position not increasing, failed cnt: 83
[info] position not increasing, failed cnt: 84
[info] position not increasing, failed cnt: 85
[info] position not increasing, failed cnt: 86
[info] position not increasing, failed cnt: 87
[info] position not increasing, failed cnt: 88
[info] position not increasing, failed cnt: 89
[info] position not increasing, failed cnt: 90
[info] position not increasing, failed cnt: 91
[info] position not increasing, failed cnt: 92
[info] position not increasing, failed cnt: 93
[info] position not increasing, failed cnt: 94
[info] position not increasing, failed cnt: 95
[info] position not increasing, failed cnt: 96
[info] position not increasing, failed cnt: 97
[info] position not increasing, failed cnt: 98
[info] position not increasing, failed cnt: 99
[info] position not increasing, failed cnt: 100
[info] position not increasing, failed cnt: 101
[info] position not increasing, failed cnt: 102
[info] position not increasing, failed cnt: 103
[info] position not increasing, failed cnt: 104
[info] position not increasing, failed cnt: 105
[info] position not increasing, failed cnt: 106
[info] position not increasing, failed cnt: 107
[info] position not increasing, failed cnt: 108
[info] position not increasing, failed cnt: 109
[info] position not increasing, failed cnt: 110
[info] position not increasing, failed cnt: 111
[info] position not increasing, failed cnt: 112
[info] position not increasing, failed cnt: 113
[info] position not increasing, failed cnt: 114
[info] position not increasing, failed cnt: 115
[info] position not increasing, failed cnt: 116
[info] position not increasing, failed cnt: 117
[info] position not increasing, failed cnt: 118
[info] position not increasing, failed cnt: 119
[info] position not increasing, failed cnt: 120
[info] position not increasing, failed cnt: 121
[info] position not increasing, failed cnt: 122
[info] position not increasing, failed cnt: 123
[info] position not increasing, failed cnt: 124
[info] position not increasing, failed cnt: 125
[info] position not increasing, failed cnt: 126
[info] position not increasing, failed cnt: 127
[info] position not increasing, failed cnt: 128
[FATAL] model stuck, exiting ...
[info] position not increasing, failed cnt: 1
[info] position not increasing, failed cnt: 2
[info] position not increasing, failed cnt: 3
[info] position not increasing, failed cnt: 4
[info] position not increasing, failed cnt: 5
[info] position not increasing, failed cnt: 6
[info] position not increasing, failed cnt: 7
[info] position not increasing, failed cnt: 8
[info] position not increasing, failed cnt: 9
[info] position not increasing, failed cnt: 10
[info] position not increasing, failed cnt: 11
[info] position not increasing, failed cnt: 12
[info] position not increasing, failed cnt: 13
[info] position not increasing, failed cnt: 14
[info] position not increasing, failed cnt: 15
[info] position not increasing, failed cnt: 16
[info] position not increasing, failed cnt: 17
[info] position not increasing, failed cnt: 18
[info] position not increasing, failed cnt: 19
[info] position not increasing, failed cnt: 20
[info] position not increasing, failed cnt: 21
[info] position not increasing, failed cnt: 22
[info] position not increasing, failed cnt: 23
[info] position not increasing, failed cnt: 24
[info] position not increasing, failed cnt: 25
[info] position not increasing, failed cnt: 26
[info] position not increasing, failed cnt: 27
[info] position not increasing, failed cnt: 28
[info] position not increasing, failed cnt: 29
[info] position not increasing, failed cnt: 30
[info] position not increasing, failed cnt: 31
[info] position not increasing, failed cnt: 32
[info] position not increasing, failed cnt: 33
[info] position not increasing, failed cnt: 34
[info] position not increasing, failed cnt: 35
[info] position not increasing, failed cnt: 36
[info] position not increasing, failed cnt: 37
[info] position not increasing, failed cnt: 38
[info] position not increasing, failed cnt: 39
[info] position not increasing, failed cnt: 40
[info] position not increasing, failed cnt: 41
[info] position not increasing, failed cnt: 42
[info] position not increasing, failed cnt: 43
[info] position not increasing, failed cnt: 44
[info] position not increasing, failed cnt: 45
[info] position not increasing, failed cnt: 46
[info] position not increasing, failed cnt: 47
[info] position not increasing, failed cnt: 48
[info] position not increasing, failed cnt: 49
[info] position not increasing, failed cnt: 50
[info] position not increasing, failed cnt: 51
[info] position not increasing, failed cnt: 52
[info] position not increasing, failed cnt: 53
[info] position not increasing, failed cnt: 54
[info] position not increasing, failed cnt: 55
[info] position not increasing, failed cnt: 56
[info] position not increasing, failed cnt: 57
[info] position not increasing, failed cnt: 58
[info] position not increasing, failed cnt: 59
[info] position not increasing, failed cnt: 60
[info] position not increasing, failed cnt: 61
[info] position not increasing, failed cnt: 62
[info] position not increasing, failed cnt: 63
[info] position not increasing, failed cnt: 64
[info] position not increasing, failed cnt: 65
[info] position not increasing, failed cnt: 66
[info] position not increasing, failed cnt: 67
[info] position not increasing, failed cnt: 68
[info] position not increasing, failed cnt: 69
[info] position not increasing, failed cnt: 70
[info] position not increasing, failed cnt: 71
[info] position not increasing, failed cnt: 72
[info] position not increasing, failed cnt: 73
[info] position not increasing, failed cnt: 74
[info] position not increasing, failed cnt: 75
[info] position not increasing, failed cnt: 76
[info] position not increasing, failed cnt: 77
[info] position not increasing, failed cnt: 78
[info] position not increasing, failed cnt: 79
[info] position not increasing, failed cnt: 80
[info] position not increasing, failed cnt: 81
[info] position not increasing, failed cnt: 82
[info] position not increasing, failed cnt: 83
[info] position not increasing, failed cnt: 84
[info] position not increasing, failed cnt: 85
[info] position not increasing, failed cnt: 86
[info] position not increasing, failed cnt: 87
[info] position not increasing, failed cnt: 88
[info] position not increasing, failed cnt: 89
[info] position not increasing, failed cnt: 90
[info] position not increasing, failed cnt: 91
[info] position not increasing, failed cnt: 92
[info] position not increasing, failed cnt: 93
[info] position not increasing, failed cnt: 94
[info] position not increasing, failed cnt: 95
[info] position not increasing, failed cnt: 96
[info] position not increasing, failed cnt: 97
[info] position not increasing, failed cnt: 98
[info] position not increasing, failed cnt: 99
[info] position not increasing, failed cnt: 100
[info] position not increasing, failed cnt: 101
[info] position not increasing, failed cnt: 102
[info] position not increasing, failed cnt: 103
[info] position not increasing, failed cnt: 104
[info] position not increasing, failed cnt: 105
[info] position not increasing, failed cnt: 106
[info] position not increasing, failed cnt: 107
[info] position not increasing, failed cnt: 108
[info] position not increasing, failed cnt: 109
[info] position not increasing, failed cnt: 110
[info] position not increasing, failed cnt: 111
[info] position not increasing, failed cnt: 112
[info] position not increasing, failed cnt: 113
[info] position not increasing, failed cnt: 114
[info] position not increasing, failed cnt: 115
[info] position not increasing, failed cnt: 116
[info] position not increasing, failed cnt: 117
[info] position not increasing, failed cnt: 118
[info] position not increasing, failed cnt: 119
[info] position not increasing, failed cnt: 120
[info] position not increasing, failed cnt: 121
[info] position not increasing, failed cnt: 122
[info] position not increasing, failed cnt: 123
[info] position not increasing, failed cnt: 124
[info] position not increasing, failed cnt: 125
[info] position not increasing, failed cnt: 126
[info] position not increasing, failed cnt: 127
[info] position not increasing, failed cnt: 128
[FATAL] model stuck, exiting ...
[info] position not increasing, failed cnt: 1
[info] position not increasing, failed cnt: 2
[info] position not increasing, failed cnt: 3
[info] position not increasing, failed cnt: 4
[info] position not increasing, failed cnt: 5
[info] position not increasing, failed cnt: 6
[info] position not increasing, failed cnt: 7
[info] position not increasing, failed cnt: 8
[info] position not increasing, failed cnt: 9
[info] position not increasing, failed cnt: 10
[info] position not increasing, failed cnt: 11
[info] position not increasing, failed cnt: 12
[info] position not increasing, failed cnt: 13
[info] position not increasing, failed cnt: 14
[info] position not increasing, failed cnt: 15
[info] position not increasing, failed cnt: 16
[info] position not increasing, failed cnt: 17
[info] position not increasing, failed cnt: 18
[info] position not increasing, failed cnt: 19
[info] position not increasing, failed cnt: 20
[info] position not increasing, failed cnt: 21
[info] position not increasing, failed cnt: 22
[info] position not increasing, failed cnt: 23
[info] position not increasing, failed cnt: 24
[info] position not increasing, failed cnt: 25
[info] position not increasing, failed cnt: 26
[info] position not increasing, failed cnt: 27
[info] position not increasing, failed cnt: 28
[info] position not increasing, failed cnt: 29
[info] position not increasing, failed cnt: 30
[info] position not increasing, failed cnt: 31
[info] position not increasing, failed cnt: 32
[info] position not increasing, failed cnt: 33
[info] position not increasing, failed cnt: 34
[info] position not increasing, failed cnt: 35
[info] position not increasing, failed cnt: 36
[info] position not increasing, failed cnt: 37
[info] position not increasing, failed cnt: 38
[info] position not increasing, failed cnt: 39
[info] position not increasing, failed cnt: 40
[info] position not increasing, failed cnt: 41
[info] position not increasing, failed cnt: 42
[info] position not increasing, failed cnt: 43
[info] position not increasing, failed cnt: 44
[info] position not increasing, failed cnt: 45
[info] position not increasing, failed cnt: 46
[info] position not increasing, failed cnt: 47
[info] position not increasing, failed cnt: 48
[info] position not increasing, failed cnt: 49
[info] position not increasing, failed cnt: 50
[info] position not increasing, failed cnt: 51
[info] position not increasing, failed cnt: 52
[info] position not increasing, failed cnt: 53
[info] position not increasing, failed cnt: 54
[info] position not increasing, failed cnt: 55
[info] position not increasing, failed cnt: 56
[info] position not increasing, failed cnt: 57
[info] position not increasing, failed cnt: 58
[info] position not increasing, failed cnt: 59
[info] position not increasing, failed cnt: 60
[info] position not increasing, failed cnt: 61
[info] position not increasing, failed cnt: 62
[info] position not increasing, failed cnt: 63
[info] position not increasing, failed cnt: 64
[info] position not increasing, failed cnt: 65
[info] position not increasing, failed cnt: 66
[info] position not increasing, failed cnt: 67
[info] position not increasing, failed cnt: 68
[info] position not increasing, failed cnt: 69
[info] position not increasing, failed cnt: 70
[info] position not increasing, failed cnt: 71
[info] position not increasing, failed cnt: 72
[info] position not increasing, failed cnt: 73
[info] position not increasing, failed cnt: 74
[info] position not increasing, failed cnt: 75
[info] position not increasing, failed cnt: 76
[info] position not increasing, failed cnt: 77
[info] position not increasing, failed cnt: 78
[info] position not increasing, failed cnt: 79
[info] position not increasing, failed cnt: 80
[info] position not increasing, failed cnt: 81
[info] position not increasing, failed cnt: 82
[info] position not increasing, failed cnt: 83
[info] position not increasing, failed cnt: 84
[info] position not increasing, failed cnt: 85
[info] position not increasing, failed cnt: 86
[info] position not increasing, failed cnt: 87
[info] position not increasing, failed cnt: 88
[info] position not increasing, failed cnt: 89
[info] position not increasing, failed cnt: 90
[info] position not increasing, failed cnt: 91
[info] position not increasing, failed cnt: 92
[info] position not increasing, failed cnt: 93
[info] position not increasing, failed cnt: 94
[info] position not increasing, failed cnt: 95
[info] position not increasing, failed cnt: 96
[info] position not increasing, failed cnt: 97
[info] position not increasing, failed cnt: 98
[info] position not increasing, failed cnt: 99
[info] position not increasing, failed cnt: 100
[info] position not increasing, failed cnt: 101
[info] position not increasing, failed cnt: 102
[info] position not increasing, failed cnt: 103
[info] position not increasing, failed cnt: 104
[info] position not increasing, failed cnt: 105
[info] position not increasing, failed cnt: 106
[info] position not increasing, failed cnt: 107
[info] position not increasing, failed cnt: 108
[info] position not increasing, failed cnt: 109
[info] position not increasing, failed cnt: 110
[info] position not increasing, failed cnt: 111
[info] position not increasing, failed cnt: 112
[info] position not increasing, failed cnt: 113
[info] position not increasing, failed cnt: 114
[info] position not increasing, failed cnt: 115
[info] position not increasing, failed cnt: 116
[info] position not increasing, failed cnt: 117
[info] position not increasing, failed cnt: 118
[info] position not increasing, failed cnt: 119
[info] position not increasing, failed cnt: 120
[info] position not increasing, failed cnt: 121
[info] position not increasing, failed cnt: 122
[info] position not increasing, failed cnt: 123
[info] position not increasing, failed cnt: 124
[info] position not increasing, failed cnt: 125
[info] position not increasing, failed cnt: 126
[info] position not increasing, failed cnt: 127
[info] position not increasing, failed cnt: 128
[FATAL] model stuck, exiting ...
-- generated events: 810
-- time elapsed: 4.05 secs
2Wcz0tFIoJn6xEzVQkOlDR orig S1 ok=True fail=None 63.95s
-- generated events: 1374
-- time elapsed: 10.51 secs
2YSqK9S0SZjulBJdc9BYuu lyrics_all S1 ok=True fail=None 10.57s
-- generated events: 1094
-- time elapsed: 6.69 secs
2dNIwWWsu0zmvKgHlE43dG orig S1 ok=True fail=None 6.75s
-- generated events: 753
-- time elapsed: 3.59 secs
2doqLn2sfIhgoUB2DaLRiv lyrics_all S1 ok=True fail=None 3.64s
-- generated events: 1266
-- time elapsed: 8.84 secs
2fx7D86fwFlVfBJSGhuZFg orig S1 ok=True fail=None 8.89s
-- generated events: 1801
-- time elapsed: 19.20 secs
2gDzOOf3ElxOa1v6g0Xk7M lyrics_all S1 ok=True fail=None 19.26s
[info] position not increasing, failed cnt: 1
[info] error EOS occurs, failed eos: 1
[info] error EOS occurs, failed eos: 2
[info] error EOS occurs, failed eos: 3
[info] error EOS occurs, failed eos: 4
[info] error EOS occurs, failed eos: 5
[info] error EOS occurs, failed eos: 6
[info] error EOS occurs, failed eos: 7
[info] error EOS occurs, failed eos: 8
[info] error EOS occurs, failed eos: 9
[info] error EOS occurs, failed eos: 10
[info] error EOS occurs, failed eos: 11
[info] error EOS occurs, failed eos: 12
[info] error EOS occurs, failed eos: 13
[info] error EOS occurs, failed eos: 14
[info] error EOS occurs, failed eos: 15
[info] error EOS occurs, failed eos: 16
[info] error EOS occurs, failed eos: 17
[info] error EOS occurs, failed eos: 18
[info] error EOS occurs, failed eos: 19
[info] error EOS occurs, failed eos: 20
[info] error EOS occurs, failed eos: 21
[info] error EOS occurs, failed eos: 22
[info] error EOS occurs, failed eos: 23
[info] error EOS occurs, failed eos: 24
[info] error EOS occurs, failed eos: 25
[info] error EOS occurs, failed eos: 26
[info] error EOS occurs, failed eos: 27
[info] error EOS occurs, failed eos: 28
[info] error EOS occurs, failed eos: 29
[info] error EOS occurs, failed eos: 30
[info] error EOS occurs, failed eos: 31
[info] error EOS occurs, failed eos: 32
[info] error EOS occurs, failed eos: 33
[info] error EOS occurs, failed eos: 34
[info] error EOS occurs, failed eos: 35
[info] error EOS occurs, failed eos: 36
[info] error EOS occurs, failed eos: 37
[info] error EOS occurs, failed eos: 38
[info] error EOS occurs, failed eos: 39
[info] error EOS occurs, failed eos: 40
[info] error EOS occurs, failed eos: 41
[info] error EOS occurs, failed eos: 42
[info] error EOS occurs, failed eos: 43
[info] error EOS occurs, failed eos: 44
[info] error EOS occurs, failed eos: 45
[info] error EOS occurs, failed eos: 46
[info] error EOS occurs, failed eos: 47
[info] error EOS occurs, failed eos: 48
[info] error EOS occurs, failed eos: 49
[info] error EOS occurs, failed eos: 50
[info] error EOS occurs, failed eos: 51
[info] error EOS occurs, failed eos: 52
[info] error EOS occurs, failed eos: 53
[info] error EOS occurs, failed eos: 54
[info] error EOS occurs, failed eos: 55
[info] error EOS occurs, failed eos: 56
[info] error EOS occurs, failed eos: 57
[info] error EOS occurs, failed eos: 58
[info] error EOS occurs, failed eos: 59
[info] error EOS occurs, failed eos: 60
[info] error EOS occurs, failed eos: 61
[info] error EOS occurs, failed eos: 62
[info] error EOS occurs, failed eos: 63
[info] error EOS occurs, failed eos: 64
[info] error EOS occurs, failed eos: 65
[info] error EOS occurs, failed eos: 66
[info] error EOS occurs, failed eos: 67
[info] error EOS occurs, failed eos: 68
[info] error EOS occurs, failed eos: 69
[info] error EOS occurs, failed eos: 70
[info] error EOS occurs, failed eos: 71
[info] error EOS occurs, failed eos: 72
[info] error EOS occurs, failed eos: 73
[info] error EOS occurs, failed eos: 74
[info] error EOS occurs, failed eos: 75
[info] error EOS occurs, failed eos: 76
[info] error EOS occurs, failed eos: 77
[info] error EOS occurs, failed eos: 78
[info] error EOS occurs, failed eos: 79
[info] error EOS occurs, failed eos: 80
[info] error EOS occurs, failed eos: 81
[info] error EOS occurs, failed eos: 82
[info] error EOS occurs, failed eos: 83
[info] error EOS occurs, failed eos: 84
[info] error EOS occurs, failed eos: 85
[info] error EOS occurs, failed eos: 86
[info] error EOS occurs, failed eos: 87
[info] error EOS occurs, failed eos: 88
[info] error EOS occurs, failed eos: 89
[info] error EOS occurs, failed eos: 90
[info] error EOS occurs, failed eos: 91
[info] error EOS occurs, failed eos: 92
[info] error EOS occurs, failed eos: 93
[info] error EOS occurs, failed eos: 94
[info] error EOS occurs, failed eos: 95
[info] error EOS occurs, failed eos: 96
[info] error EOS occurs, failed eos: 97
[info] error EOS occurs, failed eos: 98
[info] error EOS occurs, failed eos: 99
[info] error EOS occurs, failed eos: 100
[info] error EOS occurs, failed eos: 101
[info] error EOS occurs, failed eos: 102
[info] error EOS occurs, failed eos: 103
[info] error EOS occurs, failed eos: 104
[info] error EOS occurs, failed eos: 105
[info] error EOS occurs, failed eos: 106
[info] error EOS occurs, failed eos: 107
[info] error EOS occurs, failed eos: 108
[info] error EOS occurs, failed eos: 109
[info] error EOS occurs, failed eos: 110
[info] error EOS occurs, failed eos: 111
[info] error EOS occurs, failed eos: 112
[info] error EOS occurs, failed eos: 113
[info] error EOS occurs, failed eos: 114
[info] error EOS occurs, failed eos: 115
[info] error EOS occurs, failed eos: 116
[info] error EOS occurs, failed eos: 117
[info] error EOS occurs, failed eos: 118
[info] error EOS occurs, failed eos: 119
[info] error EOS occurs, failed eos: 120
[info] error EOS occurs, failed eos: 121
[info] error EOS occurs, failed eos: 122
[info] error EOS occurs, failed eos: 123
[info] error EOS occurs, failed eos: 124
[info] error EOS occurs, failed eos: 125
[info] error EOS occurs, failed eos: 126
[info] error EOS occurs, failed eos: 127
[info] error EOS occurs, failed eos: 128
[FATAL] model stuck, eos error ...
[info] position not increasing, failed cnt: 1
-- generated events: 1089
-- time elapsed: 6.68 secs
2jnjsOk91pDjhn7AI9C7eC orig S1 ok=True fail=None 37.49s
-- generated events: 1464
-- time elapsed: 12.30 secs
2kNj4xVed7CbulRhF3C4nT lyrics_all S1 ok=True fail=None 12.35s
-- generated events: 1168
-- time elapsed: 7.56 secs
2nGGovqWeOxXH2WbnoS3RX orig S1 ok=True fail=None 7.61s
[info] position not increasing, failed cnt: 1
[info] position not increasing, failed cnt: 2
[info] position not increasing, failed cnt: 3
[info] position not increasing, failed cnt: 4
[info] position not increasing, failed cnt: 5
[info] position not increasing, failed cnt: 6
[info] position not increasing, failed cnt: 7
[info] position not increasing, failed cnt: 8
[info] position not increasing, failed cnt: 9
[info] position not increasing, failed cnt: 10
[info] position not increasing, failed cnt: 11
[info] position not increasing, failed cnt: 12
[info] position not increasing, failed cnt: 13
[info] position not increasing, failed cnt: 14
[info] position not increasing, failed cnt: 15
[info] position not increasing, failed cnt: 16
[info] position not increasing, failed cnt: 17
[info] position not increasing, failed cnt: 18
[info] position not increasing, failed cnt: 19
[info] position not increasing, failed cnt: 20
[info] position not increasing, failed cnt: 21
[info] position not increasing, failed cnt: 22
[info] position not increasing, failed cnt: 23
[info] position not increasing, failed cnt: 24
[info] position not increasing, failed cnt: 25
[info] position not increasing, failed cnt: 26
[info] position not increasing, failed cnt: 27
[info] position not increasing, failed cnt: 28
[info] position not increasing, failed cnt: 29
[info] position not increasing, failed cnt: 30
[info] position not increasing, failed cnt: 31
[info] position not increasing, failed cnt: 32
[info] position not increasing, failed cnt: 33
[info] position not increasing, failed cnt: 34
[info] position not increasing, failed cnt: 35
[info] position not increasing, failed cnt: 36
[info] position not increasing, failed cnt: 37
[info] position not increasing, failed cnt: 38
[info] position not increasing, failed cnt: 39
[info] position not increasing, failed cnt: 40
[info] position not increasing, failed cnt: 41
[info] position not increasing, failed cnt: 42
[info] position not increasing, failed cnt: 43
[info] position not increasing, failed cnt: 44
[info] position not increasing, failed cnt: 45
[info] position not increasing, failed cnt: 46
[info] position not increasing, failed cnt: 47
[info] position not increasing, failed cnt: 48
[info] position not increasing, failed cnt: 49
[info] position not increasing, failed cnt: 50
[info] position not increasing, failed cnt: 51
[info] position not increasing, failed cnt: 52
[info] position not increasing, failed cnt: 53
[info] position not increasing, failed cnt: 54
[info] position not increasing, failed cnt: 55
[info] position not increasing, failed cnt: 56
[info] position not increasing, failed cnt: 57
[info] position not increasing, failed cnt: 58
[info] position not increasing, failed cnt: 59
[info] position not increasing, failed cnt: 60
[info] position not increasing, failed cnt: 61
[info] position not increasing, failed cnt: 62
[info] position not increasing, failed cnt: 63
[info] position not increasing, failed cnt: 64
[info] position not increasing, failed cnt: 65
[info] position not increasing, failed cnt: 66
[info] position not increasing, failed cnt: 67
[info] position not increasing, failed cnt: 68
[info] position not increasing, failed cnt: 69
[info] position not increasing, failed cnt: 70
[info] position not increasing, failed cnt: 71
[info] position not increasing, failed cnt: 72
[info] position not increasing, failed cnt: 73
[info] position not increasing, failed cnt: 74
[info] position not increasing, failed cnt: 75
[info] position not increasing, failed cnt: 76
[info] position not increasing, failed cnt: 77
[info] position not increasing, failed cnt: 78
[info] position not increasing, failed cnt: 79
[info] position not increasing, failed cnt: 80
[info] position not increasing, failed cnt: 81
[info] position not increasing, failed cnt: 82
[info] position not increasing, failed cnt: 83
[info] position not increasing, failed cnt: 84
[info] position not increasing, failed cnt: 85
[info] position not increasing, failed cnt: 86
[info] position not increasing, failed cnt: 87
[info] position not increasing, failed cnt: 88
[info] position not increasing, failed cnt: 89
[info] position not increasing, failed cnt: 90
[info] position not increasing, failed cnt: 91
[info] position not increasing, failed cnt: 92
[info] position not increasing, failed cnt: 93
[info] position not increasing, failed cnt: 94
[info] position not increasing, failed cnt: 95
[info] position not increasing, failed cnt: 96
[info] position not increasing, failed cnt: 97
[info] position not increasing, failed cnt: 98
[info] position not increasing, failed cnt: 99
[info] position not increasing, failed cnt: 100
[info] position not increasing, failed cnt: 101
[info] position not increasing, failed cnt: 102
[info] position not increasing, failed cnt: 103
[info] position not increasing, failed cnt: 104
[info] position not increasing, failed cnt: 105
[info] position not increasing, failed cnt: 106
[info] position not increasing, failed cnt: 107
[info] position not increasing, failed cnt: 108
[info] position not increasing, failed cnt: 109
[info] position not increasing, failed cnt: 110
[info] position not increasing, failed cnt: 111
[info] position not increasing, failed cnt: 112
[info] position not increasing, failed cnt: 113
[info] position not increasing, failed cnt: 114
[info] position not increasing, failed cnt: 115
[info] position not increasing, failed cnt: 116
[info] position not increasing, failed cnt: 117
[info] position not increasing, failed cnt: 118
[info] position not increasing, failed cnt: 119
[info] position not increasing, failed cnt: 120
[info] position not increasing, failed cnt: 121
[info] position not increasing, failed cnt: 122
[info] position not increasing, failed cnt: 123
[info] position not increasing, failed cnt: 124
[info] position not increasing, failed cnt: 125
[info] position not increasing, failed cnt: 126
[info] position not increasing, failed cnt: 127
[info] position not increasing, failed cnt: 128
[FATAL] model stuck, exiting ...
-- generated events: 1065
-- time elapsed: 6.26 secs
2r6PR48twaBEyqvTggRzZa lyrics_all S1 ok=True fail=None 10.47s
-- generated events: 730
-- time elapsed: 3.47 secs
2vnn9onO7sQBevG0O2iPHi orig S1 ok=True fail=None 3.52s
-- generated events: 1585
-- time elapsed: 14.89 secs
2xtwnA7wTLBrUYKe3p58oe lyrics_all S1 ok=True fail=None 14.95s
-- generated events: 1547
-- time elapsed: 14.02 secs
32Wt3NCmKIU2u5RmSN53TJ orig S1 ok=True fail=None 14.07s
[info] position not increasing, failed cnt: 1
[info] position not increasing, failed cnt: 2
[info] position not increasing, failed cnt: 3
[info] position not increasing, failed cnt: 4
[info] position not increasing, failed cnt: 5
[info] position not increasing, failed cnt: 6
[info] position not increasing, failed cnt: 7
[info] position not increasing, failed cnt: 8
[info] position not increasing, failed cnt: 9
[info] position not increasing, failed cnt: 10
[info] position not increasing, failed cnt: 11
[info] position not increasing, failed cnt: 12
[info] position not increasing, failed cnt: 13
[info] position not increasing, failed cnt: 14
[info] position not increasing, failed cnt: 15
[info] position not increasing, failed cnt: 16
[info] position not increasing, failed cnt: 17
[info] position not increasing, failed cnt: 18
[info] position not increasing, failed cnt: 19
[info] position not increasing, failed cnt: 20
[info] position not increasing, failed cnt: 21
[info] position not increasing, failed cnt: 22
[info] position not increasing, failed cnt: 23
[info] position not increasing, failed cnt: 24
[info] position not increasing, failed cnt: 25
[info] position not increasing, failed cnt: 26
[info] position not increasing, failed cnt: 27
[info] position not increasing, failed cnt: 28
[info] position not increasing, failed cnt: 29
[info] position not increasing, failed cnt: 30
[info] position not increasing, failed cnt: 31
[info] position not increasing, failed cnt: 32
[info] position not increasing, failed cnt: 33
[info] position not increasing, failed cnt: 34
[info] position not increasing, failed cnt: 35
[info] position not increasing, failed cnt: 36
[info] position not increasing, failed cnt: 37
[info] position not increasing, failed cnt: 38
[info] position not increasing, failed cnt: 39
[info] position not increasing, failed cnt: 40
[info] position not increasing, failed cnt: 41
[info] position not increasing, failed cnt: 42
[info] position not increasing, failed cnt: 43
[info] position not increasing, failed cnt: 44
[info] position not increasing, failed cnt: 45
[info] position not increasing, failed cnt: 46
[info] position not increasing, failed cnt: 47
[info] position not increasing, failed cnt: 48
[info] position not increasing, failed cnt: 49
[info] position not increasing, failed cnt: 50
[info] position not increasing, failed cnt: 51
[info] position not increasing, failed cnt: 52
[info] position not increasing, failed cnt: 53
[info] position not increasing, failed cnt: 54
[info] position not increasing, failed cnt: 55
[info] position not increasing, failed cnt: 56
[info] position not increasing, failed cnt: 57
[info] position not increasing, failed cnt: 58
[info] position not increasing, failed cnt: 59
[info] position not increasing, failed cnt: 60
[info] position not increasing, failed cnt: 61
[info] position not increasing, failed cnt: 62
[info] position not increasing, failed cnt: 63
[info] position not increasing, failed cnt: 64
[info] position not increasing, failed cnt: 65
[info] position not increasing, failed cnt: 66
[info] position not increasing, failed cnt: 67
[info] position not increasing, failed cnt: 68
[info] position not increasing, failed cnt: 69
[info] position not increasing, failed cnt: 70
[info] position not increasing, failed cnt: 71
[info] position not increasing, failed cnt: 72
[info] position not increasing, failed cnt: 73
[info] position not increasing, failed cnt: 74
[info] position not increasing, failed cnt: 75
[info] position not increasing, failed cnt: 76
[info] position not increasing, failed cnt: 77
[info] position not increasing, failed cnt: 78
[info] position not increasing, failed cnt: 79
[info] position not increasing, failed cnt: 80
[info] position not increasing, failed cnt: 81
[info] position not increasing, failed cnt: 82
[info] position not increasing, failed cnt: 83
[info] position not increasing, failed cnt: 84
[info] position not increasing, failed cnt: 85
[info] position not increasing, failed cnt: 86
[info] position not increasing, failed cnt: 87
[info] position not increasing, failed cnt: 88
[info] position not increasing, failed cnt: 89
[info] position not increasing, failed cnt: 90
[info] position not increasing, failed cnt: 91
[info] position not increasing, failed cnt: 92
[info] position not increasing, failed cnt: 93
[info] position not increasing, failed cnt: 94
[info] position not increasing, failed cnt: 95
[info] position not increasing, failed cnt: 96
[info] position not increasing, failed cnt: 97
[info] position not increasing, failed cnt: 98
[info] position not increasing, failed cnt: 99
[info] position not increasing, failed cnt: 100
[info] position not increasing, failed cnt: 101
[info] position not increasing, failed cnt: 102
[info] position not increasing, failed cnt: 103
[info] position not increasing, failed cnt: 104
[info] position not increasing, failed cnt: 105
[info] position not increasing, failed cnt: 106
[info] position not increasing, failed cnt: 107
[info] position not increasing, failed cnt: 108
[info] position not increasing, failed cnt: 109
[info] position not increasing, failed cnt: 110
[info] position not increasing, failed cnt: 111
[info] position not increasing, failed cnt: 112
[info] position not increasing, failed cnt: 113
[info] position not increasing, failed cnt: 114
[info] position not increasing, failed cnt: 115
[info] position not increasing, failed cnt: 116
[info] position not increasing, failed cnt: 117
[info] position not increasing, failed cnt: 118
[info] position not increasing, failed cnt: 119
[info] position not increasing, failed cnt: 120
[info] position not increasing, failed cnt: 121
[info] position not increasing, failed cnt: 122
[info] position not increasing, failed cnt: 123
[info] position not increasing, failed cnt: 124
[info] position not increasing, failed cnt: 125
[info] position not increasing, failed cnt: 126
[info] position not increasing, failed cnt: 127
[info] position not increasing, failed cnt: 128
[FATAL] model stuck, exiting ...
-- generated events: 1046
-- time elapsed: 6.19 secs
32fzm1b8Ivyyj9qKXjiMZw lyrics_all S1 ok=True fail=None 7.03s
-- generated events: 1310
-- time elapsed: 9.78 secs
3DtjJWwGp2qAVFkqeZ2Fgn orig S1 ok=True fail=None 9.84s
-- generated events: 1124
-- time elapsed: 7.10 secs
3FT4dcOfYXmlNbLecPiMrm lyrics_all S1 ok=True fail=None 7.16s
-- generated events: 718
-- time elapsed: 3.42 secs
3JjXD9DVfxh001wI5IACZ1 orig S1 ok=True fail=None 3.47s
[info] position not increasing, failed cnt: 1
[info] position not increasing, failed cnt: 2
[info] position not increasing, failed cnt: 3
[info] position not increasing, failed cnt: 4
[info] position not increasing, failed cnt: 5
[info] position not increasing, failed cnt: 6
[info] position not increasing, failed cnt: 7
-- generated events: 1191
-- time elapsed: 8.06 secs
3KEgUftkAZzQeugm2kVwbT lyrics_all S1 ok=True fail=None 8.11s
-- generated events: 820
-- time elapsed: 4.08 secs
3QdCMpU6fQ1dsJ3GTzG5HW orig S1 ok=True fail=None 4.13s
-- generated events: 978
-- time elapsed: 5.35 secs
3SYxHNDH5nXWkzcQHw4YnX lyrics_all S1 ok=True fail=None 5.4s
3SlCzm1GRT5idmfyQ8LjYP orig S1 ok=False fail=unsupported_meter 0.0s
-- generated events: 1115
-- time elapsed: 6.87 secs
3UD90WH9z5Ftofm8XRf3Ld lyrics_all S1 ok=True fail=None 6.92s
-- generated events: 1560
-- time elapsed: 13.67 secs
3X3BdYpVpN78IFIpmhhEmU orig S1 ok=True fail=None 13.72s
-- generated events: 713
-- time elapsed: 3.32 secs
3Yg7Z2rVweAHOwUiPkqTvE lyrics_all S1 ok=True fail=None 3.37s
-- generated events: 988
-- time elapsed: 5.57 secs
3fuDrXgVS9Be7HQqDuX5qV orig S1 ok=True fail=None 5.62s
-- generated events: 1948
-- time elapsed: 22.34 secs
3im9iOhpZNgaTS4VGYOGF9 lyrics_all S1 ok=True fail=None 22.4s
-- generated events: 1766
-- time elapsed: 17.95 secs
3q9kTZg82Fxa7KptbOLqav orig S1 ok=True fail=None 18.01s
-- generated events: 1411
-- time elapsed: 13.55 secs
3t677uctclLy3tETsBtGF9 lyrics_all S1 ok=True fail=None 13.61s
-- generated events: 1549
-- time elapsed: 13.97 secs
3tmLIBcbVxYe6tTKvUyMIk orig S1 ok=True fail=None 14.02s
-- generated events: 1091
-- time elapsed: 6.68 secs
3xqFOwya52XoVYyO2HphmG lyrics_all S1 ok=True fail=None 6.74s
-- generated events: 1466
-- time elapsed: 12.02 secs
4218Xav4mopAXlguvSJ9Uv orig S1 ok=True fail=None 12.07s
-- generated events: 1340
-- time elapsed: 10.04 secs
479FYDDkEokgYf3BG9x6fp lyrics_all S1 ok=True fail=None 10.1s
-- generated events: 1051
-- time elapsed: 6.16 secs
499ghNme62G8hsotXXlAIE orig S1 ok=True fail=None 6.22s
-- generated events: 1395
-- time elapsed: 11.59 secs
49pMRkESXndNlp0jD1Vxnj lyrics_all S1 ok=True fail=None 11.64s
-- generated events: 639
-- time elapsed: 2.89 secs
4BDdKKIImyCOH0UFXGSoMu orig S1 ok=True fail=None 2.93s
-- generated events: 1005
-- time elapsed: 5.72 secs
4Bsy0tFLV7FdP4t1gUY5XI lyrics_all S1 ok=True fail=None 5.76s
-- generated events: 1349
-- time elapsed: 10.33 secs
4Cvd1vwstGUZTdnL6X35md orig S1 ok=True fail=None 10.39s
-- generated events: 1261
-- time elapsed: 11.12 secs
4DJ0DsOmFv6fR5LeyUsslY lyrics_all S1 ok=True fail=None 11.18s
4M901X90BfY3H74MqcXZNi orig S1 ok=False fail=unsupported_meter 0.0s
-- generated events: 1414
-- time elapsed: 11.12 secs
4QvcPLQoWZK9qiX8uU6zft lyrics_all S1 ok=True fail=None 11.18s
-- generated events: 1733
-- time elapsed: 18.17 secs
4T4TeoIBft7oIW5WOte5Au orig S1 ok=True fail=None 18.22s
[info] position not increasing, failed cnt: 1
[info] position not increasing, failed cnt: 2
[info] position not increasing, failed cnt: 3
[info] position not increasing, failed cnt: 4
[info] position not increasing, failed cnt: 5
[info] position not increasing, failed cnt: 6
[info] position not increasing, failed cnt: 7
[info] position not increasing, failed cnt: 8
[info] position not increasing, failed cnt: 9
[info] position not increasing, failed cnt: 10
[info] position not increasing, failed cnt: 11
[info] position not increasing, failed cnt: 12
[info] position not increasing, failed cnt: 13
[info] position not increasing, failed cnt: 14
[info] position not increasing, failed cnt: 15
[info] position not increasing, failed cnt: 16
[info] position not increasing, failed cnt: 17
[info] position not increasing, failed cnt: 18
[info] position not increasing, failed cnt: 19
-- generated events: 1113
-- time elapsed: 7.03 secs
4VEbbZeJwrlqRBTTscq3m2 lyrics_all S1 ok=True fail=None 7.08s
-- generated events: 1116
-- time elapsed: 6.90 secs
4eMDRwO2dreLU0IvNoARUP orig S1 ok=True fail=None 6.95s
-- generated events: 684
-- time elapsed: 3.19 secs
4eNxB89LADQeQnUvvIIuRG lyrics_all S1 ok=True fail=None 3.23s
-- generated events: 1111
-- time elapsed: 6.91 secs
4h1AwwM52VG8iwNmDf1FIK orig S1 ok=True fail=None 6.96s
-- generated events: 1082
-- time elapsed: 6.53 secs
4i0tFVka77iJFMvsLWUALb lyrics_all S1 ok=True fail=None 6.58s
-- generated events: 1471
-- time elapsed: 13.58 secs
4trtyNhvxt6BDPMt2Rpw48 orig S1 ok=True fail=None 13.63s
-- generated events: 1073
-- time elapsed: 6.65 secs
4uJ6Twc8EbeVIaqBj5CJs7 lyrics_all S1 ok=True fail=None 6.7s
-- generated events: 1619
-- time elapsed: 15.15 secs
50OR02Pg9seVMqYyJ7Nmrb orig S1 ok=True fail=None 15.21s
-- generated events: 671
-- time elapsed: 3.41 secs
51G9MuAKc5GOKrfoP4M4uO lyrics_all S1 ok=True fail=None 3.47s
-- generated events: 1339
-- time elapsed: 10.00 secs
56EoTwd4LGjmEO7UzQrDoX orig S1 ok=True fail=None 10.06s
[info] position not increasing, failed cnt: 1
[info] position not increasing, failed cnt: 2
[info] position not increasing, failed cnt: 3
[info] position not increasing, failed cnt: 4
[info] position not increasing, failed cnt: 1
[info] position not increasing, failed cnt: 2
[info] position not increasing, failed cnt: 3
-- generated events: 731
-- time elapsed: 3.47 secs
58ajbBxQUMMFpqHA62QNO0 lyrics_all S1 ok=True fail=None 3.51s
-- generated events: 853
-- time elapsed: 4.39 secs
5AC7fEOMQqxqzqCq5z7nc9 orig S1 ok=True fail=None 4.43s
-- generated events: 1223
-- time elapsed: 8.41 secs
5AEMs1wDhUJeZnTl5xyfys lyrics_all S1 ok=True fail=None 8.47s
-- generated events: 1026
-- time elapsed: 5.92 secs
5BldrYOHmqUwouMmcBNEtK orig S1 ok=True fail=None 5.97s
-- generated events: 1462
-- time elapsed: 12.32 secs
5CbNIRIgmrh1W9xNnhtSz1 lyrics_all S1 ok=True fail=None 12.37s
[info] position not increasing, failed cnt: 1
[info] position not increasing, failed cnt: 2
[info] position not increasing, failed cnt: 3
[info] position not increasing, failed cnt: 4
[info] position not increasing, failed cnt: 5
[info] position not increasing, failed cnt: 6
[info] position not increasing, failed cnt: 7
[info] position not increasing, failed cnt: 8
[info] position not increasing, failed cnt: 9
[info] position not increasing, failed cnt: 10
[info] position not increasing, failed cnt: 11
[info] position not increasing, failed cnt: 12
[info] position not increasing, failed cnt: 13
[info] position not increasing, failed cnt: 14
[info] position not increasing, failed cnt: 15
[info] position not increasing, failed cnt: 16
[info] position not increasing, failed cnt: 17
[info] position not increasing, failed cnt: 18
[info] position not increasing, failed cnt: 19
[info] position not increasing, failed cnt: 20
[info] position not increasing, failed cnt: 21
[info] position not increasing, failed cnt: 22
[info] position not increasing, failed cnt: 23
[info] position not increasing, failed cnt: 24
[info] position not increasing, failed cnt: 25
[info] position not increasing, failed cnt: 26
[info] position not increasing, failed cnt: 27
[info] position not increasing, failed cnt: 28
[info] position not increasing, failed cnt: 29
[info] position not increasing, failed cnt: 30
[info] position not increasing, failed cnt: 31
[info] position not increasing, failed cnt: 32
[info] position not increasing, failed cnt: 33
[info] position not increasing, failed cnt: 34
[info] position not increasing, failed cnt: 35
[info] position not increasing, failed cnt: 36
[info] position not increasing, failed cnt: 37
[info] position not increasing, failed cnt: 38
[info] position not increasing, failed cnt: 39
[info] position not increasing, failed cnt: 40
[info] position not increasing, failed cnt: 41
[info] position not increasing, failed cnt: 42
[info] position not increasing, failed cnt: 43
[info] position not increasing, failed cnt: 44
[info] position not increasing, failed cnt: 45
[info] position not increasing, failed cnt: 46
[info] position not increasing, failed cnt: 47
[info] position not increasing, failed cnt: 48
[info] position not increasing, failed cnt: 49
[info] position not increasing, failed cnt: 50
[info] position not increasing, failed cnt: 51
[info] position not increasing, failed cnt: 52
[info] position not increasing, failed cnt: 53
[info] position not increasing, failed cnt: 54
[info] position not increasing, failed cnt: 55
[info] position not increasing, failed cnt: 56
[info] position not increasing, failed cnt: 57
[info] position not increasing, failed cnt: 58
[info] position not increasing, failed cnt: 59
[info] position not increasing, failed cnt: 60
[info] position not increasing, failed cnt: 61
[info] position not increasing, failed cnt: 62
[info] position not increasing, failed cnt: 63
[info] position not increasing, failed cnt: 64
[info] position not increasing, failed cnt: 65
[info] position not increasing, failed cnt: 66
[info] position not increasing, failed cnt: 67
[info] position not increasing, failed cnt: 68
[info] position not increasing, failed cnt: 69
[info] position not increasing, failed cnt: 70
[info] position not increasing, failed cnt: 71
[info] position not increasing, failed cnt: 72
[info] position not increasing, failed cnt: 73
[info] position not increasing, failed cnt: 74
[info] position not increasing, failed cnt: 75
[info] position not increasing, failed cnt: 76
[info] position not increasing, failed cnt: 77
[info] position not increasing, failed cnt: 78
[info] position not increasing, failed cnt: 79
[info] position not increasing, failed cnt: 80
[info] position not increasing, failed cnt: 81
[info] position not increasing, failed cnt: 82
[info] position not increasing, failed cnt: 83
[info] position not increasing, failed cnt: 84
[info] position not increasing, failed cnt: 85
[info] position not increasing, failed cnt: 86
[info] position not increasing, failed cnt: 87
[info] position not increasing, failed cnt: 88
[info] position not increasing, failed cnt: 89
[info] position not increasing, failed cnt: 90
[info] position not increasing, failed cnt: 91
[info] position not increasing, failed cnt: 92
[info] position not increasing, failed cnt: 93
[info] position not increasing, failed cnt: 94
[info] position not increasing, failed cnt: 95
[info] position not increasing, failed cnt: 96
[info] position not increasing, failed cnt: 97
[info] position not increasing, failed cnt: 98
[info] position not increasing, failed cnt: 99
[info] position not increasing, failed cnt: 100
[info] position not increasing, failed cnt: 101
[info] position not increasing, failed cnt: 102
[info] position not increasing, failed cnt: 103
[info] position not increasing, failed cnt: 104
[info] position not increasing, failed cnt: 105
[info] position not increasing, failed cnt: 106
[info] position not increasing, failed cnt: 107
[info] position not increasing, failed cnt: 108
[info] position not increasing, failed cnt: 109
[info] position not increasing, failed cnt: 110
[info] position not increasing, failed cnt: 111
[info] position not increasing, failed cnt: 112
[info] position not increasing, failed cnt: 113
[info] position not increasing, failed cnt: 114
[info] position not increasing, failed cnt: 115
[info] position not increasing, failed cnt: 116
[info] position not increasing, failed cnt: 117
[info] position not increasing, failed cnt: 118
[info] position not increasing, failed cnt: 119
[info] position not increasing, failed cnt: 120
[info] position not increasing, failed cnt: 121
[info] position not increasing, failed cnt: 122
[info] position not increasing, failed cnt: 123
[info] position not increasing, failed cnt: 124
[info] position not increasing, failed cnt: 125
[info] position not increasing, failed cnt: 126
[info] position not increasing, failed cnt: 127
[info] position not increasing, failed cnt: 128
[FATAL] model stuck, exiting ...
-- generated events: 1377
-- time elapsed: 10.59 secs
5DOdnY5NIJVe0tln5eFm7f orig S1 ok=True fail=None 38.92s
-- generated events: 1860
-- time elapsed: 21.13 secs
5EbU9BSwgacaX0mW7zU4jN lyrics_all S1 ok=True fail=None 21.2s
-- generated events: 1799
-- time elapsed: 21.20 secs
5IhH7idp4sHJ4o0pnxH59X orig S1 ok=True fail=None 21.26s
[info] position not increasing, failed cnt: 1
[info] position not increasing, failed cnt: 2
[info] position not increasing, failed cnt: 3
[info] position not increasing, failed cnt: 4
[info] position not increasing, failed cnt: 5
[info] position not increasing, failed cnt: 6
[info] position not increasing, failed cnt: 7
[info] position not increasing, failed cnt: 8
[info] position not increasing, failed cnt: 9
[info] position not increasing, failed cnt: 10
[info] position not increasing, failed cnt: 11
[info] position not increasing, failed cnt: 12
[info] position not increasing, failed cnt: 13
[info] position not increasing, failed cnt: 14
[info] position not increasing, failed cnt: 15
[info] position not increasing, failed cnt: 16
[info] position not increasing, failed cnt: 17
[info] position not increasing, failed cnt: 18
[info] position not increasing, failed cnt: 19
[info] position not increasing, failed cnt: 20
[info] position not increasing, failed cnt: 21
[info] position not increasing, failed cnt: 22
[info] position not increasing, failed cnt: 23
[info] position not increasing, failed cnt: 24
[info] position not increasing, failed cnt: 25
[info] position not increasing, failed cnt: 26
[info] position not increasing, failed cnt: 27
[info] position not increasing, failed cnt: 28
[info] position not increasing, failed cnt: 29
[info] position not increasing, failed cnt: 30
[info] position not increasing, failed cnt: 31
[info] position not increasing, failed cnt: 32
[info] position not increasing, failed cnt: 33
[info] position not increasing, failed cnt: 34
[info] position not increasing, failed cnt: 35
[info] position not increasing, failed cnt: 36
[info] position not increasing, failed cnt: 37
[info] position not increasing, failed cnt: 38
[info] position not increasing, failed cnt: 39
[info] position not increasing, failed cnt: 40
[info] position not increasing, failed cnt: 41
[info] position not increasing, failed cnt: 42
[info] position not increasing, failed cnt: 43
[info] position not increasing, failed cnt: 44
[info] position not increasing, failed cnt: 45
[info] position not increasing, failed cnt: 46
[info] position not increasing, failed cnt: 47
[info] position not increasing, failed cnt: 48
[info] position not increasing, failed cnt: 49
[info] position not increasing, failed cnt: 50
[info] position not increasing, failed cnt: 51
[info] position not increasing, failed cnt: 52
[info] position not increasing, failed cnt: 53
[info] position not increasing, failed cnt: 54
[info] position not increasing, failed cnt: 55
[info] position not increasing, failed cnt: 56
[info] position not increasing, failed cnt: 57
[info] position not increasing, failed cnt: 58
[info] position not increasing, failed cnt: 59
[info] position not increasing, failed cnt: 60
[info] position not increasing, failed cnt: 61
[info] position not increasing, failed cnt: 62
[info] position not increasing, failed cnt: 63
[info] position not increasing, failed cnt: 64
[info] position not increasing, failed cnt: 65
[info] position not increasing, failed cnt: 66
[info] position not increasing, failed cnt: 67
[info] position not increasing, failed cnt: 68
[info] position not increasing, failed cnt: 69
[info] position not increasing, failed cnt: 70
[info] position not increasing, failed cnt: 71
[info] position not increasing, failed cnt: 72
[info] position not increasing, failed cnt: 73
[info] position not increasing, failed cnt: 74
[info] position not increasing, failed cnt: 75
[info] position not increasing, failed cnt: 76
[info] position not increasing, failed cnt: 77
[info] position not increasing, failed cnt: 78
[info] position not increasing, failed cnt: 79
[info] position not increasing, failed cnt: 80
[info] position not increasing, failed cnt: 81
[info] position not increasing, failed cnt: 82
[info] position not increasing, failed cnt: 83
[info] position not increasing, failed cnt: 84
[info] position not increasing, failed cnt: 85
[info] position not increasing, failed cnt: 86
[info] position not increasing, failed cnt: 87
[info] position not increasing, failed cnt: 88
[info] position not increasing, failed cnt: 89
[info] position not increasing, failed cnt: 90
[info] position not increasing, failed cnt: 91
[info] position not increasing, failed cnt: 92
[info] position not increasing, failed cnt: 93
[info] position not increasing, failed cnt: 94
[info] position not increasing, failed cnt: 95
[info] position not increasing, failed cnt: 96
[info] position not increasing, failed cnt: 97
[info] position not increasing, failed cnt: 98
[info] position not increasing, failed cnt: 99
[info] position not increasing, failed cnt: 100
[info] position not increasing, failed cnt: 101
[info] position not increasing, failed cnt: 102
[info] position not increasing, failed cnt: 103
[info] position not increasing, failed cnt: 104
[info] position not increasing, failed cnt: 105
[info] position not increasing, failed cnt: 106
[info] position not increasing, failed cnt: 107
[info] position not increasing, failed cnt: 108
[info] position not increasing, failed cnt: 109
[info] position not increasing, failed cnt: 110
[info] position not increasing, failed cnt: 111
[info] position not increasing, failed cnt: 112
[info] position not increasing, failed cnt: 113
[info] position not increasing, failed cnt: 114
[info] position not increasing, failed cnt: 115
[info] position not increasing, failed cnt: 116
[info] position not increasing, failed cnt: 117
[info] position not increasing, failed cnt: 118
[info] position not increasing, failed cnt: 119
[info] position not increasing, failed cnt: 120
[info] position not increasing, failed cnt: 121
[info] position not increasing, failed cnt: 122
[info] position not increasing, failed cnt: 123
[info] position not increasing, failed cnt: 124
[info] position not increasing, failed cnt: 125
[info] position not increasing, failed cnt: 126
[info] position not increasing, failed cnt: 127
[info] position not increasing, failed cnt: 128
[FATAL] model stuck, exiting ...
-- generated events: 717
-- time elapsed: 3.41 secs
5K8AQ2dBiXolebEfawTrzv lyrics_all S1 ok=True fail=None 4.39s
-- generated events: 569
-- time elapsed: 2.46 secs
5LlXalu5DZuQl7Q9CmNKp0 orig S1 ok=True fail=None 2.5s
5OqvADUGavUqQnYH0Ukt7T lyrics_all S1 ok=False fail=unsupported_meter 0.0s
5a7cNKUhxWPg9jWE0fUukb orig S1 ok=False fail=unsupported_meter 0.0s
-- generated events: 1080
-- time elapsed: 6.49 secs
5bVKIpODZbjn82L68A80hv lyrics_all S1 ok=True fail=None 6.54s
-- generated events: 385
-- time elapsed: 1.56 secs
5dxFx2Ez14xXuqyOK3Pgxd orig S1 ok=True fail=None 1.6s
-- generated events: 686
-- time elapsed: 3.14 secs
5eZwk6UYsVAbqSomPjNSDE lyrics_all S1 ok=True fail=None 3.18s
-- generated events: 978
-- time elapsed: 5.53 secs
5gIW9IMReT6xicyfHKtcug orig S1 ok=True fail=None 5.58s
-- generated events: 885
-- time elapsed: 4.64 secs
5i64hhiLZt1NWnRZiVubSL lyrics_all S1 ok=True fail=None 4.69s
-- generated events: 1433
-- time elapsed: 11.82 secs
5igSw7TE7vW1iKMCU9ACMJ orig S1 ok=True fail=None 11.88s
-- generated events: 1307
-- time elapsed: 11.25 secs
5jRB7otWSFz3kMR3fAOQ2n lyrics_all S1 ok=True fail=None 11.3s
-- generated events: 976
-- time elapsed: 5.43 secs
5kehUJhVBQAMgzY9IQXIOV orig S1 ok=True fail=None 5.48s
[info] position not increasing, failed cnt: 1
-- generated events: 1001
-- time elapsed: 5.71 secs
5mh8LL52KOZXeb80QpcUVG lyrics_all S1 ok=True fail=None 5.76s
[info] position not increasing, failed cnt: 1
[info] position not increasing, failed cnt: 2
[info] position not increasing, failed cnt: 3
[info] position not increasing, failed cnt: 4
[info] position not increasing, failed cnt: 5
-- generated events: 1283
-- time elapsed: 10.62 secs
5pewA4rsox31wXDX26VMlr orig S1 ok=True fail=None 10.68s
[info] position not increasing, failed cnt: 1
-- generated events: 1036
-- time elapsed: 5.98 secs
5rVNJGnGulbxFwEgUeqAPg lyrics_all S1 ok=True fail=None 6.02s
[info] position not increasing, failed cnt: 1
[info] position not increasing, failed cnt: 2
[info] position not increasing, failed cnt: 3
[info] position not increasing, failed cnt: 4
[info] position not increasing, failed cnt: 5
[info] position not increasing, failed cnt: 6
[info] position not increasing, failed cnt: 7
[info] position not increasing, failed cnt: 8
[info] position not increasing, failed cnt: 9
[info] position not increasing, failed cnt: 10
[info] position not increasing, failed cnt: 11
[info] position not increasing, failed cnt: 12
[info] position not increasing, failed cnt: 13
[info] position not increasing, failed cnt: 14
[info] position not increasing, failed cnt: 15
[info] position not increasing, failed cnt: 16
[info] position not increasing, failed cnt: 17
[info] position not increasing, failed cnt: 18
[info] position not increasing, failed cnt: 19
[info] position not increasing, failed cnt: 20
[info] position not increasing, failed cnt: 21
[info] position not increasing, failed cnt: 22
[info] position not increasing, failed cnt: 23
[info] position not increasing, failed cnt: 24
[info] position not increasing, failed cnt: 25
[info] position not increasing, failed cnt: 26
[info] position not increasing, failed cnt: 27
[info] position not increasing, failed cnt: 28
[info] position not increasing, failed cnt: 29
[info] position not increasing, failed cnt: 30
[info] position not increasing, failed cnt: 31
[info] position not increasing, failed cnt: 32
[info] position not increasing, failed cnt: 33
[info] position not increasing, failed cnt: 34
[info] position not increasing, failed cnt: 35
[info] position not increasing, failed cnt: 36
[info] position not increasing, failed cnt: 37
[info] position not increasing, failed cnt: 38
[info] position not increasing, failed cnt: 39
[info] position not increasing, failed cnt: 40
[info] position not increasing, failed cnt: 41
[info] position not increasing, failed cnt: 42
[info] position not increasing, failed cnt: 43
[info] position not increasing, failed cnt: 44
[info] position not increasing, failed cnt: 45
[info] position not increasing, failed cnt: 46
[info] position not increasing, failed cnt: 47
[info] position not increasing, failed cnt: 48
[info] position not increasing, failed cnt: 49
[info] position not increasing, failed cnt: 50
[info] position not increasing, failed cnt: 51
[info] position not increasing, failed cnt: 52
[info] position not increasing, failed cnt: 53
[info] position not increasing, failed cnt: 54
[info] position not increasing, failed cnt: 55
[info] position not increasing, failed cnt: 56
[info] position not increasing, failed cnt: 57
[info] position not increasing, failed cnt: 58
[info] position not increasing, failed cnt: 59
[info] position not increasing, failed cnt: 60
[info] position not increasing, failed cnt: 61
[info] position not increasing, failed cnt: 62
[info] position not increasing, failed cnt: 63
[info] position not increasing, failed cnt: 64
[info] position not increasing, failed cnt: 65
[info] position not increasing, failed cnt: 66
[info] position not increasing, failed cnt: 67
[info] position not increasing, failed cnt: 68
[info] position not increasing, failed cnt: 69
[info] position not increasing, failed cnt: 70
[info] position not increasing, failed cnt: 71
[info] position not increasing, failed cnt: 72
[info] position not increasing, failed cnt: 73
[info] position not increasing, failed cnt: 74
[info] position not increasing, failed cnt: 75
[info] position not increasing, failed cnt: 76
[info] position not increasing, failed cnt: 77
[info] position not increasing, failed cnt: 78
[info] position not increasing, failed cnt: 79
[info] position not increasing, failed cnt: 80
[info] position not increasing, failed cnt: 81
[info] position not increasing, failed cnt: 82
[info] position not increasing, failed cnt: 83
[info] position not increasing, failed cnt: 84
[info] position not increasing, failed cnt: 85
[info] position not increasing, failed cnt: 86
[info] position not increasing, failed cnt: 87
[info] position not increasing, failed cnt: 88
[info] position not increasing, failed cnt: 89
[info] position not increasing, failed cnt: 90
[info] position not increasing, failed cnt: 91
[info] position not increasing, failed cnt: 92
[info] position not increasing, failed cnt: 93
[info] position not increasing, failed cnt: 94
[info] position not increasing, failed cnt: 95
[info] position not increasing, failed cnt: 96
[info] position not increasing, failed cnt: 97
[info] position not increasing, failed cnt: 98
[info] position not increasing, failed cnt: 99
[info] position not increasing, failed cnt: 100
[info] position not increasing, failed cnt: 101
[info] position not increasing, failed cnt: 102
[info] position not increasing, failed cnt: 103
[info] position not increasing, failed cnt: 104
[info] position not increasing, failed cnt: 105
[info] position not increasing, failed cnt: 106
[info] position not increasing, failed cnt: 107
[info] position not increasing, failed cnt: 108
[info] position not increasing, failed cnt: 109
[info] position not increasing, failed cnt: 110
[info] position not increasing, failed cnt: 111
[info] position not increasing, failed cnt: 112
[info] position not increasing, failed cnt: 113
[info] position not increasing, failed cnt: 114
[info] position not increasing, failed cnt: 115
[info] position not increasing, failed cnt: 116
[info] position not increasing, failed cnt: 117
[info] position not increasing, failed cnt: 118
[info] position not increasing, failed cnt: 119
[info] position not increasing, failed cnt: 120
[info] position not increasing, failed cnt: 121
[info] position not increasing, failed cnt: 122
[info] position not increasing, failed cnt: 123
[info] position not increasing, failed cnt: 124
[info] position not increasing, failed cnt: 125
[info] position not increasing, failed cnt: 126
[info] position not increasing, failed cnt: 127
[info] position not increasing, failed cnt: 128
[FATAL] model stuck, exiting ...
-- generated events: 969
-- time elapsed: 5.37 secs
5zpJSe86hLBaTpd6ZW3TFB orig S1 ok=True fail=None 34.53s
[info] position not increasing, failed cnt: 1
[info] position not increasing, failed cnt: 2
[info] position not increasing, failed cnt: 3
[info] position not increasing, failed cnt: 4
[info] position not increasing, failed cnt: 5
[info] position not increasing, failed cnt: 6
[info] position not increasing, failed cnt: 7
[info] position not increasing, failed cnt: 8
[info] position not increasing, failed cnt: 9
[info] position not increasing, failed cnt: 10
[info] position not increasing, failed cnt: 11
[info] position not increasing, failed cnt: 12
[info] position not increasing, failed cnt: 13
[info] position not increasing, failed cnt: 14
[info] position not increasing, failed cnt: 15
[info] position not increasing, failed cnt: 16
[info] position not increasing, failed cnt: 17
[info] position not increasing, failed cnt: 18
[info] position not increasing, failed cnt: 19
[info] position not increasing, failed cnt: 20
[info] position not increasing, failed cnt: 21
[info] position not increasing, failed cnt: 22
[info] position not increasing, failed cnt: 23
[info] position not increasing, failed cnt: 24
[info] position not increasing, failed cnt: 25
[info] position not increasing, failed cnt: 26
[info] position not increasing, failed cnt: 27
[info] position not increasing, failed cnt: 28
[info] position not increasing, failed cnt: 29
[info] position not increasing, failed cnt: 30
[info] position not increasing, failed cnt: 31
[info] position not increasing, failed cnt: 32
[info] position not increasing, failed cnt: 33
[info] position not increasing, failed cnt: 34
[info] position not increasing, failed cnt: 35
[info] position not increasing, failed cnt: 36
[info] position not increasing, failed cnt: 37
[info] position not increasing, failed cnt: 38
[info] position not increasing, failed cnt: 39
[info] position not increasing, failed cnt: 40
[info] position not increasing, failed cnt: 41
[info] position not increasing, failed cnt: 42
[info] position not increasing, failed cnt: 43
[info] position not increasing, failed cnt: 44
[info] position not increasing, failed cnt: 45
[info] position not increasing, failed cnt: 46
[info] position not increasing, failed cnt: 47
[info] position not increasing, failed cnt: 48
[info] position not increasing, failed cnt: 49
[info] position not increasing, failed cnt: 50
[info] position not increasing, failed cnt: 51
[info] position not increasing, failed cnt: 52
[info] position not increasing, failed cnt: 53
[info] position not increasing, failed cnt: 54
[info] position not increasing, failed cnt: 55
[info] position not increasing, failed cnt: 56
[info] position not increasing, failed cnt: 57
[info] position not increasing, failed cnt: 58
[info] position not increasing, failed cnt: 59
[info] position not increasing, failed cnt: 60
[info] position not increasing, failed cnt: 61
[info] position not increasing, failed cnt: 62
[info] position not increasing, failed cnt: 63
[info] position not increasing, failed cnt: 64
[info] position not increasing, failed cnt: 65
[info] position not increasing, failed cnt: 66
[info] position not increasing, failed cnt: 67
[info] position not increasing, failed cnt: 68
[info] position not increasing, failed cnt: 69
[info] position not increasing, failed cnt: 70
[info] position not increasing, failed cnt: 71
[info] position not increasing, failed cnt: 72
[info] position not increasing, failed cnt: 73
[info] position not increasing, failed cnt: 74
[info] position not increasing, failed cnt: 75
[info] position not increasing, failed cnt: 76
[info] position not increasing, failed cnt: 77
[info] position not increasing, failed cnt: 78
[info] position not increasing, failed cnt: 79
[info] position not increasing, failed cnt: 80
[info] position not increasing, failed cnt: 81
[info] position not increasing, failed cnt: 82
[info] position not increasing, failed cnt: 83
[info] position not increasing, failed cnt: 84
[info] position not increasing, failed cnt: 85
[info] position not increasing, failed cnt: 86
[info] position not increasing, failed cnt: 87
[info] position not increasing, failed cnt: 88
[info] position not increasing, failed cnt: 89
[info] position not increasing, failed cnt: 90
[info] position not increasing, failed cnt: 91
[info] position not increasing, failed cnt: 92
[info] position not increasing, failed cnt: 93
[info] position not increasing, failed cnt: 94
[info] position not increasing, failed cnt: 95
[info] position not increasing, failed cnt: 96
[info] position not increasing, failed cnt: 97
[info] position not increasing, failed cnt: 98
[info] position not increasing, failed cnt: 99
[info] position not increasing, failed cnt: 100
[info] position not increasing, failed cnt: 101
[info] position not increasing, failed cnt: 102
[info] position not increasing, failed cnt: 103
[info] position not increasing, failed cnt: 104
[info] position not increasing, failed cnt: 105
[info] position not increasing, failed cnt: 106
[info] position not increasing, failed cnt: 107
[info] position not increasing, failed cnt: 108
[info] position not increasing, failed cnt: 109
[info] position not increasing, failed cnt: 110
[info] position not increasing, failed cnt: 111
[info] position not increasing, failed cnt: 112
[info] position not increasing, failed cnt: 113
[info] position not increasing, failed cnt: 114
[info] position not increasing, failed cnt: 115
[info] position not increasing, failed cnt: 116
[info] position not increasing, failed cnt: 117
[info] position not increasing, failed cnt: 118
[info] position not increasing, failed cnt: 119
[info] position not increasing, failed cnt: 120
[info] position not increasing, failed cnt: 121
[info] position not increasing, failed cnt: 122
[info] position not increasing, failed cnt: 123
[info] position not increasing, failed cnt: 124
[info] position not increasing, failed cnt: 125
[info] position not increasing, failed cnt: 126
[info] position not increasing, failed cnt: 127
[info] position not increasing, failed cnt: 128
[FATAL] model stuck, exiting ...
[info] position not increasing, failed cnt: 1
-- generated events: 1753
-- time elapsed: 18.22 secs
61g5RPLFCdbnVwAQ363gyP lyrics_all S1 ok=True fail=None 19.67s
-- generated events: 1798
-- time elapsed: 19.02 secs
65qUlixRrzCOI7RIHMZ8b0 orig S1 ok=True fail=None 19.09s
-- generated events: 1296
-- time elapsed: 9.49 secs
66x69ddxo6rH3KZoa5yNfO lyrics_all S1 ok=True fail=None 9.55s
[info] position not increasing, failed cnt: 1
[info] position not increasing, failed cnt: 1
[info] position not increasing, failed cnt: 2
[info] position not increasing, failed cnt: 3
[info] position not increasing, failed cnt: 4
[info] position not increasing, failed cnt: 5
[info] position not increasing, failed cnt: 1
[info] error EOS occurs, failed eos: 1
[info] error EOS occurs, failed eos: 2
[info] error EOS occurs, failed eos: 3
[info] error EOS occurs, failed eos: 4
[info] error EOS occurs, failed eos: 5
[info] error EOS occurs, failed eos: 6
[info] error EOS occurs, failed eos: 7
[info] error EOS occurs, failed eos: 8
[info] error EOS occurs, failed eos: 9
[info] error EOS occurs, failed eos: 10
[info] error EOS occurs, failed eos: 11
[info] error EOS occurs, failed eos: 12
[info] error EOS occurs, failed eos: 13
[info] error EOS occurs, failed eos: 14
[info] error EOS occurs, failed eos: 15
[info] error EOS occurs, failed eos: 16
[info] error EOS occurs, failed eos: 17
[info] error EOS occurs, failed eos: 18
[info] error EOS occurs, failed eos: 19
[info] error EOS occurs, failed eos: 20
[info] error EOS occurs, failed eos: 21
[info] error EOS occurs, failed eos: 22
[info] error EOS occurs, failed eos: 23
[info] error EOS occurs, failed eos: 24
[info] error EOS occurs, failed eos: 25
[info] error EOS occurs, failed eos: 26
[info] error EOS occurs, failed eos: 27
[info] error EOS occurs, failed eos: 28
[info] error EOS occurs, failed eos: 29
[info] error EOS occurs, failed eos: 30
[info] error EOS occurs, failed eos: 31
[info] error EOS occurs, failed eos: 32
[info] error EOS occurs, failed eos: 33
[info] error EOS occurs, failed eos: 34
[info] error EOS occurs, failed eos: 35
[info] error EOS occurs, failed eos: 36
[info] error EOS occurs, failed eos: 37
[info] error EOS occurs, failed eos: 38
[info] error EOS occurs, failed eos: 39
[info] error EOS occurs, failed eos: 40
[info] error EOS occurs, failed eos: 41
[info] error EOS occurs, failed eos: 42
[info] error EOS occurs, failed eos: 43
[info] error EOS occurs, failed eos: 44
[info] error EOS occurs, failed eos: 45
[info] error EOS occurs, failed eos: 46
[info] error EOS occurs, failed eos: 47
[info] error EOS occurs, failed eos: 48
[info] error EOS occurs, failed eos: 49
[info] error EOS occurs, failed eos: 50
[info] error EOS occurs, failed eos: 51
[info] error EOS occurs, failed eos: 52
[info] error EOS occurs, failed eos: 53
[info] error EOS occurs, failed eos: 54
[info] error EOS occurs, failed eos: 55
[info] error EOS occurs, failed eos: 56
[info] error EOS occurs, failed eos: 57
[info] error EOS occurs, failed eos: 58
[info] error EOS occurs, failed eos: 59
[info] error EOS occurs, failed eos: 60
[info] error EOS occurs, failed eos: 61
[info] error EOS occurs, failed eos: 62
[info] error EOS occurs, failed eos: 63
[info] error EOS occurs, failed eos: 64
[info] error EOS occurs, failed eos: 65
[info] error EOS occurs, failed eos: 66
[info] error EOS occurs, failed eos: 67
[info] error EOS occurs, failed eos: 68
[info] error EOS occurs, failed eos: 69
[info] error EOS occurs, failed eos: 70
[info] error EOS occurs, failed eos: 71
[info] error EOS occurs, failed eos: 72
[info] error EOS occurs, failed eos: 73
[info] error EOS occurs, failed eos: 74
[info] error EOS occurs, failed eos: 75
[info] error EOS occurs, failed eos: 76
[info] error EOS occurs, failed eos: 77
[info] error EOS occurs, failed eos: 78
[info] error EOS occurs, failed eos: 79
[info] error EOS occurs, failed eos: 80
[info] error EOS occurs, failed eos: 81
[info] error EOS occurs, failed eos: 82
[info] error EOS occurs, failed eos: 83
[info] error EOS occurs, failed eos: 84
[info] error EOS occurs, failed eos: 85
[info] error EOS occurs, failed eos: 86
[info] error EOS occurs, failed eos: 87
[info] error EOS occurs, failed eos: 88
[info] error EOS occurs, failed eos: 89
[info] error EOS occurs, failed eos: 90
[info] error EOS occurs, failed eos: 91
[info] error EOS occurs, failed eos: 92
[info] error EOS occurs, failed eos: 93
[info] error EOS occurs, failed eos: 94
[info] error EOS occurs, failed eos: 95
[info] error EOS occurs, failed eos: 96
[info] error EOS occurs, failed eos: 97
[info] error EOS occurs, failed eos: 98
[info] error EOS occurs, failed eos: 99
[info] error EOS occurs, failed eos: 100
[info] error EOS occurs, failed eos: 101
[info] error EOS occurs, failed eos: 102
[info] error EOS occurs, failed eos: 103
[info] error EOS occurs, failed eos: 104
[info] error EOS occurs, failed eos: 105
[info] error EOS occurs, failed eos: 106
[info] error EOS occurs, failed eos: 107
[info] error EOS occurs, failed eos: 108
[info] error EOS occurs, failed eos: 109
[info] error EOS occurs, failed eos: 110
[info] error EOS occurs, failed eos: 111
[info] error EOS occurs, failed eos: 112
[info] error EOS occurs, failed eos: 113
[info] error EOS occurs, failed eos: 114
[info] error EOS occurs, failed eos: 115
[info] error EOS occurs, failed eos: 116
[info] error EOS occurs, failed eos: 117
[info] error EOS occurs, failed eos: 118
[info] error EOS occurs, failed eos: 119
[info] error EOS occurs, failed eos: 120
[info] error EOS occurs, failed eos: 121
[info] error EOS occurs, failed eos: 122
[info] error EOS occurs, failed eos: 123
[info] error EOS occurs, failed eos: 124
[info] error EOS occurs, failed eos: 125
[info] error EOS occurs, failed eos: 126
[info] error EOS occurs, failed eos: 127
[info] error EOS occurs, failed eos: 128
[FATAL] model stuck, eos error ...
-- generated events: 1346
-- time elapsed: 10.05 secs
6FmfdFUbG8q6U2KbsNFo3y orig S1 ok=True fail=None 40.49s
-- generated events: 1160
-- time elapsed: 7.51 secs
6H1qeLID2gslZMgxpwfACS lyrics_all S1 ok=True fail=None 7.57s
[info] position not increasing, failed cnt: 1
[info] position not increasing, failed cnt: 1
[info] position not increasing, failed cnt: 2
[info] position not increasing, failed cnt: 3
[info] position not increasing, failed cnt: 4
[info] position not increasing, failed cnt: 5
[info] position not increasing, failed cnt: 6
[info] position not increasing, failed cnt: 7
[info] position not increasing, failed cnt: 8
[info] position not increasing, failed cnt: 9
[info] position not increasing, failed cnt: 10
[info] position not increasing, failed cnt: 11
[info] position not increasing, failed cnt: 12
[info] position not increasing, failed cnt: 13
[info] position not increasing, failed cnt: 14
[info] position not increasing, failed cnt: 15
[info] position not increasing, failed cnt: 16
[info] position not increasing, failed cnt: 17
[info] position not increasing, failed cnt: 18
[info] position not increasing, failed cnt: 19
[info] position not increasing, failed cnt: 20
[info] position not increasing, failed cnt: 21
[info] position not increasing, failed cnt: 22
[info] position not increasing, failed cnt: 23
[info] position not increasing, failed cnt: 24
[info] position not increasing, failed cnt: 25
[info] position not increasing, failed cnt: 26
[info] position not increasing, failed cnt: 27
[info] position not increasing, failed cnt: 28
[info] position not increasing, failed cnt: 29
[info] position not increasing, failed cnt: 30
[info] position not increasing, failed cnt: 31
[info] position not increasing, failed cnt: 32
[info] position not increasing, failed cnt: 33
[info] position not increasing, failed cnt: 34
[info] position not increasing, failed cnt: 35
[info] position not increasing, failed cnt: 36
[info] position not increasing, failed cnt: 37
[info] position not increasing, failed cnt: 38
[info] position not increasing, failed cnt: 39
[info] position not increasing, failed cnt: 40
[info] position not increasing, failed cnt: 41
[info] position not increasing, failed cnt: 42
[info] position not increasing, failed cnt: 43
[info] position not increasing, failed cnt: 44
[info] position not increasing, failed cnt: 45
[info] position not increasing, failed cnt: 46
[info] position not increasing, failed cnt: 47
[info] position not increasing, failed cnt: 48
[info] position not increasing, failed cnt: 49
[info] position not increasing, failed cnt: 50
[info] position not increasing, failed cnt: 51
[info] position not increasing, failed cnt: 52
[info] position not increasing, failed cnt: 53
[info] position not increasing, failed cnt: 54
[info] position not increasing, failed cnt: 55
[info] position not increasing, failed cnt: 56
[info] position not increasing, failed cnt: 57
[info] position not increasing, failed cnt: 58
[info] position not increasing, failed cnt: 59
[info] position not increasing, failed cnt: 60
[info] position not increasing, failed cnt: 61
[info] position not increasing, failed cnt: 62
[info] position not increasing, failed cnt: 63
[info] position not increasing, failed cnt: 64
[info] position not increasing, failed cnt: 65
[info] position not increasing, failed cnt: 66
[info] position not increasing, failed cnt: 67
[info] position not increasing, failed cnt: 68
[info] position not increasing, failed cnt: 69
[info] position not increasing, failed cnt: 70
[info] position not increasing, failed cnt: 71
[info] position not increasing, failed cnt: 72
[info] position not increasing, failed cnt: 73
[info] position not increasing, failed cnt: 74
[info] position not increasing, failed cnt: 75
[info] position not increasing, failed cnt: 76
[info] position not increasing, failed cnt: 77
[info] position not increasing, failed cnt: 78
[info] position not increasing, failed cnt: 79
[info] position not increasing, failed cnt: 80
[info] position not increasing, failed cnt: 81
[info] position not increasing, failed cnt: 82
[info] position not increasing, failed cnt: 83
[info] position not increasing, failed cnt: 84
[info] position not increasing, failed cnt: 85
[info] position not increasing, failed cnt: 86
[info] position not increasing, failed cnt: 87
[info] position not increasing, failed cnt: 88
[info] position not increasing, failed cnt: 89
[info] position not increasing, failed cnt: 90
[info] position not increasing, failed cnt: 91
[info] position not increasing, failed cnt: 92
[info] position not increasing, failed cnt: 93
[info] position not increasing, failed cnt: 94
[info] position not increasing, failed cnt: 95
[info] position not increasing, failed cnt: 96
[info] position not increasing, failed cnt: 97
[info] position not increasing, failed cnt: 98
[info] position not increasing, failed cnt: 99
[info] position not increasing, failed cnt: 100
[info] position not increasing, failed cnt: 101
[info] position not increasing, failed cnt: 102
[info] position not increasing, failed cnt: 103
[info] position not increasing, failed cnt: 104
[info] position not increasing, failed cnt: 105
[info] position not increasing, failed cnt: 106
[info] position not increasing, failed cnt: 107
[info] position not increasing, failed cnt: 108
[info] position not increasing, failed cnt: 109
[info] position not increasing, failed cnt: 110
[info] position not increasing, failed cnt: 111
[info] position not increasing, failed cnt: 112
[info] position not increasing, failed cnt: 113
[info] position not increasing, failed cnt: 114
[info] position not increasing, failed cnt: 115
[info] position not increasing, failed cnt: 116
[info] position not increasing, failed cnt: 117
[info] position not increasing, failed cnt: 118
[info] position not increasing, failed cnt: 119
[info] position not increasing, failed cnt: 120
[info] position not increasing, failed cnt: 121
[info] position not increasing, failed cnt: 122
[info] position not increasing, failed cnt: 123
[info] position not increasing, failed cnt: 124
[info] position not increasing, failed cnt: 125
[info] position not increasing, failed cnt: 126
[info] position not increasing, failed cnt: 127
[info] position not increasing, failed cnt: 128
[FATAL] model stuck, exiting ...
[info] position not increasing, failed cnt: 1
[info] position not increasing, failed cnt: 2
[info] position not increasing, failed cnt: 1
[info] error EOS occurs, failed eos: 1
[info] error EOS occurs, failed eos: 2
[info] error EOS occurs, failed eos: 3
[info] error EOS occurs, failed eos: 4
[info] error EOS occurs, failed eos: 5
[info] error EOS occurs, failed eos: 6
[info] error EOS occurs, failed eos: 7
[info] error EOS occurs, failed eos: 8
[info] error EOS occurs, failed eos: 9
[info] error EOS occurs, failed eos: 10
[info] error EOS occurs, failed eos: 11
[info] error EOS occurs, failed eos: 12
[info] error EOS occurs, failed eos: 13
[info] error EOS occurs, failed eos: 14
[info] error EOS occurs, failed eos: 15
[info] error EOS occurs, failed eos: 16
[info] error EOS occurs, failed eos: 17
[info] error EOS occurs, failed eos: 18
[info] error EOS occurs, failed eos: 19
[info] error EOS occurs, failed eos: 20
[info] error EOS occurs, failed eos: 21
[info] error EOS occurs, failed eos: 22
[info] error EOS occurs, failed eos: 23
[info] error EOS occurs, failed eos: 24
[info] error EOS occurs, failed eos: 25
[info] error EOS occurs, failed eos: 26
[info] error EOS occurs, failed eos: 27
[info] error EOS occurs, failed eos: 28
[info] error EOS occurs, failed eos: 29
[info] error EOS occurs, failed eos: 30
[info] error EOS occurs, failed eos: 31
[info] error EOS occurs, failed eos: 32
[info] error EOS occurs, failed eos: 33
[info] error EOS occurs, failed eos: 34
[info] error EOS occurs, failed eos: 35
[info] error EOS occurs, failed eos: 36
[info] error EOS occurs, failed eos: 37
[info] error EOS occurs, failed eos: 38
[info] error EOS occurs, failed eos: 39
[info] error EOS occurs, failed eos: 40
[info] error EOS occurs, failed eos: 41
[info] error EOS occurs, failed eos: 42
[info] error EOS occurs, failed eos: 43
[info] error EOS occurs, failed eos: 44
[info] error EOS occurs, failed eos: 45
[info] error EOS occurs, failed eos: 46
[info] error EOS occurs, failed eos: 47
[info] error EOS occurs, failed eos: 48
[info] error EOS occurs, failed eos: 49
[info] error EOS occurs, failed eos: 50
[info] error EOS occurs, failed eos: 51
[info] error EOS occurs, failed eos: 52
[info] error EOS occurs, failed eos: 53
[info] error EOS occurs, failed eos: 54
[info] error EOS occurs, failed eos: 55
[info] error EOS occurs, failed eos: 56
[info] error EOS occurs, failed eos: 57
[info] error EOS occurs, failed eos: 58
[info] error EOS occurs, failed eos: 59
[info] error EOS occurs, failed eos: 60
[info] error EOS occurs, failed eos: 61
[info] error EOS occurs, failed eos: 62
[info] error EOS occurs, failed eos: 63
[info] error EOS occurs, failed eos: 64
[info] error EOS occurs, failed eos: 65
[info] error EOS occurs, failed eos: 66
[info] error EOS occurs, failed eos: 67
[info] error EOS occurs, failed eos: 68
[info] error EOS occurs, failed eos: 69
[info] error EOS occurs, failed eos: 70
[info] error EOS occurs, failed eos: 71
[info] error EOS occurs, failed eos: 72
[info] error EOS occurs, failed eos: 73
[info] error EOS occurs, failed eos: 74
[info] error EOS occurs, failed eos: 75
[info] error EOS occurs, failed eos: 76
[info] error EOS occurs, failed eos: 77
[info] error EOS occurs, failed eos: 78
[info] error EOS occurs, failed eos: 79
[info] error EOS occurs, failed eos: 80
[info] error EOS occurs, failed eos: 81
[info] error EOS occurs, failed eos: 82
[info] error EOS occurs, failed eos: 83
[info] error EOS occurs, failed eos: 84
[info] error EOS occurs, failed eos: 85
[info] error EOS occurs, failed eos: 86
[info] error EOS occurs, failed eos: 87
[info] error EOS occurs, failed eos: 88
[info] error EOS occurs, failed eos: 89
[info] error EOS occurs, failed eos: 90
[info] error EOS occurs, failed eos: 91
[info] error EOS occurs, failed eos: 92
[info] error EOS occurs, failed eos: 93
[info] error EOS occurs, failed eos: 94
[info] error EOS occurs, failed eos: 95
[info] error EOS occurs, failed eos: 96
[info] error EOS occurs, failed eos: 97
[info] error EOS occurs, failed eos: 98
[info] error EOS occurs, failed eos: 99
[info] error EOS occurs, failed eos: 100
[info] error EOS occurs, failed eos: 101
[info] error EOS occurs, failed eos: 102
[info] error EOS occurs, failed eos: 103
[info] error EOS occurs, failed eos: 104
[info] error EOS occurs, failed eos: 105
[info] error EOS occurs, failed eos: 106
[info] error EOS occurs, failed eos: 107
[info] error EOS occurs, failed eos: 108
[info] error EOS occurs, failed eos: 109
[info] error EOS occurs, failed eos: 110
[info] error EOS occurs, failed eos: 111
[info] error EOS occurs, failed eos: 112
[info] error EOS occurs, failed eos: 113
[info] error EOS occurs, failed eos: 114
[info] error EOS occurs, failed eos: 115
[info] error EOS occurs, failed eos: 116
[info] error EOS occurs, failed eos: 117
[info] error EOS occurs, failed eos: 118
[info] error EOS occurs, failed eos: 119
[info] error EOS occurs, failed eos: 120
[info] error EOS occurs, failed eos: 121
[info] error EOS occurs, failed eos: 122
[info] error EOS occurs, failed eos: 123
[info] error EOS occurs, failed eos: 124
[info] error EOS occurs, failed eos: 125
[info] error EOS occurs, failed eos: 126
[info] error EOS occurs, failed eos: 127
[info] error EOS occurs, failed eos: 128
[FATAL] model stuck, eos error ...
-- generated events: 786
-- time elapsed: 3.87 secs
6M8dGV2alakIhqDFNFIEfg orig S1 ok=True fail=None 66.34s
-- generated events: 1305
-- time elapsed: 9.66 secs
6N1sew50IOyienxE3u6WEM lyrics_all S1 ok=True fail=None 9.72s
-- generated events: 1246
-- time elapsed: 8.78 secs
6NqPOID1RsXpj7IAEsgd2v orig S1 ok=True fail=None 8.83s
-- generated events: 1074
-- time elapsed: 6.62 secs
6TCciGLZyMSTZDJDmrdVSI lyrics_all S1 ok=True fail=None 6.66s
6W6bjaq3SpD6OMuxWgPM9X orig S1 ok=False fail=unsupported_meter 0.0s
-- generated events: 1157
-- time elapsed: 7.47 secs
6WGLxfoN1BIjmIJYcb2Wwn lyrics_all S1 ok=True fail=None 7.53s
-- generated events: 765
-- time elapsed: 3.68 secs
6alSXplRoBcYCNHKqJDWPz orig S1 ok=True fail=None 3.73s
-- generated events: 1277
-- time elapsed: 9.00 secs
6ast0Gzj3H6MgDfkRHZxx1 lyrics_all S1 ok=True fail=None 9.05s
-- generated events: 1149
-- time elapsed: 7.24 secs
6ceBOPyGnJnumkJ2wOTt7D orig S1 ok=True fail=None 7.29s
[info] position not increasing, failed cnt: 1
-- generated events: 726
-- time elapsed: 3.43 secs
6coZcwGP3Cmhyqzvp6sEJS lyrics_all S1 ok=True fail=None 3.47s
-- generated events: 1750
-- time elapsed: 18.44 secs
6i6Lrq6Lkfsjw4WCLOr6zp orig S1 ok=True fail=None 18.49s
6jK3PQWd5QOPHLAJw6nvCD lyrics_all S1 ok=False fail=unsupported_meter 0.0s
-- generated events: 1075
-- time elapsed: 6.39 secs
6n5cdQsg6li2aDYUGUiL5l orig S1 ok=True fail=None 6.44s
6oFUns8NczIrmLbQOLYJhD lyrics_all S1 ok=False fail=unsupported_meter 0.0s
[info] position not increasing, failed cnt: 1
[info] position not increasing, failed cnt: 2
[info] position not increasing, failed cnt: 3
[info] position not increasing, failed cnt: 4
[info] position not increasing, failed cnt: 5
[info] position not increasing, failed cnt: 6
[info] position not increasing, failed cnt: 7
[info] position not increasing, failed cnt: 8
[info] position not increasing, failed cnt: 9
[info] position not increasing, failed cnt: 10
[info] position not increasing, failed cnt: 11
[info] position not increasing, failed cnt: 12
[info] position not increasing, failed cnt: 13
[info] position not increasing, failed cnt: 14
[info] position not increasing, failed cnt: 15
[info] position not increasing, failed cnt: 16
[info] position not increasing, failed cnt: 17
[info] position not increasing, failed cnt: 18
[info] position not increasing, failed cnt: 19
[info] position not increasing, failed cnt: 20
[info] position not increasing, failed cnt: 21
[info] position not increasing, failed cnt: 22
[info] position not increasing, failed cnt: 23
[info] position not increasing, failed cnt: 24
[info] position not increasing, failed cnt: 25
[info] position not increasing, failed cnt: 26
[info] position not increasing, failed cnt: 27
[info] position not increasing, failed cnt: 28
[info] position not increasing, failed cnt: 29
[info] position not increasing, failed cnt: 30
[info] position not increasing, failed cnt: 31
[info] position not increasing, failed cnt: 32
[info] position not increasing, failed cnt: 33
[info] position not increasing, failed cnt: 34
[info] position not increasing, failed cnt: 35
[info] position not increasing, failed cnt: 36
[info] position not increasing, failed cnt: 37
[info] position not increasing, failed cnt: 38
[info] position not increasing, failed cnt: 39
[info] position not increasing, failed cnt: 40
[info] position not increasing, failed cnt: 41
[info] position not increasing, failed cnt: 42
[info] position not increasing, failed cnt: 43
[info] position not increasing, failed cnt: 44
[info] position not increasing, failed cnt: 45
[info] position not increasing, failed cnt: 46
[info] position not increasing, failed cnt: 47
[info] position not increasing, failed cnt: 48
[info] position not increasing, failed cnt: 49
[info] position not increasing, failed cnt: 50
[info] position not increasing, failed cnt: 51
[info] position not increasing, failed cnt: 52
[info] position not increasing, failed cnt: 53
[info] position not increasing, failed cnt: 54
[info] position not increasing, failed cnt: 55
[info] position not increasing, failed cnt: 56
[info] position not increasing, failed cnt: 57
[info] position not increasing, failed cnt: 58
[info] position not increasing, failed cnt: 59
[info] position not increasing, failed cnt: 60
[info] position not increasing, failed cnt: 61
[info] position not increasing, failed cnt: 62
[info] position not increasing, failed cnt: 63
[info] position not increasing, failed cnt: 64
[info] position not increasing, failed cnt: 65
[info] position not increasing, failed cnt: 66
[info] position not increasing, failed cnt: 67
[info] position not increasing, failed cnt: 68
[info] position not increasing, failed cnt: 69
[info] position not increasing, failed cnt: 70
[info] position not increasing, failed cnt: 71
[info] position not increasing, failed cnt: 72
[info] position not increasing, failed cnt: 73
[info] position not increasing, failed cnt: 74
[info] position not increasing, failed cnt: 75
[info] position not increasing, failed cnt: 76
[info] position not increasing, failed cnt: 77
[info] position not increasing, failed cnt: 78
[info] position not increasing, failed cnt: 79
[info] position not increasing, failed cnt: 80
[info] position not increasing, failed cnt: 81
[info] position not increasing, failed cnt: 82
[info] position not increasing, failed cnt: 83
[info] position not increasing, failed cnt: 84
[info] position not increasing, failed cnt: 85
[info] position not increasing, failed cnt: 86
[info] position not increasing, failed cnt: 87
[info] position not increasing, failed cnt: 88
[info] position not increasing, failed cnt: 89
[info] position not increasing, failed cnt: 90
[info] position not increasing, failed cnt: 91
[info] position not increasing, failed cnt: 92
[info] position not increasing, failed cnt: 93
[info] position not increasing, failed cnt: 94
[info] position not increasing, failed cnt: 95
[info] position not increasing, failed cnt: 96
[info] position not increasing, failed cnt: 97
[info] position not increasing, failed cnt: 98
[info] position not increasing, failed cnt: 99
[info] position not increasing, failed cnt: 100
[info] position not increasing, failed cnt: 101
[info] position not increasing, failed cnt: 102
[info] position not increasing, failed cnt: 103
[info] position not increasing, failed cnt: 104
[info] position not increasing, failed cnt: 105
[info] position not increasing, failed cnt: 106
[info] position not increasing, failed cnt: 107
[info] position not increasing, failed cnt: 108
[info] position not increasing, failed cnt: 109
[info] position not increasing, failed cnt: 110
[info] position not increasing, failed cnt: 111
[info] position not increasing, failed cnt: 112
[info] position not increasing, failed cnt: 113
[info] position not increasing, failed cnt: 114
[info] position not increasing, failed cnt: 115
[info] position not increasing, failed cnt: 116
[info] position not increasing, failed cnt: 117
[info] position not increasing, failed cnt: 118
[info] position not increasing, failed cnt: 119
[info] position not increasing, failed cnt: 120
[info] position not increasing, failed cnt: 121
[info] position not increasing, failed cnt: 122
[info] position not increasing, failed cnt: 123
[info] position not increasing, failed cnt: 124
[info] position not increasing, failed cnt: 125
[info] position not increasing, failed cnt: 126
[info] position not increasing, failed cnt: 127
[info] position not increasing, failed cnt: 128
[FATAL] model stuck, exiting ...
[info] position not increasing, failed cnt: 1
[info] position not increasing, failed cnt: 2
[info] position not increasing, failed cnt: 1
[info] position not increasing, failed cnt: 2
[info] position not increasing, failed cnt: 3
[info] position not increasing, failed cnt: 4
[info] position not increasing, failed cnt: 5
[info] position not increasing, failed cnt: 6
[info] position not increasing, failed cnt: 7
[info] position not increasing, failed cnt: 8
[info] position not increasing, failed cnt: 9
[info] position not increasing, failed cnt: 10
[info] position not increasing, failed cnt: 11
[info] position not increasing, failed cnt: 12
[info] position not increasing, failed cnt: 13
[info] position not increasing, failed cnt: 14
[info] position not increasing, failed cnt: 15
[info] position not increasing, failed cnt: 16
[info] position not increasing, failed cnt: 17
[info] position not increasing, failed cnt: 18
[info] position not increasing, failed cnt: 19
[info] position not increasing, failed cnt: 20
[info] position not increasing, failed cnt: 21
[info] position not increasing, failed cnt: 22
[info] position not increasing, failed cnt: 23
[info] position not increasing, failed cnt: 24
[info] position not increasing, failed cnt: 25
[info] position not increasing, failed cnt: 26
[info] position not increasing, failed cnt: 27
[info] position not increasing, failed cnt: 28
[info] position not increasing, failed cnt: 29
[info] position not increasing, failed cnt: 30
[info] position not increasing, failed cnt: 31
[info] position not increasing, failed cnt: 32
[info] position not increasing, failed cnt: 33
[info] position not increasing, failed cnt: 34
[info] position not increasing, failed cnt: 35
[info] position not increasing, failed cnt: 36
[info] position not increasing, failed cnt: 37
[info] position not increasing, failed cnt: 38
[info] position not increasing, failed cnt: 39
[info] position not increasing, failed cnt: 40
[info] position not increasing, failed cnt: 41
[info] position not increasing, failed cnt: 42
[info] position not increasing, failed cnt: 43
[info] position not increasing, failed cnt: 44
[info] position not increasing, failed cnt: 45
[info] position not increasing, failed cnt: 46
[info] position not increasing, failed cnt: 47
[info] position not increasing, failed cnt: 48
[info] position not increasing, failed cnt: 49
[info] position not increasing, failed cnt: 50
[info] position not increasing, failed cnt: 51
[info] position not increasing, failed cnt: 52
[info] position not increasing, failed cnt: 53
[info] position not increasing, failed cnt: 54
[info] position not increasing, failed cnt: 55
[info] position not increasing, failed cnt: 56
[info] position not increasing, failed cnt: 57
[info] position not increasing, failed cnt: 58
[info] position not increasing, failed cnt: 59
[info] position not increasing, failed cnt: 60
[info] position not increasing, failed cnt: 61
[info] position not increasing, failed cnt: 62
[info] position not increasing, failed cnt: 63
[info] position not increasing, failed cnt: 64
[info] position not increasing, failed cnt: 65
[info] position not increasing, failed cnt: 66
[info] position not increasing, failed cnt: 67
[info] position not increasing, failed cnt: 68
[info] position not increasing, failed cnt: 69
[info] position not increasing, failed cnt: 70
[info] position not increasing, failed cnt: 71
[info] position not increasing, failed cnt: 72
[info] position not increasing, failed cnt: 73
[info] position not increasing, failed cnt: 74
[info] position not increasing, failed cnt: 75
[info] position not increasing, failed cnt: 76
[info] position not increasing, failed cnt: 77
[info] position not increasing, failed cnt: 78
[info] position not increasing, failed cnt: 79
[info] position not increasing, failed cnt: 80
[info] position not increasing, failed cnt: 81
[info] position not increasing, failed cnt: 82
[info] position not increasing, failed cnt: 83
[info] position not increasing, failed cnt: 84
[info] position not increasing, failed cnt: 85
[info] position not increasing, failed cnt: 86
[info] position not increasing, failed cnt: 87
[info] position not increasing, failed cnt: 88
[info] position not increasing, failed cnt: 89
[info] position not increasing, failed cnt: 90
[info] position not increasing, failed cnt: 91
[info] position not increasing, failed cnt: 92
[info] position not increasing, failed cnt: 93
[info] position not increasing, failed cnt: 94
[info] position not increasing, failed cnt: 95
[info] position not increasing, failed cnt: 96
[info] position not increasing, failed cnt: 97
[info] position not increasing, failed cnt: 98
[info] position not increasing, failed cnt: 99
[info] position not increasing, failed cnt: 100
[info] position not increasing, failed cnt: 101
[info] position not increasing, failed cnt: 102
[info] position not increasing, failed cnt: 103
[info] position not increasing, failed cnt: 104
[info] position not increasing, failed cnt: 105
[info] position not increasing, failed cnt: 106
[info] position not increasing, failed cnt: 107
[info] position not increasing, failed cnt: 108
[info] position not increasing, failed cnt: 109
[info] position not increasing, failed cnt: 110
[info] position not increasing, failed cnt: 111
[info] position not increasing, failed cnt: 112
[info] position not increasing, failed cnt: 113
[info] position not increasing, failed cnt: 114
[info] position not increasing, failed cnt: 115
[info] position not increasing, failed cnt: 116
[info] position not increasing, failed cnt: 117
[info] position not increasing, failed cnt: 118
[info] position not increasing, failed cnt: 119
[info] position not increasing, failed cnt: 120
[info] position not increasing, failed cnt: 121
[info] position not increasing, failed cnt: 122
[info] position not increasing, failed cnt: 123
[info] position not increasing, failed cnt: 124
[info] position not increasing, failed cnt: 125
[info] position not increasing, failed cnt: 126
[info] position not increasing, failed cnt: 127
[info] position not increasing, failed cnt: 128
[FATAL] model stuck, exiting ...
-- generated events: 1333
-- time elapsed: 10.41 secs
6pQe06VbPHfAD9MVV7y7ed orig S1 ok=True fail=None 15.03s
-- generated events: 1494
-- time elapsed: 12.60 secs
6tnnVnCMhhIbXsnReXa0KX lyrics_all S1 ok=True fail=None 12.66s
-- generated events: 1028
-- time elapsed: 5.90 secs
72yPhoXJHKpAeCt99RLdK4 orig S1 ok=True fail=None 5.95s
-- generated events: 562
-- time elapsed: 2.42 secs
75eCpTAhv6j4enqG1OMBOg lyrics_all S1 ok=True fail=None 2.46s
7DeY1fKszqaJKtXUk1NiiH orig S1 ok=False fail=unsupported_meter 0.0s
[info] position not increasing, failed cnt: 1
[info] position not increasing, failed cnt: 2
[info] position not increasing, failed cnt: 3
[info] position not increasing, failed cnt: 4
[info] position not increasing, failed cnt: 5
[info] position not increasing, failed cnt: 6
[info] position not increasing, failed cnt: 7
[info] position not increasing, failed cnt: 8
[info] position not increasing, failed cnt: 9
[info] position not increasing, failed cnt: 10
[info] position not increasing, failed cnt: 11
[info] position not increasing, failed cnt: 12
[info] position not increasing, failed cnt: 13
[info] position not increasing, failed cnt: 14
[info] position not increasing, failed cnt: 15
[info] position not increasing, failed cnt: 16
[info] position not increasing, failed cnt: 17
[info] position not increasing, failed cnt: 18
[info] position not increasing, failed cnt: 19
[info] position not increasing, failed cnt: 20
[info] position not increasing, failed cnt: 21
[info] position not increasing, failed cnt: 22
[info] position not increasing, failed cnt: 23
[info] position not increasing, failed cnt: 24
[info] position not increasing, failed cnt: 25
[info] position not increasing, failed cnt: 26
[info] position not increasing, failed cnt: 27
[info] position not increasing, failed cnt: 28
[info] position not increasing, failed cnt: 29
[info] position not increasing, failed cnt: 30
[info] position not increasing, failed cnt: 31
[info] position not increasing, failed cnt: 32
[info] position not increasing, failed cnt: 33
[info] position not increasing, failed cnt: 34
[info] position not increasing, failed cnt: 35
[info] position not increasing, failed cnt: 36
[info] position not increasing, failed cnt: 37
[info] position not increasing, failed cnt: 38
[info] position not increasing, failed cnt: 39
[info] position not increasing, failed cnt: 40
[info] position not increasing, failed cnt: 41
[info] position not increasing, failed cnt: 42
[info] position not increasing, failed cnt: 43
[info] position not increasing, failed cnt: 44
[info] position not increasing, failed cnt: 45
[info] position not increasing, failed cnt: 46
[info] position not increasing, failed cnt: 47
[info] position not increasing, failed cnt: 48
[info] position not increasing, failed cnt: 49
[info] position not increasing, failed cnt: 50
[info] position not increasing, failed cnt: 51
[info] position not increasing, failed cnt: 52
[info] position not increasing, failed cnt: 53
[info] position not increasing, failed cnt: 54
[info] position not increasing, failed cnt: 55
[info] position not increasing, failed cnt: 56
[info] position not increasing, failed cnt: 57
[info] position not increasing, failed cnt: 58
[info] position not increasing, failed cnt: 59
[info] position not increasing, failed cnt: 60
[info] position not increasing, failed cnt: 61
[info] position not increasing, failed cnt: 62
[info] position not increasing, failed cnt: 63
[info] position not increasing, failed cnt: 64
[info] position not increasing, failed cnt: 65
[info] position not increasing, failed cnt: 66
[info] position not increasing, failed cnt: 67
[info] position not increasing, failed cnt: 68
[info] position not increasing, failed cnt: 69
[info] position not increasing, failed cnt: 70
[info] position not increasing, failed cnt: 71
[info] position not increasing, failed cnt: 72
[info] position not increasing, failed cnt: 73
[info] position not increasing, failed cnt: 74
[info] position not increasing, failed cnt: 75
[info] position not increasing, failed cnt: 76
[info] position not increasing, failed cnt: 77
[info] position not increasing, failed cnt: 78
[info] position not increasing, failed cnt: 79
[info] position not increasing, failed cnt: 80
[info] position not increasing, failed cnt: 81
[info] position not increasing, failed cnt: 82
[info] position not increasing, failed cnt: 83
[info] position not increasing, failed cnt: 84
[info] position not increasing, failed cnt: 85
[info] position not increasing, failed cnt: 86
[info] position not increasing, failed cnt: 87
[info] position not increasing, failed cnt: 88
[info] position not increasing, failed cnt: 89
[info] position not increasing, failed cnt: 90
[info] position not increasing, failed cnt: 91
[info] position not increasing, failed cnt: 92
[info] position not increasing, failed cnt: 93
[info] position not increasing, failed cnt: 94
[info] position not increasing, failed cnt: 95
[info] position not increasing, failed cnt: 96
[info] position not increasing, failed cnt: 97
[info] position not increasing, failed cnt: 98
[info] position not increasing, failed cnt: 99
[info] position not increasing, failed cnt: 100
[info] position not increasing, failed cnt: 101
[info] position not increasing, failed cnt: 102
[info] position not increasing, failed cnt: 103
[info] position not increasing, failed cnt: 104
[info] position not increasing, failed cnt: 105
[info] position not increasing, failed cnt: 106
[info] position not increasing, failed cnt: 107
[info] position not increasing, failed cnt: 108
[info] position not increasing, failed cnt: 109
[info] position not increasing, failed cnt: 110
[info] position not increasing, failed cnt: 111
[info] position not increasing, failed cnt: 112
[info] position not increasing, failed cnt: 113
[info] position not increasing, failed cnt: 114
[info] position not increasing, failed cnt: 115
[info] position not increasing, failed cnt: 116
[info] position not increasing, failed cnt: 117
[info] position not increasing, failed cnt: 118
[info] position not increasing, failed cnt: 119
[info] position not increasing, failed cnt: 120
[info] position not increasing, failed cnt: 121
[info] position not increasing, failed cnt: 122
[info] position not increasing, failed cnt: 123
[info] position not increasing, failed cnt: 124
[info] position not increasing, failed cnt: 125
[info] position not increasing, failed cnt: 126
[info] position not increasing, failed cnt: 127
[info] position not increasing, failed cnt: 128
[FATAL] model stuck, exiting ...
-- generated events: 592
-- time elapsed: 2.60 secs
7G1ifUUwRSuQCc8wnDgi6T lyrics_all S1 ok=True fail=None 30.64s
[info] position not increasing, failed cnt: 1
[info] position not increasing, failed cnt: 2
[info] position not increasing, failed cnt: 3
[info] position not increasing, failed cnt: 1
[info] position not increasing, failed cnt: 2
[info] position not increasing, failed cnt: 3
[info] position not increasing, failed cnt: 4
[info] position not increasing, failed cnt: 5
[info] position not increasing, failed cnt: 6
[info] position not increasing, failed cnt: 7
[info] position not increasing, failed cnt: 8
[info] position not increasing, failed cnt: 9
[info] position not increasing, failed cnt: 10
[info] position not increasing, failed cnt: 11
[info] position not increasing, failed cnt: 12
[info] position not increasing, failed cnt: 13
[info] position not increasing, failed cnt: 14
[info] position not increasing, failed cnt: 15
[info] position not increasing, failed cnt: 1
[info] position not increasing, failed cnt: 1
[info] position not increasing, failed cnt: 2
[info] position not increasing, failed cnt: 3
[info] position not increasing, failed cnt: 4
[info] position not increasing, failed cnt: 5
[info] position not increasing, failed cnt: 6
[info] position not increasing, failed cnt: 7
[info] position not increasing, failed cnt: 8
[info] position not increasing, failed cnt: 9
[info] position not increasing, failed cnt: 10
[info] position not increasing, failed cnt: 11
[info] position not increasing, failed cnt: 12
[info] position not increasing, failed cnt: 13
[info] position not increasing, failed cnt: 14
[info] position not increasing, failed cnt: 15
[info] position not increasing, failed cnt: 16
[info] position not increasing, failed cnt: 17
[info] position not increasing, failed cnt: 18
[info] position not increasing, failed cnt: 19
[info] position not increasing, failed cnt: 20
[info] position not increasing, failed cnt: 21
[info] position not increasing, failed cnt: 22
[info] position not increasing, failed cnt: 23
[info] position not increasing, failed cnt: 24
[info] position not increasing, failed cnt: 25
[info] position not increasing, failed cnt: 26
[info] position not increasing, failed cnt: 27
[info] position not increasing, failed cnt: 28
[info] position not increasing, failed cnt: 29
[info] position not increasing, failed cnt: 30
[info] position not increasing, failed cnt: 31
[info] position not increasing, failed cnt: 32
[info] position not increasing, failed cnt: 33
[info] position not increasing, failed cnt: 34
[info] position not increasing, failed cnt: 35
[info] position not increasing, failed cnt: 36
[info] position not increasing, failed cnt: 37
[info] position not increasing, failed cnt: 38
[info] position not increasing, failed cnt: 39
[info] position not increasing, failed cnt: 40
[info] position not increasing, failed cnt: 41
[info] position not increasing, failed cnt: 42
[info] position not increasing, failed cnt: 43
[info] position not increasing, failed cnt: 44
[info] position not increasing, failed cnt: 45
[info] position not increasing, failed cnt: 46
[info] position not increasing, failed cnt: 47
[info] position not increasing, failed cnt: 48
[info] position not increasing, failed cnt: 49
[info] position not increasing, failed cnt: 50
[info] position not increasing, failed cnt: 51
[info] position not increasing, failed cnt: 52
[info] position not increasing, failed cnt: 53
[info] position not increasing, failed cnt: 54
[info] position not increasing, failed cnt: 55
[info] position not increasing, failed cnt: 56
[info] position not increasing, failed cnt: 57
[info] position not increasing, failed cnt: 58
[info] position not increasing, failed cnt: 59
[info] position not increasing, failed cnt: 60
[info] position not increasing, failed cnt: 61
[info] position not increasing, failed cnt: 62
[info] position not increasing, failed cnt: 63
[info] position not increasing, failed cnt: 64
[info] position not increasing, failed cnt: 65
[info] position not increasing, failed cnt: 66
[info] position not increasing, failed cnt: 67
[info] position not increasing, failed cnt: 68
[info] position not increasing, failed cnt: 69
[info] position not increasing, failed cnt: 70
[info] position not increasing, failed cnt: 71
[info] position not increasing, failed cnt: 72
[info] position not increasing, failed cnt: 73
[info] position not increasing, failed cnt: 74
[info] position not increasing, failed cnt: 75
[info] position not increasing, failed cnt: 76
[info] position not increasing, failed cnt: 77
[info] position not increasing, failed cnt: 78
[info] position not increasing, failed cnt: 79
[info] position not increasing, failed cnt: 80
[info] position not increasing, failed cnt: 81
[info] position not increasing, failed cnt: 82
[info] position not increasing, failed cnt: 83
[info] position not increasing, failed cnt: 84
[info] position not increasing, failed cnt: 85
[info] position not increasing, failed cnt: 86
[info] position not increasing, failed cnt: 87
[info] position not increasing, failed cnt: 88
[info] position not increasing, failed cnt: 89
[info] position not increasing, failed cnt: 90
[info] position not increasing, failed cnt: 91
[info] position not increasing, failed cnt: 92
[info] position not increasing, failed cnt: 93
[info] position not increasing, failed cnt: 94
[info] position not increasing, failed cnt: 95
[info] position not increasing, failed cnt: 96
[info] position not increasing, failed cnt: 97
[info] position not increasing, failed cnt: 98
[info] position not increasing, failed cnt: 99
[info] position not increasing, failed cnt: 100
[info] position not increasing, failed cnt: 101
[info] position not increasing, failed cnt: 102
[info] position not increasing, failed cnt: 103
[info] position not increasing, failed cnt: 104
[info] position not increasing, failed cnt: 105
[info] position not increasing, failed cnt: 106
[info] position not increasing, failed cnt: 107
[info] position not increasing, failed cnt: 108
[info] position not increasing, failed cnt: 109
[info] position not increasing, failed cnt: 110
[info] position not increasing, failed cnt: 111
[info] position not increasing, failed cnt: 112
[info] position not increasing, failed cnt: 113
[info] position not increasing, failed cnt: 114
[info] position not increasing, failed cnt: 115
[info] position not increasing, failed cnt: 116
[info] position not increasing, failed cnt: 117
[info] position not increasing, failed cnt: 118
[info] position not increasing, failed cnt: 119
[info] position not increasing, failed cnt: 120
[info] position not increasing, failed cnt: 121
[info] position not increasing, failed cnt: 122
[info] position not increasing, failed cnt: 123
[info] position not increasing, failed cnt: 124
[info] position not increasing, failed cnt: 125
[info] position not increasing, failed cnt: 126
[info] position not increasing, failed cnt: 127
[info] position not increasing, failed cnt: 128
[FATAL] model stuck, exiting ...
[info] position not increasing, failed cnt: 1
[info] position not increasing, failed cnt: 2
[info] position not increasing, failed cnt: 3
[info] position not increasing, failed cnt: 4
[info] position not increasing, failed cnt: 5
[info] position not increasing, failed cnt: 6
[info] position not increasing, failed cnt: 7
[info] position not increasing, failed cnt: 8
[info] position not increasing, failed cnt: 9
[info] position not increasing, failed cnt: 10
[info] position not increasing, failed cnt: 1
[info] position not increasing, failed cnt: 2
[info] position not increasing, failed cnt: 3
[info] position not increasing, failed cnt: 4
[info] position not increasing, failed cnt: 5
[info] position not increasing, failed cnt: 6
[info] position not increasing, failed cnt: 7
[info] position not increasing, failed cnt: 8
[info] position not increasing, failed cnt: 9
[info] position not increasing, failed cnt: 10
[info] position not increasing, failed cnt: 11
[info] position not increasing, failed cnt: 12
[info] position not increasing, failed cnt: 13
[info] position not increasing, failed cnt: 14
[info] position not increasing, failed cnt: 15
[info] position not increasing, failed cnt: 16
[info] position not increasing, failed cnt: 17
[info] position not increasing, failed cnt: 18
[info] position not increasing, failed cnt: 19
[info] position not increasing, failed cnt: 20
[info] position not increasing, failed cnt: 21
[info] position not increasing, failed cnt: 22
[info] position not increasing, failed cnt: 23
[info] position not increasing, failed cnt: 24
[info] position not increasing, failed cnt: 25
[info] position not increasing, failed cnt: 26
[info] position not increasing, failed cnt: 27
[info] position not increasing, failed cnt: 28
[info] position not increasing, failed cnt: 29
[info] position not increasing, failed cnt: 30
[info] position not increasing, failed cnt: 31
[info] position not increasing, failed cnt: 32
[info] position not increasing, failed cnt: 33
[info] position not increasing, failed cnt: 34
[info] position not increasing, failed cnt: 35
[info] position not increasing, failed cnt: 36
[info] position not increasing, failed cnt: 37
[info] position not increasing, failed cnt: 38
[info] position not increasing, failed cnt: 39
[info] position not increasing, failed cnt: 40
[info] position not increasing, failed cnt: 41
[info] position not increasing, failed cnt: 42
[info] position not increasing, failed cnt: 43
[info] position not increasing, failed cnt: 44
[info] position not increasing, failed cnt: 45
[info] position not increasing, failed cnt: 46
[info] position not increasing, failed cnt: 47
[info] position not increasing, failed cnt: 48
[info] position not increasing, failed cnt: 49
[info] position not increasing, failed cnt: 50
[info] position not increasing, failed cnt: 51
[info] position not increasing, failed cnt: 52
[info] position not increasing, failed cnt: 53
[info] position not increasing, failed cnt: 54
[info] position not increasing, failed cnt: 55
[info] position not increasing, failed cnt: 56
[info] position not increasing, failed cnt: 57
[info] position not increasing, failed cnt: 58
[info] position not increasing, failed cnt: 59
[info] position not increasing, failed cnt: 60
[info] position not increasing, failed cnt: 61
[info] position not increasing, failed cnt: 62
[info] position not increasing, failed cnt: 63
[info] position not increasing, failed cnt: 64
[info] position not increasing, failed cnt: 65
[info] position not increasing, failed cnt: 66
[info] position not increasing, failed cnt: 67
[info] position not increasing, failed cnt: 68
[info] position not increasing, failed cnt: 69
[info] position not increasing, failed cnt: 70
[info] position not increasing, failed cnt: 71
[info] position not increasing, failed cnt: 72
[info] position not increasing, failed cnt: 73
[info] position not increasing, failed cnt: 74
[info] position not increasing, failed cnt: 75
[info] position not increasing, failed cnt: 76
[info] position not increasing, failed cnt: 77
[info] position not increasing, failed cnt: 78
[info] position not increasing, failed cnt: 79
[info] position not increasing, failed cnt: 80
[info] position not increasing, failed cnt: 81
[info] position not increasing, failed cnt: 82
[info] position not increasing, failed cnt: 83
[info] position not increasing, failed cnt: 84
[info] position not increasing, failed cnt: 85
[info] position not increasing, failed cnt: 86
[info] position not increasing, failed cnt: 87
[info] position not increasing, failed cnt: 88
[info] position not increasing, failed cnt: 89
[info] position not increasing, failed cnt: 90
[info] position not increasing, failed cnt: 91
[info] position not increasing, failed cnt: 92
[info] position not increasing, failed cnt: 93
[info] position not increasing, failed cnt: 94
[info] position not increasing, failed cnt: 95
[info] position not increasing, failed cnt: 96
[info] position not increasing, failed cnt: 97
[info] position not increasing, failed cnt: 98
[info] position not increasing, failed cnt: 99
[info] position not increasing, failed cnt: 100
[info] position not increasing, failed cnt: 101
[info] position not increasing, failed cnt: 102
[info] position not increasing, failed cnt: 103
[info] position not increasing, failed cnt: 104
[info] position not increasing, failed cnt: 105
[info] position not increasing, failed cnt: 106
[info] position not increasing, failed cnt: 107
[info] position not increasing, failed cnt: 108
[info] position not increasing, failed cnt: 109
[info] position not increasing, failed cnt: 110
[info] position not increasing, failed cnt: 111
[info] position not increasing, failed cnt: 112
[info] position not increasing, failed cnt: 113
[info] position not increasing, failed cnt: 114
[info] position not increasing, failed cnt: 115
[info] position not increasing, failed cnt: 116
[info] position not increasing, failed cnt: 117
[info] position not increasing, failed cnt: 118
[info] position not increasing, failed cnt: 119
[info] position not increasing, failed cnt: 120
[info] position not increasing, failed cnt: 121
[info] position not increasing, failed cnt: 122
[info] position not increasing, failed cnt: 123
[info] position not increasing, failed cnt: 124
[info] position not increasing, failed cnt: 125
[info] position not increasing, failed cnt: 126
[info] position not increasing, failed cnt: 127
[info] position not increasing, failed cnt: 128
[FATAL] model stuck, exiting ...
-- generated events: 1950
-- time elapsed: 24.75 secs
7IE2jtO8pkWtcSdj71OnlT orig S1 ok=True fail=None 53.46s
[info] position not increasing, failed cnt: 1
[info] position not increasing, failed cnt: 2
[info] position not increasing, failed cnt: 3
[info] position not increasing, failed cnt: 4
[info] position not increasing, failed cnt: 5
-- generated events: 701
-- time elapsed: 3.33 secs
7fnhHkS67SrSqsWpwkD6CM lyrics_all S1 ok=True fail=None 3.38s
-- generated events: 1079
-- time elapsed: 6.58 secs
7jDM04sebBiBcWysWcvSFx orig S1 ok=True fail=None 6.63s
[info] position not increasing, failed cnt: 1
-- generated events: 813
-- time elapsed: 4.08 secs
7ntQ7iPTYMS4LLAumzJQ7R lyrics_all S1 ok=True fail=None 4.12s
-- generated events: 971
-- time elapsed: 5.42 secs
7ozbJ4EX6Ps7AqVpZ2sDnT orig S1 ok=True fail=None 5.47s
[info] position not increasing, failed cnt: 1
[info] position not increasing, failed cnt: 2
[info] position not increasing, failed cnt: 3
[info] position not increasing, failed cnt: 4
[info] position not increasing, failed cnt: 5
[info] position not increasing, failed cnt: 6
[info] position not increasing, failed cnt: 7
[info] position not increasing, failed cnt: 8
[info] position not increasing, failed cnt: 9
[info] position not increasing, failed cnt: 10
[info] position not increasing, failed cnt: 11
[info] position not increasing, failed cnt: 12
[info] position not increasing, failed cnt: 13
[info] position not increasing, failed cnt: 14
[info] position not increasing, failed cnt: 15
[info] position not increasing, failed cnt: 16
[info] position not increasing, failed cnt: 17
[info] position not increasing, failed cnt: 18
[info] position not increasing, failed cnt: 19
[info] position not increasing, failed cnt: 20
[info] position not increasing, failed cnt: 21
[info] position not increasing, failed cnt: 22
[info] position not increasing, failed cnt: 23
[info] position not increasing, failed cnt: 24
[info] position not increasing, failed cnt: 25
[info] position not increasing, failed cnt: 26
[info] position not increasing, failed cnt: 27
[info] position not increasing, failed cnt: 28
[info] position not increasing, failed cnt: 29
[info] position not increasing, failed cnt: 30
[info] position not increasing, failed cnt: 31
[info] position not increasing, failed cnt: 32
[info] position not increasing, failed cnt: 33
[info] position not increasing, failed cnt: 34
[info] position not increasing, failed cnt: 35
[info] position not increasing, failed cnt: 36
[info] position not increasing, failed cnt: 37
[info] position not increasing, failed cnt: 38
[info] position not increasing, failed cnt: 39
[info] position not increasing, failed cnt: 40
[info] position not increasing, failed cnt: 41
[info] position not increasing, failed cnt: 42
[info] position not increasing, failed cnt: 43
[info] position not increasing, failed cnt: 44
[info] position not increasing, failed cnt: 45
[info] position not increasing, failed cnt: 46
[info] position not increasing, failed cnt: 47
[info] position not increasing, failed cnt: 48
[info] position not increasing, failed cnt: 49
[info] position not increasing, failed cnt: 50
[info] position not increasing, failed cnt: 51
[info] position not increasing, failed cnt: 52
[info] position not increasing, failed cnt: 53
[info] position not increasing, failed cnt: 54
[info] position not increasing, failed cnt: 55
[info] position not increasing, failed cnt: 56
[info] position not increasing, failed cnt: 57
[info] position not increasing, failed cnt: 58
[info] position not increasing, failed cnt: 59
[info] position not increasing, failed cnt: 60
[info] position not increasing, failed cnt: 61
[info] position not increasing, failed cnt: 62
[info] position not increasing, failed cnt: 63
[info] position not increasing, failed cnt: 64
[info] position not increasing, failed cnt: 65
[info] position not increasing, failed cnt: 66
[info] position not increasing, failed cnt: 67
[info] position not increasing, failed cnt: 68
[info] position not increasing, failed cnt: 69
[info] position not increasing, failed cnt: 70
[info] position not increasing, failed cnt: 71
[info] position not increasing, failed cnt: 72
[info] position not increasing, failed cnt: 73
[info] position not increasing, failed cnt: 74
[info] position not increasing, failed cnt: 75
[info] position not increasing, failed cnt: 76
[info] position not increasing, failed cnt: 77
[info] position not increasing, failed cnt: 78
[info] position not increasing, failed cnt: 79
[info] position not increasing, failed cnt: 80
[info] position not increasing, failed cnt: 81
[info] position not increasing, failed cnt: 82
[info] position not increasing, failed cnt: 83
[info] position not increasing, failed cnt: 84
[info] position not increasing, failed cnt: 85
[info] position not increasing, failed cnt: 86
[info] position not increasing, failed cnt: 87
[info] position not increasing, failed cnt: 88
[info] position not increasing, failed cnt: 89
[info] position not increasing, failed cnt: 90
[info] position not increasing, failed cnt: 91
[info] position not increasing, failed cnt: 92
[info] position not increasing, failed cnt: 93
[info] position not increasing, failed cnt: 94
[info] position not increasing, failed cnt: 95
[info] position not increasing, failed cnt: 96
[info] position not increasing, failed cnt: 97
[info] position not increasing, failed cnt: 98
[info] position not increasing, failed cnt: 99
[info] position not increasing, failed cnt: 100
[info] position not increasing, failed cnt: 101
[info] position not increasing, failed cnt: 102
[info] position not increasing, failed cnt: 103
[info] position not increasing, failed cnt: 104
[info] position not increasing, failed cnt: 105
[info] position not increasing, failed cnt: 106
[info] position not increasing, failed cnt: 107
[info] position not increasing, failed cnt: 108
[info] position not increasing, failed cnt: 109
[info] position not increasing, failed cnt: 110
[info] position not increasing, failed cnt: 111
[info] position not increasing, failed cnt: 112
[info] position not increasing, failed cnt: 113
[info] position not increasing, failed cnt: 114
[info] position not increasing, failed cnt: 115
[info] position not increasing, failed cnt: 116
[info] position not increasing, failed cnt: 117
[info] position not increasing, failed cnt: 118
[info] position not increasing, failed cnt: 119
[info] position not increasing, failed cnt: 120
[info] position not increasing, failed cnt: 121
[info] position not increasing, failed cnt: 122
[info] position not increasing, failed cnt: 123
[info] position not increasing, failed cnt: 124
[info] position not increasing, failed cnt: 125
[info] position not increasing, failed cnt: 126
[info] position not increasing, failed cnt: 127
[info] position not increasing, failed cnt: 128
[FATAL] model stuck, exiting ...
-- generated events: 1428
-- time elapsed: 11.87 secs
7q5MNn6t2YpWawZvWDpAhv lyrics_all S1 ok=True fail=None 14.64s
-- generated events: 1233
-- time elapsed: 8.62 secs
7urNxXDmuL6xVKEOoEY41E orig S1 ok=True fail=None 8.67s
-- generated events: 1008
-- time elapsed: 5.81 secs
7v46DZBqB4xmaTHRygC8gy lyrics_all S1 ok=True fail=None 5.86s
-- generated events: 1035
-- time elapsed: 6.02 secs
7zvq0c9K75w1mijevp7GPQ orig S1 ok=True fail=None 6.07s
CSL_INFER_DONE
end=2026-09-29T11:27:03-07:00 GPU_OK
