job=40767870 array=40765886_5 host=g3113 gpu=NVIDIA L40S start=2026-09-27T04:56:21-07:00 commit=b7edc012ae318ffac8b2749a830cdaf6f471ca3c cmd=$PY -m paper_eval.component_sota.csl_l2m infer --which official --chunked --shard $SHARD --num-shards $NSHARDS
csl_offc: tasks 1800 shard 225 todo 225
/gscratch/ark/pingw220/miniconda3/envs/midi-sag/lib/python3.9/site-packages/jieba/_compat.py:18: UserWarning: pkg_resources is deprecated as an API. See https://setuptools.pypa.io/en/latest/pkg_resources.html. The pkg_resources package is slated for removal as early as 2025-11-30. Refrain from using this package or pin to Setuptools<81.
  import pkg_resources
/gscratch/ark/pingw220/miniconda3/envs/midi-sag/lib/python3.9/site-packages/torch/nn/modules/transformer.py:379: UserWarning: enable_nested_tensor is True, but self.use_nested_tensor is False because encoder_layer.self_attn.batch_first was not True(use batch_first for better inference performance)
  warnings.warn(
/mmfs1/gscratch/scrubbed/pingw220/music_acc/Qwen-ABC-component/paper_eval/component_sota/csl_l2m.py:189: FutureWarning: You are using `torch.load` with `weights_only=False` (the current default value), which uses the default pickle module implicitly. It is possible to construct malicious pickle data which will execute arbitrary code during unpickling (See https://github.com/pytorch/pytorch/blob/main/SECURITY.md#untrusted-models for more details). In a future release, the default value for `weights_only` will be flipped to `True`. This limits the functions that could be executed during unpickling. Arbitrary objects will no longer be allowed to be loaded via this mode unless they are explicitly allowlisted by the user via `torch.serialization.add_safe_globals`. We recommend you start setting `weights_only=True` for any use case where you don't have full control of the loaded file. Please open an issue on GitHub for any issues related to this experimental feature.
  sd = torch.load(ckpt, map_location="cpu")
load: {"missing": [], "unexpected": ["notedensity_emb.emb_lookup.weight", "lyricVSnote_emb.emb_lookup.weight", "meanpitch_emb.emb_lookup.weight", "meanduration_emb.emb_lookup.weight"], "ckpt": "/gscratch/ark/pingw220/third_party/csl_l2m_ckpt/pretrained_CSLL2M_onlyLyrics.pt", "config": "/mmfs1/gscratch/scrubbed/pingw220/music_acc/Qwen-ABC-component/configs/component_sota/csl_l2m_onlylyrics_official.yaml"}
[info] position not increasing, failed cnt: 1
[info] position not increasing, failed cnt: 2
[info] position not increasing, failed cnt: 3
[info] position not increasing, failed cnt: 4
[info] position not increasing, failed cnt: 5
[info] position not increasing, failed cnt: 6
[info] position not increasing, failed cnt: 7
[info] position not increasing, failed cnt: 8
[info] position not increasing, failed cnt: 9
-- generated events: 709
-- time elapsed: 3.37 secs
-- generated events: 783
-- time elapsed: 3.65 secs
[info] position not increasing, failed cnt: 1
[info] position not increasing, failed cnt: 2
[info] position not increasing, failed cnt: 3
[info] position not increasing, failed cnt: 4
[info] position not increasing, failed cnt: 5
[info] position not increasing, failed cnt: 6
[info] position not increasing, failed cnt: 7
[info] position not increasing, failed cnt: 8
[info] position not increasing, failed cnt: 9
[info] position not increasing, failed cnt: 10
[info] position not increasing, failed cnt: 11
[info] position not increasing, failed cnt: 12
[info] position not increasing, failed cnt: 13
[info] position not increasing, failed cnt: 14
[info] position not increasing, failed cnt: 15
[info] position not increasing, failed cnt: 16
[info] position not increasing, failed cnt: 17
[info] position not increasing, failed cnt: 18
[info] position not increasing, failed cnt: 19
[info] position not increasing, failed cnt: 20
[info] position not increasing, failed cnt: 21
[info] position not increasing, failed cnt: 22
[info] position not increasing, failed cnt: 23
[info] position not increasing, failed cnt: 24
[info] position not increasing, failed cnt: 25
[info] position not increasing, failed cnt: 26
[info] position not increasing, failed cnt: 27
[info] position not increasing, failed cnt: 28
[info] position not increasing, failed cnt: 29
[info] position not increasing, failed cnt: 30
[info] position not increasing, failed cnt: 31
[info] position not increasing, failed cnt: 32
[info] position not increasing, failed cnt: 33
[info] position not increasing, failed cnt: 34
[info] position not increasing, failed cnt: 35
[info] position not increasing, failed cnt: 36
[info] position not increasing, failed cnt: 37
[info] position not increasing, failed cnt: 38
[info] position not increasing, failed cnt: 39
[info] position not increasing, failed cnt: 40
[info] position not increasing, failed cnt: 41
[info] position not increasing, failed cnt: 42
[info] position not increasing, failed cnt: 43
[info] position not increasing, failed cnt: 44
[info] position not increasing, failed cnt: 45
[info] position not increasing, failed cnt: 46
[info] position not increasing, failed cnt: 47
[info] position not increasing, failed cnt: 48
[info] position not increasing, failed cnt: 49
[info] position not increasing, failed cnt: 50
[info] position not increasing, failed cnt: 51
[info] position not increasing, failed cnt: 52
[info] position not increasing, failed cnt: 53
[info] position not increasing, failed cnt: 54
[info] position not increasing, failed cnt: 55
[info] position not increasing, failed cnt: 56
[info] position not increasing, failed cnt: 57
[info] position not increasing, failed cnt: 58
[info] position not increasing, failed cnt: 59
[info] position not increasing, failed cnt: 60
[info] position not increasing, failed cnt: 61
[info] position not increasing, failed cnt: 62
[info] position not increasing, failed cnt: 63
[info] position not increasing, failed cnt: 64
[info] position not increasing, failed cnt: 65
[info] position not increasing, failed cnt: 66
[info] position not increasing, failed cnt: 67
[info] position not increasing, failed cnt: 68
[info] position not increasing, failed cnt: 69
[info] position not increasing, failed cnt: 70
[info] position not increasing, failed cnt: 71
[info] position not increasing, failed cnt: 72
[info] position not increasing, failed cnt: 73
[info] position not increasing, failed cnt: 74
[info] position not increasing, failed cnt: 75
[info] position not increasing, failed cnt: 76
[info] position not increasing, failed cnt: 77
[info] position not increasing, failed cnt: 78
[info] position not increasing, failed cnt: 79
[info] position not increasing, failed cnt: 80
[info] position not increasing, failed cnt: 81
[info] position not increasing, failed cnt: 82
[info] position not increasing, failed cnt: 83
[info] position not increasing, failed cnt: 84
[info] position not increasing, failed cnt: 85
[info] position not increasing, failed cnt: 86
[info] position not increasing, failed cnt: 87
[info] position not increasing, failed cnt: 88
[info] position not increasing, failed cnt: 89
[info] position not increasing, failed cnt: 90
[info] position not increasing, failed cnt: 91
[info] position not increasing, failed cnt: 92
[info] position not increasing, failed cnt: 93
[info] position not increasing, failed cnt: 94
[info] position not increasing, failed cnt: 95
[info] position not increasing, failed cnt: 96
[info] position not increasing, failed cnt: 97
[info] position not increasing, failed cnt: 98
[info] position not increasing, failed cnt: 99
[info] position not increasing, failed cnt: 100
[info] position not increasing, failed cnt: 101
[info] position not increasing, failed cnt: 102
[info] position not increasing, failed cnt: 103
[info] position not increasing, failed cnt: 104
[info] position not increasing, failed cnt: 105
[info] position not increasing, failed cnt: 106
[info] position not increasing, failed cnt: 107
[info] position not increasing, failed cnt: 108
[info] position not increasing, failed cnt: 109
[info] position not increasing, failed cnt: 110
[info] position not increasing, failed cnt: 111
[info] position not increasing, failed cnt: 112
[info] position not increasing, failed cnt: 113
[info] position not increasing, failed cnt: 114
[info] position not increasing, failed cnt: 115
[info] position not increasing, failed cnt: 116
[info] position not increasing, failed cnt: 117
[info] position not increasing, failed cnt: 118
[info] position not increasing, failed cnt: 119
[info] position not increasing, failed cnt: 120
[info] position not increasing, failed cnt: 121
[info] position not increasing, failed cnt: 122
[info] position not increasing, failed cnt: 123
[info] position not increasing, failed cnt: 124
[info] position not increasing, failed cnt: 125
[info] position not increasing, failed cnt: 126
[info] position not increasing, failed cnt: 127
[info] position not increasing, failed cnt: 128
[FATAL] model stuck, exiting ...
-- generated events: 367
-- time elapsed: 1.42 secs
05QmUFMQMUYV3CCVgs8G6Z lyrics_all S2 ok=True fail=None 9.74s
05Yqjul6jLsld0Vh8K36KH lyrics_all S2 ok=False fail=unsupported_meter 0.0s
09RY5jQZ5kNoMSU5toQlfU lyrics_all S2 ok=False fail=unsupported_meter 0.0s
-- generated events: 1014
-- time elapsed: 5.49 secs
-- generated events: 371
-- time elapsed: 1.43 secs
09d4jeFypKBWzZVfHKBeVY lyrics_all S2 ok=True fail=None 7.03s
-- generated events: 595
-- time elapsed: 2.50 secs
[info] position not increasing, failed cnt: 1
[info] position not increasing, failed cnt: 2
[info] position not increasing, failed cnt: 3
-- generated events: 484
-- time elapsed: 1.94 secs
0A4ehMRLl7v8TFyhSbdkh8 lyrics_all S2 ok=True fail=None 4.54s
-- generated events: 738
-- time elapsed: 3.33 secs
-- generated events: 669
-- time elapsed: 2.90 secs
-- generated events: 262
-- time elapsed: 0.98 secs
0B1k0zh8Rsa1aE7LgF6eHi lyrics_all S2 ok=True fail=None 7.37s
-- generated events: 903
-- time elapsed: 4.54 secs
[info] error EOS occurs, failed eos: 1
-- generated events: 607
-- time elapsed: 2.55 secs
0BetT2tdyEMm4FTs2y464B lyrics_all S2 ok=True fail=None 7.2s
-- generated events: 666
-- time elapsed: 2.89 secs
-- generated events: 387
-- time elapsed: 1.50 secs
0CxfpbQfmX4bR6mA6aarL3 lyrics_all S2 ok=True fail=None 4.5s
[info] position not increasing, failed cnt: 1
-- generated events: 550
-- time elapsed: 2.23 secs
[info] position not increasing, failed cnt: 1
[info] position not increasing, failed cnt: 2
[info] position not increasing, failed cnt: 3
[info] position not increasing, failed cnt: 4
-- generated events: 552
-- time elapsed: 2.27 secs
0FadVuelB7Srb98yUbTbwI lyrics_all S2 ok=True fail=None 4.6s
0FdW541km7r4Zh7hq02jBZ lyrics_all S2 ok=False fail=unsupported_meter 0.0s
-- generated events: 527
-- time elapsed: 2.12 secs
0GX8F6CUMYSh0WLvTIR0vF lyrics_all S2 ok=True fail=None 2.17s
-- generated events: 942
-- time elapsed: 4.86 secs
-- generated events: 254
-- time elapsed: 0.95 secs
0ITY3kOaEoiDxaCI88jET6 lyrics_all S2 ok=True fail=None 5.91s
-- generated events: 1067
-- time elapsed: 6.00 secs
0TdPZ2mnbhww9mVUiZZhX5 lyrics_all S2 ok=True fail=None 6.06s
-- generated events: 940
-- time elapsed: 4.85 secs
-- generated events: 817
-- time elapsed: 3.88 secs
0XV81gUVudUkxWP4x6rJhW lyrics_all S2 ok=True fail=None 8.84s
-- generated events: 482
-- time elapsed: 1.92 secs
-- generated events: 103
-- time elapsed: 0.37 secs
0YZZPAvQgazIok3JIr8mEy lyrics_all S2 ok=True fail=None 2.38s
-- generated events: 1023
-- time elapsed: 5.55 secs
-- generated events: 687
-- time elapsed: 3.01 secs
0ZMWpv0aFBioxywoXsmaId lyrics_all S2 ok=True fail=None 8.66s
-- generated events: 947
-- time elapsed: 4.90 secs
-- generated events: 656
-- time elapsed: 2.83 secs
0ccEIUOa32bbAoGaPHGQuX lyrics_all S2 ok=True fail=None 7.83s
-- generated events: 486
-- time elapsed: 1.92 secs
-- generated events: 351
-- time elapsed: 1.34 secs
0exfMqddpIIZQbZZny68Rc lyrics_all S2 ok=True fail=None 3.37s
-- generated events: 934
-- time elapsed: 4.80 secs
[info] position not increasing, failed cnt: 1
[info] position not increasing, failed cnt: 1
[info] position not increasing, failed cnt: 1
[info] position not increasing, failed cnt: 2
[info] position not increasing, failed cnt: 3
[info] position not increasing, failed cnt: 4
[info] position not increasing, failed cnt: 5
[info] position not increasing, failed cnt: 6
[info] position not increasing, failed cnt: 7
[info] position not increasing, failed cnt: 8
[info] position not increasing, failed cnt: 9
[info] position not increasing, failed cnt: 10
[info] position not increasing, failed cnt: 11
[info] position not increasing, failed cnt: 12
[info] position not increasing, failed cnt: 13
[info] position not increasing, failed cnt: 14
[info] position not increasing, failed cnt: 15
[info] position not increasing, failed cnt: 16
[info] position not increasing, failed cnt: 17
[info] position not increasing, failed cnt: 18
[info] position not increasing, failed cnt: 19
[info] position not increasing, failed cnt: 20
[info] position not increasing, failed cnt: 21
[info] position not increasing, failed cnt: 22
[info] position not increasing, failed cnt: 23
[info] position not increasing, failed cnt: 24
[info] position not increasing, failed cnt: 25
[info] position not increasing, failed cnt: 26
[info] position not increasing, failed cnt: 27
[info] position not increasing, failed cnt: 28
[info] position not increasing, failed cnt: 29
[info] position not increasing, failed cnt: 30
[info] position not increasing, failed cnt: 31
[info] position not increasing, failed cnt: 32
[info] position not increasing, failed cnt: 33
[info] position not increasing, failed cnt: 34
[info] position not increasing, failed cnt: 35
[info] position not increasing, failed cnt: 36
[info] position not increasing, failed cnt: 37
[info] position not increasing, failed cnt: 38
[info] position not increasing, failed cnt: 39
[info] position not increasing, failed cnt: 40
[info] position not increasing, failed cnt: 41
[info] position not increasing, failed cnt: 42
[info] position not increasing, failed cnt: 43
[info] position not increasing, failed cnt: 44
[info] position not increasing, failed cnt: 45
[info] position not increasing, failed cnt: 46
[info] position not increasing, failed cnt: 47
[info] position not increasing, failed cnt: 48
[info] position not increasing, failed cnt: 49
[info] position not increasing, failed cnt: 50
[info] position not increasing, failed cnt: 51
[info] position not increasing, failed cnt: 52
[info] position not increasing, failed cnt: 53
[info] position not increasing, failed cnt: 54
[info] position not increasing, failed cnt: 55
[info] position not increasing, failed cnt: 56
[info] position not increasing, failed cnt: 57
[info] position not increasing, failed cnt: 58
[info] position not increasing, failed cnt: 59
[info] position not increasing, failed cnt: 60
[info] position not increasing, failed cnt: 61
[info] position not increasing, failed cnt: 62
[info] position not increasing, failed cnt: 63
[info] position not increasing, failed cnt: 64
[info] position not increasing, failed cnt: 65
[info] position not increasing, failed cnt: 66
[info] position not increasing, failed cnt: 67
[info] position not increasing, failed cnt: 68
[info] position not increasing, failed cnt: 69
[info] position not increasing, failed cnt: 70
[info] position not increasing, failed cnt: 71
[info] position not increasing, failed cnt: 72
[info] position not increasing, failed cnt: 73
[info] position not increasing, failed cnt: 74
[info] position not increasing, failed cnt: 75
[info] position not increasing, failed cnt: 76
[info] position not increasing, failed cnt: 77
[info] position not increasing, failed cnt: 78
[info] position not increasing, failed cnt: 79
[info] position not increasing, failed cnt: 80
[info] position not increasing, failed cnt: 81
[info] position not increasing, failed cnt: 82
[info] position not increasing, failed cnt: 83
[info] position not increasing, failed cnt: 84
[info] position not increasing, failed cnt: 85
[info] position not increasing, failed cnt: 86
[info] position not increasing, failed cnt: 87
[info] position not increasing, failed cnt: 88
[info] position not increasing, failed cnt: 89
[info] position not increasing, failed cnt: 90
[info] position not increasing, failed cnt: 91
[info] position not increasing, failed cnt: 92
[info] position not increasing, failed cnt: 93
[info] position not increasing, failed cnt: 94
[info] position not increasing, failed cnt: 95
[info] position not increasing, failed cnt: 96
[info] position not increasing, failed cnt: 97
[info] position not increasing, failed cnt: 98
[info] position not increasing, failed cnt: 99
[info] position not increasing, failed cnt: 100
[info] position not increasing, failed cnt: 101
[info] position not increasing, failed cnt: 102
[info] position not increasing, failed cnt: 103
[info] position not increasing, failed cnt: 104
[info] position not increasing, failed cnt: 105
[info] position not increasing, failed cnt: 106
[info] position not increasing, failed cnt: 107
[info] position not increasing, failed cnt: 108
[info] position not increasing, failed cnt: 109
[info] position not increasing, failed cnt: 110
[info] position not increasing, failed cnt: 111
[info] position not increasing, failed cnt: 112
[info] position not increasing, failed cnt: 113
[info] position not increasing, failed cnt: 114
[info] position not increasing, failed cnt: 115
[info] position not increasing, failed cnt: 116
[info] position not increasing, failed cnt: 117
[info] position not increasing, failed cnt: 118
[info] position not increasing, failed cnt: 119
[info] position not increasing, failed cnt: 120
[info] position not increasing, failed cnt: 121
[info] position not increasing, failed cnt: 122
[info] position not increasing, failed cnt: 123
[info] position not increasing, failed cnt: 124
[info] position not increasing, failed cnt: 125
[info] position not increasing, failed cnt: 126
[info] position not increasing, failed cnt: 127
[info] position not increasing, failed cnt: 128
[FATAL] model stuck, exiting ...
-- generated events: 710
-- time elapsed: 3.16 secs
0hzBWWiSp4x1dzcorjP9FN lyrics_all S2 ok=True fail=None 12.95s
-- generated events: 581
-- time elapsed: 2.40 secs
-- generated events: 656
-- time elapsed: 2.83 secs
-- generated events: 224
-- time elapsed: 0.83 secs
0j9LdgpOzc5zMjq4hBlUcn lyrics_all S2 ok=True fail=None 6.22s
-- generated events: 892
-- time elapsed: 4.45 secs
0jcOCNg3QQCYcwM4s8JyZI lyrics_all S2 ok=True fail=None 4.5s
[info] position not increasing, failed cnt: 1
[info] position not increasing, failed cnt: 2
[info] position not increasing, failed cnt: 1
[info] position not increasing, failed cnt: 2
[info] position not increasing, failed cnt: 3
[info] position not increasing, failed cnt: 4
[info] position not increasing, failed cnt: 5
[info] position not increasing, failed cnt: 6
[info] position not increasing, failed cnt: 7
[info] position not increasing, failed cnt: 8
[info] position not increasing, failed cnt: 9
[info] position not increasing, failed cnt: 10
[info] position not increasing, failed cnt: 11
[info] position not increasing, failed cnt: 12
[info] position not increasing, failed cnt: 13
[info] position not increasing, failed cnt: 14
[info] position not increasing, failed cnt: 15
[info] position not increasing, failed cnt: 16
[info] position not increasing, failed cnt: 17
[info] position not increasing, failed cnt: 18
[info] position not increasing, failed cnt: 19
[info] position not increasing, failed cnt: 20
[info] position not increasing, failed cnt: 21
[info] position not increasing, failed cnt: 22
[info] position not increasing, failed cnt: 23
[info] position not increasing, failed cnt: 24
[info] position not increasing, failed cnt: 25
[info] position not increasing, failed cnt: 26
[info] position not increasing, failed cnt: 27
[info] position not increasing, failed cnt: 28
[info] position not increasing, failed cnt: 29
[info] position not increasing, failed cnt: 30
[info] position not increasing, failed cnt: 31
[info] position not increasing, failed cnt: 32
[info] position not increasing, failed cnt: 33
[info] position not increasing, failed cnt: 34
[info] position not increasing, failed cnt: 35
[info] position not increasing, failed cnt: 36
[info] position not increasing, failed cnt: 37
[info] position not increasing, failed cnt: 38
[info] position not increasing, failed cnt: 39
[info] position not increasing, failed cnt: 40
[info] position not increasing, failed cnt: 41
[info] position not increasing, failed cnt: 42
[info] position not increasing, failed cnt: 43
[info] position not increasing, failed cnt: 44
[info] position not increasing, failed cnt: 45
[info] position not increasing, failed cnt: 46
[info] position not increasing, failed cnt: 47
[info] position not increasing, failed cnt: 48
[info] position not increasing, failed cnt: 49
[info] position not increasing, failed cnt: 50
[info] position not increasing, failed cnt: 51
[info] position not increasing, failed cnt: 52
[info] position not increasing, failed cnt: 53
[info] position not increasing, failed cnt: 54
[info] position not increasing, failed cnt: 55
[info] position not increasing, failed cnt: 56
[info] position not increasing, failed cnt: 57
[info] position not increasing, failed cnt: 58
[info] position not increasing, failed cnt: 59
[info] position not increasing, failed cnt: 60
[info] position not increasing, failed cnt: 61
[info] position not increasing, failed cnt: 62
[info] position not increasing, failed cnt: 63
[info] position not increasing, failed cnt: 64
[info] position not increasing, failed cnt: 65
[info] position not increasing, failed cnt: 66
[info] position not increasing, failed cnt: 67
[info] position not increasing, failed cnt: 68
[info] position not increasing, failed cnt: 69
[info] position not increasing, failed cnt: 70
[info] position not increasing, failed cnt: 71
[info] position not increasing, failed cnt: 72
[info] position not increasing, failed cnt: 73
[info] position not increasing, failed cnt: 74
[info] position not increasing, failed cnt: 75
[info] position not increasing, failed cnt: 76
[info] position not increasing, failed cnt: 77
[info] position not increasing, failed cnt: 78
[info] position not increasing, failed cnt: 79
[info] position not increasing, failed cnt: 80
[info] position not increasing, failed cnt: 81
[info] position not increasing, failed cnt: 82
[info] position not increasing, failed cnt: 83
[info] position not increasing, failed cnt: 84
[info] position not increasing, failed cnt: 85
[info] position not increasing, failed cnt: 86
[info] position not increasing, failed cnt: 87
[info] position not increasing, failed cnt: 88
[info] position not increasing, failed cnt: 89
[info] position not increasing, failed cnt: 90
[info] position not increasing, failed cnt: 91
[info] position not increasing, failed cnt: 92
[info] position not increasing, failed cnt: 93
[info] position not increasing, failed cnt: 94
[info] position not increasing, failed cnt: 95
[info] position not increasing, failed cnt: 96
[info] position not increasing, failed cnt: 97
[info] position not increasing, failed cnt: 98
[info] position not increasing, failed cnt: 99
[info] position not increasing, failed cnt: 100
[info] position not increasing, failed cnt: 101
[info] position not increasing, failed cnt: 102
[info] position not increasing, failed cnt: 103
[info] position not increasing, failed cnt: 104
[info] position not increasing, failed cnt: 105
[info] position not increasing, failed cnt: 106
[info] position not increasing, failed cnt: 107
[info] position not increasing, failed cnt: 108
[info] position not increasing, failed cnt: 109
[info] position not increasing, failed cnt: 110
[info] position not increasing, failed cnt: 111
[info] position not increasing, failed cnt: 112
[info] position not increasing, failed cnt: 113
[info] position not increasing, failed cnt: 114
[info] position not increasing, failed cnt: 115
[info] position not increasing, failed cnt: 116
[info] position not increasing, failed cnt: 117
[info] position not increasing, failed cnt: 118
[info] position not increasing, failed cnt: 119
[info] position not increasing, failed cnt: 120
[info] position not increasing, failed cnt: 121
[info] position not increasing, failed cnt: 122
[info] position not increasing, failed cnt: 123
[info] position not increasing, failed cnt: 124
[info] position not increasing, failed cnt: 125
[info] position not increasing, failed cnt: 126
[info] position not increasing, failed cnt: 127
[info] position not increasing, failed cnt: 128
[FATAL] model stuck, exiting ...
[info] position not increasing, failed cnt: 1
[info] position not increasing, failed cnt: 2
[info] position not increasing, failed cnt: 3
[info] position not increasing, failed cnt: 4
[info] position not increasing, failed cnt: 5
[info] gotten eos
-- generated events: 1337
-- time elapsed: 9.38 secs
-- generated events: 11
-- time elapsed: 0.04 secs
0mGuXhYffcFglH8T4rEA2a lyrics_all S2 ok=True fail=None 20.2s
-- generated events: 787
-- time elapsed: 3.73 secs
-- generated events: 178
-- time elapsed: 0.65 secs
0zcMdzPJ7ANImvROghMVsY lyrics_all S2 ok=True fail=None 4.49s
[info] position not increasing, failed cnt: 1
-- generated events: 523
-- time elapsed: 2.11 secs
[info] position not increasing, failed cnt: 1
-- generated events: 545
-- time elapsed: 2.22 secs
18wGt2QzrQO73VY4akreyx lyrics_all S2 ok=True fail=None 4.42s
-- generated events: 877
-- time elapsed: 4.33 secs
-- generated events: 538
-- time elapsed: 2.18 secs
18wo5vJV7bRnjt3wlkSDCJ lyrics_all S2 ok=True fail=None 6.61s
-- generated events: 481
-- time elapsed: 1.91 secs
-- generated events: 454
-- time elapsed: 1.78 secs
19eK3bar5P6Xcw6LzdXCHb lyrics_all S2 ok=True fail=None 3.79s
[info] position not increasing, failed cnt: 1
[info] position not increasing, failed cnt: 2
[info] position not increasing, failed cnt: 3
[info] position not increasing, failed cnt: 4
[info] position not increasing, failed cnt: 5
[info] position not increasing, failed cnt: 6
[info] position not increasing, failed cnt: 7
[info] position not increasing, failed cnt: 8
[info] position not increasing, failed cnt: 9
[info] position not increasing, failed cnt: 10
[info] position not increasing, failed cnt: 11
[info] position not increasing, failed cnt: 12
[info] position not increasing, failed cnt: 13
[info] position not increasing, failed cnt: 14
[info] position not increasing, failed cnt: 15
[info] position not increasing, failed cnt: 16
[info] position not increasing, failed cnt: 17
[info] position not increasing, failed cnt: 18
[info] position not increasing, failed cnt: 19
[info] position not increasing, failed cnt: 20
[info] position not increasing, failed cnt: 21
[info] position not increasing, failed cnt: 22
[info] position not increasing, failed cnt: 23
[info] position not increasing, failed cnt: 24
[info] position not increasing, failed cnt: 25
[info] position not increasing, failed cnt: 26
[info] position not increasing, failed cnt: 27
[info] position not increasing, failed cnt: 28
[info] position not increasing, failed cnt: 29
[info] position not increasing, failed cnt: 30
[info] position not increasing, failed cnt: 31
[info] position not increasing, failed cnt: 32
[info] position not increasing, failed cnt: 33
[info] position not increasing, failed cnt: 34
[info] position not increasing, failed cnt: 35
[info] position not increasing, failed cnt: 36
[info] position not increasing, failed cnt: 37
[info] position not increasing, failed cnt: 38
[info] position not increasing, failed cnt: 39
[info] position not increasing, failed cnt: 40
[info] position not increasing, failed cnt: 41
[info] position not increasing, failed cnt: 42
[info] position not increasing, failed cnt: 43
[info] position not increasing, failed cnt: 44
[info] position not increasing, failed cnt: 45
[info] position not increasing, failed cnt: 46
[info] position not increasing, failed cnt: 47
[info] position not increasing, failed cnt: 48
[info] position not increasing, failed cnt: 49
[info] position not increasing, failed cnt: 50
[info] position not increasing, failed cnt: 51
[info] position not increasing, failed cnt: 52
-- generated events: 1480
-- time elapsed: 11.88 secs
-- generated events: 464
-- time elapsed: 1.84 secs
1C6yky5bXstgnFRiWmfze3 lyrics_all S2 ok=True fail=None 13.83s
-- generated events: 903
-- time elapsed: 4.55 secs
[info] position not increasing, failed cnt: 1
-- generated events: 701
-- time elapsed: 3.09 secs
1EbYNhVhmnZpriRnaFygWN lyrics_all S2 ok=True fail=None 7.75s
-- generated events: 652
-- time elapsed: 2.80 secs
1F3t9l7U8CnKmzVyFbR1aG lyrics_all S2 ok=True fail=None 2.85s
-- generated events: 1009
-- time elapsed: 5.44 secs
-- generated events: 278
-- time elapsed: 1.04 secs
1FBJbPIt388FFDgZbHVRyV lyrics_all S2 ok=True fail=None 6.59s
[info] error EOS occurs, failed eos: 1
[info] error EOS occurs, failed eos: 2
[info] error EOS occurs, failed eos: 3
[info] error EOS occurs, failed eos: 4
[info] error EOS occurs, failed eos: 5
[info] error EOS occurs, failed eos: 6
[info] error EOS occurs, failed eos: 7
[info] error EOS occurs, failed eos: 8
[info] error EOS occurs, failed eos: 9
[info] error EOS occurs, failed eos: 10
[info] error EOS occurs, failed eos: 11
[info] error EOS occurs, failed eos: 12
-- generated events: 873
-- time elapsed: 4.36 secs
-- generated events: 743
-- time elapsed: 3.37 secs
-- generated events: 324
-- time elapsed: 1.23 secs
1Fo23uW11ZN4JCFCeB0ngS lyrics_all S2 ok=True fail=None 9.11s
-- generated events: 979
-- time elapsed: 5.17 secs
1QK8j48LA0pLCJly3Yqd82 lyrics_all S2 ok=True fail=None 5.23s
[info] position not increasing, failed cnt: 1
[info] position not increasing, failed cnt: 2
[info] position not increasing, failed cnt: 3
[info] position not increasing, failed cnt: 4
[info] position not increasing, failed cnt: 5
-- generated events: 648
-- time elapsed: 2.79 secs
-- generated events: 362
-- time elapsed: 1.39 secs
-- generated events: 271
-- time elapsed: 1.02 secs
1UytAxYwD5crlQcPiL3ZaE lyrics_all S2 ok=True fail=None 5.36s
-- generated events: 1198
-- time elapsed: 7.49 secs
-- generated events: 67
-- time elapsed: 0.24 secs
1WVlzSesyFUorHX8iso9dG lyrics_all S2 ok=True fail=None 7.83s
-- generated events: 620
-- time elapsed: 2.62 secs
-- generated events: 657
-- time elapsed: 2.83 secs
-- generated events: 238
-- time elapsed: 0.88 secs
1YNdE3GjlS8a3OvGm9tQ0F lyrics_all S2 ok=True fail=None 6.49s
-- generated events: 463
-- time elapsed: 1.82 secs
1bIiaFMdH3udqWyXyeQMoH lyrics_all S2 ok=True fail=None 1.87s
-- generated events: 636
-- time elapsed: 2.70 secs
-- generated events: 689
-- time elapsed: 3.01 secs
-- generated events: 334
-- time elapsed: 1.28 secs
1eFSgOay51iMZIdmXU3ISl lyrics_all S2 ok=True fail=None 7.14s
-- generated events: 676
-- time elapsed: 2.94 secs
-- generated events: 267
-- time elapsed: 1.00 secs
1hWIEh1MKbcB4ouWgWL5Og lyrics_all S2 ok=True fail=None 4.05s
-- generated events: 925
-- time elapsed: 4.71 secs
-- generated events: 384
-- time elapsed: 1.48 secs
1heBg3CKPc4qVUXzVO49I2 lyrics_all S2 ok=True fail=None 6.29s
-- generated events: 833
-- time elapsed: 4.00 secs
-- generated events: 194
-- time elapsed: 0.71 secs
1mcMqHzkg79tfjUqeLAzpI lyrics_all S2 ok=True fail=None 4.81s
[info] position not increasing, failed cnt: 1
[info] position not increasing, failed cnt: 2
[info] position not increasing, failed cnt: 3
[info] position not increasing, failed cnt: 4
[info] position not increasing, failed cnt: 5
[info] position not increasing, failed cnt: 6
[info] position not increasing, failed cnt: 7
[info] position not increasing, failed cnt: 8
[info] position not increasing, failed cnt: 9
[info] position not increasing, failed cnt: 10
[info] position not increasing, failed cnt: 11
[info] position not increasing, failed cnt: 12
[info] position not increasing, failed cnt: 13
[info] position not increasing, failed cnt: 14
[info] position not increasing, failed cnt: 15
[info] position not increasing, failed cnt: 16
[info] position not increasing, failed cnt: 17
[info] position not increasing, failed cnt: 18
[info] position not increasing, failed cnt: 19
[info] position not increasing, failed cnt: 20
[info] position not increasing, failed cnt: 21
[info] position not increasing, failed cnt: 22
[info] position not increasing, failed cnt: 23
[info] position not increasing, failed cnt: 24
[info] position not increasing, failed cnt: 25
[info] position not increasing, failed cnt: 26
[info] position not increasing, failed cnt: 27
[info] position not increasing, failed cnt: 28
[info] position not increasing, failed cnt: 29
[info] position not increasing, failed cnt: 30
[info] position not increasing, failed cnt: 31
[info] position not increasing, failed cnt: 32
[info] position not increasing, failed cnt: 33
[info] position not increasing, failed cnt: 34
[info] position not increasing, failed cnt: 35
[info] position not increasing, failed cnt: 36
[info] position not increasing, failed cnt: 37
[info] position not increasing, failed cnt: 38
[info] position not increasing, failed cnt: 39
[info] position not increasing, failed cnt: 40
[info] position not increasing, failed cnt: 41
[info] position not increasing, failed cnt: 42
[info] position not increasing, failed cnt: 43
[info] position not increasing, failed cnt: 44
[info] position not increasing, failed cnt: 45
[info] position not increasing, failed cnt: 46
[info] position not increasing, failed cnt: 47
[info] position not increasing, failed cnt: 48
[info] position not increasing, failed cnt: 49
[info] position not increasing, failed cnt: 50
[info] position not increasing, failed cnt: 51
[info] position not increasing, failed cnt: 52
[info] position not increasing, failed cnt: 53
[info] position not increasing, failed cnt: 54
[info] position not increasing, failed cnt: 55
[info] position not increasing, failed cnt: 56
[info] position not increasing, failed cnt: 57
[info] position not increasing, failed cnt: 58
[info] position not increasing, failed cnt: 59
[info] position not increasing, failed cnt: 60
[info] position not increasing, failed cnt: 61
[info] position not increasing, failed cnt: 62
[info] position not increasing, failed cnt: 63
[info] position not increasing, failed cnt: 64
[info] position not increasing, failed cnt: 65
[info] position not increasing, failed cnt: 66
[info] position not increasing, failed cnt: 67
[info] position not increasing, failed cnt: 68
[info] position not increasing, failed cnt: 69
[info] position not increasing, failed cnt: 70
[info] position not increasing, failed cnt: 71
[info] position not increasing, failed cnt: 72
[info] position not increasing, failed cnt: 73
[info] position not increasing, failed cnt: 74
[info] position not increasing, failed cnt: 75
[info] position not increasing, failed cnt: 76
[info] position not increasing, failed cnt: 77
[info] position not increasing, failed cnt: 78
[info] position not increasing, failed cnt: 79
[info] position not increasing, failed cnt: 80
[info] position not increasing, failed cnt: 81
[info] position not increasing, failed cnt: 82
[info] position not increasing, failed cnt: 83
[info] position not increasing, failed cnt: 84
[info] position not increasing, failed cnt: 85
[info] position not increasing, failed cnt: 86
[info] position not increasing, failed cnt: 87
[info] position not increasing, failed cnt: 88
[info] position not increasing, failed cnt: 89
[info] position not increasing, failed cnt: 90
[info] position not increasing, failed cnt: 91
[info] position not increasing, failed cnt: 92
[info] position not increasing, failed cnt: 93
[info] position not increasing, failed cnt: 94
[info] position not increasing, failed cnt: 95
[info] position not increasing, failed cnt: 96
[info] position not increasing, failed cnt: 97
[info] position not increasing, failed cnt: 98
[info] position not increasing, failed cnt: 99
[info] position not increasing, failed cnt: 100
[info] position not increasing, failed cnt: 101
[info] position not increasing, failed cnt: 102
[info] position not increasing, failed cnt: 103
[info] position not increasing, failed cnt: 104
[info] position not increasing, failed cnt: 105
[info] position not increasing, failed cnt: 106
[info] position not increasing, failed cnt: 107
[info] position not increasing, failed cnt: 108
[info] position not increasing, failed cnt: 109
[info] position not increasing, failed cnt: 110
[info] position not increasing, failed cnt: 111
[info] position not increasing, failed cnt: 112
[info] position not increasing, failed cnt: 113
[info] position not increasing, failed cnt: 114
[info] position not increasing, failed cnt: 115
[info] position not increasing, failed cnt: 116
[info] position not increasing, failed cnt: 117
[info] position not increasing, failed cnt: 118
[info] position not increasing, failed cnt: 119
[info] position not increasing, failed cnt: 120
[info] position not increasing, failed cnt: 121
[info] position not increasing, failed cnt: 122
[info] position not increasing, failed cnt: 123
[info] position not increasing, failed cnt: 124
[info] position not increasing, failed cnt: 125
[info] position not increasing, failed cnt: 126
[info] position not increasing, failed cnt: 127
[info] position not increasing, failed cnt: 128
[FATAL] model stuck, exiting ...
[info] position not increasing, failed cnt: 1
[info] position not increasing, failed cnt: 2
[info] position not increasing, failed cnt: 3
[info] position not increasing, failed cnt: 4
[info] position not increasing, failed cnt: 5
[info] position not increasing, failed cnt: 6
[info] position not increasing, failed cnt: 7
[info] position not increasing, failed cnt: 8
[info] position not increasing, failed cnt: 9
[info] position not increasing, failed cnt: 10
[info] position not increasing, failed cnt: 11
[info] position not increasing, failed cnt: 12
[info] position not increasing, failed cnt: 13
[info] position not increasing, failed cnt: 14
[info] position not increasing, failed cnt: 15
[info] position not increasing, failed cnt: 16
[info] position not increasing, failed cnt: 17
[info] position not increasing, failed cnt: 18
[info] position not increasing, failed cnt: 19
[info] position not increasing, failed cnt: 20
[info] position not increasing, failed cnt: 21
[info] position not increasing, failed cnt: 22
[info] position not increasing, failed cnt: 23
[info] position not increasing, failed cnt: 24
[info] position not increasing, failed cnt: 25
[info] position not increasing, failed cnt: 26
[info] position not increasing, failed cnt: 27
[info] position not increasing, failed cnt: 28
[info] position not increasing, failed cnt: 29
[info] position not increasing, failed cnt: 30
[info] position not increasing, failed cnt: 31
[info] position not increasing, failed cnt: 32
[info] position not increasing, failed cnt: 33
[info] position not increasing, failed cnt: 34
[info] position not increasing, failed cnt: 35
[info] position not increasing, failed cnt: 36
[info] position not increasing, failed cnt: 37
[info] position not increasing, failed cnt: 38
[info] position not increasing, failed cnt: 39
[info] position not increasing, failed cnt: 40
[info] position not increasing, failed cnt: 41
[info] position not increasing, failed cnt: 42
[info] position not increasing, failed cnt: 43
[info] position not increasing, failed cnt: 44
[info] position not increasing, failed cnt: 45
[info] position not increasing, failed cnt: 46
[info] position not increasing, failed cnt: 47
[info] position not increasing, failed cnt: 48
[info] position not increasing, failed cnt: 49
[info] position not increasing, failed cnt: 50
[info] position not increasing, failed cnt: 51
[info] position not increasing, failed cnt: 52
[info] position not increasing, failed cnt: 53
[info] position not increasing, failed cnt: 54
[info] position not increasing, failed cnt: 55
[info] position not increasing, failed cnt: 56
[info] position not increasing, failed cnt: 57
[info] position not increasing, failed cnt: 58
[info] position not increasing, failed cnt: 59
[info] position not increasing, failed cnt: 60
[info] position not increasing, failed cnt: 61
[info] position not increasing, failed cnt: 62
[info] position not increasing, failed cnt: 63
[info] position not increasing, failed cnt: 64
[info] position not increasing, failed cnt: 65
[info] position not increasing, failed cnt: 66
[info] position not increasing, failed cnt: 67
[info] position not increasing, failed cnt: 68
[info] position not increasing, failed cnt: 69
[info] position not increasing, failed cnt: 70
[info] position not increasing, failed cnt: 71
[info] position not increasing, failed cnt: 72
[info] position not increasing, failed cnt: 73
[info] position not increasing, failed cnt: 74
[info] position not increasing, failed cnt: 75
[info] position not increasing, failed cnt: 76
[info] position not increasing, failed cnt: 77
[info] position not increasing, failed cnt: 78
[info] position not increasing, failed cnt: 79
[info] position not increasing, failed cnt: 80
[info] position not increasing, failed cnt: 81
[info] position not increasing, failed cnt: 82
[info] position not increasing, failed cnt: 83
[info] position not increasing, failed cnt: 84
[info] position not increasing, failed cnt: 85
[info] position not increasing, failed cnt: 86
[info] position not increasing, failed cnt: 87
[info] position not increasing, failed cnt: 88
[info] position not increasing, failed cnt: 89
[info] position not increasing, failed cnt: 90
[info] position not increasing, failed cnt: 91
[info] position not increasing, failed cnt: 92
[info] position not increasing, failed cnt: 93
[info] position not increasing, failed cnt: 94
[info] position not increasing, failed cnt: 95
[info] position not increasing, failed cnt: 96
[info] position not increasing, failed cnt: 97
[info] position not increasing, failed cnt: 98
[info] position not increasing, failed cnt: 99
[info] position not increasing, failed cnt: 100
[info] position not increasing, failed cnt: 101
[info] position not increasing, failed cnt: 102
[info] position not increasing, failed cnt: 103
[info] position not increasing, failed cnt: 104
[info] position not increasing, failed cnt: 105
[info] position not increasing, failed cnt: 106
[info] position not increasing, failed cnt: 107
[info] position not increasing, failed cnt: 108
[info] position not increasing, failed cnt: 109
[info] position not increasing, failed cnt: 110
[info] position not increasing, failed cnt: 111
[info] position not increasing, failed cnt: 112
[info] position not increasing, failed cnt: 113
[info] position not increasing, failed cnt: 114
[info] position not increasing, failed cnt: 115
[info] position not increasing, failed cnt: 116
[info] position not increasing, failed cnt: 117
[info] position not increasing, failed cnt: 118
[info] position not increasing, failed cnt: 119
[info] position not increasing, failed cnt: 120
[info] position not increasing, failed cnt: 121
[info] position not increasing, failed cnt: 122
[info] position not increasing, failed cnt: 123
[info] position not increasing, failed cnt: 124
[info] position not increasing, failed cnt: 125
[info] position not increasing, failed cnt: 126
[info] position not increasing, failed cnt: 127
[info] position not increasing, failed cnt: 128
[FATAL] model stuck, exiting ...
-- generated events: 1112
-- time elapsed: 6.47 secs
-- generated events: 491
-- time elapsed: 1.95 secs
1oDW3JIhobplQhuTVBjtcB lyrics_all S2 ok=True fail=None 25.06s
-- generated events: 986
-- time elapsed: 5.23 secs
-- generated events: 271
-- time elapsed: 1.01 secs
1oWX2EGO7Z8YCZ5jJuGrpM lyrics_all S2 ok=True fail=None 6.34s
-- generated events: 506
-- time elapsed: 2.02 secs
-- generated events: 624
-- time elapsed: 2.64 secs
-- generated events: 229
-- time elapsed: 0.85 secs
1ong56tLkuTP0YuTxYAr9F lyrics_all S2 ok=True fail=None 5.65s
-- generated events: 547
-- time elapsed: 2.22 secs
[info] position not increasing, failed cnt: 1
[info] position not increasing, failed cnt: 2
[info] position not increasing, failed cnt: 3
[info] position not increasing, failed cnt: 4
[info] position not increasing, failed cnt: 5
[info] position not increasing, failed cnt: 6
[info] position not increasing, failed cnt: 7
[info] position not increasing, failed cnt: 8
[info] position not increasing, failed cnt: 9
[info] position not increasing, failed cnt: 10
[info] position not increasing, failed cnt: 11
[info] position not increasing, failed cnt: 12
[info] position not increasing, failed cnt: 13
[info] position not increasing, failed cnt: 14
[info] position not increasing, failed cnt: 15
[info] position not increasing, failed cnt: 16
[info] position not increasing, failed cnt: 17
[info] position not increasing, failed cnt: 18
[info] position not increasing, failed cnt: 19
[info] position not increasing, failed cnt: 20
[info] position not increasing, failed cnt: 21
[info] position not increasing, failed cnt: 22
[info] position not increasing, failed cnt: 23
[info] position not increasing, failed cnt: 24
[info] position not increasing, failed cnt: 25
[info] position not increasing, failed cnt: 26
[info] position not increasing, failed cnt: 27
[info] position not increasing, failed cnt: 28
[info] position not increasing, failed cnt: 29
[info] position not increasing, failed cnt: 30
[info] position not increasing, failed cnt: 31
[info] position not increasing, failed cnt: 32
[info] position not increasing, failed cnt: 33
[info] position not increasing, failed cnt: 34
[info] position not increasing, failed cnt: 35
[info] position not increasing, failed cnt: 36
[info] position not increasing, failed cnt: 37
[info] position not increasing, failed cnt: 38
[info] position not increasing, failed cnt: 39
[info] position not increasing, failed cnt: 40
[info] position not increasing, failed cnt: 41
[info] position not increasing, failed cnt: 42
[info] position not increasing, failed cnt: 43
[info] position not increasing, failed cnt: 44
[info] position not increasing, failed cnt: 45
[info] position not increasing, failed cnt: 46
[info] position not increasing, failed cnt: 47
[info] position not increasing, failed cnt: 48
[info] position not increasing, failed cnt: 49
[info] position not increasing, failed cnt: 50
[info] position not increasing, failed cnt: 51
[info] position not increasing, failed cnt: 52
[info] position not increasing, failed cnt: 53
[info] position not increasing, failed cnt: 54
[info] position not increasing, failed cnt: 55
[info] position not increasing, failed cnt: 56
[info] position not increasing, failed cnt: 57
[info] position not increasing, failed cnt: 58
[info] position not increasing, failed cnt: 59
[info] position not increasing, failed cnt: 60
[info] position not increasing, failed cnt: 61
[info] position not increasing, failed cnt: 62
[info] position not increasing, failed cnt: 63
[info] position not increasing, failed cnt: 64
[info] position not increasing, failed cnt: 65
[info] position not increasing, failed cnt: 66
[info] position not increasing, failed cnt: 67
[info] position not increasing, failed cnt: 68
[info] position not increasing, failed cnt: 69
[info] position not increasing, failed cnt: 70
[info] position not increasing, failed cnt: 71
[info] position not increasing, failed cnt: 72
[info] position not increasing, failed cnt: 73
[info] position not increasing, failed cnt: 74
[info] position not increasing, failed cnt: 75
[info] position not increasing, failed cnt: 76
[info] position not increasing, failed cnt: 77
[info] position not increasing, failed cnt: 78
[info] position not increasing, failed cnt: 79
[info] position not increasing, failed cnt: 80
[info] position not increasing, failed cnt: 81
[info] position not increasing, failed cnt: 82
[info] position not increasing, failed cnt: 83
[info] position not increasing, failed cnt: 84
[info] position not increasing, failed cnt: 85
[info] position not increasing, failed cnt: 86
[info] position not increasing, failed cnt: 87
[info] position not increasing, failed cnt: 88
[info] position not increasing, failed cnt: 89
[info] position not increasing, failed cnt: 90
[info] position not increasing, failed cnt: 91
[info] position not increasing, failed cnt: 92
[info] position not increasing, failed cnt: 93
[info] position not increasing, failed cnt: 94
[info] position not increasing, failed cnt: 95
[info] position not increasing, failed cnt: 96
[info] position not increasing, failed cnt: 97
[info] position not increasing, failed cnt: 98
[info] position not increasing, failed cnt: 99
[info] position not increasing, failed cnt: 100
[info] position not increasing, failed cnt: 101
[info] position not increasing, failed cnt: 102
[info] position not increasing, failed cnt: 103
[info] position not increasing, failed cnt: 104
[info] position not increasing, failed cnt: 105
[info] position not increasing, failed cnt: 106
[info] position not increasing, failed cnt: 107
[info] position not increasing, failed cnt: 108
[info] position not increasing, failed cnt: 109
[info] position not increasing, failed cnt: 110
[info] position not increasing, failed cnt: 111
[info] position not increasing, failed cnt: 112
[info] position not increasing, failed cnt: 113
[info] position not increasing, failed cnt: 114
[info] position not increasing, failed cnt: 115
[info] position not increasing, failed cnt: 116
[info] position not increasing, failed cnt: 117
[info] position not increasing, failed cnt: 118
[info] position not increasing, failed cnt: 119
[info] position not increasing, failed cnt: 120
[info] position not increasing, failed cnt: 121
[info] position not increasing, failed cnt: 122
[info] position not increasing, failed cnt: 123
[info] position not increasing, failed cnt: 124
[info] position not increasing, failed cnt: 125
[info] position not increasing, failed cnt: 126
[info] position not increasing, failed cnt: 127
[info] position not increasing, failed cnt: 128
[FATAL] model stuck, exiting ...
-- generated events: 565
-- time elapsed: 2.31 secs
1qcgbHATg4tVyVqudr2pxK lyrics_all S2 ok=True fail=None 6.53s
-- generated events: 737
-- time elapsed: 3.76 secs
1sVsi9Q7g5zYcw3Aj90bcc lyrics_all S2 ok=True fail=None 3.81s
-- generated events: 1056
-- time elapsed: 5.93 secs
1tKSEmbS7vmv7cFc24sjlI lyrics_all S2 ok=True fail=None 5.99s
[info] position not increasing, failed cnt: 1
-- generated events: 512
-- time elapsed: 2.07 secs
-- generated events: 645
-- time elapsed: 2.77 secs
1tlU1rCRQ7gzHWk0frnlVj lyrics_all S2 ok=True fail=None 4.95s
-- generated events: 783
-- time elapsed: 3.68 secs
[info] position not increasing, failed cnt: 1
[info] position not increasing, failed cnt: 2
[info] position not increasing, failed cnt: 3
[info] position not increasing, failed cnt: 4
[info] position not increasing, failed cnt: 5
[info] position not increasing, failed cnt: 6
[info] position not increasing, failed cnt: 7
[info] position not increasing, failed cnt: 8
[info] position not increasing, failed cnt: 9
[info] position not increasing, failed cnt: 10
[info] position not increasing, failed cnt: 11
[info] position not increasing, failed cnt: 12
[info] position not increasing, failed cnt: 13
[info] position not increasing, failed cnt: 14
[info] position not increasing, failed cnt: 15
[info] position not increasing, failed cnt: 16
[info] position not increasing, failed cnt: 17
[info] position not increasing, failed cnt: 18
[info] position not increasing, failed cnt: 19
[info] position not increasing, failed cnt: 20
[info] position not increasing, failed cnt: 21
[info] position not increasing, failed cnt: 22
[info] position not increasing, failed cnt: 23
[info] position not increasing, failed cnt: 24
[info] position not increasing, failed cnt: 25
[info] position not increasing, failed cnt: 26
[info] position not increasing, failed cnt: 27
[info] position not increasing, failed cnt: 28
[info] position not increasing, failed cnt: 29
[info] position not increasing, failed cnt: 30
[info] position not increasing, failed cnt: 31
[info] position not increasing, failed cnt: 32
[info] position not increasing, failed cnt: 33
[info] position not increasing, failed cnt: 34
[info] position not increasing, failed cnt: 35
[info] position not increasing, failed cnt: 36
[info] position not increasing, failed cnt: 37
[info] position not increasing, failed cnt: 38
[info] position not increasing, failed cnt: 39
[info] position not increasing, failed cnt: 40
[info] position not increasing, failed cnt: 41
[info] position not increasing, failed cnt: 42
[info] position not increasing, failed cnt: 43
[info] position not increasing, failed cnt: 44
[info] position not increasing, failed cnt: 45
[info] position not increasing, failed cnt: 46
[info] position not increasing, failed cnt: 47
[info] position not increasing, failed cnt: 48
[info] position not increasing, failed cnt: 49
[info] position not increasing, failed cnt: 50
[info] position not increasing, failed cnt: 51
[info] position not increasing, failed cnt: 52
[info] position not increasing, failed cnt: 53
[info] position not increasing, failed cnt: 54
[info] position not increasing, failed cnt: 55
[info] position not increasing, failed cnt: 56
[info] position not increasing, failed cnt: 57
[info] position not increasing, failed cnt: 58
[info] position not increasing, failed cnt: 59
[info] position not increasing, failed cnt: 60
[info] position not increasing, failed cnt: 61
[info] position not increasing, failed cnt: 62
[info] position not increasing, failed cnt: 63
[info] position not increasing, failed cnt: 64
[info] position not increasing, failed cnt: 65
[info] position not increasing, failed cnt: 66
[info] position not increasing, failed cnt: 67
[info] position not increasing, failed cnt: 68
[info] position not increasing, failed cnt: 69
[info] position not increasing, failed cnt: 70
[info] position not increasing, failed cnt: 71
[info] position not increasing, failed cnt: 72
[info] position not increasing, failed cnt: 73
[info] position not increasing, failed cnt: 74
[info] position not increasing, failed cnt: 75
[info] position not increasing, failed cnt: 76
[info] position not increasing, failed cnt: 77
[info] position not increasing, failed cnt: 78
[info] position not increasing, failed cnt: 79
[info] position not increasing, failed cnt: 80
[info] position not increasing, failed cnt: 81
[info] position not increasing, failed cnt: 82
[info] position not increasing, failed cnt: 83
[info] position not increasing, failed cnt: 84
[info] position not increasing, failed cnt: 85
[info] position not increasing, failed cnt: 86
[info] position not increasing, failed cnt: 87
[info] position not increasing, failed cnt: 88
[info] position not increasing, failed cnt: 89
[info] position not increasing, failed cnt: 90
[info] position not increasing, failed cnt: 91
[info] position not increasing, failed cnt: 92
[info] position not increasing, failed cnt: 93
[info] position not increasing, failed cnt: 94
[info] position not increasing, failed cnt: 95
[info] position not increasing, failed cnt: 96
[info] position not increasing, failed cnt: 97
[info] position not increasing, failed cnt: 98
[info] position not increasing, failed cnt: 99
[info] position not increasing, failed cnt: 100
[info] position not increasing, failed cnt: 101
[info] position not increasing, failed cnt: 102
[info] position not increasing, failed cnt: 103
[info] position not increasing, failed cnt: 104
[info] position not increasing, failed cnt: 105
[info] position not increasing, failed cnt: 106
[info] position not increasing, failed cnt: 107
[info] position not increasing, failed cnt: 108
[info] position not increasing, failed cnt: 109
[info] position not increasing, failed cnt: 110
[info] position not increasing, failed cnt: 111
[info] position not increasing, failed cnt: 112
[info] position not increasing, failed cnt: 113
[info] position not increasing, failed cnt: 114
[info] position not increasing, failed cnt: 115
[info] position not increasing, failed cnt: 116
[info] position not increasing, failed cnt: 117
[info] position not increasing, failed cnt: 118
[info] position not increasing, failed cnt: 119
[info] position not increasing, failed cnt: 120
[info] position not increasing, failed cnt: 121
[info] position not increasing, failed cnt: 122
[info] position not increasing, failed cnt: 123
[info] position not increasing, failed cnt: 124
[info] position not increasing, failed cnt: 125
[info] position not increasing, failed cnt: 126
[info] position not increasing, failed cnt: 127
[info] position not increasing, failed cnt: 128
[FATAL] model stuck, exiting ...
-- generated events: 870
-- time elapsed: 4.30 secs
1z51mKj5nHYxrGCEq6c3Eq lyrics_all S2 ok=True fail=None 9.6s
-- generated events: 808
-- time elapsed: 3.85 secs
-- generated events: 278
-- time elapsed: 1.05 secs
1zsXjmo39vHJkLW8FJVB0t lyrics_all S2 ok=True fail=None 5.0s
-- generated events: 675
-- time elapsed: 2.97 secs
-- generated events: 657
-- time elapsed: 2.85 secs
20WNhehqO6xfLVktkDefs2 lyrics_all S2 ok=True fail=None 5.92s
-- generated events: 763
-- time elapsed: 3.54 secs
-- generated events: 169
-- time elapsed: 0.62 secs
255drLOJ94rmt1SDRj6H3N lyrics_all S2 ok=True fail=None 4.26s
-- generated events: 200
-- time elapsed: 0.74 secs
-- generated events: 682
-- time elapsed: 3.00 secs
-- generated events: 731
-- time elapsed: 3.31 secs
-- generated events: 807
-- time elapsed: 3.83 secs
-- generated events: 136
-- time elapsed: 0.49 secs
27o7ErWiozSj47o3dnPvVf lyrics_all S2 ok=True fail=None 11.62s
[info] position not increasing, failed cnt: 1
[info] position not increasing, failed cnt: 2
[info] position not increasing, failed cnt: 3
[info] position not increasing, failed cnt: 4
[info] position not increasing, failed cnt: 5
[info] position not increasing, failed cnt: 6
[info] position not increasing, failed cnt: 7
[info] position not increasing, failed cnt: 8
[info] position not increasing, failed cnt: 9
[info] position not increasing, failed cnt: 10
[info] position not increasing, failed cnt: 11
[info] position not increasing, failed cnt: 12
[info] position not increasing, failed cnt: 13
[info] position not increasing, failed cnt: 14
[info] position not increasing, failed cnt: 15
[info] position not increasing, failed cnt: 16
[info] position not increasing, failed cnt: 17
[info] position not increasing, failed cnt: 18
[info] position not increasing, failed cnt: 19
[info] position not increasing, failed cnt: 20
[info] position not increasing, failed cnt: 21
[info] position not increasing, failed cnt: 22
[info] position not increasing, failed cnt: 23
[info] position not increasing, failed cnt: 24
[info] position not increasing, failed cnt: 25
[info] position not increasing, failed cnt: 26
[info] position not increasing, failed cnt: 27
[info] position not increasing, failed cnt: 28
[info] position not increasing, failed cnt: 29
[info] position not increasing, failed cnt: 30
[info] position not increasing, failed cnt: 31
[info] position not increasing, failed cnt: 32
[info] position not increasing, failed cnt: 33
[info] position not increasing, failed cnt: 34
[info] position not increasing, failed cnt: 35
[info] position not increasing, failed cnt: 36
[info] position not increasing, failed cnt: 37
[info] position not increasing, failed cnt: 38
[info] position not increasing, failed cnt: 39
[info] position not increasing, failed cnt: 40
[info] position not increasing, failed cnt: 41
[info] position not increasing, failed cnt: 42
[info] position not increasing, failed cnt: 43
[info] position not increasing, failed cnt: 44
[info] position not increasing, failed cnt: 45
[info] position not increasing, failed cnt: 46
[info] position not increasing, failed cnt: 47
[info] position not increasing, failed cnt: 48
[info] position not increasing, failed cnt: 49
[info] position not increasing, failed cnt: 50
[info] position not increasing, failed cnt: 51
[info] position not increasing, failed cnt: 52
[info] position not increasing, failed cnt: 53
[info] position not increasing, failed cnt: 54
[info] position not increasing, failed cnt: 55
[info] position not increasing, failed cnt: 56
[info] position not increasing, failed cnt: 57
[info] position not increasing, failed cnt: 58
[info] position not increasing, failed cnt: 59
[info] position not increasing, failed cnt: 60
[info] position not increasing, failed cnt: 61
[info] position not increasing, failed cnt: 62
[info] position not increasing, failed cnt: 63
[info] position not increasing, failed cnt: 64
[info] position not increasing, failed cnt: 65
[info] position not increasing, failed cnt: 66
[info] position not increasing, failed cnt: 67
[info] position not increasing, failed cnt: 68
[info] position not increasing, failed cnt: 69
[info] position not increasing, failed cnt: 70
[info] position not increasing, failed cnt: 71
[info] position not increasing, failed cnt: 72
[info] position not increasing, failed cnt: 73
[info] position not increasing, failed cnt: 74
[info] position not increasing, failed cnt: 75
[info] position not increasing, failed cnt: 76
[info] position not increasing, failed cnt: 77
[info] position not increasing, failed cnt: 78
[info] position not increasing, failed cnt: 79
[info] position not increasing, failed cnt: 80
[info] position not increasing, failed cnt: 81
[info] position not increasing, failed cnt: 82
[info] position not increasing, failed cnt: 83
[info] position not increasing, failed cnt: 84
[info] position not increasing, failed cnt: 85
[info] position not increasing, failed cnt: 86
[info] position not increasing, failed cnt: 87
[info] position not increasing, failed cnt: 88
[info] position not increasing, failed cnt: 89
[info] position not increasing, failed cnt: 90
[info] position not increasing, failed cnt: 91
[info] position not increasing, failed cnt: 92
[info] position not increasing, failed cnt: 93
[info] position not increasing, failed cnt: 94
[info] position not increasing, failed cnt: 95
[info] position not increasing, failed cnt: 96
[info] position not increasing, failed cnt: 97
[info] position not increasing, failed cnt: 98
[info] position not increasing, failed cnt: 99
[info] position not increasing, failed cnt: 100
[info] position not increasing, failed cnt: 101
[info] position not increasing, failed cnt: 102
[info] position not increasing, failed cnt: 103
[info] position not increasing, failed cnt: 104
[info] position not increasing, failed cnt: 105
[info] position not increasing, failed cnt: 106
[info] position not increasing, failed cnt: 107
[info] position not increasing, failed cnt: 108
[info] position not increasing, failed cnt: 109
[info] position not increasing, failed cnt: 110
[info] position not increasing, failed cnt: 111
[info] position not increasing, failed cnt: 112
[info] position not increasing, failed cnt: 113
[info] position not increasing, failed cnt: 114
[info] position not increasing, failed cnt: 115
[info] position not increasing, failed cnt: 116
[info] position not increasing, failed cnt: 117
[info] position not increasing, failed cnt: 118
[info] position not increasing, failed cnt: 119
[info] position not increasing, failed cnt: 120
[info] position not increasing, failed cnt: 121
[info] position not increasing, failed cnt: 122
[info] position not increasing, failed cnt: 123
[info] position not increasing, failed cnt: 124
[info] position not increasing, failed cnt: 125
[info] position not increasing, failed cnt: 126
[info] position not increasing, failed cnt: 127
[info] position not increasing, failed cnt: 128
[FATAL] model stuck, exiting ...
-- generated events: 650
-- time elapsed: 2.81 secs
-- generated events: 583
-- time elapsed: 2.43 secs
[info] position not increasing, failed cnt: 1
[info] position not increasing, failed cnt: 2
[info] position not increasing, failed cnt: 3
[info] position not increasing, failed cnt: 4
[info] position not increasing, failed cnt: 5
[info] position not increasing, failed cnt: 6
[info] position not increasing, failed cnt: 7
[info] gotten eos
-- generated events: 638
-- time elapsed: 2.77 secs
-- generated events: 445
-- time elapsed: 1.75 secs
28I269iDvkDyb2Fqo2p1TI lyrics_all S2 ok=True fail=None 10.7s
-- generated events: 930
-- time elapsed: 4.79 secs
-- generated events: 654
-- time elapsed: 2.83 secs
28IzuspwIj6C8XAOoIJ1Wp lyrics_all S2 ok=True fail=None 7.73s
-- generated events: 883
-- time elapsed: 4.41 secs
-- generated events: 794
-- time elapsed: 3.74 secs
2Ao4GCbjB6dejFu7OWyDuc lyrics_all S2 ok=True fail=None 8.25s
-- generated events: 538
-- time elapsed: 2.20 secs
-- generated events: 311
-- time elapsed: 1.19 secs
2BOyzQctN9FQpLfNM9GHQW lyrics_all S2 ok=True fail=None 3.48s
-- generated events: 1110
-- time elapsed: 6.56 secs
-- generated events: 470
-- time elapsed: 1.86 secs
2CBn4vqG1420rIiELQRmZW lyrics_all S2 ok=True fail=None 8.53s
2CowpOAsDHkhMHQRknInwx lyrics_all S2 ok=False fail=unsupported_meter 0.0s
-- generated events: 901
-- time elapsed: 4.56 secs
-- generated events: 996
-- time elapsed: 5.35 secs
-- generated events: 583
-- time elapsed: 2.43 secs
2HVhqSDfh4XVdrRJuwpG6x lyrics_all S2 ok=True fail=None 12.5s
-- generated events: 705
-- time elapsed: 3.15 secs
[info] position not increasing, failed cnt: 1
[info] position not increasing, failed cnt: 2
[info] position not increasing, failed cnt: 3
[info] position not increasing, failed cnt: 4
[info] position not increasing, failed cnt: 5
[info] position not increasing, failed cnt: 6
[info] position not increasing, failed cnt: 7
[info] position not increasing, failed cnt: 8
[info] position not increasing, failed cnt: 9
[info] position not increasing, failed cnt: 10
[info] position not increasing, failed cnt: 11
[info] position not increasing, failed cnt: 12
[info] position not increasing, failed cnt: 13
[info] position not increasing, failed cnt: 14
[info] position not increasing, failed cnt: 15
[info] position not increasing, failed cnt: 16
[info] position not increasing, failed cnt: 17
[info] position not increasing, failed cnt: 18
[info] position not increasing, failed cnt: 19
[info] position not increasing, failed cnt: 20
[info] position not increasing, failed cnt: 21
[info] position not increasing, failed cnt: 22
[info] position not increasing, failed cnt: 23
[info] position not increasing, failed cnt: 24
[info] position not increasing, failed cnt: 25
[info] position not increasing, failed cnt: 26
[info] position not increasing, failed cnt: 27
[info] position not increasing, failed cnt: 28
[info] position not increasing, failed cnt: 29
[info] position not increasing, failed cnt: 30
[info] position not increasing, failed cnt: 31
[info] position not increasing, failed cnt: 32
[info] position not increasing, failed cnt: 33
[info] position not increasing, failed cnt: 34
[info] position not increasing, failed cnt: 35
[info] position not increasing, failed cnt: 36
[info] position not increasing, failed cnt: 37
[info] position not increasing, failed cnt: 38
[info] position not increasing, failed cnt: 39
[info] position not increasing, failed cnt: 40
[info] position not increasing, failed cnt: 41
[info] position not increasing, failed cnt: 42
[info] position not increasing, failed cnt: 43
[info] position not increasing, failed cnt: 44
[info] position not increasing, failed cnt: 45
[info] position not increasing, failed cnt: 46
[info] position not increasing, failed cnt: 47
[info] position not increasing, failed cnt: 48
[info] position not increasing, failed cnt: 49
[info] position not increasing, failed cnt: 50
[info] position not increasing, failed cnt: 51
[info] position not increasing, failed cnt: 52
[info] position not increasing, failed cnt: 53
[info] position not increasing, failed cnt: 54
[info] position not increasing, failed cnt: 55
[info] position not increasing, failed cnt: 56
[info] position not increasing, failed cnt: 57
[info] position not increasing, failed cnt: 58
[info] position not increasing, failed cnt: 59
[info] position not increasing, failed cnt: 60
[info] position not increasing, failed cnt: 61
[info] position not increasing, failed cnt: 62
[info] position not increasing, failed cnt: 63
[info] position not increasing, failed cnt: 64
[info] position not increasing, failed cnt: 65
[info] position not increasing, failed cnt: 66
[info] position not increasing, failed cnt: 67
[info] position not increasing, failed cnt: 68
[info] position not increasing, failed cnt: 69
[info] position not increasing, failed cnt: 70
[info] position not increasing, failed cnt: 71
[info] position not increasing, failed cnt: 72
[info] position not increasing, failed cnt: 73
[info] position not increasing, failed cnt: 74
[info] position not increasing, failed cnt: 75
[info] position not increasing, failed cnt: 76
[info] position not increasing, failed cnt: 77
[info] position not increasing, failed cnt: 78
[info] position not increasing, failed cnt: 79
[info] position not increasing, failed cnt: 80
[info] position not increasing, failed cnt: 81
[info] position not increasing, failed cnt: 82
[info] position not increasing, failed cnt: 83
[info] position not increasing, failed cnt: 84
[info] position not increasing, failed cnt: 85
[info] position not increasing, failed cnt: 86
[info] position not increasing, failed cnt: 87
[info] position not increasing, failed cnt: 88
[info] position not increasing, failed cnt: 89
[info] position not increasing, failed cnt: 90
[info] position not increasing, failed cnt: 91
[info] position not increasing, failed cnt: 92
[info] position not increasing, failed cnt: 93
[info] position not increasing, failed cnt: 94
[info] position not increasing, failed cnt: 95
[info] position not increasing, failed cnt: 96
[info] position not increasing, failed cnt: 97
[info] position not increasing, failed cnt: 98
[info] position not increasing, failed cnt: 99
[info] position not increasing, failed cnt: 100
[info] position not increasing, failed cnt: 101
[info] position not increasing, failed cnt: 102
[info] position not increasing, failed cnt: 103
[info] position not increasing, failed cnt: 104
[info] position not increasing, failed cnt: 105
[info] position not increasing, failed cnt: 106
[info] position not increasing, failed cnt: 107
[info] position not increasing, failed cnt: 108
[info] position not increasing, failed cnt: 109
[info] position not increasing, failed cnt: 110
[info] position not increasing, failed cnt: 111
[info] position not increasing, failed cnt: 112
[info] position not increasing, failed cnt: 113
[info] position not increasing, failed cnt: 114
[info] position not increasing, failed cnt: 115
[info] position not increasing, failed cnt: 116
[info] position not increasing, failed cnt: 117
[info] position not increasing, failed cnt: 118
[info] position not increasing, failed cnt: 119
[info] position not increasing, failed cnt: 120
[info] position not increasing, failed cnt: 121
[info] position not increasing, failed cnt: 122
[info] position not increasing, failed cnt: 123
[info] position not increasing, failed cnt: 124
[info] position not increasing, failed cnt: 125
[info] position not increasing, failed cnt: 126
[info] position not increasing, failed cnt: 127
[info] position not increasing, failed cnt: 128
[FATAL] model stuck, exiting ...
[info] position not increasing, failed cnt: 1
[info] position not increasing, failed cnt: 2
[info] position not increasing, failed cnt: 3
[info] position not increasing, failed cnt: 4
[info] position not increasing, failed cnt: 5
[info] position not increasing, failed cnt: 1
[info] position not increasing, failed cnt: 2
[info] position not increasing, failed cnt: 3
[info] position not increasing, failed cnt: 4
[info] position not increasing, failed cnt: 5
[info] position not increasing, failed cnt: 6
[info] position not increasing, failed cnt: 7
[info] position not increasing, failed cnt: 8
[info] position not increasing, failed cnt: 9
[info] position not increasing, failed cnt: 10
[info] position not increasing, failed cnt: 11
[info] position not increasing, failed cnt: 12
[info] position not increasing, failed cnt: 13
[info] position not increasing, failed cnt: 14
[info] position not increasing, failed cnt: 15
[info] position not increasing, failed cnt: 16
[info] position not increasing, failed cnt: 17
[info] position not increasing, failed cnt: 18
[info] position not increasing, failed cnt: 19
[info] position not increasing, failed cnt: 20
[info] position not increasing, failed cnt: 21
[info] position not increasing, failed cnt: 22
[info] position not increasing, failed cnt: 23
[info] position not increasing, failed cnt: 24
[info] position not increasing, failed cnt: 25
[info] position not increasing, failed cnt: 26
[info] position not increasing, failed cnt: 27
[info] position not increasing, failed cnt: 28
[info] position not increasing, failed cnt: 29
[info] position not increasing, failed cnt: 30
[info] position not increasing, failed cnt: 31
[info] position not increasing, failed cnt: 32
[info] position not increasing, failed cnt: 33
[info] position not increasing, failed cnt: 34
[info] position not increasing, failed cnt: 35
[info] position not increasing, failed cnt: 36
[info] position not increasing, failed cnt: 37
[info] position not increasing, failed cnt: 38
[info] position not increasing, failed cnt: 39
[info] position not increasing, failed cnt: 40
[info] position not increasing, failed cnt: 41
[info] position not increasing, failed cnt: 42
[info] position not increasing, failed cnt: 43
[info] position not increasing, failed cnt: 44
[info] position not increasing, failed cnt: 45
[info] position not increasing, failed cnt: 46
[info] position not increasing, failed cnt: 47
[info] position not increasing, failed cnt: 48
[info] position not increasing, failed cnt: 49
[info] position not increasing, failed cnt: 50
[info] position not increasing, failed cnt: 51
[info] position not increasing, failed cnt: 52
[info] position not increasing, failed cnt: 53
[info] position not increasing, failed cnt: 54
[info] position not increasing, failed cnt: 55
[info] position not increasing, failed cnt: 56
[info] position not increasing, failed cnt: 57
[info] position not increasing, failed cnt: 58
[info] position not increasing, failed cnt: 59
[info] position not increasing, failed cnt: 60
[info] position not increasing, failed cnt: 61
[info] position not increasing, failed cnt: 62
[info] position not increasing, failed cnt: 63
[info] position not increasing, failed cnt: 64
[info] position not increasing, failed cnt: 65
[info] position not increasing, failed cnt: 66
[info] position not increasing, failed cnt: 67
[info] position not increasing, failed cnt: 68
[info] position not increasing, failed cnt: 69
[info] position not increasing, failed cnt: 70
[info] position not increasing, failed cnt: 71
[info] position not increasing, failed cnt: 72
[info] position not increasing, failed cnt: 73
[info] position not increasing, failed cnt: 74
[info] position not increasing, failed cnt: 75
[info] position not increasing, failed cnt: 76
[info] position not increasing, failed cnt: 77
[info] position not increasing, failed cnt: 78
[info] position not increasing, failed cnt: 79
[info] position not increasing, failed cnt: 80
[info] position not increasing, failed cnt: 81
[info] position not increasing, failed cnt: 82
[info] position not increasing, failed cnt: 83
[info] position not increasing, failed cnt: 84
[info] position not increasing, failed cnt: 85
[info] position not increasing, failed cnt: 86
[info] position not increasing, failed cnt: 87
[info] position not increasing, failed cnt: 88
[info] position not increasing, failed cnt: 89
[info] position not increasing, failed cnt: 90
[info] position not increasing, failed cnt: 91
[info] position not increasing, failed cnt: 92
[info] position not increasing, failed cnt: 93
[info] position not increasing, failed cnt: 94
[info] position not increasing, failed cnt: 95
[info] position not increasing, failed cnt: 96
[info] position not increasing, failed cnt: 97
[info] position not increasing, failed cnt: 98
[info] position not increasing, failed cnt: 99
[info] position not increasing, failed cnt: 100
[info] position not increasing, failed cnt: 101
[info] position not increasing, failed cnt: 102
[info] position not increasing, failed cnt: 103
[info] position not increasing, failed cnt: 104
[info] position not increasing, failed cnt: 105
[info] position not increasing, failed cnt: 106
[info] position not increasing, failed cnt: 107
[info] position not increasing, failed cnt: 108
[info] position not increasing, failed cnt: 109
[info] position not increasing, failed cnt: 110
[info] position not increasing, failed cnt: 111
[info] position not increasing, failed cnt: 112
[info] position not increasing, failed cnt: 113
[info] position not increasing, failed cnt: 114
[info] position not increasing, failed cnt: 115
[info] position not increasing, failed cnt: 116
[info] position not increasing, failed cnt: 117
[info] position not increasing, failed cnt: 118
[info] position not increasing, failed cnt: 119
[info] position not increasing, failed cnt: 120
[info] position not increasing, failed cnt: 121
[info] position not increasing, failed cnt: 122
[info] position not increasing, failed cnt: 123
[info] position not increasing, failed cnt: 124
[info] position not increasing, failed cnt: 125
[info] position not increasing, failed cnt: 126
[info] position not increasing, failed cnt: 127
[info] position not increasing, failed cnt: 128
[FATAL] model stuck, exiting ...
-- generated events: 752
-- time elapsed: 3.47 secs
-- generated events: 62
-- time elapsed: 0.22 secs
2MAwZYWDPVFHl7OFJ2vtS8 lyrics_all S2 ok=True fail=None 21.34s
2Pg6rODAW3EZCCBgE8iPZq lyrics_all S2 ok=False fail=unsupported_meter 0.0s
[info] position not increasing, failed cnt: 1
[info] position not increasing, failed cnt: 1
[info] position not increasing, failed cnt: 2
-- generated events: 648
-- time elapsed: 2.81 secs
-- generated events: 333
-- time elapsed: 1.27 secs
2TSoqk7lI5AomIgffxCw4g lyrics_all S2 ok=True fail=None 4.18s
-- generated events: 873
-- time elapsed: 4.33 secs
-- generated events: 172
-- time elapsed: 0.63 secs
2Wcz0tFIoJn6xEzVQkOlDR lyrics_all S2 ok=True fail=None 5.05s
-- generated events: 668
-- time elapsed: 2.92 secs
-- generated events: 747
-- time elapsed: 3.42 secs
2YSqK9S0SZjulBJdc9BYuu lyrics_all S2 ok=True fail=None 6.45s
-- generated events: 859
-- time elapsed: 4.21 secs
-- generated events: 672
-- time elapsed: 2.94 secs
2alKIQAr2MPs28ZI5AHvJB lyrics_all S2 ok=True fail=None 7.26s
-- generated events: 669
-- time elapsed: 2.93 secs
-- generated events: 457
-- time elapsed: 1.81 secs
2dNIwWWsu0zmvKgHlE43dG lyrics_all S2 ok=True fail=None 4.84s
-- generated events: 562
-- time elapsed: 2.30 secs
-- generated events: 155
-- time elapsed: 0.56 secs
2doqLn2sfIhgoUB2DaLRiv lyrics_all S2 ok=True fail=None 2.96s
-- generated events: 861
-- time elapsed: 4.24 secs
2fqUJToyhc6bzIXootn4nv lyrics_all S2 ok=True fail=None 4.29s
-- generated events: 1029
-- time elapsed: 5.64 secs
-- generated events: 259
-- time elapsed: 0.96 secs
2fx7D86fwFlVfBJSGhuZFg lyrics_all S2 ok=True fail=None 6.71s
-- generated events: 739
-- time elapsed: 3.38 secs
-- generated events: 528
-- time elapsed: 2.14 secs
-- generated events: 286
-- time elapsed: 1.08 secs
2gDzOOf3ElxOa1v6g0Xk7M lyrics_all S2 ok=True fail=None 6.75s
-- generated events: 571
-- time elapsed: 2.36 secs
2gmcPtNdcxvNqs0CJRGgel lyrics_all S2 ok=True fail=None 2.41s
[info] position not increasing, failed cnt: 1
-- generated events: 908
-- time elapsed: 4.62 secs
-- generated events: 183
-- time elapsed: 0.67 secs
2jnjsOk91pDjhn7AI9C7eC lyrics_all S2 ok=True fail=None 5.39s
-- generated events: 1047
-- time elapsed: 5.84 secs
-- generated events: 239
-- time elapsed: 0.89 secs
2kNj4xVed7CbulRhF3C4nT lyrics_all S2 ok=True fail=None 6.83s
-- generated events: 784
-- time elapsed: 3.68 secs
-- generated events: 368
-- time elapsed: 1.43 secs
2mwrlsAA6AzX0AgheZBF41 lyrics_all S2 ok=True fail=None 5.21s
-- generated events: 742
-- time elapsed: 3.38 secs
-- generated events: 485
-- time elapsed: 1.93 secs
2nGGovqWeOxXH2WbnoS3RX lyrics_all S2 ok=True fail=None 5.41s
-- generated events: 835
-- time elapsed: 4.04 secs
-- generated events: 226
-- time elapsed: 0.84 secs
2r6PR48twaBEyqvTggRzZa lyrics_all S2 ok=True fail=None 4.97s
-- generated events: 882
-- time elapsed: 4.40 secs
-- generated events: 653
-- time elapsed: 2.83 secs
2rwYS769lcaMmFpqzR2bBZ lyrics_all S2 ok=True fail=None 7.33s
-- generated events: 555
-- time elapsed: 2.40 secs
-- generated events: 176
-- time elapsed: 0.64 secs
2vnn9onO7sQBevG0O2iPHi lyrics_all S2 ok=True fail=None 3.14s
-- generated events: 842
-- time elapsed: 4.10 secs
[info] position not increasing, failed cnt: 1
[info] position not increasing, failed cnt: 2
[info] position not increasing, failed cnt: 3
[info] position not increasing, failed cnt: 4
[info] position not increasing, failed cnt: 5
[info] position not increasing, failed cnt: 6
[info] position not increasing, failed cnt: 7
[info] position not increasing, failed cnt: 8
[info] position not increasing, failed cnt: 9
[info] position not increasing, failed cnt: 10
[info] position not increasing, failed cnt: 11
[info] position not increasing, failed cnt: 12
[info] position not increasing, failed cnt: 13
[info] position not increasing, failed cnt: 14
[info] position not increasing, failed cnt: 15
[info] position not increasing, failed cnt: 16
[info] position not increasing, failed cnt: 17
[info] position not increasing, failed cnt: 18
[info] position not increasing, failed cnt: 19
[info] position not increasing, failed cnt: 20
[info] position not increasing, failed cnt: 21
[info] position not increasing, failed cnt: 22
[info] position not increasing, failed cnt: 23
[info] position not increasing, failed cnt: 24
[info] position not increasing, failed cnt: 25
[info] position not increasing, failed cnt: 26
[info] position not increasing, failed cnt: 27
[info] position not increasing, failed cnt: 28
[info] position not increasing, failed cnt: 29
[info] position not increasing, failed cnt: 30
[info] position not increasing, failed cnt: 31
[info] position not increasing, failed cnt: 32
[info] position not increasing, failed cnt: 33
[info] position not increasing, failed cnt: 34
[info] position not increasing, failed cnt: 35
[info] position not increasing, failed cnt: 36
[info] position not increasing, failed cnt: 37
[info] position not increasing, failed cnt: 38
[info] position not increasing, failed cnt: 39
[info] position not increasing, failed cnt: 40
[info] position not increasing, failed cnt: 41
[info] position not increasing, failed cnt: 42
[info] position not increasing, failed cnt: 43
[info] position not increasing, failed cnt: 44
[info] position not increasing, failed cnt: 45
[info] position not increasing, failed cnt: 46
[info] position not increasing, failed cnt: 47
[info] position not increasing, failed cnt: 48
[info] position not increasing, failed cnt: 49
[info] position not increasing, failed cnt: 50
[info] position not increasing, failed cnt: 51
[info] position not increasing, failed cnt: 52
[info] position not increasing, failed cnt: 53
[info] position not increasing, failed cnt: 54
[info] position not increasing, failed cnt: 55
[info] position not increasing, failed cnt: 56
[info] position not increasing, failed cnt: 57
[info] position not increasing, failed cnt: 58
[info] position not increasing, failed cnt: 59
[info] position not increasing, failed cnt: 60
[info] position not increasing, failed cnt: 61
[info] position not increasing, failed cnt: 62
[info] position not increasing, failed cnt: 63
[info] position not increasing, failed cnt: 64
[info] position not increasing, failed cnt: 65
[info] position not increasing, failed cnt: 66
[info] position not increasing, failed cnt: 67
[info] position not increasing, failed cnt: 68
[info] position not increasing, failed cnt: 69
[info] position not increasing, failed cnt: 70
[info] position not increasing, failed cnt: 71
[info] position not increasing, failed cnt: 72
[info] position not increasing, failed cnt: 73
[info] position not increasing, failed cnt: 74
[info] position not increasing, failed cnt: 75
[info] position not increasing, failed cnt: 76
[info] position not increasing, failed cnt: 77
[info] position not increasing, failed cnt: 78
[info] position not increasing, failed cnt: 79
[info] position not increasing, failed cnt: 80
[info] position not increasing, failed cnt: 81
[info] position not increasing, failed cnt: 82
[info] position not increasing, failed cnt: 83
[info] position not increasing, failed cnt: 84
[info] position not increasing, failed cnt: 85
[info] position not increasing, failed cnt: 86
[info] position not increasing, failed cnt: 87
[info] position not increasing, failed cnt: 88
[info] position not increasing, failed cnt: 89
[info] position not increasing, failed cnt: 90
[info] position not increasing, failed cnt: 91
[info] position not increasing, failed cnt: 92
[info] position not increasing, failed cnt: 93
[info] position not increasing, failed cnt: 94
[info] position not increasing, failed cnt: 95
[info] position not increasing, failed cnt: 96
[info] position not increasing, failed cnt: 97
[info] position not increasing, failed cnt: 98
[info] position not increasing, failed cnt: 99
[info] position not increasing, failed cnt: 100
[info] position not increasing, failed cnt: 101
[info] position not increasing, failed cnt: 102
[info] position not increasing, failed cnt: 103
[info] position not increasing, failed cnt: 104
[info] position not increasing, failed cnt: 105
[info] position not increasing, failed cnt: 106
[info] position not increasing, failed cnt: 107
[info] position not increasing, failed cnt: 108
[info] position not increasing, failed cnt: 109
[info] position not increasing, failed cnt: 110
[info] position not increasing, failed cnt: 111
[info] position not increasing, failed cnt: 112
[info] position not increasing, failed cnt: 113
[info] position not increasing, failed cnt: 114
[info] position not increasing, failed cnt: 115
[info] position not increasing, failed cnt: 116
[info] position not increasing, failed cnt: 117
[info] position not increasing, failed cnt: 118
[info] position not increasing, failed cnt: 119
[info] position not increasing, failed cnt: 120
[info] position not increasing, failed cnt: 121
[info] position not increasing, failed cnt: 122
[info] position not increasing, failed cnt: 123
[info] position not increasing, failed cnt: 124
[info] position not increasing, failed cnt: 125
[info] position not increasing, failed cnt: 126
[info] position not increasing, failed cnt: 127
[info] position not increasing, failed cnt: 128
[FATAL] model stuck, exiting ...
-- generated events: 895
-- time elapsed: 4.51 secs
2xtwnA7wTLBrUYKe3p58oe lyrics_all S2 ok=True fail=None 9.4s
[info] gotten eos
-- generated events: 830
-- time elapsed: 4.01 secs
-- generated events: 191
-- time elapsed: 0.70 secs
2y0wImEpj5p6SxBmY0opQN lyrics_all S2 ok=True fail=None 4.81s
-- generated events: 1210
-- time elapsed: 7.76 secs
[info] position not increasing, failed cnt: 1
-- generated events: 412
-- time elapsed: 1.62 secs
32Wt3NCmKIU2u5RmSN53TJ lyrics_all S2 ok=True fail=None 9.48s
-- generated events: 458
-- time elapsed: 1.82 secs
-- generated events: 591
-- time elapsed: 2.48 secs
32fzm1b8Ivyyj9qKXjiMZw lyrics_all S2 ok=True fail=None 4.4s
-- generated events: 611
-- time elapsed: 2.59 secs
-- generated events: 270
-- time elapsed: 1.01 secs
3ACFBxapkdupp48I4hSHeX lyrics_all S2 ok=True fail=None 3.7s
-- generated events: 678
-- time elapsed: 2.98 secs
-- generated events: 511
-- time elapsed: 2.06 secs
3DtjJWwGp2qAVFkqeZ2Fgn lyrics_all S2 ok=True fail=None 5.14s
-- generated events: 864
-- time elapsed: 4.27 secs
-- generated events: 384
-- time elapsed: 1.49 secs
3FT4dcOfYXmlNbLecPiMrm lyrics_all S2 ok=True fail=None 5.86s
[info] error EOS occurs, failed eos: 1
[info] error EOS occurs, failed eos: 2
[info] error EOS occurs, failed eos: 3
[info] error EOS occurs, failed eos: 4
[info] error EOS occurs, failed eos: 5
[info] error EOS occurs, failed eos: 6
[info] error EOS occurs, failed eos: 7
[info] error EOS occurs, failed eos: 8
[info] error EOS occurs, failed eos: 9
[info] error EOS occurs, failed eos: 10
[info] error EOS occurs, failed eos: 11
[info] error EOS occurs, failed eos: 12
[info] error EOS occurs, failed eos: 13
[info] error EOS occurs, failed eos: 14
[info] error EOS occurs, failed eos: 15
[info] error EOS occurs, failed eos: 16
[info] error EOS occurs, failed eos: 17
[info] error EOS occurs, failed eos: 18
[info] error EOS occurs, failed eos: 19
[info] error EOS occurs, failed eos: 20
[info] error EOS occurs, failed eos: 21
[info] error EOS occurs, failed eos: 22
[info] error EOS occurs, failed eos: 23
[info] error EOS occurs, failed eos: 24
[info] error EOS occurs, failed eos: 25
[info] error EOS occurs, failed eos: 26
[info] error EOS occurs, failed eos: 27
[info] error EOS occurs, failed eos: 28
[info] error EOS occurs, failed eos: 29
[info] error EOS occurs, failed eos: 30
[info] error EOS occurs, failed eos: 31
[info] error EOS occurs, failed eos: 32
[info] error EOS occurs, failed eos: 33
[info] error EOS occurs, failed eos: 34
[info] error EOS occurs, failed eos: 35
[info] error EOS occurs, failed eos: 36
[info] error EOS occurs, failed eos: 37
[info] error EOS occurs, failed eos: 38
[info] error EOS occurs, failed eos: 39
[info] error EOS occurs, failed eos: 40
[info] error EOS occurs, failed eos: 41
[info] error EOS occurs, failed eos: 42
[info] error EOS occurs, failed eos: 43
[info] error EOS occurs, failed eos: 44
[info] error EOS occurs, failed eos: 45
[info] error EOS occurs, failed eos: 46
[info] error EOS occurs, failed eos: 47
[info] error EOS occurs, failed eos: 48
[info] error EOS occurs, failed eos: 49
[info] error EOS occurs, failed eos: 50
[info] error EOS occurs, failed eos: 51
[info] error EOS occurs, failed eos: 52
[info] error EOS occurs, failed eos: 53
[info] error EOS occurs, failed eos: 54
[info] error EOS occurs, failed eos: 55
[info] error EOS occurs, failed eos: 56
[info] error EOS occurs, failed eos: 57
[info] error EOS occurs, failed eos: 58
[info] error EOS occurs, failed eos: 59
[info] error EOS occurs, failed eos: 60
[info] error EOS occurs, failed eos: 61
[info] error EOS occurs, failed eos: 62
[info] error EOS occurs, failed eos: 63
[info] error EOS occurs, failed eos: 64
[info] error EOS occurs, failed eos: 65
[info] error EOS occurs, failed eos: 66
[info] error EOS occurs, failed eos: 67
[info] error EOS occurs, failed eos: 68
[info] error EOS occurs, failed eos: 69
[info] error EOS occurs, failed eos: 70
[info] error EOS occurs, failed eos: 71
[info] error EOS occurs, failed eos: 72
[info] error EOS occurs, failed eos: 73
[info] error EOS occurs, failed eos: 74
[info] error EOS occurs, failed eos: 75
[info] error EOS occurs, failed eos: 76
[info] error EOS occurs, failed eos: 77
[info] error EOS occurs, failed eos: 78
[info] error EOS occurs, failed eos: 79
[info] error EOS occurs, failed eos: 80
[info] error EOS occurs, failed eos: 81
[info] error EOS occurs, failed eos: 82
[info] error EOS occurs, failed eos: 83
[info] error EOS occurs, failed eos: 84
[info] error EOS occurs, failed eos: 85
[info] error EOS occurs, failed eos: 86
[info] error EOS occurs, failed eos: 87
[info] error EOS occurs, failed eos: 88
[info] error EOS occurs, failed eos: 89
[info] error EOS occurs, failed eos: 90
[info] error EOS occurs, failed eos: 91
[info] error EOS occurs, failed eos: 92
[info] error EOS occurs, failed eos: 93
[info] error EOS occurs, failed eos: 94
[info] error EOS occurs, failed eos: 95
[info] error EOS occurs, failed eos: 96
[info] error EOS occurs, failed eos: 97
[info] error EOS occurs, failed eos: 98
[info] error EOS occurs, failed eos: 99
[info] error EOS occurs, failed eos: 100
[info] error EOS occurs, failed eos: 101
[info] error EOS occurs, failed eos: 102
[info] error EOS occurs, failed eos: 103
[info] error EOS occurs, failed eos: 104
[info] error EOS occurs, failed eos: 105
[info] error EOS occurs, failed eos: 106
[info] error EOS occurs, failed eos: 107
[info] error EOS occurs, failed eos: 108
[info] error EOS occurs, failed eos: 109
[info] error EOS occurs, failed eos: 110
[info] error EOS occurs, failed eos: 111
[info] error EOS occurs, failed eos: 112
[info] error EOS occurs, failed eos: 113
[info] error EOS occurs, failed eos: 114
[info] error EOS occurs, failed eos: 115
[info] error EOS occurs, failed eos: 116
[info] error EOS occurs, failed eos: 117
[info] error EOS occurs, failed eos: 118
[info] error EOS occurs, failed eos: 119
[info] error EOS occurs, failed eos: 120
[info] error EOS occurs, failed eos: 121
[info] error EOS occurs, failed eos: 122
[info] error EOS occurs, failed eos: 123
[info] error EOS occurs, failed eos: 124
[info] error EOS occurs, failed eos: 125
[info] error EOS occurs, failed eos: 126
[info] error EOS occurs, failed eos: 127
[info] error EOS occurs, failed eos: 128
[FATAL] model stuck, eos error ...
-- generated events: 700
-- time elapsed: 3.11 secs
-- generated events: 600
-- time elapsed: 2.53 secs
3IIAyAsxuQR9jsikumTVHo lyrics_all S2 ok=True fail=None 8.28s
-- generated events: 750
-- time elapsed: 3.45 secs
3JjXD9DVfxh001wI5IACZ1 lyrics_all S2 ok=True fail=None 3.5s
-- generated events: 760
-- time elapsed: 3.51 secs
-- generated events: 481
-- time elapsed: 1.93 secs
3KEgUftkAZzQeugm2kVwbT lyrics_all S2 ok=True fail=None 5.55s
-- generated events: 668
-- time elapsed: 2.91 secs
-- generated events: 15
-- time elapsed: 0.05 secs
3Oljg1NEoLgRgcJnWJpiAT lyrics_all S2 ok=True fail=None 3.06s
-- generated events: 746
-- time elapsed: 3.42 secs
3QdCMpU6fQ1dsJ3GTzG5HW lyrics_all S2 ok=True fail=None 3.47s
-- generated events: 956
-- time elapsed: 5.00 secs
3SYxHNDH5nXWkzcQHw4YnX lyrics_all S2 ok=True fail=None 5.05s
-- generated events: 697
-- time elapsed: 3.10 secs
-- generated events: 606
-- time elapsed: 2.56 secs
3SZ3hiasAHYoajQX3XH4FU lyrics_all S2 ok=True fail=None 5.76s
3SlCzm1GRT5idmfyQ8LjYP lyrics_all S2 ok=False fail=unsupported_meter 0.0s
-- generated events: 917
-- time elapsed: 4.69 secs
-- generated events: 263
-- time elapsed: 0.98 secs
3UD90WH9z5Ftofm8XRf3Ld lyrics_all S2 ok=True fail=None 5.77s
-- generated events: 539
-- time elapsed: 2.19 secs
3Wlox2t540dXpZpm20Zjyb lyrics_all S2 ok=True fail=None 2.25s
-- generated events: 1152
-- time elapsed: 7.04 secs
3X3BdYpVpN78IFIpmhhEmU lyrics_all S2 ok=True fail=None 7.09s
-- generated events: 752
-- time elapsed: 3.46 secs
3Yg7Z2rVweAHOwUiPkqTvE lyrics_all S2 ok=True fail=None 3.51s
-- generated events: 544
-- time elapsed: 2.22 secs
-- generated events: 496
-- time elapsed: 1.99 secs
3fqOOwQx6M8XpJMf8Bsp9K lyrics_all S2 ok=True fail=None 4.31s
-- generated events: 811
-- time elapsed: 3.88 secs
-- generated events: 162
-- time elapsed: 0.59 secs
3fuDrXgVS9Be7HQqDuX5qV lyrics_all S2 ok=True fail=None 4.57s
[info] error EOS occurs, failed eos: 1
[info] error EOS occurs, failed eos: 2
[info] error EOS occurs, failed eos: 3
[info] error EOS occurs, failed eos: 4
[info] error EOS occurs, failed eos: 5
[info] error EOS occurs, failed eos: 6
[info] error EOS occurs, failed eos: 7
[info] error EOS occurs, failed eos: 8
[info] error EOS occurs, failed eos: 9
[info] error EOS occurs, failed eos: 10
[info] error EOS occurs, failed eos: 11
[info] error EOS occurs, failed eos: 12
[info] error EOS occurs, failed eos: 13
[info] error EOS occurs, failed eos: 14
[info] error EOS occurs, failed eos: 15
[info] error EOS occurs, failed eos: 16
[info] error EOS occurs, failed eos: 17
[info] error EOS occurs, failed eos: 18
[info] error EOS occurs, failed eos: 19
[info] error EOS occurs, failed eos: 20
[info] error EOS occurs, failed eos: 21
[info] error EOS occurs, failed eos: 22
[info] error EOS occurs, failed eos: 23
[info] error EOS occurs, failed eos: 24
[info] error EOS occurs, failed eos: 25
[info] error EOS occurs, failed eos: 26
[info] error EOS occurs, failed eos: 27
[info] error EOS occurs, failed eos: 28
[info] error EOS occurs, failed eos: 29
[info] error EOS occurs, failed eos: 30
[info] error EOS occurs, failed eos: 31
[info] error EOS occurs, failed eos: 32
[info] error EOS occurs, failed eos: 33
[info] error EOS occurs, failed eos: 34
[info] error EOS occurs, failed eos: 35
[info] error EOS occurs, failed eos: 36
[info] error EOS occurs, failed eos: 37
[info] error EOS occurs, failed eos: 38
[info] error EOS occurs, failed eos: 39
[info] error EOS occurs, failed eos: 40
[info] error EOS occurs, failed eos: 41
[info] error EOS occurs, failed eos: 42
[info] error EOS occurs, failed eos: 43
[info] error EOS occurs, failed eos: 44
[info] error EOS occurs, failed eos: 45
[info] error EOS occurs, failed eos: 46
[info] error EOS occurs, failed eos: 47
[info] error EOS occurs, failed eos: 48
[info] error EOS occurs, failed eos: 49
[info] error EOS occurs, failed eos: 50
[info] error EOS occurs, failed eos: 51
[info] error EOS occurs, failed eos: 52
[info] error EOS occurs, failed eos: 53
[info] error EOS occurs, failed eos: 54
[info] error EOS occurs, failed eos: 55
[info] error EOS occurs, failed eos: 56
[info] error EOS occurs, failed eos: 57
[info] error EOS occurs, failed eos: 58
[info] error EOS occurs, failed eos: 59
[info] error EOS occurs, failed eos: 60
[info] error EOS occurs, failed eos: 61
[info] error EOS occurs, failed eos: 62
[info] error EOS occurs, failed eos: 63
[info] error EOS occurs, failed eos: 64
[info] error EOS occurs, failed eos: 65
[info] error EOS occurs, failed eos: 66
[info] error EOS occurs, failed eos: 67
[info] error EOS occurs, failed eos: 68
[info] error EOS occurs, failed eos: 69
[info] error EOS occurs, failed eos: 70
[info] error EOS occurs, failed eos: 71
[info] error EOS occurs, failed eos: 72
[info] error EOS occurs, failed eos: 73
[info] error EOS occurs, failed eos: 74
[info] error EOS occurs, failed eos: 75
[info] error EOS occurs, failed eos: 76
[info] error EOS occurs, failed eos: 77
[info] error EOS occurs, failed eos: 78
[info] error EOS occurs, failed eos: 79
[info] error EOS occurs, failed eos: 80
[info] error EOS occurs, failed eos: 81
[info] error EOS occurs, failed eos: 82
[info] error EOS occurs, failed eos: 83
[info] error EOS occurs, failed eos: 84
[info] error EOS occurs, failed eos: 85
[info] error EOS occurs, failed eos: 86
[info] error EOS occurs, failed eos: 87
[info] error EOS occurs, failed eos: 88
[info] error EOS occurs, failed eos: 89
[info] error EOS occurs, failed eos: 90
[info] error EOS occurs, failed eos: 91
[info] error EOS occurs, failed eos: 92
[info] error EOS occurs, failed eos: 93
[info] error EOS occurs, failed eos: 94
[info] error EOS occurs, failed eos: 95
[info] error EOS occurs, failed eos: 96
[info] error EOS occurs, failed eos: 97
[info] error EOS occurs, failed eos: 98
[info] error EOS occurs, failed eos: 99
[info] error EOS occurs, failed eos: 100
[info] error EOS occurs, failed eos: 101
[info] error EOS occurs, failed eos: 102
[info] error EOS occurs, failed eos: 103
[info] error EOS occurs, failed eos: 104
[info] error EOS occurs, failed eos: 105
[info] error EOS occurs, failed eos: 106
[info] error EOS occurs, failed eos: 107
[info] error EOS occurs, failed eos: 108
[info] error EOS occurs, failed eos: 109
[info] error EOS occurs, failed eos: 110
[info] error EOS occurs, failed eos: 111
[info] error EOS occurs, failed eos: 112
[info] error EOS occurs, failed eos: 113
[info] error EOS occurs, failed eos: 114
[info] error EOS occurs, failed eos: 115
[info] error EOS occurs, failed eos: 116
[info] error EOS occurs, failed eos: 117
[info] error EOS occurs, failed eos: 118
[info] error EOS occurs, failed eos: 119
[info] error EOS occurs, failed eos: 120
[info] error EOS occurs, failed eos: 121
[info] error EOS occurs, failed eos: 122
[info] error EOS occurs, failed eos: 123
[info] error EOS occurs, failed eos: 124
[info] error EOS occurs, failed eos: 125
[info] error EOS occurs, failed eos: 126
[info] error EOS occurs, failed eos: 127
[info] error EOS occurs, failed eos: 128
[FATAL] model stuck, eos error ...
-- generated events: 1035
-- time elapsed: 5.74 secs
-- generated events: 1005
-- time elapsed: 5.44 secs
3im9iOhpZNgaTS4VGYOGF9 lyrics_all S2 ok=True fail=None 15.49s
-- generated events: 639
-- time elapsed: 2.75 secs
-- generated events: 624
-- time elapsed: 2.67 secs
-- generated events: 199
-- time elapsed: 0.73 secs
3mGw54mWnUpV2wNONvBTJy lyrics_all S2 ok=True fail=None 6.3s
[info] position not increasing, failed cnt: 1
[info] position not increasing, failed cnt: 2
[info] position not increasing, failed cnt: 3
[info] position not increasing, failed cnt: 4
[info] position not increasing, failed cnt: 5
[info] position not increasing, failed cnt: 6
[info] position not increasing, failed cnt: 7
[info] position not increasing, failed cnt: 8
[info] position not increasing, failed cnt: 9
[info] position not increasing, failed cnt: 10
[info] position not increasing, failed cnt: 11
[info] position not increasing, failed cnt: 12
[info] position not increasing, failed cnt: 13
[info] position not increasing, failed cnt: 14
[info] position not increasing, failed cnt: 15
[info] position not increasing, failed cnt: 16
[info] position not increasing, failed cnt: 17
[info] position not increasing, failed cnt: 18
[info] position not increasing, failed cnt: 19
[info] position not increasing, failed cnt: 20
[info] position not increasing, failed cnt: 21
[info] position not increasing, failed cnt: 22
[info] position not increasing, failed cnt: 23
[info] position not increasing, failed cnt: 24
[info] position not increasing, failed cnt: 25
[info] position not increasing, failed cnt: 26
[info] position not increasing, failed cnt: 27
[info] position not increasing, failed cnt: 28
[info] position not increasing, failed cnt: 29
[info] position not increasing, failed cnt: 30
[info] position not increasing, failed cnt: 31
[info] position not increasing, failed cnt: 32
[info] position not increasing, failed cnt: 33
[info] position not increasing, failed cnt: 34
[info] position not increasing, failed cnt: 35
[info] position not increasing, failed cnt: 36
[info] position not increasing, failed cnt: 37
[info] position not increasing, failed cnt: 38
[info] position not increasing, failed cnt: 39
[info] position not increasing, failed cnt: 40
[info] position not increasing, failed cnt: 41
[info] position not increasing, failed cnt: 42
[info] position not increasing, failed cnt: 43
[info] position not increasing, failed cnt: 44
[info] position not increasing, failed cnt: 45
[info] position not increasing, failed cnt: 46
[info] position not increasing, failed cnt: 47
[info] position not increasing, failed cnt: 48
[info] position not increasing, failed cnt: 49
[info] position not increasing, failed cnt: 50
[info] position not increasing, failed cnt: 51
[info] position not increasing, failed cnt: 52
[info] position not increasing, failed cnt: 53
[info] position not increasing, failed cnt: 54
[info] position not increasing, failed cnt: 55
[info] position not increasing, failed cnt: 56
[info] position not increasing, failed cnt: 57
[info] position not increasing, failed cnt: 58
[info] position not increasing, failed cnt: 59
[info] position not increasing, failed cnt: 60
[info] position not increasing, failed cnt: 61
[info] position not increasing, failed cnt: 62
[info] position not increasing, failed cnt: 63
[info] position not increasing, failed cnt: 64
[info] position not increasing, failed cnt: 65
[info] position not increasing, failed cnt: 66
[info] position not increasing, failed cnt: 67
[info] position not increasing, failed cnt: 68
[info] position not increasing, failed cnt: 69
[info] position not increasing, failed cnt: 70
[info] position not increasing, failed cnt: 71
[info] position not increasing, failed cnt: 72
[info] position not increasing, failed cnt: 73
[info] position not increasing, failed cnt: 74
[info] position not increasing, failed cnt: 75
[info] position not increasing, failed cnt: 76
[info] position not increasing, failed cnt: 77
[info] position not increasing, failed cnt: 78
[info] position not increasing, failed cnt: 79
[info] position not increasing, failed cnt: 80
[info] position not increasing, failed cnt: 81
[info] position not increasing, failed cnt: 82
[info] position not increasing, failed cnt: 83
[info] position not increasing, failed cnt: 84
[info] position not increasing, failed cnt: 85
[info] position not increasing, failed cnt: 86
[info] position not increasing, failed cnt: 87
[info] position not increasing, failed cnt: 88
[info] position not increasing, failed cnt: 89
[info] position not increasing, failed cnt: 90
[info] position not increasing, failed cnt: 91
[info] position not increasing, failed cnt: 92
[info] position not increasing, failed cnt: 93
[info] position not increasing, failed cnt: 94
[info] position not increasing, failed cnt: 95
[info] position not increasing, failed cnt: 96
[info] position not increasing, failed cnt: 97
[info] position not increasing, failed cnt: 98
[info] position not increasing, failed cnt: 99
[info] position not increasing, failed cnt: 100
[info] position not increasing, failed cnt: 101
[info] position not increasing, failed cnt: 102
[info] position not increasing, failed cnt: 103
[info] position not increasing, failed cnt: 104
[info] position not increasing, failed cnt: 105
[info] position not increasing, failed cnt: 106
[info] position not increasing, failed cnt: 107
[info] position not increasing, failed cnt: 108
[info] position not increasing, failed cnt: 109
[info] position not increasing, failed cnt: 110
[info] position not increasing, failed cnt: 111
[info] position not increasing, failed cnt: 112
[info] position not increasing, failed cnt: 113
[info] position not increasing, failed cnt: 114
[info] position not increasing, failed cnt: 115
[info] position not increasing, failed cnt: 116
[info] position not increasing, failed cnt: 117
[info] position not increasing, failed cnt: 118
[info] position not increasing, failed cnt: 119
[info] position not increasing, failed cnt: 120
[info] position not increasing, failed cnt: 121
[info] position not increasing, failed cnt: 122
[info] position not increasing, failed cnt: 123
[info] position not increasing, failed cnt: 124
[info] position not increasing, failed cnt: 125
[info] position not increasing, failed cnt: 126
[info] position not increasing, failed cnt: 127
[info] position not increasing, failed cnt: 128
[FATAL] model stuck, exiting ...
-- generated events: 773
-- time elapsed: 3.60 secs
-- generated events: 847
-- time elapsed: 4.13 secs
3q9kTZg82Fxa7KptbOLqav lyrics_all S2 ok=True fail=None 12.88s
-- generated events: 546
-- time elapsed: 2.22 secs
-- generated events: 519
-- time elapsed: 2.10 secs
3t677uctclLy3tETsBtGF9 lyrics_all S2 ok=True fail=None 4.42s
[info] position not increasing, failed cnt: 1
[info] position not increasing, failed cnt: 2
[info] position not increasing, failed cnt: 3
[info] position not increasing, failed cnt: 1
[info] position not increasing, failed cnt: 2
[info] position not increasing, failed cnt: 3
[info] position not increasing, failed cnt: 4
[info] position not increasing, failed cnt: 5
[info] position not increasing, failed cnt: 6
[info] position not increasing, failed cnt: 7
[info] position not increasing, failed cnt: 8
[info] position not increasing, failed cnt: 9
[info] position not increasing, failed cnt: 10
[info] position not increasing, failed cnt: 11
[info] position not increasing, failed cnt: 12
[info] position not increasing, failed cnt: 1
[info] position not increasing, failed cnt: 2
[info] position not increasing, failed cnt: 3
[info] position not increasing, failed cnt: 4
[info] position not increasing, failed cnt: 5
[info] position not increasing, failed cnt: 6
[info] position not increasing, failed cnt: 7
[info] position not increasing, failed cnt: 8
[info] position not increasing, failed cnt: 9
[info] position not increasing, failed cnt: 10
-- generated events: 1078
-- time elapsed: 6.29 secs
-- generated events: 480
-- time elapsed: 1.92 secs
3tOVrJlfy9g1dPBI8czFIy lyrics_all S2 ok=True fail=None 8.31s
-- generated events: 697
-- time elapsed: 3.09 secs
-- generated events: 312
-- time elapsed: 1.19 secs
3tmLIBcbVxYe6tTKvUyMIk lyrics_all S2 ok=True fail=None 4.38s
-- generated events: 531
-- time elapsed: 2.15 secs
-- generated events: 469
-- time elapsed: 1.87 secs
3xqFOwya52XoVYyO2HphmG lyrics_all S2 ok=True fail=None 4.12s
-- generated events: 811
-- time elapsed: 3.87 secs
-- generated events: 637
-- time elapsed: 2.74 secs
-- generated events: 820
-- time elapsed: 3.93 secs
-- generated events: 429
-- time elapsed: 1.68 secs
40RF2zemUhNk0aPkIJNWxM lyrics_all S2 ok=True fail=None 12.42s
[info] position not increasing, failed cnt: 1
[info] position not increasing, failed cnt: 2
[info] position not increasing, failed cnt: 3
[info] position not increasing, failed cnt: 4
[info] position not increasing, failed cnt: 5
[info] position not increasing, failed cnt: 6
[info] position not increasing, failed cnt: 7
[info] position not increasing, failed cnt: 8
[info] position not increasing, failed cnt: 9
[info] position not increasing, failed cnt: 10
[info] position not increasing, failed cnt: 11
[info] position not increasing, failed cnt: 12
[info] position not increasing, failed cnt: 13
[info] position not increasing, failed cnt: 14
[info] position not increasing, failed cnt: 15
[info] position not increasing, failed cnt: 16
[info] position not increasing, failed cnt: 17
[info] position not increasing, failed cnt: 18
[info] position not increasing, failed cnt: 19
[info] position not increasing, failed cnt: 20
[info] position not increasing, failed cnt: 21
[info] position not increasing, failed cnt: 22
[info] position not increasing, failed cnt: 23
[info] position not increasing, failed cnt: 24
[info] position not increasing, failed cnt: 25
[info] position not increasing, failed cnt: 26
[info] position not increasing, failed cnt: 27
[info] position not increasing, failed cnt: 28
[info] position not increasing, failed cnt: 29
[info] position not increasing, failed cnt: 30
[info] position not increasing, failed cnt: 31
[info] position not increasing, failed cnt: 32
[info] position not increasing, failed cnt: 33
[info] position not increasing, failed cnt: 34
[info] position not increasing, failed cnt: 35
[info] position not increasing, failed cnt: 36
[info] position not increasing, failed cnt: 37
[info] position not increasing, failed cnt: 38
[info] position not increasing, failed cnt: 39
[info] position not increasing, failed cnt: 40
[info] position not increasing, failed cnt: 41
[info] position not increasing, failed cnt: 42
[info] position not increasing, failed cnt: 43
[info] position not increasing, failed cnt: 44
[info] position not increasing, failed cnt: 45
[info] position not increasing, failed cnt: 46
[info] position not increasing, failed cnt: 47
[info] position not increasing, failed cnt: 48
[info] position not increasing, failed cnt: 49
[info] position not increasing, failed cnt: 50
[info] position not increasing, failed cnt: 51
[info] position not increasing, failed cnt: 52
[info] position not increasing, failed cnt: 53
[info] position not increasing, failed cnt: 54
[info] position not increasing, failed cnt: 55
[info] position not increasing, failed cnt: 56
[info] position not increasing, failed cnt: 57
[info] position not increasing, failed cnt: 58
[info] position not increasing, failed cnt: 59
[info] position not increasing, failed cnt: 60
[info] position not increasing, failed cnt: 61
[info] position not increasing, failed cnt: 62
[info] position not increasing, failed cnt: 63
[info] position not increasing, failed cnt: 64
[info] position not increasing, failed cnt: 65
[info] position not increasing, failed cnt: 66
[info] position not increasing, failed cnt: 67
[info] position not increasing, failed cnt: 68
[info] position not increasing, failed cnt: 69
[info] position not increasing, failed cnt: 70
[info] position not increasing, failed cnt: 71
[info] position not increasing, failed cnt: 72
[info] position not increasing, failed cnt: 73
[info] position not increasing, failed cnt: 74
[info] position not increasing, failed cnt: 75
[info] position not increasing, failed cnt: 76
[info] position not increasing, failed cnt: 77
[info] position not increasing, failed cnt: 78
[info] position not increasing, failed cnt: 79
[info] position not increasing, failed cnt: 80
[info] position not increasing, failed cnt: 81
[info] position not increasing, failed cnt: 82
[info] position not increasing, failed cnt: 83
[info] position not increasing, failed cnt: 84
[info] position not increasing, failed cnt: 85
[info] position not increasing, failed cnt: 86
[info] position not increasing, failed cnt: 87
[info] position not increasing, failed cnt: 88
[info] position not increasing, failed cnt: 89
[info] position not increasing, failed cnt: 90
[info] position not increasing, failed cnt: 91
[info] position not increasing, failed cnt: 92
[info] position not increasing, failed cnt: 93
[info] position not increasing, failed cnt: 94
[info] position not increasing, failed cnt: 95
[info] position not increasing, failed cnt: 96
[info] position not increasing, failed cnt: 97
[info] position not increasing, failed cnt: 98
[info] position not increasing, failed cnt: 99
[info] position not increasing, failed cnt: 100
[info] position not increasing, failed cnt: 101
[info] position not increasing, failed cnt: 102
[info] position not increasing, failed cnt: 103
[info] position not increasing, failed cnt: 104
[info] position not increasing, failed cnt: 105
[info] position not increasing, failed cnt: 106
[info] position not increasing, failed cnt: 107
[info] position not increasing, failed cnt: 108
[info] position not increasing, failed cnt: 109
[info] position not increasing, failed cnt: 110
[info] position not increasing, failed cnt: 111
[info] position not increasing, failed cnt: 112
[info] position not increasing, failed cnt: 113
[info] position not increasing, failed cnt: 114
[info] position not increasing, failed cnt: 115
[info] position not increasing, failed cnt: 116
[info] position not increasing, failed cnt: 117
[info] position not increasing, failed cnt: 118
[info] position not increasing, failed cnt: 119
[info] position not increasing, failed cnt: 120
[info] position not increasing, failed cnt: 121
[info] position not increasing, failed cnt: 122
[info] position not increasing, failed cnt: 123
[info] position not increasing, failed cnt: 124
[info] position not increasing, failed cnt: 125
[info] position not increasing, failed cnt: 126
[info] position not increasing, failed cnt: 127
[info] position not increasing, failed cnt: 128
[FATAL] model stuck, exiting ...
[info] position not increasing, failed cnt: 1
-- generated events: 1267
-- time elapsed: 8.50 secs
-- generated events: 373
-- time elapsed: 1.45 secs
4218Xav4mopAXlguvSJ9Uv lyrics_all S2 ok=True fail=None 17.02s
-- generated events: 894
-- time elapsed: 4.51 secs
-- generated events: 455
-- time elapsed: 1.81 secs
479FYDDkEokgYf3BG9x6fp lyrics_all S2 ok=True fail=None 6.41s
-- generated events: 998
-- time elapsed: 5.37 secs
[info] position not increasing, failed cnt: 1
-- generated events: 632
-- time elapsed: 2.71 secs
47ZxPbe5sBnGaQanA7sQDq lyrics_all S2 ok=True fail=None 8.18s
-- generated events: 554
-- time elapsed: 2.26 secs
-- generated events: 569
-- time elapsed: 2.35 secs
499ghNme62G8hsotXXlAIE lyrics_all S2 ok=True fail=None 4.71s
-- generated events: 1079
-- time elapsed: 6.18 secs
49pMRkESXndNlp0jD1Vxnj lyrics_all S2 ok=True fail=None 6.24s
-- generated events: 852
-- time elapsed: 4.18 secs
-- generated events: 694
-- time elapsed: 3.09 secs
4Aguf5QHJzRN4PcXwFX7X0 lyrics_all S2 ok=True fail=None 7.37s
-- generated events: 562
-- time elapsed: 2.32 secs
4BDdKKIImyCOH0UFXGSoMu lyrics_all S2 ok=True fail=None 2.37s
-- generated events: 909
-- time elapsed: 4.62 secs
-- generated events: 107
-- time elapsed: 0.39 secs
4Bsy0tFLV7FdP4t1gUY5XI lyrics_all S2 ok=True fail=None 5.11s
-- generated events: 632
-- time elapsed: 2.70 secs
-- generated events: 419
-- time elapsed: 1.64 secs
4C8V4YVVhGQdsoyD1uuhyJ lyrics_all S2 ok=True fail=None 4.45s
-- generated events: 681
-- time elapsed: 2.99 secs
-- generated events: 477
-- time elapsed: 1.91 secs
-- generated events: 258
-- time elapsed: 0.96 secs
4Cvd1vwstGUZTdnL6X35md lyrics_all S2 ok=True fail=None 6.01s
-- generated events: 534
-- time elapsed: 2.18 secs
-- generated events: 573
-- time elapsed: 2.38 secs
4DJ0DsOmFv6fR5LeyUsslY lyrics_all S2 ok=True fail=None 4.66s
-- generated events: 847
-- time elapsed: 4.15 secs
4KnaiD9UY8fAhM1GrM9M8m lyrics_all S2 ok=True fail=None 4.2s
4M901X90BfY3H74MqcXZNi lyrics_all S2 ok=False fail=unsupported_meter 0.0s
-- generated events: 714
-- time elapsed: 3.21 secs
-- generated events: 701
-- time elapsed: 3.12 secs
4QvcPLQoWZK9qiX8uU6zft lyrics_all S2 ok=True fail=None 6.44s
-- generated events: 796
-- time elapsed: 3.77 secs
-- generated events: 730
-- time elapsed: 3.31 secs
4REzuXet7gr8UCA3T5tK2s lyrics_all S2 ok=True fail=None 7.19s
[info] error EOS occurs, failed eos: 1
[info] error EOS occurs, failed eos: 2
[info] error EOS occurs, failed eos: 3
[info] error EOS occurs, failed eos: 4
[info] error EOS occurs, failed eos: 5
[info] error EOS occurs, failed eos: 6
[info] error EOS occurs, failed eos: 7
[info] error EOS occurs, failed eos: 8
[info] error EOS occurs, failed eos: 9
[info] error EOS occurs, failed eos: 10
[info] error EOS occurs, failed eos: 11
[info] error EOS occurs, failed eos: 12
[info] error EOS occurs, failed eos: 13
[info] error EOS occurs, failed eos: 14
[info] error EOS occurs, failed eos: 15
[info] error EOS occurs, failed eos: 16
[info] error EOS occurs, failed eos: 17
[info] error EOS occurs, failed eos: 18
[info] error EOS occurs, failed eos: 19
[info] error EOS occurs, failed eos: 20
[info] error EOS occurs, failed eos: 21
[info] error EOS occurs, failed eos: 22
[info] error EOS occurs, failed eos: 23
[info] error EOS occurs, failed eos: 24
[info] error EOS occurs, failed eos: 25
[info] error EOS occurs, failed eos: 26
[info] error EOS occurs, failed eos: 27
[info] error EOS occurs, failed eos: 28
[info] error EOS occurs, failed eos: 29
[info] error EOS occurs, failed eos: 30
[info] error EOS occurs, failed eos: 31
[info] error EOS occurs, failed eos: 32
[info] error EOS occurs, failed eos: 33
[info] error EOS occurs, failed eos: 34
[info] error EOS occurs, failed eos: 35
[info] error EOS occurs, failed eos: 36
[info] error EOS occurs, failed eos: 37
[info] error EOS occurs, failed eos: 38
[info] error EOS occurs, failed eos: 39
[info] error EOS occurs, failed eos: 40
[info] error EOS occurs, failed eos: 41
[info] error EOS occurs, failed eos: 42
[info] error EOS occurs, failed eos: 43
[info] error EOS occurs, failed eos: 44
[info] error EOS occurs, failed eos: 45
[info] error EOS occurs, failed eos: 46
[info] error EOS occurs, failed eos: 47
[info] error EOS occurs, failed eos: 48
[info] error EOS occurs, failed eos: 49
[info] error EOS occurs, failed eos: 50
[info] error EOS occurs, failed eos: 51
[info] error EOS occurs, failed eos: 52
[info] error EOS occurs, failed eos: 53
[info] error EOS occurs, failed eos: 54
[info] error EOS occurs, failed eos: 55
[info] error EOS occurs, failed eos: 56
[info] error EOS occurs, failed eos: 57
[info] error EOS occurs, failed eos: 58
[info] error EOS occurs, failed eos: 59
[info] error EOS occurs, failed eos: 60
[info] error EOS occurs, failed eos: 61
[info] error EOS occurs, failed eos: 62
[info] error EOS occurs, failed eos: 63
[info] error EOS occurs, failed eos: 64
[info] error EOS occurs, failed eos: 65
[info] error EOS occurs, failed eos: 66
[info] error EOS occurs, failed eos: 67
[info] error EOS occurs, failed eos: 68
[info] error EOS occurs, failed eos: 69
[info] error EOS occurs, failed eos: 70
[info] error EOS occurs, failed eos: 71
[info] error EOS occurs, failed eos: 72
[info] error EOS occurs, failed eos: 73
[info] error EOS occurs, failed eos: 74
[info] error EOS occurs, failed eos: 75
[info] error EOS occurs, failed eos: 76
[info] error EOS occurs, failed eos: 77
[info] error EOS occurs, failed eos: 78
[info] error EOS occurs, failed eos: 79
[info] error EOS occurs, failed eos: 80
[info] error EOS occurs, failed eos: 81
[info] error EOS occurs, failed eos: 82
[info] error EOS occurs, failed eos: 83
[info] error EOS occurs, failed eos: 84
[info] error EOS occurs, failed eos: 85
[info] error EOS occurs, failed eos: 86
[info] error EOS occurs, failed eos: 87
[info] error EOS occurs, failed eos: 88
[info] error EOS occurs, failed eos: 89
[info] error EOS occurs, failed eos: 90
[info] error EOS occurs, failed eos: 91
[info] error EOS occurs, failed eos: 92
[info] error EOS occurs, failed eos: 93
[info] error EOS occurs, failed eos: 94
[info] error EOS occurs, failed eos: 95
[info] error EOS occurs, failed eos: 96
[info] error EOS occurs, failed eos: 97
[info] error EOS occurs, failed eos: 98
[info] error EOS occurs, failed eos: 99
[info] error EOS occurs, failed eos: 100
[info] error EOS occurs, failed eos: 101
[info] error EOS occurs, failed eos: 102
[info] error EOS occurs, failed eos: 103
[info] error EOS occurs, failed eos: 104
[info] error EOS occurs, failed eos: 105
[info] error EOS occurs, failed eos: 106
[info] error EOS occurs, failed eos: 107
[info] error EOS occurs, failed eos: 108
[info] error EOS occurs, failed eos: 109
[info] error EOS occurs, failed eos: 110
[info] error EOS occurs, failed eos: 111
[info] error EOS occurs, failed eos: 112
[info] error EOS occurs, failed eos: 113
[info] error EOS occurs, failed eos: 114
[info] error EOS occurs, failed eos: 115
[info] error EOS occurs, failed eos: 116
[info] error EOS occurs, failed eos: 117
[info] error EOS occurs, failed eos: 118
[info] error EOS occurs, failed eos: 119
[info] error EOS occurs, failed eos: 120
[info] error EOS occurs, failed eos: 121
[info] error EOS occurs, failed eos: 122
[info] error EOS occurs, failed eos: 123
[info] error EOS occurs, failed eos: 124
[info] error EOS occurs, failed eos: 125
[info] error EOS occurs, failed eos: 126
[info] error EOS occurs, failed eos: 127
[info] error EOS occurs, failed eos: 128
[FATAL] model stuck, eos error ...
[info] position not increasing, failed cnt: 1
[info] position not increasing, failed cnt: 2
[info] position not increasing, failed cnt: 1
[info] position not increasing, failed cnt: 2
[info] position not increasing, failed cnt: 3
[info] position not increasing, failed cnt: 4
[info] position not increasing, failed cnt: 5
[info] position not increasing, failed cnt: 6
[info] position not increasing, failed cnt: 7
[info] position not increasing, failed cnt: 8
[info] position not increasing, failed cnt: 9
[info] position not increasing, failed cnt: 10
[info] position not increasing, failed cnt: 11
[info] position not increasing, failed cnt: 12
[info] position not increasing, failed cnt: 13
[info] position not increasing, failed cnt: 14
[info] position not increasing, failed cnt: 15
[info] position not increasing, failed cnt: 16
[info] position not increasing, failed cnt: 17
[info] position not increasing, failed cnt: 18
[info] position not increasing, failed cnt: 19
[info] position not increasing, failed cnt: 20
[info] position not increasing, failed cnt: 21
[info] position not increasing, failed cnt: 22
[info] position not increasing, failed cnt: 23
[info] position not increasing, failed cnt: 24
[info] position not increasing, failed cnt: 25
[info] position not increasing, failed cnt: 26
[info] position not increasing, failed cnt: 27
[info] position not increasing, failed cnt: 28
[info] position not increasing, failed cnt: 29
[info] position not increasing, failed cnt: 30
[info] position not increasing, failed cnt: 31
[info] position not increasing, failed cnt: 32
[info] position not increasing, failed cnt: 33
[info] position not increasing, failed cnt: 34
[info] position not increasing, failed cnt: 35
[info] position not increasing, failed cnt: 36
[info] position not increasing, failed cnt: 37
[info] position not increasing, failed cnt: 38
[info] position not increasing, failed cnt: 39
[info] position not increasing, failed cnt: 40
[info] position not increasing, failed cnt: 41
[info] position not increasing, failed cnt: 42
[info] position not increasing, failed cnt: 43
[info] position not increasing, failed cnt: 44
[info] position not increasing, failed cnt: 45
[info] position not increasing, failed cnt: 46
[info] position not increasing, failed cnt: 47
[info] position not increasing, failed cnt: 48
[info] position not increasing, failed cnt: 49
[info] position not increasing, failed cnt: 50
[info] position not increasing, failed cnt: 51
[info] position not increasing, failed cnt: 52
[info] position not increasing, failed cnt: 53
[info] position not increasing, failed cnt: 54
[info] position not increasing, failed cnt: 55
[info] position not increasing, failed cnt: 56
[info] position not increasing, failed cnt: 57
[info] position not increasing, failed cnt: 58
[info] position not increasing, failed cnt: 59
[info] position not increasing, failed cnt: 60
[info] position not increasing, failed cnt: 61
[info] position not increasing, failed cnt: 62
[info] position not increasing, failed cnt: 63
[info] position not increasing, failed cnt: 64
[info] position not increasing, failed cnt: 65
[info] position not increasing, failed cnt: 66
[info] position not increasing, failed cnt: 67
[info] position not increasing, failed cnt: 68
[info] position not increasing, failed cnt: 69
[info] position not increasing, failed cnt: 70
[info] position not increasing, failed cnt: 71
[info] position not increasing, failed cnt: 72
[info] position not increasing, failed cnt: 73
[info] position not increasing, failed cnt: 74
[info] position not increasing, failed cnt: 75
[info] position not increasing, failed cnt: 76
[info] position not increasing, failed cnt: 77
[info] position not increasing, failed cnt: 78
[info] position not increasing, failed cnt: 79
[info] position not increasing, failed cnt: 80
[info] position not increasing, failed cnt: 81
[info] position not increasing, failed cnt: 82
[info] position not increasing, failed cnt: 83
[info] position not increasing, failed cnt: 84
[info] position not increasing, failed cnt: 85
[info] position not increasing, failed cnt: 86
[info] position not increasing, failed cnt: 87
[info] position not increasing, failed cnt: 88
[info] position not increasing, failed cnt: 89
[info] position not increasing, failed cnt: 90
[info] position not increasing, failed cnt: 91
[info] position not increasing, failed cnt: 92
[info] position not increasing, failed cnt: 93
[info] position not increasing, failed cnt: 94
[info] position not increasing, failed cnt: 95
[info] position not increasing, failed cnt: 96
[info] position not increasing, failed cnt: 97
[info] position not increasing, failed cnt: 98
[info] position not increasing, failed cnt: 99
[info] position not increasing, failed cnt: 100
[info] position not increasing, failed cnt: 101
[info] position not increasing, failed cnt: 102
[info] position not increasing, failed cnt: 103
[info] position not increasing, failed cnt: 104
[info] position not increasing, failed cnt: 105
[info] position not increasing, failed cnt: 106
[info] position not increasing, failed cnt: 107
[info] position not increasing, failed cnt: 108
[info] position not increasing, failed cnt: 109
[info] position not increasing, failed cnt: 110
[info] position not increasing, failed cnt: 111
[info] position not increasing, failed cnt: 112
[info] position not increasing, failed cnt: 113
[info] position not increasing, failed cnt: 114
[info] position not increasing, failed cnt: 115
[info] position not increasing, failed cnt: 116
[info] position not increasing, failed cnt: 117
[info] position not increasing, failed cnt: 118
[info] position not increasing, failed cnt: 119
[info] position not increasing, failed cnt: 120
[info] position not increasing, failed cnt: 121
[info] position not increasing, failed cnt: 122
[info] position not increasing, failed cnt: 123
[info] position not increasing, failed cnt: 124
[info] position not increasing, failed cnt: 125
[info] position not increasing, failed cnt: 126
[info] position not increasing, failed cnt: 127
[info] position not increasing, failed cnt: 128
[FATAL] model stuck, exiting ...
[info] error EOS occurs, failed eos: 1
[info] error EOS occurs, failed eos: 2
[info] error EOS occurs, failed eos: 3
[info] error EOS occurs, failed eos: 4
[info] error EOS occurs, failed eos: 5
[info] error EOS occurs, failed eos: 6
[info] error EOS occurs, failed eos: 7
[info] error EOS occurs, failed eos: 8
[info] error EOS occurs, failed eos: 9
[info] error EOS occurs, failed eos: 10
[info] error EOS occurs, failed eos: 11
[info] error EOS occurs, failed eos: 12
[info] error EOS occurs, failed eos: 13
[info] error EOS occurs, failed eos: 14
[info] error EOS occurs, failed eos: 15
[info] error EOS occurs, failed eos: 16
[info] error EOS occurs, failed eos: 17
[info] error EOS occurs, failed eos: 18
[info] error EOS occurs, failed eos: 19
[info] error EOS occurs, failed eos: 20
[info] error EOS occurs, failed eos: 21
[info] error EOS occurs, failed eos: 22
[info] error EOS occurs, failed eos: 23
[info] error EOS occurs, failed eos: 24
[info] error EOS occurs, failed eos: 25
[info] error EOS occurs, failed eos: 26
[info] error EOS occurs, failed eos: 27
[info] error EOS occurs, failed eos: 28
[info] error EOS occurs, failed eos: 29
[info] error EOS occurs, failed eos: 30
[info] error EOS occurs, failed eos: 31
[info] error EOS occurs, failed eos: 32
[info] error EOS occurs, failed eos: 33
[info] error EOS occurs, failed eos: 34
[info] error EOS occurs, failed eos: 35
[info] error EOS occurs, failed eos: 36
[info] error EOS occurs, failed eos: 37
[info] error EOS occurs, failed eos: 38
[info] error EOS occurs, failed eos: 39
[info] error EOS occurs, failed eos: 40
[info] error EOS occurs, failed eos: 41
[info] error EOS occurs, failed eos: 42
[info] error EOS occurs, failed eos: 43
[info] error EOS occurs, failed eos: 44
[info] error EOS occurs, failed eos: 45
[info] error EOS occurs, failed eos: 46
[info] error EOS occurs, failed eos: 47
[info] error EOS occurs, failed eos: 48
[info] error EOS occurs, failed eos: 49
[info] error EOS occurs, failed eos: 50
[info] error EOS occurs, failed eos: 51
[info] error EOS occurs, failed eos: 52
[info] error EOS occurs, failed eos: 53
[info] error EOS occurs, failed eos: 54
[info] error EOS occurs, failed eos: 55
[info] error EOS occurs, failed eos: 56
[info] error EOS occurs, failed eos: 57
[info] error EOS occurs, failed eos: 58
[info] error EOS occurs, failed eos: 59
[info] error EOS occurs, failed eos: 60
[info] error EOS occurs, failed eos: 61
[info] error EOS occurs, failed eos: 62
[info] error EOS occurs, failed eos: 63
[info] error EOS occurs, failed eos: 64
[info] error EOS occurs, failed eos: 65
[info] error EOS occurs, failed eos: 66
[info] error EOS occurs, failed eos: 67
[info] error EOS occurs, failed eos: 68
[info] error EOS occurs, failed eos: 69
[info] error EOS occurs, failed eos: 70
[info] error EOS occurs, failed eos: 71
[info] error EOS occurs, failed eos: 72
[info] error EOS occurs, failed eos: 73
[info] error EOS occurs, failed eos: 74
[info] error EOS occurs, failed eos: 75
[info] error EOS occurs, failed eos: 76
[info] error EOS occurs, failed eos: 77
[info] error EOS occurs, failed eos: 78
[info] error EOS occurs, failed eos: 79
[info] error EOS occurs, failed eos: 80
[info] error EOS occurs, failed eos: 81
[info] error EOS occurs, failed eos: 82
[info] error EOS occurs, failed eos: 83
[info] error EOS occurs, failed eos: 84
[info] error EOS occurs, failed eos: 85
[info] error EOS occurs, failed eos: 86
[info] error EOS occurs, failed eos: 87
[info] error EOS occurs, failed eos: 88
[info] error EOS occurs, failed eos: 89
[info] error EOS occurs, failed eos: 90
[info] error EOS occurs, failed eos: 91
[info] error EOS occurs, failed eos: 92
[info] error EOS occurs, failed eos: 93
[info] error EOS occurs, failed eos: 94
[info] error EOS occurs, failed eos: 95
[info] error EOS occurs, failed eos: 96
[info] error EOS occurs, failed eos: 97
[info] error EOS occurs, failed eos: 98
[info] error EOS occurs, failed eos: 99
[info] error EOS occurs, failed eos: 100
[info] error EOS occurs, failed eos: 101
[info] error EOS occurs, failed eos: 102
[info] error EOS occurs, failed eos: 103
[info] error EOS occurs, failed eos: 104
[info] error EOS occurs, failed eos: 105
[info] error EOS occurs, failed eos: 106
[info] error EOS occurs, failed eos: 107
[info] error EOS occurs, failed eos: 108
[info] error EOS occurs, failed eos: 109
[info] error EOS occurs, failed eos: 110
[info] error EOS occurs, failed eos: 111
[info] error EOS occurs, failed eos: 112
[info] error EOS occurs, failed eos: 113
[info] error EOS occurs, failed eos: 114
[info] error EOS occurs, failed eos: 115
[info] error EOS occurs, failed eos: 116
[info] error EOS occurs, failed eos: 117
[info] error EOS occurs, failed eos: 118
[info] error EOS occurs, failed eos: 119
[info] error EOS occurs, failed eos: 120
[info] error EOS occurs, failed eos: 121
[info] error EOS occurs, failed eos: 122
[info] error EOS occurs, failed eos: 123
[info] error EOS occurs, failed eos: 124
[info] error EOS occurs, failed eos: 125
[info] error EOS occurs, failed eos: 126
[info] error EOS occurs, failed eos: 127
[info] error EOS occurs, failed eos: 128
[FATAL] model stuck, eos error ...
[info] error EOS occurs, failed eos: 1
[info] position not increasing, failed cnt: 1
[info] position not increasing, failed cnt: 2
[info] position not increasing, failed cnt: 3
[info] position not increasing, failed cnt: 4
[info] position not increasing, failed cnt: 5
[info] position not increasing, failed cnt: 6
[info] position not increasing, failed cnt: 7
[info] position not increasing, failed cnt: 8
[info] position not increasing, failed cnt: 9
[info] position not increasing, failed cnt: 10
[info] position not increasing, failed cnt: 11
[info] position not increasing, failed cnt: 12
[info] position not increasing, failed cnt: 13
[info] position not increasing, failed cnt: 14
[info] position not increasing, failed cnt: 15
[info] position not increasing, failed cnt: 16
[info] position not increasing, failed cnt: 17
[info] position not increasing, failed cnt: 18
[info] position not increasing, failed cnt: 19
[info] position not increasing, failed cnt: 20
[info] position not increasing, failed cnt: 21
[info] position not increasing, failed cnt: 22
[info] position not increasing, failed cnt: 23
[info] position not increasing, failed cnt: 24
[info] position not increasing, failed cnt: 25
[info] position not increasing, failed cnt: 26
[info] position not increasing, failed cnt: 27
[info] position not increasing, failed cnt: 28
[info] position not increasing, failed cnt: 29
[info] position not increasing, failed cnt: 30
[info] position not increasing, failed cnt: 31
[info] position not increasing, failed cnt: 32
[info] position not increasing, failed cnt: 33
[info] position not increasing, failed cnt: 34
[info] position not increasing, failed cnt: 35
[info] position not increasing, failed cnt: 36
[info] position not increasing, failed cnt: 37
[info] position not increasing, failed cnt: 38
[info] position not increasing, failed cnt: 39
[info] position not increasing, failed cnt: 40
[info] position not increasing, failed cnt: 41
[info] position not increasing, failed cnt: 42
[info] position not increasing, failed cnt: 43
[info] position not increasing, failed cnt: 44
[info] position not increasing, failed cnt: 45
[info] position not increasing, failed cnt: 46
[info] position not increasing, failed cnt: 47
[info] position not increasing, failed cnt: 48
[info] position not increasing, failed cnt: 49
[info] position not increasing, failed cnt: 50
[info] position not increasing, failed cnt: 51
[info] position not increasing, failed cnt: 52
[info] position not increasing, failed cnt: 53
[info] position not increasing, failed cnt: 54
[info] position not increasing, failed cnt: 55
[info] position not increasing, failed cnt: 56
[info] position not increasing, failed cnt: 57
[info] position not increasing, failed cnt: 58
[info] position not increasing, failed cnt: 59
[info] position not increasing, failed cnt: 60
[info] position not increasing, failed cnt: 61
[info] position not increasing, failed cnt: 62
[info] position not increasing, failed cnt: 63
[info] position not increasing, failed cnt: 64
[info] position not increasing, failed cnt: 65
[info] position not increasing, failed cnt: 66
[info] position not increasing, failed cnt: 67
[info] position not increasing, failed cnt: 68
[info] position not increasing, failed cnt: 69
[info] position not increasing, failed cnt: 70
[info] position not increasing, failed cnt: 71
[info] position not increasing, failed cnt: 72
[info] position not increasing, failed cnt: 73
[info] position not increasing, failed cnt: 74
[info] position not increasing, failed cnt: 75
[info] position not increasing, failed cnt: 76
[info] position not increasing, failed cnt: 77
[info] position not increasing, failed cnt: 78
[info] position not increasing, failed cnt: 79
[info] position not increasing, failed cnt: 80
[info] position not increasing, failed cnt: 81
[info] position not increasing, failed cnt: 82
[info] position not increasing, failed cnt: 83
[info] position not increasing, failed cnt: 84
[info] position not increasing, failed cnt: 85
[info] position not increasing, failed cnt: 86
[info] position not increasing, failed cnt: 87
[info] position not increasing, failed cnt: 88
[info] position not increasing, failed cnt: 89
[info] position not increasing, failed cnt: 90
[info] position not increasing, failed cnt: 91
[info] position not increasing, failed cnt: 92
[info] position not increasing, failed cnt: 93
[info] position not increasing, failed cnt: 94
[info] position not increasing, failed cnt: 95
[info] position not increasing, failed cnt: 96
[info] position not increasing, failed cnt: 97
[info] position not increasing, failed cnt: 98
[info] position not increasing, failed cnt: 99
[info] position not increasing, failed cnt: 100
[info] position not increasing, failed cnt: 101
[info] position not increasing, failed cnt: 102
[info] position not increasing, failed cnt: 103
[info] position not increasing, failed cnt: 104
[info] position not increasing, failed cnt: 105
[info] position not increasing, failed cnt: 106
[info] position not increasing, failed cnt: 107
[info] position not increasing, failed cnt: 108
[info] position not increasing, failed cnt: 109
[info] position not increasing, failed cnt: 110
[info] position not increasing, failed cnt: 111
[info] position not increasing, failed cnt: 112
[info] position not increasing, failed cnt: 113
[info] position not increasing, failed cnt: 114
[info] position not increasing, failed cnt: 115
[info] position not increasing, failed cnt: 116
[info] position not increasing, failed cnt: 117
[info] position not increasing, failed cnt: 118
[info] position not increasing, failed cnt: 119
[info] position not increasing, failed cnt: 120
[info] position not increasing, failed cnt: 121
[info] position not increasing, failed cnt: 122
[info] position not increasing, failed cnt: 123
[info] position not increasing, failed cnt: 124
[info] position not increasing, failed cnt: 125
[info] position not increasing, failed cnt: 126
[info] position not increasing, failed cnt: 127
[info] position not increasing, failed cnt: 128
[FATAL] model stuck, exiting ...
[info] position not increasing, failed cnt: 1
[info] position not increasing, failed cnt: 2
[info] position not increasing, failed cnt: 3
[info] position not increasing, failed cnt: 4
[info] position not increasing, failed cnt: 5
[info] position not increasing, failed cnt: 6
[info] position not increasing, failed cnt: 7
[info] position not increasing, failed cnt: 8
[info] position not increasing, failed cnt: 9
[info] position not increasing, failed cnt: 10
[info] position not increasing, failed cnt: 11
[info] position not increasing, failed cnt: 12
[info] position not increasing, failed cnt: 13
[info] position not increasing, failed cnt: 14
[info] position not increasing, failed cnt: 15
[info] position not increasing, failed cnt: 16
[info] position not increasing, failed cnt: 17
[info] position not increasing, failed cnt: 18
[info] position not increasing, failed cnt: 19
[info] position not increasing, failed cnt: 20
[info] position not increasing, failed cnt: 21
[info] position not increasing, failed cnt: 22
[info] position not increasing, failed cnt: 23
[info] position not increasing, failed cnt: 24
[info] position not increasing, failed cnt: 25
[info] position not increasing, failed cnt: 26
[info] position not increasing, failed cnt: 27
[info] position not increasing, failed cnt: 28
[info] position not increasing, failed cnt: 29
[info] position not increasing, failed cnt: 30
[info] position not increasing, failed cnt: 31
[info] position not increasing, failed cnt: 32
[info] position not increasing, failed cnt: 33
[info] position not increasing, failed cnt: 34
[info] position not increasing, failed cnt: 35
[info] position not increasing, failed cnt: 36
[info] position not increasing, failed cnt: 37
[info] position not increasing, failed cnt: 38
[info] position not increasing, failed cnt: 39
[info] position not increasing, failed cnt: 40
[info] position not increasing, failed cnt: 41
[info] position not increasing, failed cnt: 42
[info] position not increasing, failed cnt: 43
[info] position not increasing, failed cnt: 44
[info] position not increasing, failed cnt: 45
[info] position not increasing, failed cnt: 46
[info] position not increasing, failed cnt: 47
[info] position not increasing, failed cnt: 48
[info] position not increasing, failed cnt: 49
[info] position not increasing, failed cnt: 50
[info] position not increasing, failed cnt: 51
[info] position not increasing, failed cnt: 52
[info] position not increasing, failed cnt: 53
[info] position not increasing, failed cnt: 54
[info] position not increasing, failed cnt: 55
[info] position not increasing, failed cnt: 56
[info] position not increasing, failed cnt: 57
[info] position not increasing, failed cnt: 58
[info] position not increasing, failed cnt: 59
[info] position not increasing, failed cnt: 60
[info] position not increasing, failed cnt: 61
[info] position not increasing, failed cnt: 62
[info] position not increasing, failed cnt: 63
[info] position not increasing, failed cnt: 64
[info] position not increasing, failed cnt: 65
[info] position not increasing, failed cnt: 66
[info] position not increasing, failed cnt: 67
[info] position not increasing, failed cnt: 68
[info] position not increasing, failed cnt: 69
[info] position not increasing, failed cnt: 70
[info] position not increasing, failed cnt: 71
[info] position not increasing, failed cnt: 72
[info] position not increasing, failed cnt: 73
[info] position not increasing, failed cnt: 74
[info] position not increasing, failed cnt: 75
[info] position not increasing, failed cnt: 76
[info] position not increasing, failed cnt: 77
[info] position not increasing, failed cnt: 78
[info] position not increasing, failed cnt: 79
[info] position not increasing, failed cnt: 80
[info] position not increasing, failed cnt: 81
[info] position not increasing, failed cnt: 82
[info] position not increasing, failed cnt: 83
[info] position not increasing, failed cnt: 84
[info] position not increasing, failed cnt: 85
[info] position not increasing, failed cnt: 86
[info] position not increasing, failed cnt: 87
[info] position not increasing, failed cnt: 88
[info] position not increasing, failed cnt: 89
[info] position not increasing, failed cnt: 90
[info] position not increasing, failed cnt: 91
[info] position not increasing, failed cnt: 92
[info] position not increasing, failed cnt: 93
[info] position not increasing, failed cnt: 94
[info] position not increasing, failed cnt: 95
[info] position not increasing, failed cnt: 96
[info] position not increasing, failed cnt: 97
[info] position not increasing, failed cnt: 98
[info] position not increasing, failed cnt: 99
[info] position not increasing, failed cnt: 100
[info] position not increasing, failed cnt: 101
[info] position not increasing, failed cnt: 102
[info] position not increasing, failed cnt: 103
[info] position not increasing, failed cnt: 104
[info] position not increasing, failed cnt: 105
[info] position not increasing, failed cnt: 106
[info] position not increasing, failed cnt: 107
[info] position not increasing, failed cnt: 108
[info] position not increasing, failed cnt: 109
[info] position not increasing, failed cnt: 110
[info] position not increasing, failed cnt: 111
[info] position not increasing, failed cnt: 112
[info] position not increasing, failed cnt: 113
[info] position not increasing, failed cnt: 114
[info] position not increasing, failed cnt: 115
[info] position not increasing, failed cnt: 116
[info] position not increasing, failed cnt: 117
[info] position not increasing, failed cnt: 118
[info] position not increasing, failed cnt: 119
[info] position not increasing, failed cnt: 120
[info] position not increasing, failed cnt: 121
[info] position not increasing, failed cnt: 122
[info] position not increasing, failed cnt: 123
[info] position not increasing, failed cnt: 124
[info] position not increasing, failed cnt: 125
[info] position not increasing, failed cnt: 126
[info] position not increasing, failed cnt: 127
[info] position not increasing, failed cnt: 128
[FATAL] model stuck, exiting ...
4T4TeoIBft7oIW5WOte5Au lyrics_all S2 ok=False fail=generation_failed_5_attempts 49.77s
-- generated events: 901
-- time elapsed: 4.56 secs
-- generated events: 212
-- time elapsed: 0.78 secs
4VEbbZeJwrlqRBTTscq3m2 lyrics_all S2 ok=True fail=None 5.45s
-- generated events: 824
-- time elapsed: 4.21 secs
-- generated events: 637
-- time elapsed: 2.73 secs
4VfHbfbzNPZmX5KI4iAOyT lyrics_all S2 ok=True fail=None 7.05s
-- generated events: 904
-- time elapsed: 4.57 secs
-- generated events: 36
-- time elapsed: 0.12 secs
4eMDRwO2dreLU0IvNoARUP lyrics_all S2 ok=True fail=None 4.8s
-- generated events: 702
-- time elapsed: 3.14 secs
4eNxB89LADQeQnUvvIIuRG lyrics_all S2 ok=True fail=None 3.19s
-- generated events: 1014
-- time elapsed: 5.53 secs
4gXVhPeuxE9ojFL0Ose0vA lyrics_all S2 ok=True fail=None 5.58s
-- generated events: 880
-- time elapsed: 4.40 secs
-- generated events: 232
-- time elapsed: 0.86 secs
4h1AwwM52VG8iwNmDf1FIK lyrics_all S2 ok=True fail=None 5.36s
-- generated events: 886
-- time elapsed: 4.44 secs
-- generated events: 100
-- time elapsed: 0.36 secs
4i0tFVka77iJFMvsLWUALb lyrics_all S2 ok=True fail=None 4.9s
-- generated events: 814
-- time elapsed: 3.89 secs
-- generated events: 253
-- time elapsed: 0.94 secs
4iexiXer21ge7jm3GPQkT2 lyrics_all S2 ok=True fail=None 4.94s
-- generated events: 634
-- time elapsed: 2.72 secs
-- generated events: 812
-- time elapsed: 3.88 secs
4trtyNhvxt6BDPMt2Rpw48 lyrics_all S2 ok=True fail=None 6.71s
-- generated events: 988
-- time elapsed: 5.29 secs
-- generated events: 27
-- time elapsed: 0.09 secs
4uJ6Twc8EbeVIaqBj5CJs7 lyrics_all S2 ok=True fail=None 5.49s
-- generated events: 760
-- time elapsed: 3.52 secs
-- generated events: 445
-- time elapsed: 1.76 secs
4yZY7e169iMB1o29Pk41cz lyrics_all S2 ok=True fail=None 5.38s
-- generated events: 848
-- time elapsed: 4.13 secs
-- generated events: 908
-- time elapsed: 4.62 secs
50OR02Pg9seVMqYyJ7Nmrb lyrics_all S2 ok=True fail=None 8.85s
-- generated events: 573
-- time elapsed: 2.38 secs
51G9MuAKc5GOKrfoP4M4uO lyrics_all S2 ok=True fail=None 2.43s
-- generated events: 647
-- time elapsed: 2.80 secs
-- generated events: 188
-- time elapsed: 0.69 secs
53a8hVCKsw8NhGxmRH1YeZ lyrics_all S2 ok=True fail=None 3.59s
-- generated events: 623
-- time elapsed: 2.66 secs
-- generated events: 456
-- time elapsed: 1.80 secs
56EoTwd4LGjmEO7UzQrDoX lyrics_all S2 ok=True fail=None 4.56s
-- generated events: 626
-- time elapsed: 2.66 secs
58ajbBxQUMMFpqHA62QNO0 lyrics_all S2 ok=True fail=None 2.72s
-- generated events: 819
-- time elapsed: 3.91 secs
-- generated events: 533
-- time elapsed: 2.17 secs
59E7BFFni2GTDisijRqKU7 lyrics_all S2 ok=True fail=None 6.18s
-- generated events: 847
-- time elapsed: 4.14 secs
5AC7fEOMQqxqzqCq5z7nc9 lyrics_all S2 ok=True fail=None 4.19s
-- generated events: 643
-- time elapsed: 2.77 secs
-- generated events: 555
-- time elapsed: 2.28 secs
-- generated events: 125
-- time elapsed: 0.45 secs
5AEMs1wDhUJeZnTl5xyfys lyrics_all S2 ok=True fail=None 5.64s
-- generated events: 693
-- time elapsed: 3.07 secs
5AxCJOjIDdu4mVxvCWECuV lyrics_all S2 ok=True fail=None 3.12s
-- generated events: 1031
-- time elapsed: 5.72 secs
5BldrYOHmqUwouMmcBNEtK lyrics_all S2 ok=True fail=None 5.78s
-- generated events: 997
-- time elapsed: 5.34 secs
-- generated events: 295
-- time elapsed: 1.12 secs
5CbNIRIgmrh1W9xNnhtSz1 lyrics_all S2 ok=True fail=None 6.55s
-- generated events: 579
-- time elapsed: 2.41 secs
-- generated events: 639
-- time elapsed: 2.75 secs
5CqrGysexXG1yOlouhkm6p lyrics_all S2 ok=True fail=None 5.26s
-- generated events: 754
-- time elapsed: 3.48 secs
-- generated events: 525
-- time elapsed: 2.14 secs
5DOdnY5NIJVe0tln5eFm7f lyrics_all S2 ok=True fail=None 5.73s
-- generated events: 819
-- time elapsed: 3.93 secs
-- generated events: 682
-- time elapsed: 3.01 secs
-- generated events: 385
-- time elapsed: 1.50 secs
5EbU9BSwgacaX0mW7zU4jN lyrics_all S2 ok=True fail=None 8.59s
-- generated events: 596
-- time elapsed: 2.52 secs
[info] position not increasing, failed cnt: 1
[info] position not increasing, failed cnt: 2
[info] position not increasing, failed cnt: 3
[info] position not increasing, failed cnt: 4
[info] position not increasing, failed cnt: 5
[info] position not increasing, failed cnt: 1
[info] position not increasing, failed cnt: 2
[info] position not increasing, failed cnt: 3
[info] position not increasing, failed cnt: 4
[info] position not increasing, failed cnt: 5
[info] position not increasing, failed cnt: 6
[info] position not increasing, failed cnt: 7
[info] position not increasing, failed cnt: 8
[info] position not increasing, failed cnt: 9
[info] position not increasing, failed cnt: 10
[info] position not increasing, failed cnt: 11
[info] position not increasing, failed cnt: 12
[info] position not increasing, failed cnt: 13
[info] position not increasing, failed cnt: 14
[info] position not increasing, failed cnt: 15
[info] position not increasing, failed cnt: 16
[info] position not increasing, failed cnt: 17
[info] position not increasing, failed cnt: 18
[info] position not increasing, failed cnt: 19
[info] position not increasing, failed cnt: 20
[info] position not increasing, failed cnt: 21
[info] position not increasing, failed cnt: 22
[info] position not increasing, failed cnt: 23
[info] position not increasing, failed cnt: 24
[info] position not increasing, failed cnt: 25
[info] position not increasing, failed cnt: 26
[info] position not increasing, failed cnt: 27
[info] position not increasing, failed cnt: 28
[info] position not increasing, failed cnt: 29
[info] position not increasing, failed cnt: 30
[info] position not increasing, failed cnt: 31
[info] position not increasing, failed cnt: 32
[info] position not increasing, failed cnt: 33
[info] position not increasing, failed cnt: 34
[info] position not increasing, failed cnt: 35
[info] position not increasing, failed cnt: 36
[info] position not increasing, failed cnt: 37
[info] position not increasing, failed cnt: 38
[info] position not increasing, failed cnt: 39
[info] position not increasing, failed cnt: 40
[info] position not increasing, failed cnt: 41
[info] position not increasing, failed cnt: 42
[info] position not increasing, failed cnt: 43
[info] position not increasing, failed cnt: 44
[info] position not increasing, failed cnt: 45
[info] position not increasing, failed cnt: 46
[info] position not increasing, failed cnt: 47
[info] position not increasing, failed cnt: 48
[info] position not increasing, failed cnt: 49
[info] position not increasing, failed cnt: 50
[info] position not increasing, failed cnt: 51
[info] position not increasing, failed cnt: 52
[info] position not increasing, failed cnt: 53
[info] position not increasing, failed cnt: 54
[info] position not increasing, failed cnt: 55
[info] position not increasing, failed cnt: 56
[info] position not increasing, failed cnt: 57
[info] position not increasing, failed cnt: 58
[info] position not increasing, failed cnt: 59
[info] position not increasing, failed cnt: 60
[info] position not increasing, failed cnt: 61
[info] position not increasing, failed cnt: 62
[info] position not increasing, failed cnt: 63
[info] position not increasing, failed cnt: 64
[info] position not increasing, failed cnt: 65
[info] position not increasing, failed cnt: 66
[info] position not increasing, failed cnt: 67
[info] position not increasing, failed cnt: 68
[info] position not increasing, failed cnt: 69
[info] position not increasing, failed cnt: 70
[info] position not increasing, failed cnt: 71
[info] position not increasing, failed cnt: 72
[info] position not increasing, failed cnt: 73
[info] position not increasing, failed cnt: 74
[info] position not increasing, failed cnt: 75
[info] position not increasing, failed cnt: 76
[info] position not increasing, failed cnt: 77
[info] position not increasing, failed cnt: 78
[info] position not increasing, failed cnt: 79
[info] position not increasing, failed cnt: 80
[info] position not increasing, failed cnt: 81
[info] position not increasing, failed cnt: 82
[info] position not increasing, failed cnt: 83
[info] position not increasing, failed cnt: 84
[info] position not increasing, failed cnt: 85
[info] position not increasing, failed cnt: 86
[info] position not increasing, failed cnt: 87
[info] position not increasing, failed cnt: 88
[info] position not increasing, failed cnt: 89
[info] position not increasing, failed cnt: 90
[info] position not increasing, failed cnt: 91
[info] position not increasing, failed cnt: 92
[info] position not increasing, failed cnt: 93
[info] position not increasing, failed cnt: 94
[info] position not increasing, failed cnt: 95
[info] position not increasing, failed cnt: 96
[info] position not increasing, failed cnt: 97
[info] position not increasing, failed cnt: 98
[info] position not increasing, failed cnt: 99
[info] position not increasing, failed cnt: 100
[info] position not increasing, failed cnt: 101
[info] position not increasing, failed cnt: 102
[info] position not increasing, failed cnt: 103
[info] position not increasing, failed cnt: 104
[info] position not increasing, failed cnt: 105
[info] position not increasing, failed cnt: 106
[info] position not increasing, failed cnt: 107
[info] position not increasing, failed cnt: 108
[info] position not increasing, failed cnt: 109
[info] position not increasing, failed cnt: 110
[info] position not increasing, failed cnt: 111
[info] position not increasing, failed cnt: 112
[info] position not increasing, failed cnt: 113
[info] position not increasing, failed cnt: 114
[info] position not increasing, failed cnt: 115
[info] position not increasing, failed cnt: 116
[info] position not increasing, failed cnt: 117
[info] position not increasing, failed cnt: 118
[info] position not increasing, failed cnt: 119
[info] position not increasing, failed cnt: 120
[info] position not increasing, failed cnt: 121
[info] position not increasing, failed cnt: 122
[info] position not increasing, failed cnt: 123
[info] position not increasing, failed cnt: 124
[info] position not increasing, failed cnt: 125
[info] position not increasing, failed cnt: 126
[info] position not increasing, failed cnt: 127
[info] position not increasing, failed cnt: 128
[FATAL] model stuck, exiting ...
-- generated events: 560
-- time elapsed: 2.39 secs
5Fpa2uQd90iYGAEsbKSSZR lyrics_all S2 ok=True fail=None 6.39s
[info] position not increasing, failed cnt: 1
[info] position not increasing, failed cnt: 2
[info] position not increasing, failed cnt: 3
[info] position not increasing, failed cnt: 4
[info] position not increasing, failed cnt: 5
[info] position not increasing, failed cnt: 6
[info] position not increasing, failed cnt: 7
[info] position not increasing, failed cnt: 8
[info] position not increasing, failed cnt: 9
[info] position not increasing, failed cnt: 10
[info] position not increasing, failed cnt: 11
[info] position not increasing, failed cnt: 12
[info] position not increasing, failed cnt: 13
[info] position not increasing, failed cnt: 14
[info] position not increasing, failed cnt: 15
[info] position not increasing, failed cnt: 16
[info] position not increasing, failed cnt: 17
[info] position not increasing, failed cnt: 18
[info] position not increasing, failed cnt: 19
[info] position not increasing, failed cnt: 20
[info] position not increasing, failed cnt: 21
[info] position not increasing, failed cnt: 22
[info] position not increasing, failed cnt: 23
[info] position not increasing, failed cnt: 24
[info] position not increasing, failed cnt: 25
[info] position not increasing, failed cnt: 26
[info] position not increasing, failed cnt: 27
[info] position not increasing, failed cnt: 28
[info] position not increasing, failed cnt: 29
[info] position not increasing, failed cnt: 30
[info] position not increasing, failed cnt: 31
[info] position not increasing, failed cnt: 32
[info] position not increasing, failed cnt: 33
[info] position not increasing, failed cnt: 34
[info] position not increasing, failed cnt: 35
[info] position not increasing, failed cnt: 36
[info] position not increasing, failed cnt: 37
[info] position not increasing, failed cnt: 38
[info] position not increasing, failed cnt: 39
[info] position not increasing, failed cnt: 40
[info] position not increasing, failed cnt: 41
[info] position not increasing, failed cnt: 42
[info] position not increasing, failed cnt: 43
[info] position not increasing, failed cnt: 44
[info] position not increasing, failed cnt: 45
[info] position not increasing, failed cnt: 46
[info] position not increasing, failed cnt: 47
[info] position not increasing, failed cnt: 48
[info] position not increasing, failed cnt: 49
[info] position not increasing, failed cnt: 50
[info] position not increasing, failed cnt: 51
[info] position not increasing, failed cnt: 52
[info] position not increasing, failed cnt: 53
[info] position not increasing, failed cnt: 54
[info] position not increasing, failed cnt: 55
[info] position not increasing, failed cnt: 56
[info] position not increasing, failed cnt: 57
[info] position not increasing, failed cnt: 58
[info] position not increasing, failed cnt: 59
[info] position not increasing, failed cnt: 60
[info] position not increasing, failed cnt: 61
[info] position not increasing, failed cnt: 62
[info] position not increasing, failed cnt: 63
[info] position not increasing, failed cnt: 64
[info] position not increasing, failed cnt: 65
[info] position not increasing, failed cnt: 66
[info] position not increasing, failed cnt: 67
[info] position not increasing, failed cnt: 68
[info] position not increasing, failed cnt: 69
[info] position not increasing, failed cnt: 70
[info] position not increasing, failed cnt: 71
[info] position not increasing, failed cnt: 72
[info] position not increasing, failed cnt: 73
[info] position not increasing, failed cnt: 74
[info] position not increasing, failed cnt: 75
[info] position not increasing, failed cnt: 76
[info] position not increasing, failed cnt: 77
[info] position not increasing, failed cnt: 78
[info] position not increasing, failed cnt: 79
[info] position not increasing, failed cnt: 80
[info] position not increasing, failed cnt: 81
[info] position not increasing, failed cnt: 82
[info] position not increasing, failed cnt: 83
[info] position not increasing, failed cnt: 84
[info] position not increasing, failed cnt: 85
[info] position not increasing, failed cnt: 86
[info] position not increasing, failed cnt: 87
[info] position not increasing, failed cnt: 88
[info] position not increasing, failed cnt: 89
[info] position not increasing, failed cnt: 90
[info] position not increasing, failed cnt: 91
[info] position not increasing, failed cnt: 92
[info] position not increasing, failed cnt: 93
[info] position not increasing, failed cnt: 94
[info] position not increasing, failed cnt: 95
[info] position not increasing, failed cnt: 96
[info] position not increasing, failed cnt: 97
[info] position not increasing, failed cnt: 98
[info] position not increasing, failed cnt: 99
[info] position not increasing, failed cnt: 100
[info] position not increasing, failed cnt: 101
[info] position not increasing, failed cnt: 102
[info] position not increasing, failed cnt: 103
[info] position not increasing, failed cnt: 104
[info] position not increasing, failed cnt: 105
[info] position not increasing, failed cnt: 106
[info] position not increasing, failed cnt: 107
[info] position not increasing, failed cnt: 108
[info] position not increasing, failed cnt: 109
[info] position not increasing, failed cnt: 110
[info] position not increasing, failed cnt: 111
[info] position not increasing, failed cnt: 112
[info] position not increasing, failed cnt: 113
[info] position not increasing, failed cnt: 114
[info] position not increasing, failed cnt: 115
[info] position not increasing, failed cnt: 116
[info] position not increasing, failed cnt: 117
[info] position not increasing, failed cnt: 118
[info] position not increasing, failed cnt: 119
[info] position not increasing, failed cnt: 120
[info] position not increasing, failed cnt: 121
[info] position not increasing, failed cnt: 122
[info] position not increasing, failed cnt: 123
[info] position not increasing, failed cnt: 124
[info] position not increasing, failed cnt: 125
[info] position not increasing, failed cnt: 126
[info] position not increasing, failed cnt: 127
[info] position not increasing, failed cnt: 128
[FATAL] model stuck, exiting ...
-- generated events: 893
-- time elapsed: 4.58 secs
-- generated events: 909
-- time elapsed: 4.67 secs
-- generated events: 170
-- time elapsed: 0.62 secs
5IhH7idp4sHJ4o0pnxH59X lyrics_all S2 ok=True fail=None 20.99s
-- generated events: 493
-- time elapsed: 1.99 secs
5K8AQ2dBiXolebEfawTrzv lyrics_all S2 ok=True fail=None 2.04s
-- generated events: 688
-- time elapsed: 3.06 secs
[info] position not increasing, failed cnt: 1
[info] position not increasing, failed cnt: 2
[info] position not increasing, failed cnt: 3
[info] position not increasing, failed cnt: 4
[info] position not increasing, failed cnt: 5
[info] position not increasing, failed cnt: 6
[info] position not increasing, failed cnt: 7
-- generated events: 665
-- time elapsed: 2.95 secs
5LPdNDuOWYSDT5P20iCRYO lyrics_all S2 ok=True fail=None 6.11s
-- generated events: 651
-- time elapsed: 2.84 secs
5LlXalu5DZuQl7Q9CmNKp0 lyrics_all S2 ok=True fail=None 2.89s
5OqvADUGavUqQnYH0Ukt7T lyrics_all S2 ok=False fail=unsupported_meter 0.0s
-- generated events: 796
-- time elapsed: 3.77 secs
[info] position not increasing, failed cnt: 1
[info] position not increasing, failed cnt: 2
[info] position not increasing, failed cnt: 3
[info] position not increasing, failed cnt: 4
[info] position not increasing, failed cnt: 5
[info] position not increasing, failed cnt: 6
[info] position not increasing, failed cnt: 7
[info] position not increasing, failed cnt: 8
[info] position not increasing, failed cnt: 9
[info] position not increasing, failed cnt: 10
[info] position not increasing, failed cnt: 11
[info] position not increasing, failed cnt: 12
[info] position not increasing, failed cnt: 13
[info] position not increasing, failed cnt: 14
[info] position not increasing, failed cnt: 15
[info] position not increasing, failed cnt: 16
[info] position not increasing, failed cnt: 17
[info] position not increasing, failed cnt: 18
[info] position not increasing, failed cnt: 19
[info] position not increasing, failed cnt: 20
[info] position not increasing, failed cnt: 21
[info] position not increasing, failed cnt: 22
[info] position not increasing, failed cnt: 23
[info] position not increasing, failed cnt: 24
[info] position not increasing, failed cnt: 25
[info] position not increasing, failed cnt: 26
[info] position not increasing, failed cnt: 27
[info] position not increasing, failed cnt: 28
[info] position not increasing, failed cnt: 29
[info] position not increasing, failed cnt: 1
[info] position not increasing, failed cnt: 2
[info] position not increasing, failed cnt: 3
[info] position not increasing, failed cnt: 4
[info] position not increasing, failed cnt: 5
[info] position not increasing, failed cnt: 6
[info] position not increasing, failed cnt: 7
[info] position not increasing, failed cnt: 1
[info] position not increasing, failed cnt: 2
[info] position not increasing, failed cnt: 3
[info] position not increasing, failed cnt: 4
[info] position not increasing, failed cnt: 5
[info] position not increasing, failed cnt: 6
[info] position not increasing, failed cnt: 7
[info] position not increasing, failed cnt: 8
[info] position not increasing, failed cnt: 9
[info] position not increasing, failed cnt: 10
[info] position not increasing, failed cnt: 11
-- generated events: 477
-- time elapsed: 2.07 secs
5SifuCu1raOyB2mljEPWoM lyrics_all S2 ok=True fail=None 5.94s
5a7cNKUhxWPg9jWE0fUukb lyrics_all S2 ok=False fail=unsupported_meter 0.0s
-- generated events: 764
-- time elapsed: 3.61 secs
-- generated events: 371
-- time elapsed: 1.47 secs
5bVKIpODZbjn82L68A80hv lyrics_all S2 ok=True fail=None 5.18s
-- generated events: 485
-- time elapsed: 1.97 secs
-- generated events: 628
-- time elapsed: 2.72 secs
5bf4zyUkbC7Df7icueGtcR lyrics_all S2 ok=True fail=None 4.79s
-- generated events: 391
-- time elapsed: 1.54 secs
5dxFx2Ez14xXuqyOK3Pgxd lyrics_all S2 ok=True fail=None 1.59s
-- generated events: 682
-- time elapsed: 3.03 secs
5eZwk6UYsVAbqSomPjNSDE lyrics_all S2 ok=True fail=None 3.08s
-- generated events: 853
-- time elapsed: 4.21 secs
-- generated events: 256
-- time elapsed: 0.98 secs
5fTRjBPvXscWyOOukAGtW5 lyrics_all S2 ok=True fail=None 5.28s
-- generated events: 821
-- time elapsed: 3.98 secs
5gIW9IMReT6xicyfHKtcug lyrics_all S2 ok=True fail=None 4.03s
-- generated events: 760
-- time elapsed: 3.91 secs
-- generated events: 168
-- time elapsed: 0.62 secs
5i64hhiLZt1NWnRZiVubSL lyrics_all S2 ok=True fail=None 4.63s
-- generated events: 558
-- time elapsed: 2.33 secs
-- generated events: 576
-- time elapsed: 2.46 secs
-- generated events: 342
-- time elapsed: 1.37 secs
5icriKgD89JhLxeSnd9o74 lyrics_all S2 ok=True fail=None 6.31s
[info] position not increasing, failed cnt: 1
[info] position not increasing, failed cnt: 1
-- generated events: 720
-- time elapsed: 3.31 secs
-- generated events: 721
-- time elapsed: 3.30 secs
5igSw7TE7vW1iKMCU9ACMJ lyrics_all S2 ok=True fail=None 6.72s
-- generated events: 930
-- time elapsed: 4.84 secs
-- generated events: 425
-- time elapsed: 1.69 secs
5jRB7otWSFz3kMR3fAOQ2n lyrics_all S2 ok=True fail=None 6.64s
-- generated events: 1090
-- time elapsed: 6.40 secs
-- generated events: 95
-- time elapsed: 0.34 secs
5jwyaHQbtmpEPVmHwq19Fy lyrics_all S2 ok=True fail=None 6.84s
[info] position not increasing, failed cnt: 1
[info] position not increasing, failed cnt: 2
[info] position not increasing, failed cnt: 3
[info] position not increasing, failed cnt: 4
[info] position not increasing, failed cnt: 5
[info] position not increasing, failed cnt: 6
[info] position not increasing, failed cnt: 7
[info] position not increasing, failed cnt: 8
[info] position not increasing, failed cnt: 9
-- generated events: 826
-- time elapsed: 4.04 secs
-- generated events: 188
-- time elapsed: 0.70 secs
5kehUJhVBQAMgzY9IQXIOV lyrics_all S2 ok=True fail=None 4.84s
-- generated events: 696
-- time elapsed: 3.19 secs
-- generated events: 210
-- time elapsed: 0.80 secs
5mh8LL52KOZXeb80QpcUVG lyrics_all S2 ok=True fail=None 4.09s
-- generated events: 875
-- time elapsed: 4.42 secs
-- generated events: 374
-- time elapsed: 1.49 secs
5ojQLq8MsewWoGbVQEBd8f lyrics_all S2 ok=True fail=None 6.01s
-- generated events: 685
-- time elapsed: 3.07 secs
-- generated events: 487
-- time elapsed: 2.00 secs
5pewA4rsox31wXDX26VMlr lyrics_all S2 ok=True fail=None 5.17s
-- generated events: 1238
-- time elapsed: 8.47 secs
5rVNJGnGulbxFwEgUeqAPg lyrics_all S2 ok=True fail=None 8.52s
-- generated events: 291
-- time elapsed: 1.12 secs
5rc5x4FKWvrJb8qxFNp1bO lyrics_all S2 ok=True fail=None 1.17s
-- generated events: 1001
-- time elapsed: 5.46 secs
5zpJSe86hLBaTpd6ZW3TFB lyrics_all S2 ok=True fail=None 5.51s
-- generated events: 710
-- time elapsed: 3.34 secs
-- generated events: 508
-- time elapsed: 2.09 secs
-- generated events: 492
-- time elapsed: 2.01 secs
-- generated events: 234
-- time elapsed: 0.89 secs
61g5RPLFCdbnVwAQ363gyP lyrics_all S2 ok=True fail=None 8.53s
-- generated events: 789
-- time elapsed: 3.78 secs
-- generated events: 412
-- time elapsed: 1.65 secs
64ksmDDLWaiY21WDVXBoYC lyrics_all S2 ok=True fail=None 5.53s
-- generated events: 504
-- time elapsed: 2.06 secs
-- generated events: 537
-- time elapsed: 2.22 secs
-- generated events: 723
-- time elapsed: 3.31 secs
-- generated events: 158
-- time elapsed: 0.58 secs
65qUlixRrzCOI7RIHMZ8b0 lyrics_all S2 ok=True fail=None 8.37s
-- generated events: 585
-- time elapsed: 2.47 secs
[info] position not increasing, failed cnt: 1
-- generated events: 575
-- time elapsed: 2.42 secs
[info] position not increasing, failed cnt: 1
[info] position not increasing, failed cnt: 2
[info] position not increasing, failed cnt: 3
[info] position not increasing, failed cnt: 4
[info] position not increasing, failed cnt: 5
[info] position not increasing, failed cnt: 6
[info] position not increasing, failed cnt: 7
[info] position not increasing, failed cnt: 8
[info] position not increasing, failed cnt: 9
[info] position not increasing, failed cnt: 10
[info] position not increasing, failed cnt: 11
[info] position not increasing, failed cnt: 12
[info] position not increasing, failed cnt: 13
[info] position not increasing, failed cnt: 14
[info] position not increasing, failed cnt: 15
[info] position not increasing, failed cnt: 16
[info] position not increasing, failed cnt: 17
[info] position not increasing, failed cnt: 18
[info] position not increasing, failed cnt: 1
[info] position not increasing, failed cnt: 2
[info] position not increasing, failed cnt: 3
[info] position not increasing, failed cnt: 4
[info] position not increasing, failed cnt: 5
[info] position not increasing, failed cnt: 6
[info] position not increasing, failed cnt: 7
[info] position not increasing, failed cnt: 8
[info] position not increasing, failed cnt: 9
[info] position not increasing, failed cnt: 10
[info] position not increasing, failed cnt: 11
[info] position not increasing, failed cnt: 12
[info] position not increasing, failed cnt: 13
[info] position not increasing, failed cnt: 14
[info] position not increasing, failed cnt: 15
[info] position not increasing, failed cnt: 16
[info] position not increasing, failed cnt: 17
[info] position not increasing, failed cnt: 18
[info] position not increasing, failed cnt: 19
[info] position not increasing, failed cnt: 20
[info] position not increasing, failed cnt: 21
[info] position not increasing, failed cnt: 22
[info] position not increasing, failed cnt: 23
[info] position not increasing, failed cnt: 24
[info] position not increasing, failed cnt: 25
[info] position not increasing, failed cnt: 26
[info] position not increasing, failed cnt: 27
[info] position not increasing, failed cnt: 28
[info] position not increasing, failed cnt: 29
[info] position not increasing, failed cnt: 30
[info] position not increasing, failed cnt: 31
[info] position not increasing, failed cnt: 32
[info] position not increasing, failed cnt: 33
[info] position not increasing, failed cnt: 34
[info] position not increasing, failed cnt: 35
[info] position not increasing, failed cnt: 36
[info] position not increasing, failed cnt: 37
[info] position not increasing, failed cnt: 38
[info] position not increasing, failed cnt: 39
[info] position not increasing, failed cnt: 40
[info] position not increasing, failed cnt: 41
[info] position not increasing, failed cnt: 42
[info] position not increasing, failed cnt: 43
[info] position not increasing, failed cnt: 44
[info] position not increasing, failed cnt: 45
[info] position not increasing, failed cnt: 46
[info] position not increasing, failed cnt: 47
[info] position not increasing, failed cnt: 48
[info] position not increasing, failed cnt: 49
[info] position not increasing, failed cnt: 50
[info] position not increasing, failed cnt: 51
[info] position not increasing, failed cnt: 52
[info] position not increasing, failed cnt: 53
[info] position not increasing, failed cnt: 54
[info] position not increasing, failed cnt: 55
[info] position not increasing, failed cnt: 56
[info] position not increasing, failed cnt: 57
[info] position not increasing, failed cnt: 58
[info] position not increasing, failed cnt: 59
[info] position not increasing, failed cnt: 60
[info] position not increasing, failed cnt: 61
[info] position not increasing, failed cnt: 62
[info] position not increasing, failed cnt: 63
[info] position not increasing, failed cnt: 64
[info] position not increasing, failed cnt: 65
[info] position not increasing, failed cnt: 66
[info] position not increasing, failed cnt: 67
[info] position not increasing, failed cnt: 68
[info] position not increasing, failed cnt: 69
[info] position not increasing, failed cnt: 70
[info] position not increasing, failed cnt: 71
[info] position not increasing, failed cnt: 72
[info] position not increasing, failed cnt: 73
[info] position not increasing, failed cnt: 74
[info] position not increasing, failed cnt: 75
[info] position not increasing, failed cnt: 76
[info] position not increasing, failed cnt: 77
[info] position not increasing, failed cnt: 78
[info] position not increasing, failed cnt: 79
[info] position not increasing, failed cnt: 80
[info] position not increasing, failed cnt: 81
[info] position not increasing, failed cnt: 82
[info] position not increasing, failed cnt: 83
[info] position not increasing, failed cnt: 84
[info] position not increasing, failed cnt: 85
[info] position not increasing, failed cnt: 86
[info] position not increasing, failed cnt: 87
[info] position not increasing, failed cnt: 88
[info] position not increasing, failed cnt: 89
[info] position not increasing, failed cnt: 90
[info] position not increasing, failed cnt: 91
[info] position not increasing, failed cnt: 92
[info] position not increasing, failed cnt: 93
[info] position not increasing, failed cnt: 94
[info] position not increasing, failed cnt: 95
[info] position not increasing, failed cnt: 96
[info] position not increasing, failed cnt: 97
[info] position not increasing, failed cnt: 98
[info] position not increasing, failed cnt: 99
[info] position not increasing, failed cnt: 100
[info] position not increasing, failed cnt: 101
[info] position not increasing, failed cnt: 102
[info] position not increasing, failed cnt: 103
[info] position not increasing, failed cnt: 104
[info] position not increasing, failed cnt: 105
[info] position not increasing, failed cnt: 106
[info] position not increasing, failed cnt: 107
[info] position not increasing, failed cnt: 108
[info] position not increasing, failed cnt: 109
[info] position not increasing, failed cnt: 110
[info] position not increasing, failed cnt: 111
[info] position not increasing, failed cnt: 112
[info] position not increasing, failed cnt: 113
[info] position not increasing, failed cnt: 114
[info] position not increasing, failed cnt: 115
[info] position not increasing, failed cnt: 116
[info] position not increasing, failed cnt: 117
[info] position not increasing, failed cnt: 118
[info] position not increasing, failed cnt: 119
[info] position not increasing, failed cnt: 120
[info] position not increasing, failed cnt: 121
[info] position not increasing, failed cnt: 122
[info] position not increasing, failed cnt: 123
[info] position not increasing, failed cnt: 124
[info] position not increasing, failed cnt: 125
[info] position not increasing, failed cnt: 126
[info] position not increasing, failed cnt: 127
[info] position not increasing, failed cnt: 128
[FATAL] model stuck, exiting ...
-- generated events: 218
-- time elapsed: 0.82 secs
66x69ddxo6rH3KZoa5yNfO lyrics_all S2 ok=True fail=None 6.95s
[info] position not increasing, failed cnt: 1
-- generated events: 911
-- time elapsed: 4.71 secs
-- generated events: 680
-- time elapsed: 3.07 secs
-- generated events: 351
-- time elapsed: 1.39 secs
6A4DbuFY7yg40irHQW5VL3 lyrics_all S2 ok=True fail=None 9.32s
-- generated events: 936
-- time elapsed: 4.92 secs
-- generated events: 478
-- time elapsed: 1.95 secs
6FmfdFUbG8q6U2KbsNFo3y lyrics_all S2 ok=True fail=None 6.97s
[info] position not increasing, failed cnt: 1
[info] position not increasing, failed cnt: 2
[info] position not increasing, failed cnt: 3
[info] position not increasing, failed cnt: 4
[info] position not increasing, failed cnt: 5
[info] position not increasing, failed cnt: 6
[info] position not increasing, failed cnt: 7
[info] position not increasing, failed cnt: 8
[info] position not increasing, failed cnt: 9
[info] position not increasing, failed cnt: 10
-- generated events: 714
-- time elapsed: 3.33 secs
-- generated events: 386
-- time elapsed: 1.54 secs
6H1qeLID2gslZMgxpwfACS lyrics_all S2 ok=True fail=None 4.98s
[info] error EOS occurs, failed eos: 1
[info] position not increasing, failed cnt: 1
[info] position not increasing, failed cnt: 2
[info] position not increasing, failed cnt: 3
[info] position not increasing, failed cnt: 4
[info] position not increasing, failed cnt: 5
[info] position not increasing, failed cnt: 6
[info] position not increasing, failed cnt: 7
[info] position not increasing, failed cnt: 8
[info] position not increasing, failed cnt: 9
[info] position not increasing, failed cnt: 10
[info] position not increasing, failed cnt: 11
[info] position not increasing, failed cnt: 12
[info] position not increasing, failed cnt: 13
[info] position not increasing, failed cnt: 14
[info] position not increasing, failed cnt: 15
[info] position not increasing, failed cnt: 16
[info] position not increasing, failed cnt: 17
[info] position not increasing, failed cnt: 18
[info] position not increasing, failed cnt: 19
[info] position not increasing, failed cnt: 20
[info] position not increasing, failed cnt: 21
[info] position not increasing, failed cnt: 22
[info] position not increasing, failed cnt: 23
[info] position not increasing, failed cnt: 24
[info] position not increasing, failed cnt: 25
[info] position not increasing, failed cnt: 26
[info] position not increasing, failed cnt: 27
[info] position not increasing, failed cnt: 28
[info] position not increasing, failed cnt: 29
[info] position not increasing, failed cnt: 30
[info] position not increasing, failed cnt: 31
[info] position not increasing, failed cnt: 32
[info] position not increasing, failed cnt: 33
[info] position not increasing, failed cnt: 34
[info] position not increasing, failed cnt: 35
[info] position not increasing, failed cnt: 36
[info] position not increasing, failed cnt: 37
[info] position not increasing, failed cnt: 38
[info] position not increasing, failed cnt: 39
[info] position not increasing, failed cnt: 40
[info] position not increasing, failed cnt: 41
[info] position not increasing, failed cnt: 42
[info] position not increasing, failed cnt: 43
[info] position not increasing, failed cnt: 44
[info] position not increasing, failed cnt: 45
[info] position not increasing, failed cnt: 46
[info] position not increasing, failed cnt: 47
[info] position not increasing, failed cnt: 48
[info] position not increasing, failed cnt: 49
[info] position not increasing, failed cnt: 50
[info] position not increasing, failed cnt: 51
[info] position not increasing, failed cnt: 52
[info] position not increasing, failed cnt: 53
[info] position not increasing, failed cnt: 54
[info] position not increasing, failed cnt: 55
[info] position not increasing, failed cnt: 56
[info] position not increasing, failed cnt: 57
[info] position not increasing, failed cnt: 58
[info] position not increasing, failed cnt: 59
[info] position not increasing, failed cnt: 60
[info] position not increasing, failed cnt: 61
[info] position not increasing, failed cnt: 62
[info] position not increasing, failed cnt: 63
[info] position not increasing, failed cnt: 64
[info] position not increasing, failed cnt: 65
[info] position not increasing, failed cnt: 66
[info] position not increasing, failed cnt: 67
[info] position not increasing, failed cnt: 68
[info] position not increasing, failed cnt: 69
[info] position not increasing, failed cnt: 70
[info] position not increasing, failed cnt: 71
[info] position not increasing, failed cnt: 72
[info] position not increasing, failed cnt: 73
[info] position not increasing, failed cnt: 74
[info] position not increasing, failed cnt: 75
[info] position not increasing, failed cnt: 76
[info] position not increasing, failed cnt: 77
[info] position not increasing, failed cnt: 78
[info] position not increasing, failed cnt: 79
[info] position not increasing, failed cnt: 80
[info] position not increasing, failed cnt: 81
[info] position not increasing, failed cnt: 82
[info] position not increasing, failed cnt: 83
[info] position not increasing, failed cnt: 84
[info] position not increasing, failed cnt: 85
[info] position not increasing, failed cnt: 86
[info] position not increasing, failed cnt: 87
[info] position not increasing, failed cnt: 88
[info] position not increasing, failed cnt: 89
[info] position not increasing, failed cnt: 90
[info] position not increasing, failed cnt: 91
[info] position not increasing, failed cnt: 92
[info] position not increasing, failed cnt: 93
[info] position not increasing, failed cnt: 94
[info] position not increasing, failed cnt: 95
[info] position not increasing, failed cnt: 96
[info] position not increasing, failed cnt: 97
[info] position not increasing, failed cnt: 98
[info] position not increasing, failed cnt: 99
[info] position not increasing, failed cnt: 100
[info] position not increasing, failed cnt: 101
[info] position not increasing, failed cnt: 102
[info] position not increasing, failed cnt: 103
[info] position not increasing, failed cnt: 104
[info] position not increasing, failed cnt: 105
[info] position not increasing, failed cnt: 106
[info] position not increasing, failed cnt: 107
[info] position not increasing, failed cnt: 108
[info] position not increasing, failed cnt: 109
[info] position not increasing, failed cnt: 110
[info] position not increasing, failed cnt: 111
[info] position not increasing, failed cnt: 112
[info] position not increasing, failed cnt: 113
[info] position not increasing, failed cnt: 114
[info] position not increasing, failed cnt: 115
[info] position not increasing, failed cnt: 116
[info] position not increasing, failed cnt: 117
[info] position not increasing, failed cnt: 118
[info] position not increasing, failed cnt: 119
[info] position not increasing, failed cnt: 120
[info] position not increasing, failed cnt: 121
[info] position not increasing, failed cnt: 122
[info] position not increasing, failed cnt: 123
[info] position not increasing, failed cnt: 124
[info] position not increasing, failed cnt: 125
[info] position not increasing, failed cnt: 126
[info] position not increasing, failed cnt: 127
[info] position not increasing, failed cnt: 128
[FATAL] model stuck, exiting ...
-- generated events: 1199
-- time elapsed: 8.17 secs
-- generated events: 752
-- time elapsed: 3.59 secs
6I3A7q18EJgbdZf2Zx1wxm lyrics_all S2 ok=True fail=None 17.59s
-- generated events: 1241
-- time elapsed: 8.57 secs
6M8dGV2alakIhqDFNFIEfg lyrics_all S2 ok=True fail=None 8.62s
-- generated events: 651
-- time elapsed: 2.89 secs
-- generated events: 702
-- time elapsed: 3.18 secs
6N1sew50IOyienxE3u6WEM lyrics_all S2 ok=True fail=None 6.18s
6NgFmG5lumvnyBEpjye3Rd lyrics_all S2 ok=False fail=unsupported_meter 0.0s
-- generated events: 1003
-- time elapsed: 5.47 secs
6NqPOID1RsXpj7IAEsgd2v lyrics_all S2 ok=True fail=None 5.53s
-- generated events: 812
-- time elapsed: 3.91 secs
-- generated events: 286
-- time elapsed: 1.09 secs
6TCciGLZyMSTZDJDmrdVSI lyrics_all S2 ok=True fail=None 5.11s
-- generated events: 830
-- time elapsed: 4.13 secs
-- generated events: 495
-- time elapsed: 2.05 secs
6URmER9CypxglzgwthpWTU lyrics_all S2 ok=True fail=None 6.28s
6W6bjaq3SpD6OMuxWgPM9X lyrics_all S2 ok=False fail=unsupported_meter 0.0s
-- generated events: 540
-- time elapsed: 2.24 secs
-- generated events: 344
-- time elapsed: 1.36 secs
6WGLxfoN1BIjmIJYcb2Wwn lyrics_all S2 ok=True fail=None 3.7s
-- generated events: 769
-- time elapsed: 3.64 secs
-- generated events: 263
-- time elapsed: 1.00 secs
6XwWuAFFTqL2IoPdeA4iis lyrics_all S2 ok=True fail=None 4.74s
-- generated events: 758
-- time elapsed: 3.56 secs
6alSXplRoBcYCNHKqJDWPz lyrics_all S2 ok=True fail=None 3.61s
-- generated events: 725
-- time elapsed: 3.32 secs
[info] position not increasing, failed cnt: 1
[info] position not increasing, failed cnt: 2
[info] position not increasing, failed cnt: 3
[info] position not increasing, failed cnt: 4
[info] position not increasing, failed cnt: 5
[info] position not increasing, failed cnt: 6
[info] position not increasing, failed cnt: 7
[info] position not increasing, failed cnt: 8
[info] position not increasing, failed cnt: 9
[info] position not increasing, failed cnt: 10
[info] position not increasing, failed cnt: 11
[info] position not increasing, failed cnt: 12
[info] position not increasing, failed cnt: 13
[info] position not increasing, failed cnt: 14
[info] position not increasing, failed cnt: 15
[info] position not increasing, failed cnt: 16
[info] position not increasing, failed cnt: 17
[info] position not increasing, failed cnt: 18
[info] position not increasing, failed cnt: 19
[info] position not increasing, failed cnt: 20
[info] position not increasing, failed cnt: 21
[info] position not increasing, failed cnt: 22
[info] position not increasing, failed cnt: 23
[info] position not increasing, failed cnt: 24
[info] position not increasing, failed cnt: 25
[info] position not increasing, failed cnt: 26
[info] position not increasing, failed cnt: 27
[info] position not increasing, failed cnt: 28
[info] position not increasing, failed cnt: 29
[info] position not increasing, failed cnt: 30
[info] position not increasing, failed cnt: 31
[info] position not increasing, failed cnt: 32
[info] position not increasing, failed cnt: 33
[info] position not increasing, failed cnt: 34
[info] position not increasing, failed cnt: 35
[info] position not increasing, failed cnt: 36
[info] position not increasing, failed cnt: 37
[info] position not increasing, failed cnt: 38
[info] position not increasing, failed cnt: 39
[info] position not increasing, failed cnt: 40
[info] position not increasing, failed cnt: 41
[info] position not increasing, failed cnt: 42
[info] position not increasing, failed cnt: 43
[info] position not increasing, failed cnt: 44
[info] position not increasing, failed cnt: 45
[info] position not increasing, failed cnt: 46
[info] position not increasing, failed cnt: 47
[info] position not increasing, failed cnt: 48
[info] position not increasing, failed cnt: 49
[info] position not increasing, failed cnt: 50
[info] position not increasing, failed cnt: 51
[info] position not increasing, failed cnt: 52
[info] position not increasing, failed cnt: 53
[info] position not increasing, failed cnt: 54
[info] position not increasing, failed cnt: 55
[info] position not increasing, failed cnt: 56
[info] position not increasing, failed cnt: 57
[info] position not increasing, failed cnt: 58
[info] position not increasing, failed cnt: 59
[info] position not increasing, failed cnt: 60
[info] position not increasing, failed cnt: 61
[info] position not increasing, failed cnt: 62
[info] position not increasing, failed cnt: 63
[info] position not increasing, failed cnt: 64
[info] position not increasing, failed cnt: 65
[info] position not increasing, failed cnt: 66
[info] position not increasing, failed cnt: 67
[info] position not increasing, failed cnt: 68
[info] position not increasing, failed cnt: 69
[info] position not increasing, failed cnt: 70
[info] position not increasing, failed cnt: 71
[info] position not increasing, failed cnt: 72
[info] position not increasing, failed cnt: 73
[info] position not increasing, failed cnt: 74
[info] position not increasing, failed cnt: 75
[info] position not increasing, failed cnt: 76
[info] position not increasing, failed cnt: 77
[info] position not increasing, failed cnt: 78
[info] position not increasing, failed cnt: 79
[info] position not increasing, failed cnt: 80
[info] position not increasing, failed cnt: 81
[info] position not increasing, failed cnt: 82
[info] position not increasing, failed cnt: 83
[info] position not increasing, failed cnt: 84
[info] position not increasing, failed cnt: 85
[info] position not increasing, failed cnt: 86
[info] position not increasing, failed cnt: 87
[info] position not increasing, failed cnt: 88
[info] position not increasing, failed cnt: 89
[info] position not increasing, failed cnt: 90
[info] position not increasing, failed cnt: 91
[info] position not increasing, failed cnt: 92
[info] position not increasing, failed cnt: 93
[info] position not increasing, failed cnt: 94
[info] position not increasing, failed cnt: 95
[info] position not increasing, failed cnt: 96
[info] position not increasing, failed cnt: 97
[info] position not increasing, failed cnt: 98
[info] position not increasing, failed cnt: 99
[info] position not increasing, failed cnt: 100
[info] position not increasing, failed cnt: 101
[info] position not increasing, failed cnt: 102
[info] position not increasing, failed cnt: 103
[info] position not increasing, failed cnt: 104
[info] position not increasing, failed cnt: 105
[info] position not increasing, failed cnt: 106
[info] position not increasing, failed cnt: 107
[info] position not increasing, failed cnt: 108
[info] position not increasing, failed cnt: 109
[info] position not increasing, failed cnt: 110
[info] position not increasing, failed cnt: 111
[info] position not increasing, failed cnt: 112
[info] position not increasing, failed cnt: 113
[info] position not increasing, failed cnt: 114
[info] position not increasing, failed cnt: 115
[info] position not increasing, failed cnt: 116
[info] position not increasing, failed cnt: 117
[info] position not increasing, failed cnt: 118
[info] position not increasing, failed cnt: 119
[info] position not increasing, failed cnt: 120
[info] position not increasing, failed cnt: 121
[info] position not increasing, failed cnt: 122
[info] position not increasing, failed cnt: 123
[info] position not increasing, failed cnt: 124
[info] position not increasing, failed cnt: 125
[info] position not increasing, failed cnt: 126
[info] position not increasing, failed cnt: 127
[info] position not increasing, failed cnt: 128
[FATAL] model stuck, exiting ...
-- generated events: 491
-- time elapsed: 2.01 secs
6ast0Gzj3H6MgDfkRHZxx1 lyrics_all S2 ok=True fail=None 7.07s
-- generated events: 525
-- time elapsed: 2.15 secs
-- generated events: 184
-- time elapsed: 0.68 secs
6bPSr7yKukRjAGk9cIkJ4J lyrics_all S2 ok=True fail=None 2.92s
[info] error EOS occurs, failed eos: 1
[info] error EOS occurs, failed eos: 2
-- generated events: 697
-- time elapsed: 3.14 secs
-- generated events: 337
-- time elapsed: 1.31 secs
6ceBOPyGnJnumkJ2wOTt7D lyrics_all S2 ok=True fail=None 4.55s
[info] position not increasing, failed cnt: 1
[info] position not increasing, failed cnt: 2
[info] position not increasing, failed cnt: 3
[info] position not increasing, failed cnt: 4
[info] position not increasing, failed cnt: 1
-- generated events: 746
-- time elapsed: 3.54 secs
6coZcwGP3Cmhyqzvp6sEJS lyrics_all S2 ok=True fail=None 3.59s
-- generated events: 787
-- time elapsed: 3.75 secs
-- generated events: 990
-- time elapsed: 5.40 secs
-- generated events: 214
-- time elapsed: 0.82 secs
6gkCBQjjSFX0UctwaFFdL2 lyrics_all S2 ok=True fail=None 10.12s
[info] gotten eos
-- generated events: 1019
-- time elapsed: 5.67 secs
-- generated events: 922
-- time elapsed: 4.79 secs
-- generated events: 99
-- time elapsed: 0.36 secs
6i6Lrq6Lkfsjw4WCLOr6zp lyrics_all S2 ok=True fail=None 10.97s
6jK3PQWd5QOPHLAJw6nvCD lyrics_all S2 ok=False fail=unsupported_meter 0.0s
[info] position not increasing, failed cnt: 1
-- generated events: 896
-- time elapsed: 4.56 secs
-- generated events: 179
-- time elapsed: 0.66 secs
6lyPKJbCwZEiOtxwXxTDLD lyrics_all S2 ok=True fail=None 5.31s
-- generated events: 734
-- time elapsed: 3.41 secs
-- generated events: 354
-- time elapsed: 1.39 secs
6n5cdQsg6li2aDYUGUiL5l lyrics_all S2 ok=True fail=None 4.9s
6oFUns8NczIrmLbQOLYJhD lyrics_all S2 ok=False fail=unsupported_meter 0.0s
-- generated events: 863
-- time elapsed: 4.33 secs
6ousLSFH3faAPCokCk2gCm lyrics_all S2 ok=True fail=None 4.38s
-- generated events: 938
-- time elapsed: 4.95 secs
-- generated events: 302
-- time elapsed: 1.17 secs
6pQe06VbPHfAD9MVV7y7ed lyrics_all S2 ok=True fail=None 6.22s
-- generated events: 840
-- time elapsed: 4.14 secs
-- generated events: 510
-- time elapsed: 2.08 secs
6tnnVnCMhhIbXsnReXa0KX lyrics_all S2 ok=True fail=None 6.32s
-- generated events: 677
-- time elapsed: 2.99 secs
-- generated events: 526
-- time elapsed: 2.15 secs
72HBFpZW26bT1E0POMsQUW lyrics_all S2 ok=True fail=None 5.24s
-- generated events: 838
-- time elapsed: 4.11 secs
-- generated events: 254
-- time elapsed: 0.98 secs
72yPhoXJHKpAeCt99RLdK4 lyrics_all S2 ok=True fail=None 5.18s
[info] position not increasing, failed cnt: 1
-- generated events: 483
-- time elapsed: 2.01 secs
75eCpTAhv6j4enqG1OMBOg lyrics_all S2 ok=True fail=None 2.05s
-- generated events: 679
-- time elapsed: 3.03 secs
[info] position not increasing, failed cnt: 1
[info] position not increasing, failed cnt: 2
[info] position not increasing, failed cnt: 3
[info] position not increasing, failed cnt: 4
[info] position not increasing, failed cnt: 5
[info] position not increasing, failed cnt: 6
[info] position not increasing, failed cnt: 7
[info] position not increasing, failed cnt: 8
[info] position not increasing, failed cnt: 9
[info] position not increasing, failed cnt: 10
[info] position not increasing, failed cnt: 11
[info] position not increasing, failed cnt: 12
[info] position not increasing, failed cnt: 13
[info] position not increasing, failed cnt: 14
[info] position not increasing, failed cnt: 15
[info] position not increasing, failed cnt: 16
[info] position not increasing, failed cnt: 17
[info] position not increasing, failed cnt: 18
[info] position not increasing, failed cnt: 19
[info] position not increasing, failed cnt: 20
[info] position not increasing, failed cnt: 21
[info] position not increasing, failed cnt: 22
[info] position not increasing, failed cnt: 23
[info] position not increasing, failed cnt: 24
[info] position not increasing, failed cnt: 25
[info] position not increasing, failed cnt: 26
[info] position not increasing, failed cnt: 27
[info] position not increasing, failed cnt: 28
[info] position not increasing, failed cnt: 29
[info] position not increasing, failed cnt: 30
[info] position not increasing, failed cnt: 31
[info] position not increasing, failed cnt: 32
[info] position not increasing, failed cnt: 33
[info] position not increasing, failed cnt: 34
[info] position not increasing, failed cnt: 35
[info] position not increasing, failed cnt: 36
[info] position not increasing, failed cnt: 37
[info] position not increasing, failed cnt: 38
[info] position not increasing, failed cnt: 39
[info] position not increasing, failed cnt: 40
[info] position not increasing, failed cnt: 41
[info] position not increasing, failed cnt: 42
[info] position not increasing, failed cnt: 43
[info] position not increasing, failed cnt: 44
[info] position not increasing, failed cnt: 45
[info] position not increasing, failed cnt: 46
[info] position not increasing, failed cnt: 47
[info] position not increasing, failed cnt: 48
[info] position not increasing, failed cnt: 49
[info] position not increasing, failed cnt: 50
[info] position not increasing, failed cnt: 51
[info] position not increasing, failed cnt: 52
[info] position not increasing, failed cnt: 53
[info] position not increasing, failed cnt: 54
[info] position not increasing, failed cnt: 55
[info] position not increasing, failed cnt: 56
[info] position not increasing, failed cnt: 57
[info] position not increasing, failed cnt: 58
[info] position not increasing, failed cnt: 59
[info] position not increasing, failed cnt: 60
[info] position not increasing, failed cnt: 61
[info] position not increasing, failed cnt: 62
[info] position not increasing, failed cnt: 63
[info] position not increasing, failed cnt: 64
[info] position not increasing, failed cnt: 65
[info] position not increasing, failed cnt: 66
[info] position not increasing, failed cnt: 67
[info] position not increasing, failed cnt: 68
[info] position not increasing, failed cnt: 69
[info] position not increasing, failed cnt: 70
[info] position not increasing, failed cnt: 71
[info] position not increasing, failed cnt: 72
[info] position not increasing, failed cnt: 73
[info] position not increasing, failed cnt: 74
[info] position not increasing, failed cnt: 75
[info] position not increasing, failed cnt: 76
[info] position not increasing, failed cnt: 77
[info] position not increasing, failed cnt: 78
[info] position not increasing, failed cnt: 79
[info] position not increasing, failed cnt: 80
[info] position not increasing, failed cnt: 81
[info] position not increasing, failed cnt: 82
[info] position not increasing, failed cnt: 83
[info] position not increasing, failed cnt: 84
[info] position not increasing, failed cnt: 85
[info] position not increasing, failed cnt: 86
[info] position not increasing, failed cnt: 87
[info] position not increasing, failed cnt: 88
[info] position not increasing, failed cnt: 89
[info] position not increasing, failed cnt: 90
[info] position not increasing, failed cnt: 91
[info] position not increasing, failed cnt: 92
[info] position not increasing, failed cnt: 93
[info] position not increasing, failed cnt: 94
[info] position not increasing, failed cnt: 95
[info] position not increasing, failed cnt: 96
[info] position not increasing, failed cnt: 97
[info] position not increasing, failed cnt: 98
[info] position not increasing, failed cnt: 99
[info] position not increasing, failed cnt: 100
[info] position not increasing, failed cnt: 101
[info] position not increasing, failed cnt: 102
[info] position not increasing, failed cnt: 103
[info] position not increasing, failed cnt: 104
[info] position not increasing, failed cnt: 105
[info] position not increasing, failed cnt: 106
[info] position not increasing, failed cnt: 107
[info] position not increasing, failed cnt: 108
[info] position not increasing, failed cnt: 109
[info] position not increasing, failed cnt: 110
[info] position not increasing, failed cnt: 111
[info] position not increasing, failed cnt: 112
[info] position not increasing, failed cnt: 113
[info] position not increasing, failed cnt: 114
[info] position not increasing, failed cnt: 115
[info] position not increasing, failed cnt: 116
[info] position not increasing, failed cnt: 117
[info] position not increasing, failed cnt: 118
[info] position not increasing, failed cnt: 119
[info] position not increasing, failed cnt: 120
[info] position not increasing, failed cnt: 121
[info] position not increasing, failed cnt: 122
[info] position not increasing, failed cnt: 123
[info] position not increasing, failed cnt: 124
[info] position not increasing, failed cnt: 125
[info] position not increasing, failed cnt: 126
[info] position not increasing, failed cnt: 127
[info] position not increasing, failed cnt: 128
[FATAL] model stuck, exiting ...
-- generated events: 362
-- time elapsed: 1.44 secs
7DWvcbGGWWtk0edvck09X3 lyrics_all S2 ok=True fail=None 6.11s
7DeY1fKszqaJKtXUk1NiiH lyrics_all S2 ok=False fail=unsupported_meter 0.0s
-- generated events: 537
-- time elapsed: 2.24 secs
7G1ifUUwRSuQCc8wnDgi6T lyrics_all S2 ok=True fail=None 2.29s
-- generated events: 565
-- time elapsed: 2.37 secs
-- generated events: 505
-- time elapsed: 2.06 secs
-- generated events: 465
-- time elapsed: 1.87 secs
7Ga5M55lfOVkuHxzUgk4ZX lyrics_all S2 ok=True fail=None 6.46s
-- generated events: 972
-- time elapsed: 5.17 secs
-- generated events: 881
-- time elapsed: 4.42 secs
7IE2jtO8pkWtcSdj71OnlT lyrics_all S2 ok=True fail=None 9.69s
-- generated events: 573
-- time elapsed: 2.40 secs
-- generated events: 143
-- time elapsed: 0.52 secs
7fnhHkS67SrSqsWpwkD6CM lyrics_all S2 ok=True fail=None 3.02s
[info] position not increasing, failed cnt: 1
[info] position not increasing, failed cnt: 2
[info] position not increasing, failed cnt: 3
[info] position not increasing, failed cnt: 4
[info] position not increasing, failed cnt: 5
[info] position not increasing, failed cnt: 6
[info] position not increasing, failed cnt: 7
[info] position not increasing, failed cnt: 8
[info] position not increasing, failed cnt: 9
[info] position not increasing, failed cnt: 10
[info] position not increasing, failed cnt: 11
[info] position not increasing, failed cnt: 12
[info] position not increasing, failed cnt: 13
[info] position not increasing, failed cnt: 14
[info] position not increasing, failed cnt: 15
[info] position not increasing, failed cnt: 16
[info] position not increasing, failed cnt: 17
[info] position not increasing, failed cnt: 18
[info] position not increasing, failed cnt: 19
[info] position not increasing, failed cnt: 20
[info] position not increasing, failed cnt: 21
[info] position not increasing, failed cnt: 22
[info] position not increasing, failed cnt: 23
[info] position not increasing, failed cnt: 24
[info] position not increasing, failed cnt: 25
[info] position not increasing, failed cnt: 26
[info] position not increasing, failed cnt: 27
[info] position not increasing, failed cnt: 28
[info] position not increasing, failed cnt: 29
[info] position not increasing, failed cnt: 30
[info] position not increasing, failed cnt: 31
[info] position not increasing, failed cnt: 32
[info] position not increasing, failed cnt: 33
[info] position not increasing, failed cnt: 34
[info] position not increasing, failed cnt: 35
[info] position not increasing, failed cnt: 36
[info] position not increasing, failed cnt: 37
[info] position not increasing, failed cnt: 38
[info] position not increasing, failed cnt: 39
[info] position not increasing, failed cnt: 40
[info] position not increasing, failed cnt: 41
[info] position not increasing, failed cnt: 42
[info] position not increasing, failed cnt: 43
[info] position not increasing, failed cnt: 44
[info] position not increasing, failed cnt: 45
[info] position not increasing, failed cnt: 46
[info] position not increasing, failed cnt: 47
[info] position not increasing, failed cnt: 48
[info] position not increasing, failed cnt: 49
[info] position not increasing, failed cnt: 50
[info] position not increasing, failed cnt: 51
[info] position not increasing, failed cnt: 52
[info] position not increasing, failed cnt: 53
[info] position not increasing, failed cnt: 54
[info] position not increasing, failed cnt: 55
[info] position not increasing, failed cnt: 56
[info] position not increasing, failed cnt: 57
[info] position not increasing, failed cnt: 58
[info] position not increasing, failed cnt: 59
[info] position not increasing, failed cnt: 60
[info] position not increasing, failed cnt: 61
[info] position not increasing, failed cnt: 62
[info] position not increasing, failed cnt: 63
[info] position not increasing, failed cnt: 64
[info] position not increasing, failed cnt: 65
[info] position not increasing, failed cnt: 66
[info] position not increasing, failed cnt: 67
[info] position not increasing, failed cnt: 68
[info] position not increasing, failed cnt: 69
[info] position not increasing, failed cnt: 70
[info] position not increasing, failed cnt: 71
[info] position not increasing, failed cnt: 72
[info] position not increasing, failed cnt: 73
[info] position not increasing, failed cnt: 74
[info] position not increasing, failed cnt: 75
[info] position not increasing, failed cnt: 76
[info] position not increasing, failed cnt: 77
[info] position not increasing, failed cnt: 78
[info] position not increasing, failed cnt: 79
[info] position not increasing, failed cnt: 80
[info] position not increasing, failed cnt: 81
[info] position not increasing, failed cnt: 82
[info] position not increasing, failed cnt: 83
[info] position not increasing, failed cnt: 84
[info] position not increasing, failed cnt: 85
[info] position not increasing, failed cnt: 86
[info] position not increasing, failed cnt: 87
[info] position not increasing, failed cnt: 88
[info] position not increasing, failed cnt: 89
[info] position not increasing, failed cnt: 90
[info] position not increasing, failed cnt: 91
[info] position not increasing, failed cnt: 92
[info] position not increasing, failed cnt: 93
[info] position not increasing, failed cnt: 94
[info] position not increasing, failed cnt: 95
[info] position not increasing, failed cnt: 96
[info] position not increasing, failed cnt: 97
[info] position not increasing, failed cnt: 98
[info] position not increasing, failed cnt: 99
[info] position not increasing, failed cnt: 100
[info] position not increasing, failed cnt: 101
[info] position not increasing, failed cnt: 102
[info] position not increasing, failed cnt: 103
[info] position not increasing, failed cnt: 104
[info] position not increasing, failed cnt: 105
[info] position not increasing, failed cnt: 106
[info] position not increasing, failed cnt: 107
[info] position not increasing, failed cnt: 108
[info] position not increasing, failed cnt: 109
[info] position not increasing, failed cnt: 110
[info] position not increasing, failed cnt: 111
[info] position not increasing, failed cnt: 112
[info] position not increasing, failed cnt: 113
[info] position not increasing, failed cnt: 114
[info] position not increasing, failed cnt: 115
[info] position not increasing, failed cnt: 116
[info] position not increasing, failed cnt: 117
[info] position not increasing, failed cnt: 118
[info] position not increasing, failed cnt: 119
[info] position not increasing, failed cnt: 120
[info] position not increasing, failed cnt: 121
[info] position not increasing, failed cnt: 122
[info] position not increasing, failed cnt: 123
[info] position not increasing, failed cnt: 124
[info] position not increasing, failed cnt: 125
[info] position not increasing, failed cnt: 126
[info] position not increasing, failed cnt: 127
[info] position not increasing, failed cnt: 128
[FATAL] model stuck, exiting ...
-- generated events: 782
-- time elapsed: 3.75 secs
-- generated events: 1005
-- time elapsed: 5.52 secs
7iUYsnszotTdqXyh8tzQlZ lyrics_all S2 ok=True fail=None 12.65s
-- generated events: 887
-- time elapsed: 4.50 secs
-- generated events: 214
-- time elapsed: 0.80 secs
7jDM04sebBiBcWysWcvSFx lyrics_all S2 ok=True fail=None 5.4s
-- generated events: 704
-- time elapsed: 3.18 secs
7ntQ7iPTYMS4LLAumzJQ7R lyrics_all S2 ok=True fail=None 3.23s
-- generated events: 825
-- time elapsed: 3.99 secs
-- generated events: 509
-- time elapsed: 2.07 secs
7omMiE6h9Js24Cr22A0Fbv lyrics_all S2 ok=True fail=None 6.16s
-- generated events: 867
-- time elapsed: 4.31 secs
-- generated events: 28
-- time elapsed: 0.10 secs
7ozbJ4EX6Ps7AqVpZ2sDnT lyrics_all S2 ok=True fail=None 4.51s
-- generated events: 532
-- time elapsed: 2.24 secs
-- generated events: 538
-- time elapsed: 2.25 secs
-- generated events: 454
-- time elapsed: 1.83 secs
7q5MNn6t2YpWawZvWDpAhv lyrics_all S2 ok=True fail=None 6.47s
[info] error EOS occurs, failed eos: 1
[info] error EOS occurs, failed eos: 2
-- generated events: 1085
-- time elapsed: 6.39 secs
-- generated events: 376
-- time elapsed: 1.49 secs
7qDiugtLVz4njwHDGCfdB5 lyrics_all S2 ok=True fail=None 7.98s
-- generated events: 617
-- time elapsed: 2.67 secs
-- generated events: 591
-- time elapsed: 2.53 secs
7urNxXDmuL6xVKEOoEY41E lyrics_all S2 ok=True fail=None 5.3s
-- generated events: 663
-- time elapsed: 2.93 secs
-- generated events: 337
-- time elapsed: 1.32 secs
7v46DZBqB4xmaTHRygC8gy lyrics_all S2 ok=True fail=None 4.34s
-- generated events: 1025
-- time elapsed: 5.64 secs
-- generated events: 471
-- time elapsed: 1.93 secs
7ya27A8QscYolruZhE2dAy lyrics_all S2 ok=True fail=None 7.67s
[info] position not increasing, failed cnt: 1
[info] position not increasing, failed cnt: 2
[info] position not increasing, failed cnt: 3
[info] position not increasing, failed cnt: 4
[info] position not increasing, failed cnt: 5
[info] position not increasing, failed cnt: 6
[info] position not increasing, failed cnt: 7
[info] position not increasing, failed cnt: 8
[info] position not increasing, failed cnt: 9
[info] position not increasing, failed cnt: 10
[info] position not increasing, failed cnt: 11
[info] position not increasing, failed cnt: 12
[info] position not increasing, failed cnt: 13
[info] position not increasing, failed cnt: 14
[info] position not increasing, failed cnt: 15
[info] position not increasing, failed cnt: 16
[info] position not increasing, failed cnt: 17
[info] position not increasing, failed cnt: 18
[info] position not increasing, failed cnt: 19
[info] position not increasing, failed cnt: 20
[info] position not increasing, failed cnt: 21
[info] position not increasing, failed cnt: 22
[info] position not increasing, failed cnt: 23
[info] position not increasing, failed cnt: 24
[info] position not increasing, failed cnt: 25
[info] position not increasing, failed cnt: 26
[info] position not increasing, failed cnt: 27
[info] position not increasing, failed cnt: 28
[info] position not increasing, failed cnt: 29
[info] position not increasing, failed cnt: 30
[info] position not increasing, failed cnt: 31
[info] position not increasing, failed cnt: 32
[info] position not increasing, failed cnt: 33
[info] position not increasing, failed cnt: 34
[info] position not increasing, failed cnt: 35
[info] position not increasing, failed cnt: 36
[info] position not increasing, failed cnt: 37
[info] position not increasing, failed cnt: 38
[info] position not increasing, failed cnt: 39
[info] position not increasing, failed cnt: 40
[info] position not increasing, failed cnt: 41
[info] position not increasing, failed cnt: 42
[info] position not increasing, failed cnt: 43
[info] position not increasing, failed cnt: 44
[info] position not increasing, failed cnt: 45
[info] position not increasing, failed cnt: 46
[info] position not increasing, failed cnt: 47
[info] position not increasing, failed cnt: 48
[info] position not increasing, failed cnt: 49
[info] position not increasing, failed cnt: 50
[info] position not increasing, failed cnt: 51
[info] position not increasing, failed cnt: 52
[info] position not increasing, failed cnt: 53
[info] position not increasing, failed cnt: 54
[info] position not increasing, failed cnt: 55
[info] position not increasing, failed cnt: 56
[info] position not increasing, failed cnt: 57
[info] position not increasing, failed cnt: 58
[info] position not increasing, failed cnt: 59
[info] position not increasing, failed cnt: 60
[info] position not increasing, failed cnt: 61
[info] position not increasing, failed cnt: 62
[info] position not increasing, failed cnt: 63
[info] position not increasing, failed cnt: 64
[info] position not increasing, failed cnt: 65
[info] position not increasing, failed cnt: 66
[info] position not increasing, failed cnt: 67
[info] position not increasing, failed cnt: 68
[info] position not increasing, failed cnt: 69
[info] position not increasing, failed cnt: 70
[info] position not increasing, failed cnt: 71
[info] position not increasing, failed cnt: 72
[info] position not increasing, failed cnt: 73
[info] position not increasing, failed cnt: 74
[info] position not increasing, failed cnt: 75
[info] position not increasing, failed cnt: 76
[info] position not increasing, failed cnt: 77
[info] position not increasing, failed cnt: 78
[info] position not increasing, failed cnt: 79
[info] position not increasing, failed cnt: 80
[info] position not increasing, failed cnt: 81
[info] position not increasing, failed cnt: 82
[info] position not increasing, failed cnt: 83
[info] position not increasing, failed cnt: 84
[info] position not increasing, failed cnt: 85
[info] position not increasing, failed cnt: 86
[info] position not increasing, failed cnt: 87
[info] position not increasing, failed cnt: 88
[info] position not increasing, failed cnt: 89
[info] position not increasing, failed cnt: 90
[info] position not increasing, failed cnt: 91
[info] position not increasing, failed cnt: 92
[info] position not increasing, failed cnt: 93
[info] position not increasing, failed cnt: 94
[info] position not increasing, failed cnt: 95
[info] position not increasing, failed cnt: 96
[info] position not increasing, failed cnt: 97
[info] position not increasing, failed cnt: 98
[info] position not increasing, failed cnt: 99
[info] position not increasing, failed cnt: 100
[info] position not increasing, failed cnt: 101
[info] position not increasing, failed cnt: 102
[info] position not increasing, failed cnt: 103
[info] position not increasing, failed cnt: 104
[info] position not increasing, failed cnt: 105
[info] position not increasing, failed cnt: 106
[info] position not increasing, failed cnt: 107
[info] position not increasing, failed cnt: 108
[info] position not increasing, failed cnt: 109
[info] position not increasing, failed cnt: 110
[info] position not increasing, failed cnt: 111
[info] position not increasing, failed cnt: 112
[info] position not increasing, failed cnt: 113
[info] position not increasing, failed cnt: 114
[info] position not increasing, failed cnt: 115
[info] position not increasing, failed cnt: 116
[info] position not increasing, failed cnt: 117
[info] position not increasing, failed cnt: 118
[info] position not increasing, failed cnt: 119
[info] position not increasing, failed cnt: 120
[info] position not increasing, failed cnt: 121
[info] position not increasing, failed cnt: 122
[info] position not increasing, failed cnt: 123
[info] position not increasing, failed cnt: 124
[info] position not increasing, failed cnt: 125
[info] position not increasing, failed cnt: 126
[info] position not increasing, failed cnt: 127
[info] position not increasing, failed cnt: 128
[FATAL] model stuck, exiting ...
-- generated events: 951
-- time elapsed: 5.05 secs
-- generated events: 211
-- time elapsed: 0.79 secs
7zvq0c9K75w1mijevp7GPQ lyrics_all S2 ok=True fail=None 7.04s
CSL_INFER_DONE
end=2026-09-27T05:19:24-07:00 GPU_OK
