job=40850889 array=40850191_9 host=g3109 gpu=NVIDIA L40S start=2026-09-29T10:52:17-07:00 commit=b7edc012ae318ffac8b2749a830cdaf6f471ca3c cmd=$PY -m paper_eval.component_sota.csl_l2m infer --which retrain --ckpt /mmfs1/gscratch/scrubbed/pingw220/music_acc/Qwen-ABC-component/experiments/component_sota/runs/csl_l2m_retrain/params/step_29000-RC_0.581.pt --chunked --shard $SHARD --num-shards $NSHARDS
csl_rtc: tasks 1800 shard 150 todo 134
/gscratch/ark/pingw220/miniconda3/envs/midi-sag/lib/python3.9/site-packages/jieba/_compat.py:18: UserWarning: pkg_resources is deprecated as an API. See https://setuptools.pypa.io/en/latest/pkg_resources.html. The pkg_resources package is slated for removal as early as 2025-11-30. Refrain from using this package or pin to Setuptools<81.
  import pkg_resources
/gscratch/ark/pingw220/miniconda3/envs/midi-sag/lib/python3.9/site-packages/torch/nn/modules/transformer.py:379: UserWarning: enable_nested_tensor is True, but self.use_nested_tensor is False because encoder_layer.self_attn.batch_first was not True(use batch_first for better inference performance)
  warnings.warn(
/mmfs1/gscratch/scrubbed/pingw220/music_acc/Qwen-ABC-component/paper_eval/component_sota/csl_l2m.py:189: FutureWarning: You are using `torch.load` with `weights_only=False` (the current default value), which uses the default pickle module implicitly. It is possible to construct malicious pickle data which will execute arbitrary code during unpickling (See https://github.com/pytorch/pytorch/blob/main/SECURITY.md#untrusted-models for more details). In a future release, the default value for `weights_only` will be flipped to `True`. This limits the functions that could be executed during unpickling. Arbitrary objects will no longer be allowed to be loaded via this mode unless they are explicitly allowlisted by the user via `torch.serialization.add_safe_globals`. We recommend you start setting `weights_only=True` for any use case where you don't have full control of the loaded file. Please open an issue on GitHub for any issues related to this experimental feature.
  sd = torch.load(ckpt, map_location="cpu")
load: {"missing": [], "unexpected": [], "ckpt": "/mmfs1/gscratch/scrubbed/pingw220/music_acc/Qwen-ABC-component/experiments/component_sota/runs/csl_l2m_retrain/params/step_29000-RC_0.581.pt", "config": "/mmfs1/gscratch/scrubbed/pingw220/music_acc/Qwen-ABC-component/configs/component_sota/csl_l2m_onlylyrics_retrain.yaml"}
[info] position not increasing, failed cnt: 1
[info] position not increasing, failed cnt: 2
[info] position not increasing, failed cnt: 3
[info] position not increasing, failed cnt: 4
[info] position not increasing, failed cnt: 5
[info] position not increasing, failed cnt: 6
[info] position not increasing, failed cnt: 7
[info] position not increasing, failed cnt: 8
[info] position not increasing, failed cnt: 9
[info] position not increasing, failed cnt: 10
[info] position not increasing, failed cnt: 11
[info] position not increasing, failed cnt: 12
[info] position not increasing, failed cnt: 13
[info] position not increasing, failed cnt: 14
[info] position not increasing, failed cnt: 15
[info] position not increasing, failed cnt: 16
[info] position not increasing, failed cnt: 17
[info] position not increasing, failed cnt: 18
[info] position not increasing, failed cnt: 19
[info] position not increasing, failed cnt: 20
[info] position not increasing, failed cnt: 21
[info] position not increasing, failed cnt: 22
[info] position not increasing, failed cnt: 23
[info] position not increasing, failed cnt: 24
[info] position not increasing, failed cnt: 25
[info] position not increasing, failed cnt: 26
[info] position not increasing, failed cnt: 27
[info] position not increasing, failed cnt: 28
[info] position not increasing, failed cnt: 29
[info] position not increasing, failed cnt: 30
[info] position not increasing, failed cnt: 31
[info] position not increasing, failed cnt: 32
[info] position not increasing, failed cnt: 33
[info] position not increasing, failed cnt: 34
[info] position not increasing, failed cnt: 35
[info] position not increasing, failed cnt: 36
[info] position not increasing, failed cnt: 37
[info] position not increasing, failed cnt: 38
[info] position not increasing, failed cnt: 39
[info] position not increasing, failed cnt: 40
[info] position not increasing, failed cnt: 41
[info] position not increasing, failed cnt: 42
[info] position not increasing, failed cnt: 43
[info] position not increasing, failed cnt: 44
[info] position not increasing, failed cnt: 45
[info] position not increasing, failed cnt: 46
[info] position not increasing, failed cnt: 47
[info] position not increasing, failed cnt: 48
[info] position not increasing, failed cnt: 49
[info] position not increasing, failed cnt: 50
[info] position not increasing, failed cnt: 51
[info] position not increasing, failed cnt: 52
[info] position not increasing, failed cnt: 53
[info] position not increasing, failed cnt: 54
[info] position not increasing, failed cnt: 55
[info] position not increasing, failed cnt: 56
[info] position not increasing, failed cnt: 57
[info] position not increasing, failed cnt: 58
[info] position not increasing, failed cnt: 59
[info] position not increasing, failed cnt: 60
[info] position not increasing, failed cnt: 61
[info] position not increasing, failed cnt: 62
[info] position not increasing, failed cnt: 63
[info] position not increasing, failed cnt: 64
[info] position not increasing, failed cnt: 65
[info] position not increasing, failed cnt: 66
[info] position not increasing, failed cnt: 67
[info] position not increasing, failed cnt: 68
[info] position not increasing, failed cnt: 69
[info] position not increasing, failed cnt: 70
[info] position not increasing, failed cnt: 71
[info] position not increasing, failed cnt: 72
[info] position not increasing, failed cnt: 73
[info] position not increasing, failed cnt: 74
[info] position not increasing, failed cnt: 75
[info] position not increasing, failed cnt: 76
[info] position not increasing, failed cnt: 77
[info] position not increasing, failed cnt: 78
[info] position not increasing, failed cnt: 79
[info] position not increasing, failed cnt: 80
[info] position not increasing, failed cnt: 81
[info] position not increasing, failed cnt: 82
[info] position not increasing, failed cnt: 83
[info] position not increasing, failed cnt: 84
[info] position not increasing, failed cnt: 85
[info] position not increasing, failed cnt: 86
[info] position not increasing, failed cnt: 87
[info] position not increasing, failed cnt: 88
[info] position not increasing, failed cnt: 89
[info] position not increasing, failed cnt: 90
[info] position not increasing, failed cnt: 91
[info] position not increasing, failed cnt: 92
[info] position not increasing, failed cnt: 93
[info] position not increasing, failed cnt: 94
[info] position not increasing, failed cnt: 95
[info] position not increasing, failed cnt: 96
[info] position not increasing, failed cnt: 97
[info] position not increasing, failed cnt: 98
[info] position not increasing, failed cnt: 99
[info] position not increasing, failed cnt: 100
[info] position not increasing, failed cnt: 101
[info] position not increasing, failed cnt: 102
[info] position not increasing, failed cnt: 103
[info] position not increasing, failed cnt: 104
[info] position not increasing, failed cnt: 105
[info] position not increasing, failed cnt: 106
[info] position not increasing, failed cnt: 107
[info] position not increasing, failed cnt: 108
[info] position not increasing, failed cnt: 109
[info] position not increasing, failed cnt: 110
[info] position not increasing, failed cnt: 111
[info] position not increasing, failed cnt: 112
[info] position not increasing, failed cnt: 113
[info] position not increasing, failed cnt: 114
[info] position not increasing, failed cnt: 115
[info] position not increasing, failed cnt: 116
[info] position not increasing, failed cnt: 117
[info] position not increasing, failed cnt: 118
[info] position not increasing, failed cnt: 119
[info] position not increasing, failed cnt: 120
[info] position not increasing, failed cnt: 121
[info] position not increasing, failed cnt: 122
[info] position not increasing, failed cnt: 123
[info] position not increasing, failed cnt: 124
[info] position not increasing, failed cnt: 125
[info] position not increasing, failed cnt: 126
[info] position not increasing, failed cnt: 127
[info] position not increasing, failed cnt: 128
[FATAL] model stuck, exiting ...
-- generated events: 546
-- time elapsed: 28.26 secs
-- generated events: 446
-- time elapsed: 1.84 secs
19eK3bar5P6Xcw6LzdXCHb orig S2 ok=True fail=None 68.72s
-- generated events: 1417
-- time elapsed: 26.63 secs
-- generated events: 456
-- time elapsed: 1.89 secs
1C6yky5bXstgnFRiWmfze3 lyrics_all S2 ok=True fail=None 28.62s
[info] position not increasing, failed cnt: 1
-- generated events: 607
-- time elapsed: 2.67 secs
1F3t9l7U8CnKmzVyFbR1aG orig S2 ok=True fail=None 2.72s
-- generated events: 1125
-- time elapsed: 7.07 secs
-- generated events: 269
-- time elapsed: 1.05 secs
1FBJbPIt388FFDgZbHVRyV lyrics_all S2 ok=True fail=None 8.21s
-- generated events: 830
-- time elapsed: 4.18 secs
1QK8j48LA0pLCJly3Yqd82 orig S2 ok=True fail=None 4.22s
-- generated events: 621
-- time elapsed: 2.75 secs
-- generated events: 305
-- time elapsed: 1.21 secs
-- generated events: 271
-- time elapsed: 1.07 secs
1UytAxYwD5crlQcPiL3ZaE lyrics_all S2 ok=True fail=None 5.16s
-- generated events: 586
-- time elapsed: 2.55 secs
-- generated events: 655
-- time elapsed: 2.97 secs
-- generated events: 187
-- time elapsed: 0.71 secs
1YNdE3GjlS8a3OvGm9tQ0F orig S2 ok=True fail=None 6.37s
-- generated events: 500
-- time elapsed: 2.11 secs
1bIiaFMdH3udqWyXyeQMoH lyrics_all S2 ok=True fail=None 2.15s
-- generated events: 599
-- time elapsed: 2.65 secs
-- generated events: 274
-- time elapsed: 1.08 secs
1hWIEh1MKbcB4ouWgWL5Og orig S2 ok=True fail=None 3.81s
-- generated events: 915
-- time elapsed: 4.88 secs
-- generated events: 363
-- time elapsed: 1.46 secs
1heBg3CKPc4qVUXzVO49I2 lyrics_all S2 ok=True fail=None 6.42s
-- generated events: 1107
-- time elapsed: 6.86 secs
-- generated events: 474
-- time elapsed: 1.96 secs
1oDW3JIhobplQhuTVBjtcB orig S2 ok=True fail=None 8.9s
-- generated events: 823
-- time elapsed: 4.10 secs
-- generated events: 293
-- time elapsed: 1.15 secs
1oWX2EGO7Z8YCZ5jJuGrpM lyrics_all S2 ok=True fail=None 5.33s
-- generated events: 498
-- time elapsed: 2.07 secs
-- generated events: 468
-- time elapsed: 1.93 secs
1qcgbHATg4tVyVqudr2pxK orig S2 ok=True fail=None 4.09s
-- generated events: 824
-- time elapsed: 4.12 secs
1sVsi9Q7g5zYcw3Aj90bcc lyrics_all S2 ok=True fail=None 4.17s
[info] position not increasing, failed cnt: 1
[info] position not increasing, failed cnt: 2
[info] position not increasing, failed cnt: 3
[info] position not increasing, failed cnt: 4
[info] position not increasing, failed cnt: 5
[info] position not increasing, failed cnt: 6
[info] position not increasing, failed cnt: 7
[info] position not increasing, failed cnt: 8
[info] position not increasing, failed cnt: 9
[info] position not increasing, failed cnt: 10
[info] position not increasing, failed cnt: 11
[info] position not increasing, failed cnt: 12
[info] position not increasing, failed cnt: 13
[info] position not increasing, failed cnt: 14
[info] position not increasing, failed cnt: 15
[info] position not increasing, failed cnt: 16
[info] position not increasing, failed cnt: 17
[info] position not increasing, failed cnt: 18
[info] position not increasing, failed cnt: 19
[info] position not increasing, failed cnt: 20
[info] position not increasing, failed cnt: 21
[info] position not increasing, failed cnt: 22
[info] position not increasing, failed cnt: 23
[info] position not increasing, failed cnt: 24
[info] position not increasing, failed cnt: 25
[info] position not increasing, failed cnt: 26
[info] position not increasing, failed cnt: 27
[info] position not increasing, failed cnt: 28
[info] position not increasing, failed cnt: 29
[info] position not increasing, failed cnt: 30
[info] position not increasing, failed cnt: 31
[info] position not increasing, failed cnt: 32
[info] position not increasing, failed cnt: 33
[info] position not increasing, failed cnt: 34
[info] position not increasing, failed cnt: 35
[info] position not increasing, failed cnt: 36
[info] position not increasing, failed cnt: 37
[info] position not increasing, failed cnt: 38
[info] position not increasing, failed cnt: 39
[info] position not increasing, failed cnt: 40
[info] position not increasing, failed cnt: 41
[info] position not increasing, failed cnt: 42
[info] position not increasing, failed cnt: 43
[info] position not increasing, failed cnt: 44
[info] position not increasing, failed cnt: 45
[info] position not increasing, failed cnt: 46
[info] position not increasing, failed cnt: 47
[info] position not increasing, failed cnt: 48
[info] position not increasing, failed cnt: 49
[info] position not increasing, failed cnt: 50
[info] position not increasing, failed cnt: 51
[info] position not increasing, failed cnt: 52
[info] position not increasing, failed cnt: 53
[info] position not increasing, failed cnt: 54
[info] position not increasing, failed cnt: 55
[info] position not increasing, failed cnt: 56
[info] position not increasing, failed cnt: 57
[info] position not increasing, failed cnt: 58
[info] position not increasing, failed cnt: 59
[info] position not increasing, failed cnt: 60
[info] position not increasing, failed cnt: 61
[info] position not increasing, failed cnt: 62
[info] position not increasing, failed cnt: 63
[info] position not increasing, failed cnt: 64
[info] position not increasing, failed cnt: 65
[info] position not increasing, failed cnt: 66
[info] position not increasing, failed cnt: 67
[info] position not increasing, failed cnt: 68
[info] position not increasing, failed cnt: 69
[info] position not increasing, failed cnt: 70
[info] position not increasing, failed cnt: 71
[info] position not increasing, failed cnt: 72
[info] position not increasing, failed cnt: 73
[info] position not increasing, failed cnt: 74
[info] position not increasing, failed cnt: 75
[info] position not increasing, failed cnt: 76
[info] position not increasing, failed cnt: 77
[info] position not increasing, failed cnt: 78
[info] position not increasing, failed cnt: 79
[info] position not increasing, failed cnt: 80
[info] position not increasing, failed cnt: 81
[info] position not increasing, failed cnt: 82
[info] position not increasing, failed cnt: 83
[info] position not increasing, failed cnt: 84
[info] position not increasing, failed cnt: 85
[info] position not increasing, failed cnt: 86
[info] position not increasing, failed cnt: 87
[info] position not increasing, failed cnt: 88
[info] position not increasing, failed cnt: 89
[info] position not increasing, failed cnt: 90
[info] position not increasing, failed cnt: 91
[info] position not increasing, failed cnt: 92
[info] position not increasing, failed cnt: 93
[info] position not increasing, failed cnt: 94
[info] position not increasing, failed cnt: 95
[info] position not increasing, failed cnt: 96
[info] position not increasing, failed cnt: 97
[info] position not increasing, failed cnt: 98
[info] position not increasing, failed cnt: 99
[info] position not increasing, failed cnt: 100
[info] position not increasing, failed cnt: 101
[info] position not increasing, failed cnt: 102
[info] position not increasing, failed cnt: 103
[info] position not increasing, failed cnt: 104
[info] position not increasing, failed cnt: 105
[info] position not increasing, failed cnt: 106
[info] position not increasing, failed cnt: 107
[info] position not increasing, failed cnt: 108
[info] position not increasing, failed cnt: 109
[info] position not increasing, failed cnt: 110
[info] position not increasing, failed cnt: 111
[info] position not increasing, failed cnt: 112
[info] position not increasing, failed cnt: 113
[info] position not increasing, failed cnt: 114
[info] position not increasing, failed cnt: 115
[info] position not increasing, failed cnt: 116
[info] position not increasing, failed cnt: 117
[info] position not increasing, failed cnt: 118
[info] position not increasing, failed cnt: 119
[info] position not increasing, failed cnt: 120
[info] position not increasing, failed cnt: 121
[info] position not increasing, failed cnt: 122
[info] position not increasing, failed cnt: 123
[info] position not increasing, failed cnt: 124
[info] position not increasing, failed cnt: 125
[info] position not increasing, failed cnt: 126
[info] position not increasing, failed cnt: 127
[info] position not increasing, failed cnt: 128
[FATAL] model stuck, exiting ...
[info] position not increasing, failed cnt: 1
[info] position not increasing, failed cnt: 2
[info] position not increasing, failed cnt: 3
[info] position not increasing, failed cnt: 4
[info] position not increasing, failed cnt: 5
[info] position not increasing, failed cnt: 6
[info] position not increasing, failed cnt: 7
[info] position not increasing, failed cnt: 8
[info] position not increasing, failed cnt: 9
[info] position not increasing, failed cnt: 10
[info] position not increasing, failed cnt: 11
[info] position not increasing, failed cnt: 12
[info] position not increasing, failed cnt: 13
[info] position not increasing, failed cnt: 14
[info] position not increasing, failed cnt: 15
[info] position not increasing, failed cnt: 16
[info] position not increasing, failed cnt: 17
[info] position not increasing, failed cnt: 18
[info] position not increasing, failed cnt: 19
[info] position not increasing, failed cnt: 20
[info] position not increasing, failed cnt: 21
[info] position not increasing, failed cnt: 22
[info] position not increasing, failed cnt: 23
[info] position not increasing, failed cnt: 24
[info] position not increasing, failed cnt: 25
[info] position not increasing, failed cnt: 26
[info] position not increasing, failed cnt: 27
[info] position not increasing, failed cnt: 28
[info] position not increasing, failed cnt: 29
[info] position not increasing, failed cnt: 30
[info] position not increasing, failed cnt: 31
[info] position not increasing, failed cnt: 32
[info] position not increasing, failed cnt: 33
[info] position not increasing, failed cnt: 34
[info] position not increasing, failed cnt: 35
[info] position not increasing, failed cnt: 36
[info] position not increasing, failed cnt: 37
[info] position not increasing, failed cnt: 38
[info] position not increasing, failed cnt: 39
[info] position not increasing, failed cnt: 40
[info] position not increasing, failed cnt: 41
[info] position not increasing, failed cnt: 42
[info] position not increasing, failed cnt: 43
[info] position not increasing, failed cnt: 44
[info] position not increasing, failed cnt: 45
[info] position not increasing, failed cnt: 46
[info] position not increasing, failed cnt: 47
[info] position not increasing, failed cnt: 48
[info] position not increasing, failed cnt: 49
[info] position not increasing, failed cnt: 50
[info] position not increasing, failed cnt: 51
[info] position not increasing, failed cnt: 52
[info] position not increasing, failed cnt: 53
[info] position not increasing, failed cnt: 54
[info] position not increasing, failed cnt: 55
[info] position not increasing, failed cnt: 56
[info] position not increasing, failed cnt: 57
[info] position not increasing, failed cnt: 58
[info] position not increasing, failed cnt: 59
[info] position not increasing, failed cnt: 60
[info] position not increasing, failed cnt: 61
[info] position not increasing, failed cnt: 62
[info] position not increasing, failed cnt: 63
[info] position not increasing, failed cnt: 64
[info] position not increasing, failed cnt: 65
[info] position not increasing, failed cnt: 66
[info] position not increasing, failed cnt: 67
[info] position not increasing, failed cnt: 68
[info] position not increasing, failed cnt: 69
[info] position not increasing, failed cnt: 70
[info] position not increasing, failed cnt: 71
[info] position not increasing, failed cnt: 72
[info] position not increasing, failed cnt: 73
[info] position not increasing, failed cnt: 74
[info] position not increasing, failed cnt: 75
[info] position not increasing, failed cnt: 76
[info] position not increasing, failed cnt: 77
[info] position not increasing, failed cnt: 78
[info] position not increasing, failed cnt: 79
[info] position not increasing, failed cnt: 80
[info] position not increasing, failed cnt: 81
[info] position not increasing, failed cnt: 82
[info] position not increasing, failed cnt: 83
[info] position not increasing, failed cnt: 84
[info] position not increasing, failed cnt: 85
[info] position not increasing, failed cnt: 86
[info] position not increasing, failed cnt: 87
[info] position not increasing, failed cnt: 88
[info] position not increasing, failed cnt: 89
[info] position not increasing, failed cnt: 90
[info] position not increasing, failed cnt: 91
[info] position not increasing, failed cnt: 92
[info] position not increasing, failed cnt: 93
[info] position not increasing, failed cnt: 94
[info] position not increasing, failed cnt: 95
[info] position not increasing, failed cnt: 96
[info] position not increasing, failed cnt: 97
[info] position not increasing, failed cnt: 98
[info] position not increasing, failed cnt: 99
[info] position not increasing, failed cnt: 100
[info] position not increasing, failed cnt: 101
[info] position not increasing, failed cnt: 102
[info] position not increasing, failed cnt: 103
[info] position not increasing, failed cnt: 104
[info] position not increasing, failed cnt: 105
[info] position not increasing, failed cnt: 106
[info] position not increasing, failed cnt: 107
[info] position not increasing, failed cnt: 108
[info] position not increasing, failed cnt: 109
[info] position not increasing, failed cnt: 110
[info] position not increasing, failed cnt: 111
[info] position not increasing, failed cnt: 112
[info] position not increasing, failed cnt: 113
[info] position not increasing, failed cnt: 114
[info] position not increasing, failed cnt: 115
[info] position not increasing, failed cnt: 116
[info] position not increasing, failed cnt: 117
[info] position not increasing, failed cnt: 118
[info] position not increasing, failed cnt: 119
[info] position not increasing, failed cnt: 120
[info] position not increasing, failed cnt: 121
[info] position not increasing, failed cnt: 122
[info] position not increasing, failed cnt: 123
[info] position not increasing, failed cnt: 124
[info] position not increasing, failed cnt: 125
[info] position not increasing, failed cnt: 126
[info] position not increasing, failed cnt: 127
[info] position not increasing, failed cnt: 128
[FATAL] model stuck, exiting ...
-- generated events: 511
-- time elapsed: 2.18 secs
-- generated events: 592
-- time elapsed: 2.59 secs
1tlU1rCRQ7gzHWk0frnlVj orig S2 ok=True fail=None 35.03s
-- generated events: 775
-- time elapsed: 3.76 secs
-- generated events: 786
-- time elapsed: 3.83 secs
1z51mKj5nHYxrGCEq6c3Eq lyrics_all S2 ok=True fail=None 7.69s
-- generated events: 614
-- time elapsed: 2.70 secs
-- generated events: 530
-- time elapsed: 2.24 secs
20WNhehqO6xfLVktkDefs2 orig S2 ok=True fail=None 5.02s
-- generated events: 760
-- time elapsed: 3.66 secs
-- generated events: 169
-- time elapsed: 0.63 secs
255drLOJ94rmt1SDRj6H3N lyrics_all S2 ok=True fail=None 4.38s
[info] position not increasing, failed cnt: 1
[info] position not increasing, failed cnt: 2
[info] position not increasing, failed cnt: 3
[info] position not increasing, failed cnt: 4
[info] position not increasing, failed cnt: 5
[info] position not increasing, failed cnt: 6
[info] position not increasing, failed cnt: 7
[info] position not increasing, failed cnt: 8
[info] position not increasing, failed cnt: 9
[info] position not increasing, failed cnt: 10
[info] position not increasing, failed cnt: 11
[info] position not increasing, failed cnt: 12
[info] position not increasing, failed cnt: 13
[info] position not increasing, failed cnt: 14
[info] position not increasing, failed cnt: 15
[info] position not increasing, failed cnt: 16
[info] position not increasing, failed cnt: 17
[info] position not increasing, failed cnt: 18
[info] position not increasing, failed cnt: 19
[info] position not increasing, failed cnt: 20
[info] position not increasing, failed cnt: 21
[info] position not increasing, failed cnt: 22
[info] position not increasing, failed cnt: 23
[info] position not increasing, failed cnt: 24
[info] position not increasing, failed cnt: 25
[info] position not increasing, failed cnt: 26
[info] position not increasing, failed cnt: 27
[info] position not increasing, failed cnt: 28
[info] position not increasing, failed cnt: 29
[info] position not increasing, failed cnt: 30
[info] position not increasing, failed cnt: 31
[info] position not increasing, failed cnt: 32
[info] position not increasing, failed cnt: 33
[info] position not increasing, failed cnt: 34
[info] position not increasing, failed cnt: 35
[info] position not increasing, failed cnt: 36
[info] position not increasing, failed cnt: 37
[info] position not increasing, failed cnt: 38
[info] position not increasing, failed cnt: 39
[info] position not increasing, failed cnt: 40
[info] position not increasing, failed cnt: 41
[info] position not increasing, failed cnt: 42
[info] position not increasing, failed cnt: 43
[info] position not increasing, failed cnt: 44
[info] position not increasing, failed cnt: 45
[info] position not increasing, failed cnt: 46
[info] position not increasing, failed cnt: 47
[info] position not increasing, failed cnt: 48
[info] position not increasing, failed cnt: 49
[info] position not increasing, failed cnt: 50
[info] position not increasing, failed cnt: 51
[info] position not increasing, failed cnt: 52
[info] position not increasing, failed cnt: 53
[info] position not increasing, failed cnt: 54
[info] position not increasing, failed cnt: 55
[info] position not increasing, failed cnt: 56
[info] position not increasing, failed cnt: 57
[info] position not increasing, failed cnt: 58
[info] position not increasing, failed cnt: 59
[info] position not increasing, failed cnt: 60
[info] position not increasing, failed cnt: 61
[info] position not increasing, failed cnt: 62
[info] position not increasing, failed cnt: 63
[info] position not increasing, failed cnt: 64
[info] position not increasing, failed cnt: 65
[info] position not increasing, failed cnt: 66
[info] position not increasing, failed cnt: 67
[info] position not increasing, failed cnt: 68
[info] position not increasing, failed cnt: 69
[info] position not increasing, failed cnt: 70
[info] position not increasing, failed cnt: 71
[info] position not increasing, failed cnt: 72
[info] position not increasing, failed cnt: 73
[info] position not increasing, failed cnt: 74
[info] position not increasing, failed cnt: 75
[info] position not increasing, failed cnt: 76
[info] position not increasing, failed cnt: 77
[info] position not increasing, failed cnt: 78
[info] position not increasing, failed cnt: 79
[info] position not increasing, failed cnt: 80
[info] position not increasing, failed cnt: 81
[info] position not increasing, failed cnt: 82
[info] position not increasing, failed cnt: 83
[info] position not increasing, failed cnt: 84
[info] position not increasing, failed cnt: 85
[info] position not increasing, failed cnt: 86
[info] position not increasing, failed cnt: 87
[info] position not increasing, failed cnt: 88
[info] position not increasing, failed cnt: 89
[info] position not increasing, failed cnt: 90
[info] position not increasing, failed cnt: 91
[info] position not increasing, failed cnt: 92
[info] position not increasing, failed cnt: 93
[info] position not increasing, failed cnt: 94
[info] position not increasing, failed cnt: 95
[info] position not increasing, failed cnt: 96
[info] position not increasing, failed cnt: 97
[info] position not increasing, failed cnt: 98
[info] position not increasing, failed cnt: 99
[info] position not increasing, failed cnt: 100
[info] position not increasing, failed cnt: 101
[info] position not increasing, failed cnt: 102
[info] position not increasing, failed cnt: 103
[info] position not increasing, failed cnt: 104
[info] position not increasing, failed cnt: 105
[info] position not increasing, failed cnt: 106
[info] position not increasing, failed cnt: 107
[info] position not increasing, failed cnt: 108
[info] position not increasing, failed cnt: 109
[info] position not increasing, failed cnt: 110
[info] position not increasing, failed cnt: 111
[info] position not increasing, failed cnt: 112
[info] position not increasing, failed cnt: 113
[info] position not increasing, failed cnt: 114
[info] position not increasing, failed cnt: 115
[info] position not increasing, failed cnt: 116
[info] position not increasing, failed cnt: 117
[info] position not increasing, failed cnt: 118
[info] position not increasing, failed cnt: 119
[info] position not increasing, failed cnt: 120
[info] position not increasing, failed cnt: 121
[info] position not increasing, failed cnt: 122
[info] position not increasing, failed cnt: 123
[info] position not increasing, failed cnt: 124
[info] position not increasing, failed cnt: 125
[info] position not increasing, failed cnt: 126
[info] position not increasing, failed cnt: 127
[info] position not increasing, failed cnt: 128
[FATAL] model stuck, exiting ...
-- generated events: 634
-- time elapsed: 2.85 secs
-- generated events: 554
-- time elapsed: 2.37 secs
-- generated events: 631
-- time elapsed: 2.81 secs
-- generated events: 411
-- time elapsed: 1.69 secs
28I269iDvkDyb2Fqo2p1TI orig S2 ok=True fail=None 10.74s
-- generated events: 935
-- time elapsed: 8.35 secs
-- generated events: 645
-- time elapsed: 2.89 secs
28IzuspwIj6C8XAOoIJ1Wp lyrics_all S2 ok=True fail=None 11.33s
-- generated events: 523
-- time elapsed: 2.21 secs
-- generated events: 309
-- time elapsed: 1.22 secs
2BOyzQctN9FQpLfNM9GHQW orig S2 ok=True fail=None 3.52s
-- generated events: 1071
-- time elapsed: 6.42 secs
-- generated events: 471
-- time elapsed: 1.95 secs
2CBn4vqG1420rIiELQRmZW lyrics_all S2 ok=True fail=None 8.46s
-- generated events: 609
-- time elapsed: 2.67 secs
-- generated events: 1052
-- time elapsed: 6.21 secs
-- generated events: 521
-- time elapsed: 2.20 secs
2HVhqSDfh4XVdrRJuwpG6x orig S2 ok=True fail=None 11.22s
-- generated events: 666
-- time elapsed: 3.01 secs
-- generated events: 679
-- time elapsed: 3.10 secs
-- generated events: 57
-- time elapsed: 0.21 secs
2MAwZYWDPVFHl7OFJ2vtS8 lyrics_all S2 ok=True fail=None 6.44s
-- generated events: 770
-- time elapsed: 3.72 secs
-- generated events: 157
-- time elapsed: 0.59 secs
2TSoqk7lI5AomIgffxCw4g orig S2 ok=True fail=None 4.39s
-- generated events: 1245
-- time elapsed: 8.72 secs
-- generated events: 178
-- time elapsed: 0.67 secs
2Wcz0tFIoJn6xEzVQkOlDR lyrics_all S2 ok=True fail=None 9.48s
-- generated events: 832
-- time elapsed: 5.22 secs
-- generated events: 674
-- time elapsed: 18.56 secs
2alKIQAr2MPs28ZI5AHvJB orig S2 ok=True fail=None 23.89s
-- generated events: 608
-- time elapsed: 2.69 secs
-- generated events: 766
-- time elapsed: 3.76 secs
2dNIwWWsu0zmvKgHlE43dG lyrics_all S2 ok=True fail=None 6.53s
-- generated events: 937
-- time elapsed: 5.14 secs
2fqUJToyhc6bzIXootn4nv orig S2 ok=True fail=None 5.19s
-- generated events: 1182
-- time elapsed: 7.83 secs
-- generated events: 241
-- time elapsed: 0.93 secs
2fx7D86fwFlVfBJSGhuZFg lyrics_all S2 ok=True fail=None 8.86s
-- generated events: 609
-- time elapsed: 2.69 secs
2gmcPtNdcxvNqs0CJRGgel orig S2 ok=True fail=None 2.73s
-- generated events: 947
-- time elapsed: 5.19 secs
-- generated events: 180
-- time elapsed: 0.68 secs
2jnjsOk91pDjhn7AI9C7eC lyrics_all S2 ok=True fail=None 5.97s
-- generated events: 782
-- time elapsed: 3.83 secs
-- generated events: 377
-- time elapsed: 1.53 secs
2mwrlsAA6AzX0AgheZBF41 orig S2 ok=True fail=None 5.44s
-- generated events: 725
-- time elapsed: 3.41 secs
-- generated events: 509
-- time elapsed: 2.15 secs
2nGGovqWeOxXH2WbnoS3RX lyrics_all S2 ok=True fail=None 5.64s
-- generated events: 876
-- time elapsed: 4.56 secs
-- generated events: 604
-- time elapsed: 2.67 secs
2rwYS769lcaMmFpqzR2bBZ orig S2 ok=True fail=None 7.32s
-- generated events: 591
-- time elapsed: 2.58 secs
-- generated events: 167
-- time elapsed: 0.63 secs
2vnn9onO7sQBevG0O2iPHi lyrics_all S2 ok=True fail=None 3.3s
-- generated events: 848
-- time elapsed: 5.50 secs
-- generated events: 199
-- time elapsed: 0.75 secs
2y0wImEpj5p6SxBmY0opQN orig S2 ok=True fail=None 6.35s
-- generated events: 1245
-- time elapsed: 9.12 secs
-- generated events: 389
-- time elapsed: 1.64 secs
32Wt3NCmKIU2u5RmSN53TJ lyrics_all S2 ok=True fail=None 10.86s
-- generated events: 611
-- time elapsed: 2.89 secs
-- generated events: 267
-- time elapsed: 1.06 secs
3ACFBxapkdupp48I4hSHeX orig S2 ok=True fail=None 4.03s
-- generated events: 1118
-- time elapsed: 14.97 secs
-- generated events: 468
-- time elapsed: 1.97 secs
3DtjJWwGp2qAVFkqeZ2Fgn lyrics_all S2 ok=True fail=None 17.05s
-- generated events: 795
-- time elapsed: 4.03 secs
-- generated events: 597
-- time elapsed: 2.67 secs
3IIAyAsxuQR9jsikumTVHo orig S2 ok=True fail=None 6.8s
-- generated events: 766
-- time elapsed: 3.80 secs
3JjXD9DVfxh001wI5IACZ1 lyrics_all S2 ok=True fail=None 3.85s
-- generated events: 630
-- time elapsed: 2.90 secs
-- generated events: 16
-- time elapsed: 0.06 secs
3Oljg1NEoLgRgcJnWJpiAT orig S2 ok=True fail=None 3.05s
-- generated events: 726
-- time elapsed: 3.52 secs
3QdCMpU6fQ1dsJ3GTzG5HW lyrics_all S2 ok=True fail=None 3.57s
-- generated events: 658
-- time elapsed: 3.03 secs
-- generated events: 590
-- time elapsed: 2.56 secs
3SZ3hiasAHYoajQX3XH4FU orig S2 ok=True fail=None 5.68s
3SlCzm1GRT5idmfyQ8LjYP lyrics_all S2 ok=False fail=unsupported_meter 0.0s
-- generated events: 734
-- time elapsed: 3.48 secs
3Wlox2t540dXpZpm20Zjyb orig S2 ok=True fail=None 3.53s
-- generated events: 1104
-- time elapsed: 6.81 secs
3X3BdYpVpN78IFIpmhhEmU lyrics_all S2 ok=True fail=None 6.86s
-- generated events: 645
-- time elapsed: 2.89 secs
-- generated events: 332
-- time elapsed: 1.32 secs
3fqOOwQx6M8XpJMf8Bsp9K orig S2 ok=True fail=None 4.29s
[info] position not increasing, failed cnt: 1
[info] position not increasing, failed cnt: 2
[info] position not increasing, failed cnt: 3
[info] position not increasing, failed cnt: 4
[info] position not increasing, failed cnt: 5
[info] position not increasing, failed cnt: 6
[info] position not increasing, failed cnt: 7
[info] position not increasing, failed cnt: 8
[info] position not increasing, failed cnt: 9
[info] position not increasing, failed cnt: 10
[info] position not increasing, failed cnt: 11
[info] position not increasing, failed cnt: 12
[info] position not increasing, failed cnt: 13
[info] position not increasing, failed cnt: 14
[info] position not increasing, failed cnt: 15
[info] position not increasing, failed cnt: 16
[info] position not increasing, failed cnt: 17
[info] position not increasing, failed cnt: 18
[info] position not increasing, failed cnt: 19
[info] position not increasing, failed cnt: 20
[info] position not increasing, failed cnt: 21
[info] position not increasing, failed cnt: 22
[info] position not increasing, failed cnt: 23
[info] position not increasing, failed cnt: 24
[info] position not increasing, failed cnt: 25
[info] position not increasing, failed cnt: 26
[info] position not increasing, failed cnt: 27
[info] position not increasing, failed cnt: 28
[info] position not increasing, failed cnt: 29
[info] position not increasing, failed cnt: 30
[info] position not increasing, failed cnt: 31
[info] position not increasing, failed cnt: 32
[info] position not increasing, failed cnt: 33
[info] position not increasing, failed cnt: 34
[info] position not increasing, failed cnt: 35
[info] position not increasing, failed cnt: 36
[info] position not increasing, failed cnt: 37
[info] position not increasing, failed cnt: 38
[info] position not increasing, failed cnt: 39
[info] position not increasing, failed cnt: 40
[info] position not increasing, failed cnt: 41
[info] position not increasing, failed cnt: 42
[info] position not increasing, failed cnt: 43
[info] position not increasing, failed cnt: 44
[info] position not increasing, failed cnt: 45
[info] position not increasing, failed cnt: 46
[info] position not increasing, failed cnt: 47
[info] position not increasing, failed cnt: 48
[info] position not increasing, failed cnt: 49
[info] position not increasing, failed cnt: 50
[info] position not increasing, failed cnt: 51
[info] position not increasing, failed cnt: 52
[info] position not increasing, failed cnt: 53
[info] position not increasing, failed cnt: 54
[info] position not increasing, failed cnt: 55
[info] position not increasing, failed cnt: 56
[info] position not increasing, failed cnt: 57
[info] position not increasing, failed cnt: 58
[info] position not increasing, failed cnt: 59
[info] position not increasing, failed cnt: 60
[info] position not increasing, failed cnt: 61
[info] position not increasing, failed cnt: 62
[info] position not increasing, failed cnt: 63
[info] position not increasing, failed cnt: 64
[info] position not increasing, failed cnt: 65
[info] position not increasing, failed cnt: 66
[info] position not increasing, failed cnt: 67
[info] position not increasing, failed cnt: 68
[info] position not increasing, failed cnt: 69
[info] position not increasing, failed cnt: 70
[info] position not increasing, failed cnt: 71
[info] position not increasing, failed cnt: 72
[info] position not increasing, failed cnt: 73
[info] position not increasing, failed cnt: 74
[info] position not increasing, failed cnt: 75
[info] position not increasing, failed cnt: 76
[info] position not increasing, failed cnt: 77
[info] position not increasing, failed cnt: 78
[info] position not increasing, failed cnt: 79
[info] position not increasing, failed cnt: 80
[info] position not increasing, failed cnt: 81
[info] position not increasing, failed cnt: 82
[info] position not increasing, failed cnt: 83
[info] position not increasing, failed cnt: 84
[info] position not increasing, failed cnt: 85
[info] position not increasing, failed cnt: 86
[info] position not increasing, failed cnt: 87
[info] position not increasing, failed cnt: 88
[info] position not increasing, failed cnt: 89
[info] position not increasing, failed cnt: 90
[info] position not increasing, failed cnt: 91
[info] position not increasing, failed cnt: 92
[info] position not increasing, failed cnt: 93
[info] position not increasing, failed cnt: 94
[info] position not increasing, failed cnt: 95
[info] position not increasing, failed cnt: 96
[info] position not increasing, failed cnt: 97
[info] position not increasing, failed cnt: 98
[info] position not increasing, failed cnt: 99
[info] position not increasing, failed cnt: 100
[info] position not increasing, failed cnt: 101
[info] position not increasing, failed cnt: 102
[info] position not increasing, failed cnt: 103
[info] position not increasing, failed cnt: 104
[info] position not increasing, failed cnt: 105
[info] position not increasing, failed cnt: 106
[info] position not increasing, failed cnt: 107
[info] position not increasing, failed cnt: 108
[info] position not increasing, failed cnt: 109
[info] position not increasing, failed cnt: 110
[info] position not increasing, failed cnt: 111
[info] position not increasing, failed cnt: 112
[info] position not increasing, failed cnt: 113
[info] position not increasing, failed cnt: 114
[info] position not increasing, failed cnt: 115
[info] position not increasing, failed cnt: 116
[info] position not increasing, failed cnt: 117
[info] position not increasing, failed cnt: 118
[info] position not increasing, failed cnt: 119
[info] position not increasing, failed cnt: 120
[info] position not increasing, failed cnt: 121
[info] position not increasing, failed cnt: 122
[info] position not increasing, failed cnt: 123
[info] position not increasing, failed cnt: 124
[info] position not increasing, failed cnt: 125
[info] position not increasing, failed cnt: 126
[info] position not increasing, failed cnt: 127
[info] position not increasing, failed cnt: 128
[FATAL] model stuck, exiting ...
[info] position not increasing, failed cnt: 1
[info] position not increasing, failed cnt: 2
[info] position not increasing, failed cnt: 3
[info] position not increasing, failed cnt: 4
[info] position not increasing, failed cnt: 5
[info] position not increasing, failed cnt: 6
[info] position not increasing, failed cnt: 7
[info] position not increasing, failed cnt: 8
[info] position not increasing, failed cnt: 9
[info] position not increasing, failed cnt: 10
[info] position not increasing, failed cnt: 11
[info] position not increasing, failed cnt: 12
[info] position not increasing, failed cnt: 13
[info] position not increasing, failed cnt: 14
[info] position not increasing, failed cnt: 15
[info] position not increasing, failed cnt: 16
[info] position not increasing, failed cnt: 17
[info] position not increasing, failed cnt: 18
[info] position not increasing, failed cnt: 19
[info] position not increasing, failed cnt: 20
[info] position not increasing, failed cnt: 21
[info] position not increasing, failed cnt: 22
[info] position not increasing, failed cnt: 23
[info] position not increasing, failed cnt: 24
[info] position not increasing, failed cnt: 25
[info] position not increasing, failed cnt: 26
[info] position not increasing, failed cnt: 27
[info] position not increasing, failed cnt: 28
[info] position not increasing, failed cnt: 29
[info] position not increasing, failed cnt: 30
[info] position not increasing, failed cnt: 31
[info] position not increasing, failed cnt: 32
[info] position not increasing, failed cnt: 33
[info] position not increasing, failed cnt: 34
[info] position not increasing, failed cnt: 35
[info] position not increasing, failed cnt: 36
[info] position not increasing, failed cnt: 37
[info] position not increasing, failed cnt: 38
[info] position not increasing, failed cnt: 39
[info] position not increasing, failed cnt: 40
[info] position not increasing, failed cnt: 41
[info] position not increasing, failed cnt: 42
[info] position not increasing, failed cnt: 43
[info] position not increasing, failed cnt: 44
[info] position not increasing, failed cnt: 45
[info] position not increasing, failed cnt: 46
[info] position not increasing, failed cnt: 47
[info] position not increasing, failed cnt: 48
[info] position not increasing, failed cnt: 49
[info] position not increasing, failed cnt: 50
[info] position not increasing, failed cnt: 51
[info] position not increasing, failed cnt: 52
[info] position not increasing, failed cnt: 53
[info] position not increasing, failed cnt: 54
[info] position not increasing, failed cnt: 55
[info] position not increasing, failed cnt: 56
[info] position not increasing, failed cnt: 57
[info] position not increasing, failed cnt: 58
[info] position not increasing, failed cnt: 59
[info] position not increasing, failed cnt: 60
[info] position not increasing, failed cnt: 61
[info] position not increasing, failed cnt: 62
[info] position not increasing, failed cnt: 63
[info] position not increasing, failed cnt: 64
[info] position not increasing, failed cnt: 65
[info] position not increasing, failed cnt: 66
[info] position not increasing, failed cnt: 67
[info] position not increasing, failed cnt: 68
[info] position not increasing, failed cnt: 69
[info] position not increasing, failed cnt: 70
[info] position not increasing, failed cnt: 71
[info] position not increasing, failed cnt: 72
[info] position not increasing, failed cnt: 73
[info] position not increasing, failed cnt: 74
[info] position not increasing, failed cnt: 75
[info] position not increasing, failed cnt: 76
[info] position not increasing, failed cnt: 77
[info] position not increasing, failed cnt: 78
[info] position not increasing, failed cnt: 79
[info] position not increasing, failed cnt: 80
[info] position not increasing, failed cnt: 81
[info] position not increasing, failed cnt: 82
[info] position not increasing, failed cnt: 83
[info] position not increasing, failed cnt: 84
[info] position not increasing, failed cnt: 85
[info] position not increasing, failed cnt: 86
[info] position not increasing, failed cnt: 87
[info] position not increasing, failed cnt: 88
[info] position not increasing, failed cnt: 89
[info] position not increasing, failed cnt: 90
[info] position not increasing, failed cnt: 91
[info] position not increasing, failed cnt: 92
[info] position not increasing, failed cnt: 93
[info] position not increasing, failed cnt: 94
[info] position not increasing, failed cnt: 95
[info] position not increasing, failed cnt: 96
[info] position not increasing, failed cnt: 97
[info] position not increasing, failed cnt: 98
[info] position not increasing, failed cnt: 99
[info] position not increasing, failed cnt: 100
[info] position not increasing, failed cnt: 101
[info] position not increasing, failed cnt: 102
[info] position not increasing, failed cnt: 103
[info] position not increasing, failed cnt: 104
[info] position not increasing, failed cnt: 105
[info] position not increasing, failed cnt: 106
[info] position not increasing, failed cnt: 107
[info] position not increasing, failed cnt: 108
[info] position not increasing, failed cnt: 109
[info] position not increasing, failed cnt: 110
[info] position not increasing, failed cnt: 111
[info] position not increasing, failed cnt: 112
[info] position not increasing, failed cnt: 113
[info] position not increasing, failed cnt: 114
[info] position not increasing, failed cnt: 115
[info] position not increasing, failed cnt: 116
[info] position not increasing, failed cnt: 117
[info] position not increasing, failed cnt: 118
[info] position not increasing, failed cnt: 119
[info] position not increasing, failed cnt: 120
[info] position not increasing, failed cnt: 121
[info] position not increasing, failed cnt: 122
[info] position not increasing, failed cnt: 123
[info] position not increasing, failed cnt: 124
[info] position not increasing, failed cnt: 125
[info] position not increasing, failed cnt: 126
[info] position not increasing, failed cnt: 127
[info] position not increasing, failed cnt: 128
[FATAL] model stuck, exiting ...
-- generated events: 757
-- time elapsed: 3.76 secs
-- generated events: 163
-- time elapsed: 0.62 secs
3fuDrXgVS9Be7HQqDuX5qV lyrics_all S2 ok=True fail=None 42.14s
-- generated events: 657
-- time elapsed: 3.02 secs
-- generated events: 553
-- time elapsed: 2.36 secs
-- generated events: 195
-- time elapsed: 0.74 secs
3mGw54mWnUpV2wNONvBTJy orig S2 ok=True fail=None 6.27s
-- generated events: 727
-- time elapsed: 3.43 secs
[info] position not increasing, failed cnt: 1
-- generated events: 804
-- time elapsed: 3.97 secs
3q9kTZg82Fxa7KptbOLqav lyrics_all S2 ok=True fail=None 7.49s
-- generated events: 1126
-- time elapsed: 14.26 secs
-- generated events: 480
-- time elapsed: 1.99 secs
3tOVrJlfy9g1dPBI8czFIy orig S2 ok=True fail=None 16.35s
[info] position not increasing, failed cnt: 1
[info] position not increasing, failed cnt: 2
[info] position not increasing, failed cnt: 3
[info] position not increasing, failed cnt: 4
[info] position not increasing, failed cnt: 5
[info] position not increasing, failed cnt: 6
[info] position not increasing, failed cnt: 7
[info] position not increasing, failed cnt: 8
[info] position not increasing, failed cnt: 9
[info] position not increasing, failed cnt: 10
[info] position not increasing, failed cnt: 11
[info] position not increasing, failed cnt: 12
[info] position not increasing, failed cnt: 13
[info] position not increasing, failed cnt: 14
[info] position not increasing, failed cnt: 15
[info] position not increasing, failed cnt: 16
[info] position not increasing, failed cnt: 17
[info] position not increasing, failed cnt: 18
[info] position not increasing, failed cnt: 19
[info] position not increasing, failed cnt: 20
[info] position not increasing, failed cnt: 21
[info] position not increasing, failed cnt: 22
[info] position not increasing, failed cnt: 23
[info] position not increasing, failed cnt: 24
[info] position not increasing, failed cnt: 25
[info] position not increasing, failed cnt: 26
[info] position not increasing, failed cnt: 27
[info] position not increasing, failed cnt: 28
[info] position not increasing, failed cnt: 29
[info] position not increasing, failed cnt: 30
[info] position not increasing, failed cnt: 31
[info] position not increasing, failed cnt: 32
[info] position not increasing, failed cnt: 33
[info] position not increasing, failed cnt: 34
[info] position not increasing, failed cnt: 35
[info] position not increasing, failed cnt: 36
[info] position not increasing, failed cnt: 37
[info] position not increasing, failed cnt: 38
[info] position not increasing, failed cnt: 39
[info] position not increasing, failed cnt: 40
[info] position not increasing, failed cnt: 41
[info] position not increasing, failed cnt: 42
[info] position not increasing, failed cnt: 43
[info] position not increasing, failed cnt: 44
[info] position not increasing, failed cnt: 45
[info] position not increasing, failed cnt: 46
[info] position not increasing, failed cnt: 47
[info] position not increasing, failed cnt: 48
[info] position not increasing, failed cnt: 49
[info] position not increasing, failed cnt: 50
[info] position not increasing, failed cnt: 51
[info] position not increasing, failed cnt: 52
[info] position not increasing, failed cnt: 53
[info] position not increasing, failed cnt: 54
[info] position not increasing, failed cnt: 55
[info] position not increasing, failed cnt: 56
[info] position not increasing, failed cnt: 57
[info] position not increasing, failed cnt: 58
[info] position not increasing, failed cnt: 59
[info] position not increasing, failed cnt: 60
[info] position not increasing, failed cnt: 61
[info] position not increasing, failed cnt: 62
[info] position not increasing, failed cnt: 63
[info] position not increasing, failed cnt: 64
[info] position not increasing, failed cnt: 65
[info] position not increasing, failed cnt: 66
[info] position not increasing, failed cnt: 67
[info] position not increasing, failed cnt: 68
[info] position not increasing, failed cnt: 69
[info] position not increasing, failed cnt: 70
[info] position not increasing, failed cnt: 71
[info] position not increasing, failed cnt: 72
[info] position not increasing, failed cnt: 73
[info] position not increasing, failed cnt: 74
[info] position not increasing, failed cnt: 75
[info] position not increasing, failed cnt: 76
[info] position not increasing, failed cnt: 77
[info] position not increasing, failed cnt: 78
[info] position not increasing, failed cnt: 79
[info] position not increasing, failed cnt: 80
[info] position not increasing, failed cnt: 81
[info] position not increasing, failed cnt: 82
[info] position not increasing, failed cnt: 83
[info] position not increasing, failed cnt: 84
[info] position not increasing, failed cnt: 85
[info] position not increasing, failed cnt: 86
[info] position not increasing, failed cnt: 87
[info] position not increasing, failed cnt: 88
[info] position not increasing, failed cnt: 89
[info] position not increasing, failed cnt: 90
[info] position not increasing, failed cnt: 91
[info] position not increasing, failed cnt: 92
[info] position not increasing, failed cnt: 93
[info] position not increasing, failed cnt: 94
[info] position not increasing, failed cnt: 95
[info] position not increasing, failed cnt: 96
[info] position not increasing, failed cnt: 97
[info] position not increasing, failed cnt: 98
[info] position not increasing, failed cnt: 99
[info] position not increasing, failed cnt: 100
[info] position not increasing, failed cnt: 101
[info] position not increasing, failed cnt: 102
[info] position not increasing, failed cnt: 103
[info] position not increasing, failed cnt: 104
[info] position not increasing, failed cnt: 105
[info] position not increasing, failed cnt: 106
[info] position not increasing, failed cnt: 107
[info] position not increasing, failed cnt: 108
[info] position not increasing, failed cnt: 109
[info] position not increasing, failed cnt: 110
[info] position not increasing, failed cnt: 111
[info] position not increasing, failed cnt: 112
[info] position not increasing, failed cnt: 113
[info] position not increasing, failed cnt: 114
[info] position not increasing, failed cnt: 115
[info] position not increasing, failed cnt: 116
[info] position not increasing, failed cnt: 117
[info] position not increasing, failed cnt: 118
[info] position not increasing, failed cnt: 119
[info] position not increasing, failed cnt: 120
[info] position not increasing, failed cnt: 121
[info] position not increasing, failed cnt: 122
[info] position not increasing, failed cnt: 123
[info] position not increasing, failed cnt: 124
[info] position not increasing, failed cnt: 125
[info] position not increasing, failed cnt: 126
[info] position not increasing, failed cnt: 127
[info] position not increasing, failed cnt: 128
[FATAL] model stuck, exiting ...
-- generated events: 725
-- time elapsed: 5.64 secs
-- generated events: 305
-- time elapsed: 1.21 secs
3tmLIBcbVxYe6tTKvUyMIk lyrics_all S2 ok=True fail=None 9.01s
-- generated events: 724
-- time elapsed: 3.41 secs
-- generated events: 662
-- time elapsed: 2.99 secs
-- generated events: 871
-- time elapsed: 6.25 secs
-- generated events: 404
-- time elapsed: 1.64 secs
40RF2zemUhNk0aPkIJNWxM orig S2 ok=True fail=None 14.49s
-- generated events: 1097
-- time elapsed: 6.85 secs
-- generated events: 411
-- time elapsed: 1.70 secs
4218Xav4mopAXlguvSJ9Uv lyrics_all S2 ok=True fail=None 8.64s
-- generated events: 1013
-- time elapsed: 5.83 secs
-- generated events: 648
-- time elapsed: 2.94 secs
47ZxPbe5sBnGaQanA7sQDq orig S2 ok=True fail=None 8.86s
-- generated events: 520
-- time elapsed: 2.21 secs
-- generated events: 531
-- time elapsed: 2.29 secs
499ghNme62G8hsotXXlAIE lyrics_all S2 ok=True fail=None 4.6s
-- generated events: 1302
-- time elapsed: 9.67 secs
-- generated events: 655
-- time elapsed: 2.95 secs
4Aguf5QHJzRN4PcXwFX7X0 orig S2 ok=True fail=None 12.72s
[info] position not increasing, failed cnt: 1
[info] position not increasing, failed cnt: 2
[info] position not increasing, failed cnt: 3
[info] position not increasing, failed cnt: 4
[info] position not increasing, failed cnt: 5
[info] position not increasing, failed cnt: 6
[info] position not increasing, failed cnt: 7
[info] position not increasing, failed cnt: 8
[info] position not increasing, failed cnt: 9
[info] position not increasing, failed cnt: 10
[info] position not increasing, failed cnt: 11
[info] position not increasing, failed cnt: 12
[info] position not increasing, failed cnt: 13
[info] position not increasing, failed cnt: 14
[info] position not increasing, failed cnt: 15
[info] position not increasing, failed cnt: 16
[info] position not increasing, failed cnt: 17
[info] position not increasing, failed cnt: 18
[info] position not increasing, failed cnt: 19
[info] position not increasing, failed cnt: 20
[info] position not increasing, failed cnt: 21
[info] position not increasing, failed cnt: 22
[info] position not increasing, failed cnt: 23
[info] position not increasing, failed cnt: 24
[info] position not increasing, failed cnt: 25
[info] position not increasing, failed cnt: 26
[info] position not increasing, failed cnt: 27
[info] position not increasing, failed cnt: 28
[info] position not increasing, failed cnt: 29
[info] position not increasing, failed cnt: 30
[info] position not increasing, failed cnt: 31
[info] position not increasing, failed cnt: 32
[info] position not increasing, failed cnt: 33
[info] position not increasing, failed cnt: 34
[info] position not increasing, failed cnt: 35
[info] position not increasing, failed cnt: 36
[info] position not increasing, failed cnt: 37
[info] position not increasing, failed cnt: 38
[info] position not increasing, failed cnt: 39
[info] position not increasing, failed cnt: 40
[info] position not increasing, failed cnt: 41
[info] position not increasing, failed cnt: 42
[info] position not increasing, failed cnt: 43
[info] position not increasing, failed cnt: 44
[info] position not increasing, failed cnt: 45
[info] position not increasing, failed cnt: 46
[info] position not increasing, failed cnt: 47
[info] position not increasing, failed cnt: 48
[info] position not increasing, failed cnt: 49
[info] position not increasing, failed cnt: 50
[info] position not increasing, failed cnt: 51
[info] position not increasing, failed cnt: 52
[info] position not increasing, failed cnt: 53
[info] position not increasing, failed cnt: 54
[info] position not increasing, failed cnt: 55
[info] position not increasing, failed cnt: 56
[info] position not increasing, failed cnt: 57
[info] position not increasing, failed cnt: 58
[info] position not increasing, failed cnt: 59
[info] position not increasing, failed cnt: 60
[info] position not increasing, failed cnt: 61
[info] position not increasing, failed cnt: 62
[info] position not increasing, failed cnt: 63
[info] position not increasing, failed cnt: 64
[info] position not increasing, failed cnt: 65
[info] position not increasing, failed cnt: 66
[info] position not increasing, failed cnt: 67
[info] position not increasing, failed cnt: 68
[info] position not increasing, failed cnt: 69
[info] position not increasing, failed cnt: 70
[info] position not increasing, failed cnt: 71
[info] position not increasing, failed cnt: 72
[info] position not increasing, failed cnt: 73
[info] position not increasing, failed cnt: 74
[info] position not increasing, failed cnt: 75
[info] position not increasing, failed cnt: 76
[info] position not increasing, failed cnt: 77
[info] position not increasing, failed cnt: 78
[info] position not increasing, failed cnt: 79
[info] position not increasing, failed cnt: 80
[info] position not increasing, failed cnt: 81
[info] position not increasing, failed cnt: 82
[info] position not increasing, failed cnt: 83
[info] position not increasing, failed cnt: 84
[info] position not increasing, failed cnt: 85
[info] position not increasing, failed cnt: 86
[info] position not increasing, failed cnt: 87
[info] position not increasing, failed cnt: 88
[info] position not increasing, failed cnt: 89
[info] position not increasing, failed cnt: 90
[info] position not increasing, failed cnt: 91
[info] position not increasing, failed cnt: 92
[info] position not increasing, failed cnt: 93
[info] position not increasing, failed cnt: 94
[info] position not increasing, failed cnt: 95
[info] position not increasing, failed cnt: 96
[info] position not increasing, failed cnt: 97
[info] position not increasing, failed cnt: 98
[info] position not increasing, failed cnt: 99
[info] position not increasing, failed cnt: 100
[info] position not increasing, failed cnt: 101
[info] position not increasing, failed cnt: 102
[info] position not increasing, failed cnt: 103
[info] position not increasing, failed cnt: 104
[info] position not increasing, failed cnt: 105
[info] position not increasing, failed cnt: 106
[info] position not increasing, failed cnt: 107
[info] position not increasing, failed cnt: 108
[info] position not increasing, failed cnt: 109
[info] position not increasing, failed cnt: 110
[info] position not increasing, failed cnt: 111
[info] position not increasing, failed cnt: 112
[info] position not increasing, failed cnt: 113
[info] position not increasing, failed cnt: 114
[info] position not increasing, failed cnt: 115
[info] position not increasing, failed cnt: 116
[info] position not increasing, failed cnt: 117
[info] position not increasing, failed cnt: 118
[info] position not increasing, failed cnt: 119
[info] position not increasing, failed cnt: 120
[info] position not increasing, failed cnt: 121
[info] position not increasing, failed cnt: 122
[info] position not increasing, failed cnt: 123
[info] position not increasing, failed cnt: 124
[info] position not increasing, failed cnt: 125
[info] position not increasing, failed cnt: 126
[info] position not increasing, failed cnt: 127
[info] position not increasing, failed cnt: 128
[FATAL] model stuck, exiting ...
-- generated events: 608
-- time elapsed: 2.70 secs
4BDdKKIImyCOH0UFXGSoMu lyrics_all S2 ok=True fail=None 32.86s
-- generated events: 621
-- time elapsed: 2.75 secs
-- generated events: 370
-- time elapsed: 1.49 secs
4C8V4YVVhGQdsoyD1uuhyJ orig S2 ok=True fail=None 4.33s
-- generated events: 796
-- time elapsed: 6.07 secs
-- generated events: 416
-- time elapsed: 1.79 secs
[info] position not increasing, failed cnt: 1
[info] position not increasing, failed cnt: 2
[info] position not increasing, failed cnt: 3
[info] position not increasing, failed cnt: 4
[info] position not increasing, failed cnt: 5
[info] position not increasing, failed cnt: 6
[info] position not increasing, failed cnt: 7
[info] position not increasing, failed cnt: 8
[info] position not increasing, failed cnt: 9
[info] position not increasing, failed cnt: 10
[info] position not increasing, failed cnt: 11
-- generated events: 243
-- time elapsed: 1.06 secs
4Cvd1vwstGUZTdnL6X35md lyrics_all S2 ok=True fail=None 9.06s
-- generated events: 1018
-- time elapsed: 6.07 secs
4KnaiD9UY8fAhM1GrM9M8m orig S2 ok=True fail=None 6.12s
4M901X90BfY3H74MqcXZNi lyrics_all S2 ok=False fail=unsupported_meter 0.0s
[info] position not increasing, failed cnt: 1
-- generated events: 740
-- time elapsed: 3.57 secs
-- generated events: 750
-- time elapsed: 3.73 secs
4REzuXet7gr8UCA3T5tK2s orig S2 ok=True fail=None 7.41s
[info] position not increasing, failed cnt: 1
[info] position not increasing, failed cnt: 2
[info] position not increasing, failed cnt: 3
[info] position not increasing, failed cnt: 4
[info] position not increasing, failed cnt: 5
[info] position not increasing, failed cnt: 6
[info] position not increasing, failed cnt: 7
[info] position not increasing, failed cnt: 8
[info] position not increasing, failed cnt: 9
[info] position not increasing, failed cnt: 10
[info] position not increasing, failed cnt: 11
[info] position not increasing, failed cnt: 12
[info] position not increasing, failed cnt: 13
[info] position not increasing, failed cnt: 14
[info] position not increasing, failed cnt: 15
[info] position not increasing, failed cnt: 16
[info] position not increasing, failed cnt: 17
[info] position not increasing, failed cnt: 18
[info] position not increasing, failed cnt: 19
[info] position not increasing, failed cnt: 20
[info] position not increasing, failed cnt: 21
[info] position not increasing, failed cnt: 22
[info] position not increasing, failed cnt: 23
[info] position not increasing, failed cnt: 24
[info] position not increasing, failed cnt: 25
[info] position not increasing, failed cnt: 26
[info] position not increasing, failed cnt: 27
[info] position not increasing, failed cnt: 28
[info] position not increasing, failed cnt: 29
[info] position not increasing, failed cnt: 30
[info] position not increasing, failed cnt: 31
[info] position not increasing, failed cnt: 32
[info] position not increasing, failed cnt: 33
[info] position not increasing, failed cnt: 34
[info] position not increasing, failed cnt: 35
[info] position not increasing, failed cnt: 36
[info] position not increasing, failed cnt: 37
[info] position not increasing, failed cnt: 38
[info] position not increasing, failed cnt: 39
[info] position not increasing, failed cnt: 40
[info] position not increasing, failed cnt: 41
[info] position not increasing, failed cnt: 42
[info] position not increasing, failed cnt: 43
[info] position not increasing, failed cnt: 44
[info] position not increasing, failed cnt: 1
[info] position not increasing, failed cnt: 2
[info] position not increasing, failed cnt: 3
[info] position not increasing, failed cnt: 1
[info] position not increasing, failed cnt: 2
[info] position not increasing, failed cnt: 3
[info] position not increasing, failed cnt: 4
[info] position not increasing, failed cnt: 5
[info] position not increasing, failed cnt: 6
[info] position not increasing, failed cnt: 7
[info] position not increasing, failed cnt: 8
[info] position not increasing, failed cnt: 9
[info] position not increasing, failed cnt: 10
[info] position not increasing, failed cnt: 11
[info] position not increasing, failed cnt: 12
[info] position not increasing, failed cnt: 13
[info] position not increasing, failed cnt: 14
[info] position not increasing, failed cnt: 15
[info] position not increasing, failed cnt: 16
[info] position not increasing, failed cnt: 17
[info] position not increasing, failed cnt: 18
[info] position not increasing, failed cnt: 19
[info] position not increasing, failed cnt: 20
[info] position not increasing, failed cnt: 21
[info] position not increasing, failed cnt: 22
[info] position not increasing, failed cnt: 23
[info] position not increasing, failed cnt: 24
[info] position not increasing, failed cnt: 25
[info] position not increasing, failed cnt: 26
[info] position not increasing, failed cnt: 27
[info] position not increasing, failed cnt: 28
[info] position not increasing, failed cnt: 29
[info] position not increasing, failed cnt: 30
[info] position not increasing, failed cnt: 31
[info] position not increasing, failed cnt: 32
[info] position not increasing, failed cnt: 33
[info] position not increasing, failed cnt: 34
[info] position not increasing, failed cnt: 35
[info] position not increasing, failed cnt: 36
[info] position not increasing, failed cnt: 37
[info] position not increasing, failed cnt: 38
[info] position not increasing, failed cnt: 39
[info] position not increasing, failed cnt: 40
[info] position not increasing, failed cnt: 41
[info] position not increasing, failed cnt: 42
[info] position not increasing, failed cnt: 43
[info] position not increasing, failed cnt: 44
[info] position not increasing, failed cnt: 45
[info] position not increasing, failed cnt: 46
[info] position not increasing, failed cnt: 47
[info] position not increasing, failed cnt: 48
[info] position not increasing, failed cnt: 49
[info] position not increasing, failed cnt: 50
[info] position not increasing, failed cnt: 51
[info] position not increasing, failed cnt: 52
[info] position not increasing, failed cnt: 53
[info] position not increasing, failed cnt: 54
[info] position not increasing, failed cnt: 55
[info] position not increasing, failed cnt: 56
[info] position not increasing, failed cnt: 57
[info] position not increasing, failed cnt: 58
[info] position not increasing, failed cnt: 59
[info] position not increasing, failed cnt: 60
[info] position not increasing, failed cnt: 61
[info] position not increasing, failed cnt: 62
[info] position not increasing, failed cnt: 63
[info] position not increasing, failed cnt: 64
[info] position not increasing, failed cnt: 65
[info] position not increasing, failed cnt: 66
[info] position not increasing, failed cnt: 67
[info] position not increasing, failed cnt: 68
[info] position not increasing, failed cnt: 69
[info] position not increasing, failed cnt: 70
[info] position not increasing, failed cnt: 71
[info] position not increasing, failed cnt: 72
[info] position not increasing, failed cnt: 73
[info] position not increasing, failed cnt: 74
[info] position not increasing, failed cnt: 75
[info] position not increasing, failed cnt: 76
[info] position not increasing, failed cnt: 77
[info] position not increasing, failed cnt: 78
[info] position not increasing, failed cnt: 79
[info] position not increasing, failed cnt: 80
[info] position not increasing, failed cnt: 81
[info] position not increasing, failed cnt: 82
[info] position not increasing, failed cnt: 83
[info] position not increasing, failed cnt: 84
[info] position not increasing, failed cnt: 85
[info] position not increasing, failed cnt: 86
[info] position not increasing, failed cnt: 87
[info] position not increasing, failed cnt: 88
[info] position not increasing, failed cnt: 89
[info] position not increasing, failed cnt: 90
[info] position not increasing, failed cnt: 91
[info] position not increasing, failed cnt: 92
[info] position not increasing, failed cnt: 93
[info] position not increasing, failed cnt: 94
[info] position not increasing, failed cnt: 95
[info] position not increasing, failed cnt: 96
[info] position not increasing, failed cnt: 97
[info] position not increasing, failed cnt: 98
[info] position not increasing, failed cnt: 99
[info] position not increasing, failed cnt: 100
[info] position not increasing, failed cnt: 101
[info] position not increasing, failed cnt: 102
[info] position not increasing, failed cnt: 103
[info] position not increasing, failed cnt: 104
[info] position not increasing, failed cnt: 105
[info] position not increasing, failed cnt: 106
[info] position not increasing, failed cnt: 107
[info] position not increasing, failed cnt: 108
[info] position not increasing, failed cnt: 109
[info] position not increasing, failed cnt: 110
[info] position not increasing, failed cnt: 111
[info] position not increasing, failed cnt: 112
[info] position not increasing, failed cnt: 113
[info] position not increasing, failed cnt: 114
[info] position not increasing, failed cnt: 115
[info] position not increasing, failed cnt: 116
[info] position not increasing, failed cnt: 117
[info] position not increasing, failed cnt: 118
[info] position not increasing, failed cnt: 119
[info] position not increasing, failed cnt: 120
[info] position not increasing, failed cnt: 121
[info] position not increasing, failed cnt: 122
[info] position not increasing, failed cnt: 123
[info] position not increasing, failed cnt: 124
[info] position not increasing, failed cnt: 125
[info] position not increasing, failed cnt: 126
[info] position not increasing, failed cnt: 127
[info] position not increasing, failed cnt: 128
[FATAL] model stuck, exiting ...
-- generated events: 1520
-- time elapsed: 14.62 secs
-- generated events: 81
-- time elapsed: 0.30 secs
4T4TeoIBft7oIW5WOte5Au lyrics_all S2 ok=True fail=None 47.1s
[info] position not increasing, failed cnt: 1
[info] position not increasing, failed cnt: 2
-- generated events: 822
-- time elapsed: 8.95 secs
[info] position not increasing, failed cnt: 1
[info] position not increasing, failed cnt: 2
[info] position not increasing, failed cnt: 1
[info] position not increasing, failed cnt: 2
[info] position not increasing, failed cnt: 1
[info] position not increasing, failed cnt: 2
-- generated events: 659
-- time elapsed: 2.99 secs
4VfHbfbzNPZmX5KI4iAOyT orig S2 ok=True fail=None 12.03s
-- generated events: 877
-- time elapsed: 4.53 secs
-- generated events: 39
-- time elapsed: 0.14 secs
4eMDRwO2dreLU0IvNoARUP lyrics_all S2 ok=True fail=None 4.75s
-- generated events: 967
-- time elapsed: 33.85 secs
4gXVhPeuxE9ojFL0Ose0vA orig S2 ok=True fail=None 33.9s
-- generated events: 962
-- time elapsed: 12.45 secs
-- generated events: 232
-- time elapsed: 0.96 secs
4h1AwwM52VG8iwNmDf1FIK lyrics_all S2 ok=True fail=None 13.51s
-- generated events: 826
-- time elapsed: 4.31 secs
-- generated events: 239
-- time elapsed: 8.79 secs
4iexiXer21ge7jm3GPQkT2 orig S2 ok=True fail=None 13.19s
-- generated events: 786
-- time elapsed: 20.27 secs
-- generated events: 813
-- time elapsed: 4.06 secs
4trtyNhvxt6BDPMt2Rpw48 lyrics_all S2 ok=True fail=None 24.43s
-- generated events: 762
-- time elapsed: 3.69 secs
-- generated events: 425
-- time elapsed: 1.74 secs
4yZY7e169iMB1o29Pk41cz orig S2 ok=True fail=None 5.52s
[info] position not increasing, failed cnt: 1
[info] position not increasing, failed cnt: 2
[info] position not increasing, failed cnt: 3
[info] position not increasing, failed cnt: 1
[info] position not increasing, failed cnt: 2
[info] position not increasing, failed cnt: 3
[info] position not increasing, failed cnt: 4
[info] position not increasing, failed cnt: 5
[info] position not increasing, failed cnt: 6
[info] position not increasing, failed cnt: 7
[info] position not increasing, failed cnt: 8
[info] position not increasing, failed cnt: 9
[info] position not increasing, failed cnt: 10
[info] position not increasing, failed cnt: 11
[info] position not increasing, failed cnt: 12
[info] position not increasing, failed cnt: 13
[info] position not increasing, failed cnt: 14
[info] position not increasing, failed cnt: 15
[info] position not increasing, failed cnt: 16
[info] position not increasing, failed cnt: 17
[info] position not increasing, failed cnt: 18
[info] position not increasing, failed cnt: 19
[info] position not increasing, failed cnt: 20
[info] position not increasing, failed cnt: 21
[info] position not increasing, failed cnt: 22
[info] position not increasing, failed cnt: 23
[info] position not increasing, failed cnt: 24
[info] position not increasing, failed cnt: 25
[info] position not increasing, failed cnt: 26
[info] position not increasing, failed cnt: 27
[info] position not increasing, failed cnt: 28
[info] position not increasing, failed cnt: 29
[info] position not increasing, failed cnt: 30
[info] position not increasing, failed cnt: 31
[info] position not increasing, failed cnt: 32
[info] position not increasing, failed cnt: 33
[info] position not increasing, failed cnt: 34
[info] position not increasing, failed cnt: 35
[info] position not increasing, failed cnt: 36
[info] position not increasing, failed cnt: 37
[info] position not increasing, failed cnt: 38
[info] position not increasing, failed cnt: 39
[info] position not increasing, failed cnt: 40
[info] position not increasing, failed cnt: 41
[info] position not increasing, failed cnt: 42
[info] position not increasing, failed cnt: 43
[info] position not increasing, failed cnt: 44
[info] position not increasing, failed cnt: 45
[info] position not increasing, failed cnt: 46
[info] position not increasing, failed cnt: 47
[info] position not increasing, failed cnt: 48
[info] position not increasing, failed cnt: 49
[info] position not increasing, failed cnt: 50
[info] position not increasing, failed cnt: 51
[info] position not increasing, failed cnt: 52
[info] position not increasing, failed cnt: 53
[info] position not increasing, failed cnt: 54
[info] position not increasing, failed cnt: 55
[info] position not increasing, failed cnt: 56
[info] position not increasing, failed cnt: 57
[info] position not increasing, failed cnt: 58
[info] position not increasing, failed cnt: 59
[info] position not increasing, failed cnt: 60
[info] position not increasing, failed cnt: 61
[info] position not increasing, failed cnt: 62
[info] position not increasing, failed cnt: 63
[info] position not increasing, failed cnt: 64
[info] position not increasing, failed cnt: 65
[info] position not increasing, failed cnt: 66
[info] position not increasing, failed cnt: 67
[info] position not increasing, failed cnt: 68
[info] position not increasing, failed cnt: 69
[info] position not increasing, failed cnt: 70
[info] position not increasing, failed cnt: 71
[info] position not increasing, failed cnt: 72
[info] position not increasing, failed cnt: 73
[info] position not increasing, failed cnt: 74
[info] position not increasing, failed cnt: 75
[info] position not increasing, failed cnt: 76
[info] position not increasing, failed cnt: 77
[info] position not increasing, failed cnt: 78
[info] position not increasing, failed cnt: 79
[info] position not increasing, failed cnt: 80
[info] position not increasing, failed cnt: 81
[info] position not increasing, failed cnt: 82
[info] position not increasing, failed cnt: 83
[info] position not increasing, failed cnt: 84
[info] position not increasing, failed cnt: 85
[info] position not increasing, failed cnt: 86
[info] position not increasing, failed cnt: 87
[info] position not increasing, failed cnt: 88
[info] position not increasing, failed cnt: 89
[info] position not increasing, failed cnt: 90
[info] position not increasing, failed cnt: 91
[info] position not increasing, failed cnt: 92
[info] position not increasing, failed cnt: 93
[info] position not increasing, failed cnt: 94
[info] position not increasing, failed cnt: 95
[info] position not increasing, failed cnt: 96
[info] position not increasing, failed cnt: 97
[info] position not increasing, failed cnt: 98
[info] position not increasing, failed cnt: 99
[info] position not increasing, failed cnt: 100
[info] position not increasing, failed cnt: 101
[info] position not increasing, failed cnt: 102
[info] position not increasing, failed cnt: 103
[info] position not increasing, failed cnt: 104
[info] position not increasing, failed cnt: 105
[info] position not increasing, failed cnt: 106
[info] position not increasing, failed cnt: 107
[info] position not increasing, failed cnt: 108
[info] position not increasing, failed cnt: 109
[info] position not increasing, failed cnt: 110
[info] position not increasing, failed cnt: 111
[info] position not increasing, failed cnt: 112
[info] position not increasing, failed cnt: 113
[info] position not increasing, failed cnt: 114
[info] position not increasing, failed cnt: 115
[info] position not increasing, failed cnt: 116
[info] position not increasing, failed cnt: 117
[info] position not increasing, failed cnt: 118
[info] position not increasing, failed cnt: 119
[info] position not increasing, failed cnt: 120
[info] position not increasing, failed cnt: 121
[info] position not increasing, failed cnt: 122
[info] position not increasing, failed cnt: 123
[info] position not increasing, failed cnt: 124
[info] position not increasing, failed cnt: 125
[info] position not increasing, failed cnt: 126
[info] position not increasing, failed cnt: 127
[info] position not increasing, failed cnt: 128
[FATAL] model stuck, exiting ...
-- generated events: 837
-- time elapsed: 4.46 secs
[info] position not increasing, failed cnt: 1
[info] position not increasing, failed cnt: 2
[info] position not increasing, failed cnt: 3
[info] position not increasing, failed cnt: 4
[info] position not increasing, failed cnt: 5
[info] position not increasing, failed cnt: 6
[info] position not increasing, failed cnt: 7
[info] position not increasing, failed cnt: 8
[info] position not increasing, failed cnt: 9
[info] position not increasing, failed cnt: 10
[info] position not increasing, failed cnt: 11
[info] position not increasing, failed cnt: 12
[info] position not increasing, failed cnt: 13
[info] position not increasing, failed cnt: 14
[info] position not increasing, failed cnt: 15
[info] position not increasing, failed cnt: 16
[info] position not increasing, failed cnt: 17
[info] position not increasing, failed cnt: 18
[info] position not increasing, failed cnt: 19
[info] position not increasing, failed cnt: 20
[info] position not increasing, failed cnt: 21
[info] position not increasing, failed cnt: 22
[info] position not increasing, failed cnt: 23
[info] position not increasing, failed cnt: 24
[info] position not increasing, failed cnt: 25
[info] position not increasing, failed cnt: 26
[info] position not increasing, failed cnt: 27
[info] position not increasing, failed cnt: 28
[info] position not increasing, failed cnt: 29
[info] position not increasing, failed cnt: 30
[info] position not increasing, failed cnt: 31
[info] position not increasing, failed cnt: 32
[info] position not increasing, failed cnt: 33
[info] position not increasing, failed cnt: 34
[info] position not increasing, failed cnt: 35
[info] position not increasing, failed cnt: 36
[info] position not increasing, failed cnt: 37
[info] position not increasing, failed cnt: 38
[info] position not increasing, failed cnt: 39
[info] position not increasing, failed cnt: 40
[info] position not increasing, failed cnt: 41
[info] position not increasing, failed cnt: 42
[info] position not increasing, failed cnt: 43
[info] position not increasing, failed cnt: 44
[info] position not increasing, failed cnt: 45
[info] position not increasing, failed cnt: 46
[info] position not increasing, failed cnt: 47
[info] position not increasing, failed cnt: 48
[info] position not increasing, failed cnt: 49
[info] position not increasing, failed cnt: 50
[info] position not increasing, failed cnt: 51
[info] position not increasing, failed cnt: 52
[info] position not increasing, failed cnt: 53
[info] position not increasing, failed cnt: 54
[info] position not increasing, failed cnt: 55
[info] position not increasing, failed cnt: 56
[info] position not increasing, failed cnt: 57
[info] position not increasing, failed cnt: 58
[info] position not increasing, failed cnt: 59
[info] position not increasing, failed cnt: 60
[info] position not increasing, failed cnt: 61
[info] position not increasing, failed cnt: 62
[info] position not increasing, failed cnt: 63
[info] position not increasing, failed cnt: 64
[info] position not increasing, failed cnt: 65
[info] position not increasing, failed cnt: 66
[info] position not increasing, failed cnt: 67
[info] position not increasing, failed cnt: 68
[info] position not increasing, failed cnt: 69
[info] position not increasing, failed cnt: 70
[info] position not increasing, failed cnt: 71
[info] position not increasing, failed cnt: 72
[info] position not increasing, failed cnt: 73
[info] position not increasing, failed cnt: 74
[info] position not increasing, failed cnt: 75
[info] position not increasing, failed cnt: 76
[info] position not increasing, failed cnt: 77
[info] position not increasing, failed cnt: 78
[info] position not increasing, failed cnt: 79
[info] position not increasing, failed cnt: 80
[info] position not increasing, failed cnt: 81
[info] position not increasing, failed cnt: 82
[info] position not increasing, failed cnt: 83
[info] position not increasing, failed cnt: 84
[info] position not increasing, failed cnt: 85
[info] position not increasing, failed cnt: 86
[info] position not increasing, failed cnt: 87
[info] position not increasing, failed cnt: 88
[info] position not increasing, failed cnt: 89
[info] position not increasing, failed cnt: 90
[info] position not increasing, failed cnt: 91
[info] position not increasing, failed cnt: 92
[info] position not increasing, failed cnt: 93
[info] position not increasing, failed cnt: 94
[info] position not increasing, failed cnt: 95
[info] position not increasing, failed cnt: 96
[info] position not increasing, failed cnt: 97
[info] position not increasing, failed cnt: 98
[info] position not increasing, failed cnt: 99
[info] position not increasing, failed cnt: 100
[info] position not increasing, failed cnt: 101
[info] position not increasing, failed cnt: 102
[info] position not increasing, failed cnt: 103
[info] position not increasing, failed cnt: 104
[info] position not increasing, failed cnt: 105
[info] position not increasing, failed cnt: 106
[info] position not increasing, failed cnt: 107
[info] position not increasing, failed cnt: 108
[info] position not increasing, failed cnt: 109
[info] position not increasing, failed cnt: 110
[info] position not increasing, failed cnt: 111
[info] position not increasing, failed cnt: 112
[info] position not increasing, failed cnt: 113
[info] position not increasing, failed cnt: 114
[info] position not increasing, failed cnt: 115
[info] position not increasing, failed cnt: 116
[info] position not increasing, failed cnt: 117
[info] position not increasing, failed cnt: 118
[info] position not increasing, failed cnt: 119
[info] position not increasing, failed cnt: 120
[info] position not increasing, failed cnt: 121
[info] position not increasing, failed cnt: 122
[info] position not increasing, failed cnt: 123
[info] position not increasing, failed cnt: 124
[info] position not increasing, failed cnt: 125
[info] position not increasing, failed cnt: 126
[info] position not increasing, failed cnt: 127
[info] position not increasing, failed cnt: 128
[FATAL] model stuck, exiting ...
-- generated events: 726
-- time elapsed: 3.44 secs
50OR02Pg9seVMqYyJ7Nmrb lyrics_all S2 ok=True fail=None 58.54s
[info] position not increasing, failed cnt: 1
[info] position not increasing, failed cnt: 2
[info] position not increasing, failed cnt: 3
[info] position not increasing, failed cnt: 4
[info] position not increasing, failed cnt: 5
[info] position not increasing, failed cnt: 6
[info] position not increasing, failed cnt: 7
[info] position not increasing, failed cnt: 8
[info] position not increasing, failed cnt: 9
[info] position not increasing, failed cnt: 10
[info] position not increasing, failed cnt: 11
[info] position not increasing, failed cnt: 12
[info] position not increasing, failed cnt: 13
[info] position not increasing, failed cnt: 14
[info] position not increasing, failed cnt: 15
[info] position not increasing, failed cnt: 16
[info] position not increasing, failed cnt: 17
[info] position not increasing, failed cnt: 18
[info] position not increasing, failed cnt: 19
[info] position not increasing, failed cnt: 20
[info] position not increasing, failed cnt: 21
[info] position not increasing, failed cnt: 22
[info] position not increasing, failed cnt: 23
[info] position not increasing, failed cnt: 24
[info] position not increasing, failed cnt: 25
[info] position not increasing, failed cnt: 26
[info] position not increasing, failed cnt: 27
[info] position not increasing, failed cnt: 28
[info] position not increasing, failed cnt: 29
[info] position not increasing, failed cnt: 30
[info] position not increasing, failed cnt: 31
[info] position not increasing, failed cnt: 32
[info] position not increasing, failed cnt: 33
[info] position not increasing, failed cnt: 34
[info] position not increasing, failed cnt: 35
[info] position not increasing, failed cnt: 36
[info] position not increasing, failed cnt: 37
[info] position not increasing, failed cnt: 38
[info] position not increasing, failed cnt: 39
[info] position not increasing, failed cnt: 40
[info] position not increasing, failed cnt: 41
[info] position not increasing, failed cnt: 42
[info] position not increasing, failed cnt: 43
[info] position not increasing, failed cnt: 44
[info] position not increasing, failed cnt: 45
[info] position not increasing, failed cnt: 46
[info] position not increasing, failed cnt: 47
[info] position not increasing, failed cnt: 48
[info] position not increasing, failed cnt: 49
[info] position not increasing, failed cnt: 50
[info] position not increasing, failed cnt: 51
[info] position not increasing, failed cnt: 52
[info] position not increasing, failed cnt: 53
[info] position not increasing, failed cnt: 54
[info] position not increasing, failed cnt: 55
[info] position not increasing, failed cnt: 56
[info] position not increasing, failed cnt: 57
[info] position not increasing, failed cnt: 58
[info] position not increasing, failed cnt: 59
[info] position not increasing, failed cnt: 60
[info] position not increasing, failed cnt: 61
[info] position not increasing, failed cnt: 62
[info] position not increasing, failed cnt: 63
[info] position not increasing, failed cnt: 64
[info] position not increasing, failed cnt: 65
[info] position not increasing, failed cnt: 66
[info] position not increasing, failed cnt: 67
[info] position not increasing, failed cnt: 68
[info] position not increasing, failed cnt: 69
[info] position not increasing, failed cnt: 70
[info] position not increasing, failed cnt: 71
[info] position not increasing, failed cnt: 72
[info] position not increasing, failed cnt: 73
[info] position not increasing, failed cnt: 74
[info] position not increasing, failed cnt: 75
[info] position not increasing, failed cnt: 76
[info] position not increasing, failed cnt: 77
[info] position not increasing, failed cnt: 78
[info] position not increasing, failed cnt: 79
[info] position not increasing, failed cnt: 80
[info] position not increasing, failed cnt: 81
[info] position not increasing, failed cnt: 82
[info] position not increasing, failed cnt: 83
[info] position not increasing, failed cnt: 84
[info] position not increasing, failed cnt: 85
[info] position not increasing, failed cnt: 86
[info] position not increasing, failed cnt: 87
[info] position not increasing, failed cnt: 88
[info] position not increasing, failed cnt: 89
[info] position not increasing, failed cnt: 90
[info] position not increasing, failed cnt: 91
[info] position not increasing, failed cnt: 92
[info] position not increasing, failed cnt: 93
[info] position not increasing, failed cnt: 94
[info] position not increasing, failed cnt: 95
[info] position not increasing, failed cnt: 96
[info] position not increasing, failed cnt: 97
[info] position not increasing, failed cnt: 98
[info] position not increasing, failed cnt: 99
[info] position not increasing, failed cnt: 100
[info] position not increasing, failed cnt: 101
[info] position not increasing, failed cnt: 102
[info] position not increasing, failed cnt: 103
[info] position not increasing, failed cnt: 104
[info] position not increasing, failed cnt: 105
[info] position not increasing, failed cnt: 106
[info] position not increasing, failed cnt: 107
[info] position not increasing, failed cnt: 108
[info] position not increasing, failed cnt: 109
[info] position not increasing, failed cnt: 110
[info] position not increasing, failed cnt: 111
[info] position not increasing, failed cnt: 112
[info] position not increasing, failed cnt: 113
[info] position not increasing, failed cnt: 114
[info] position not increasing, failed cnt: 115
[info] position not increasing, failed cnt: 116
[info] position not increasing, failed cnt: 117
[info] position not increasing, failed cnt: 118
[info] position not increasing, failed cnt: 119
[info] position not increasing, failed cnt: 120
[info] position not increasing, failed cnt: 121
[info] position not increasing, failed cnt: 122
[info] position not increasing, failed cnt: 123
[info] position not increasing, failed cnt: 124
[info] position not increasing, failed cnt: 125
[info] position not increasing, failed cnt: 126
[info] position not increasing, failed cnt: 127
[info] position not increasing, failed cnt: 128
[FATAL] model stuck, exiting ...
-- generated events: 846
-- time elapsed: 4.50 secs
-- generated events: 161
-- time elapsed: 0.60 secs
53a8hVCKsw8NhGxmRH1YeZ orig S2 ok=True fail=None 45.17s
-- generated events: 621
-- time elapsed: 2.76 secs
-- generated events: 439
-- time elapsed: 1.81 secs
56EoTwd4LGjmEO7UzQrDoX lyrics_all S2 ok=True fail=None 4.67s
-- generated events: 828
-- time elapsed: 4.20 secs
-- generated events: 576
-- time elapsed: 2.46 secs
59E7BFFni2GTDisijRqKU7 orig S2 ok=True fail=None 6.75s
-- generated events: 868
-- time elapsed: 5.78 secs
5AC7fEOMQqxqzqCq5z7nc9 lyrics_all S2 ok=True fail=None 5.83s
-- generated events: 913
-- time elapsed: 6.37 secs
5AxCJOjIDdu4mVxvCWECuV orig S2 ok=True fail=None 6.43s
-- generated events: 1027
-- time elapsed: 6.03 secs
5BldrYOHmqUwouMmcBNEtK lyrics_all S2 ok=True fail=None 6.08s
[info] position not increasing, failed cnt: 1
[info] position not increasing, failed cnt: 2
-- generated events: 613
-- time elapsed: 2.70 secs
-- generated events: 599
-- time elapsed: 2.63 secs
5CqrGysexXG1yOlouhkm6p orig S2 ok=True fail=None 5.42s
-- generated events: 888
-- time elapsed: 4.63 secs
-- generated events: 505
-- time elapsed: 2.09 secs
5DOdnY5NIJVe0tln5eFm7f lyrics_all S2 ok=True fail=None 6.81s
-- generated events: 576
-- time elapsed: 2.46 secs
[info] position not increasing, failed cnt: 1
[info] position not increasing, failed cnt: 2
[info] position not increasing, failed cnt: 3
[info] position not increasing, failed cnt: 4
[info] position not increasing, failed cnt: 5
[info] position not increasing, failed cnt: 6
[info] position not increasing, failed cnt: 7
[info] position not increasing, failed cnt: 8
[info] position not increasing, failed cnt: 9
[info] position not increasing, failed cnt: 10
[info] position not increasing, failed cnt: 11
[info] position not increasing, failed cnt: 12
[info] position not increasing, failed cnt: 13
[info] position not increasing, failed cnt: 14
[info] position not increasing, failed cnt: 15
[info] position not increasing, failed cnt: 16
[info] position not increasing, failed cnt: 17
[info] position not increasing, failed cnt: 18
[info] position not increasing, failed cnt: 19
[info] position not increasing, failed cnt: 20
[info] position not increasing, failed cnt: 21
[info] position not increasing, failed cnt: 22
[info] position not increasing, failed cnt: 23
[info] position not increasing, failed cnt: 24
[info] position not increasing, failed cnt: 25
[info] position not increasing, failed cnt: 26
[info] position not increasing, failed cnt: 27
[info] position not increasing, failed cnt: 28
[info] position not increasing, failed cnt: 29
[info] position not increasing, failed cnt: 30
[info] position not increasing, failed cnt: 31
[info] position not increasing, failed cnt: 32
[info] position not increasing, failed cnt: 33
[info] position not increasing, failed cnt: 34
[info] position not increasing, failed cnt: 35
[info] position not increasing, failed cnt: 36
[info] position not increasing, failed cnt: 37
[info] position not increasing, failed cnt: 38
[info] position not increasing, failed cnt: 39
[info] position not increasing, failed cnt: 40
[info] position not increasing, failed cnt: 41
[info] position not increasing, failed cnt: 42
[info] position not increasing, failed cnt: 43
[info] position not increasing, failed cnt: 44
[info] position not increasing, failed cnt: 45
[info] position not increasing, failed cnt: 46
[info] position not increasing, failed cnt: 47
[info] position not increasing, failed cnt: 48
[info] position not increasing, failed cnt: 49
[info] position not increasing, failed cnt: 50
[info] position not increasing, failed cnt: 51
[info] position not increasing, failed cnt: 52
[info] position not increasing, failed cnt: 53
[info] position not increasing, failed cnt: 54
[info] position not increasing, failed cnt: 55
[info] position not increasing, failed cnt: 56
[info] position not increasing, failed cnt: 57
[info] position not increasing, failed cnt: 58
[info] position not increasing, failed cnt: 59
[info] position not increasing, failed cnt: 60
[info] position not increasing, failed cnt: 61
[info] position not increasing, failed cnt: 62
[info] position not increasing, failed cnt: 63
[info] position not increasing, failed cnt: 64
[info] position not increasing, failed cnt: 65
[info] position not increasing, failed cnt: 66
[info] position not increasing, failed cnt: 67
[info] position not increasing, failed cnt: 68
[info] position not increasing, failed cnt: 69
[info] position not increasing, failed cnt: 70
[info] position not increasing, failed cnt: 71
[info] position not increasing, failed cnt: 72
[info] position not increasing, failed cnt: 73
[info] position not increasing, failed cnt: 74
[info] position not increasing, failed cnt: 75
[info] position not increasing, failed cnt: 76
[info] position not increasing, failed cnt: 77
[info] position not increasing, failed cnt: 78
[info] position not increasing, failed cnt: 79
[info] position not increasing, failed cnt: 80
[info] position not increasing, failed cnt: 81
[info] position not increasing, failed cnt: 82
[info] position not increasing, failed cnt: 83
[info] position not increasing, failed cnt: 84
[info] position not increasing, failed cnt: 85
[info] position not increasing, failed cnt: 86
[info] position not increasing, failed cnt: 87
[info] position not increasing, failed cnt: 88
[info] position not increasing, failed cnt: 89
[info] position not increasing, failed cnt: 90
[info] position not increasing, failed cnt: 91
[info] position not increasing, failed cnt: 92
[info] position not increasing, failed cnt: 93
[info] position not increasing, failed cnt: 94
[info] position not increasing, failed cnt: 95
[info] position not increasing, failed cnt: 96
[info] position not increasing, failed cnt: 97
[info] position not increasing, failed cnt: 98
[info] position not increasing, failed cnt: 99
[info] position not increasing, failed cnt: 100
[info] position not increasing, failed cnt: 101
[info] position not increasing, failed cnt: 102
[info] position not increasing, failed cnt: 103
[info] position not increasing, failed cnt: 104
[info] position not increasing, failed cnt: 105
[info] position not increasing, failed cnt: 106
[info] position not increasing, failed cnt: 107
[info] position not increasing, failed cnt: 108
[info] position not increasing, failed cnt: 109
[info] position not increasing, failed cnt: 110
[info] position not increasing, failed cnt: 111
[info] position not increasing, failed cnt: 112
[info] position not increasing, failed cnt: 113
[info] position not increasing, failed cnt: 114
[info] position not increasing, failed cnt: 115
[info] position not increasing, failed cnt: 116
[info] position not increasing, failed cnt: 117
[info] position not increasing, failed cnt: 118
[info] position not increasing, failed cnt: 119
[info] position not increasing, failed cnt: 120
[info] position not increasing, failed cnt: 121
[info] position not increasing, failed cnt: 122
[info] position not increasing, failed cnt: 123
[info] position not increasing, failed cnt: 124
[info] position not increasing, failed cnt: 125
[info] position not increasing, failed cnt: 126
[info] position not increasing, failed cnt: 127
[info] position not increasing, failed cnt: 128
[FATAL] model stuck, exiting ...
[info] position not increasing, failed cnt: 1
[info] position not increasing, failed cnt: 2
[info] position not increasing, failed cnt: 3
[info] position not increasing, failed cnt: 4
[info] position not increasing, failed cnt: 5
[info] position not increasing, failed cnt: 6
[info] position not increasing, failed cnt: 7
[info] position not increasing, failed cnt: 8
[info] position not increasing, failed cnt: 9
[info] position not increasing, failed cnt: 10
[info] position not increasing, failed cnt: 11
[info] position not increasing, failed cnt: 12
[info] position not increasing, failed cnt: 13
[info] position not increasing, failed cnt: 14
[info] position not increasing, failed cnt: 15
[info] position not increasing, failed cnt: 16
[info] position not increasing, failed cnt: 17
[info] position not increasing, failed cnt: 18
[info] position not increasing, failed cnt: 19
[info] position not increasing, failed cnt: 20
[info] position not increasing, failed cnt: 21
[info] position not increasing, failed cnt: 22
[info] position not increasing, failed cnt: 23
[info] position not increasing, failed cnt: 24
[info] position not increasing, failed cnt: 25
[info] position not increasing, failed cnt: 26
[info] position not increasing, failed cnt: 27
[info] position not increasing, failed cnt: 28
[info] position not increasing, failed cnt: 29
[info] position not increasing, failed cnt: 30
[info] position not increasing, failed cnt: 31
[info] position not increasing, failed cnt: 32
[info] position not increasing, failed cnt: 33
[info] position not increasing, failed cnt: 34
[info] position not increasing, failed cnt: 35
[info] position not increasing, failed cnt: 36
[info] position not increasing, failed cnt: 37
[info] position not increasing, failed cnt: 38
[info] position not increasing, failed cnt: 39
[info] position not increasing, failed cnt: 40
[info] position not increasing, failed cnt: 41
[info] position not increasing, failed cnt: 42
[info] position not increasing, failed cnt: 43
[info] position not increasing, failed cnt: 44
[info] position not increasing, failed cnt: 45
[info] position not increasing, failed cnt: 46
[info] position not increasing, failed cnt: 47
[info] position not increasing, failed cnt: 48
[info] position not increasing, failed cnt: 49
[info] position not increasing, failed cnt: 50
[info] position not increasing, failed cnt: 51
[info] position not increasing, failed cnt: 52
[info] position not increasing, failed cnt: 53
[info] position not increasing, failed cnt: 54
[info] position not increasing, failed cnt: 55
[info] position not increasing, failed cnt: 56
[info] position not increasing, failed cnt: 57
[info] position not increasing, failed cnt: 58
[info] position not increasing, failed cnt: 59
[info] position not increasing, failed cnt: 60
[info] position not increasing, failed cnt: 61
[info] position not increasing, failed cnt: 62
[info] position not increasing, failed cnt: 63
[info] position not increasing, failed cnt: 64
[info] position not increasing, failed cnt: 65
[info] position not increasing, failed cnt: 66
[info] position not increasing, failed cnt: 67
[info] position not increasing, failed cnt: 68
[info] position not increasing, failed cnt: 69
[info] position not increasing, failed cnt: 70
[info] position not increasing, failed cnt: 71
[info] position not increasing, failed cnt: 72
[info] position not increasing, failed cnt: 73
[info] position not increasing, failed cnt: 74
[info] position not increasing, failed cnt: 75
[info] position not increasing, failed cnt: 76
[info] position not increasing, failed cnt: 77
[info] position not increasing, failed cnt: 78
[info] position not increasing, failed cnt: 79
[info] position not increasing, failed cnt: 80
[info] position not increasing, failed cnt: 81
[info] position not increasing, failed cnt: 82
[info] position not increasing, failed cnt: 83
[info] position not increasing, failed cnt: 84
[info] position not increasing, failed cnt: 85
[info] position not increasing, failed cnt: 86
[info] position not increasing, failed cnt: 87
[info] position not increasing, failed cnt: 88
[info] position not increasing, failed cnt: 89
[info] position not increasing, failed cnt: 90
[info] position not increasing, failed cnt: 91
[info] position not increasing, failed cnt: 92
[info] position not increasing, failed cnt: 93
[info] position not increasing, failed cnt: 94
[info] position not increasing, failed cnt: 95
[info] position not increasing, failed cnt: 96
[info] position not increasing, failed cnt: 97
[info] position not increasing, failed cnt: 98
[info] position not increasing, failed cnt: 99
[info] position not increasing, failed cnt: 100
[info] position not increasing, failed cnt: 101
[info] position not increasing, failed cnt: 102
[info] position not increasing, failed cnt: 103
[info] position not increasing, failed cnt: 104
[info] position not increasing, failed cnt: 105
[info] position not increasing, failed cnt: 106
[info] position not increasing, failed cnt: 107
[info] position not increasing, failed cnt: 108
[info] position not increasing, failed cnt: 109
[info] position not increasing, failed cnt: 110
[info] position not increasing, failed cnt: 111
[info] position not increasing, failed cnt: 112
[info] position not increasing, failed cnt: 113
[info] position not increasing, failed cnt: 114
[info] position not increasing, failed cnt: 115
[info] position not increasing, failed cnt: 116
[info] position not increasing, failed cnt: 117
[info] position not increasing, failed cnt: 118
[info] position not increasing, failed cnt: 119
[info] position not increasing, failed cnt: 120
[info] position not increasing, failed cnt: 121
[info] position not increasing, failed cnt: 122
[info] position not increasing, failed cnt: 123
[info] position not increasing, failed cnt: 124
[info] position not increasing, failed cnt: 125
[info] position not increasing, failed cnt: 126
[info] position not increasing, failed cnt: 127
[info] position not increasing, failed cnt: 128
[FATAL] model stuck, exiting ...
-- generated events: 453
-- time elapsed: 1.89 secs
5Fpa2uQd90iYGAEsbKSSZR orig S2 ok=True fail=None 64.99s
[info] position not increasing, failed cnt: 1
[info] position not increasing, failed cnt: 2
[info] position not increasing, failed cnt: 3
-- generated events: 1056
-- time elapsed: 6.37 secs
-- generated events: 895
-- time elapsed: 4.72 secs
-- generated events: 174
-- time elapsed: 0.65 secs
5IhH7idp4sHJ4o0pnxH59X lyrics_all S2 ok=True fail=None 11.9s
-- generated events: 650
-- time elapsed: 3.00 secs
-- generated events: 563
-- time elapsed: 2.59 secs
5LPdNDuOWYSDT5P20iCRYO orig S2 ok=True fail=None 5.69s
[info] position not increasing, failed cnt: 1
[info] position not increasing, failed cnt: 2
[info] position not increasing, failed cnt: 3
[info] position not increasing, failed cnt: 4
[info] position not increasing, failed cnt: 5
[info] position not increasing, failed cnt: 6
[info] position not increasing, failed cnt: 7
[info] position not increasing, failed cnt: 8
[info] position not increasing, failed cnt: 9
[info] position not increasing, failed cnt: 10
[info] position not increasing, failed cnt: 11
[info] position not increasing, failed cnt: 12
[info] position not increasing, failed cnt: 13
[info] position not increasing, failed cnt: 14
[info] position not increasing, failed cnt: 15
[info] position not increasing, failed cnt: 16
[info] position not increasing, failed cnt: 17
[info] position not increasing, failed cnt: 18
[info] position not increasing, failed cnt: 19
[info] position not increasing, failed cnt: 20
[info] position not increasing, failed cnt: 21
[info] position not increasing, failed cnt: 22
[info] position not increasing, failed cnt: 23
[info] position not increasing, failed cnt: 24
[info] position not increasing, failed cnt: 25
[info] position not increasing, failed cnt: 26
[info] position not increasing, failed cnt: 27
[info] position not increasing, failed cnt: 28
[info] position not increasing, failed cnt: 29
[info] position not increasing, failed cnt: 30
[info] position not increasing, failed cnt: 31
[info] position not increasing, failed cnt: 32
[info] position not increasing, failed cnt: 33
[info] position not increasing, failed cnt: 34
[info] position not increasing, failed cnt: 35
[info] position not increasing, failed cnt: 36
[info] position not increasing, failed cnt: 37
[info] position not increasing, failed cnt: 38
[info] position not increasing, failed cnt: 39
[info] position not increasing, failed cnt: 40
[info] position not increasing, failed cnt: 41
[info] position not increasing, failed cnt: 42
[info] position not increasing, failed cnt: 43
[info] position not increasing, failed cnt: 44
[info] position not increasing, failed cnt: 45
[info] position not increasing, failed cnt: 46
[info] position not increasing, failed cnt: 47
[info] position not increasing, failed cnt: 48
[info] position not increasing, failed cnt: 49
[info] position not increasing, failed cnt: 50
[info] position not increasing, failed cnt: 51
[info] position not increasing, failed cnt: 52
[info] position not increasing, failed cnt: 53
[info] position not increasing, failed cnt: 54
[info] position not increasing, failed cnt: 55
[info] position not increasing, failed cnt: 56
[info] position not increasing, failed cnt: 57
[info] position not increasing, failed cnt: 58
[info] position not increasing, failed cnt: 59
[info] position not increasing, failed cnt: 60
[info] position not increasing, failed cnt: 61
[info] position not increasing, failed cnt: 62
[info] position not increasing, failed cnt: 63
[info] position not increasing, failed cnt: 64
[info] position not increasing, failed cnt: 65
[info] position not increasing, failed cnt: 66
[info] position not increasing, failed cnt: 67
[info] position not increasing, failed cnt: 68
[info] position not increasing, failed cnt: 69
[info] position not increasing, failed cnt: 70
[info] position not increasing, failed cnt: 71
[info] position not increasing, failed cnt: 72
[info] position not increasing, failed cnt: 73
[info] position not increasing, failed cnt: 74
[info] position not increasing, failed cnt: 75
[info] position not increasing, failed cnt: 76
[info] position not increasing, failed cnt: 77
[info] position not increasing, failed cnt: 78
[info] position not increasing, failed cnt: 79
[info] position not increasing, failed cnt: 80
[info] position not increasing, failed cnt: 81
[info] position not increasing, failed cnt: 82
[info] position not increasing, failed cnt: 83
[info] position not increasing, failed cnt: 84
[info] position not increasing, failed cnt: 85
[info] position not increasing, failed cnt: 86
[info] position not increasing, failed cnt: 87
[info] position not increasing, failed cnt: 88
[info] position not increasing, failed cnt: 89
[info] position not increasing, failed cnt: 90
[info] position not increasing, failed cnt: 91
[info] position not increasing, failed cnt: 92
[info] position not increasing, failed cnt: 93
[info] position not increasing, failed cnt: 94
[info] position not increasing, failed cnt: 95
[info] position not increasing, failed cnt: 96
[info] position not increasing, failed cnt: 97
[info] position not increasing, failed cnt: 98
[info] position not increasing, failed cnt: 99
[info] position not increasing, failed cnt: 100
[info] position not increasing, failed cnt: 101
[info] position not increasing, failed cnt: 102
[info] position not increasing, failed cnt: 103
[info] position not increasing, failed cnt: 104
[info] position not increasing, failed cnt: 105
[info] position not increasing, failed cnt: 106
[info] position not increasing, failed cnt: 107
[info] position not increasing, failed cnt: 108
[info] position not increasing, failed cnt: 109
[info] position not increasing, failed cnt: 110
[info] position not increasing, failed cnt: 111
[info] position not increasing, failed cnt: 112
[info] position not increasing, failed cnt: 113
[info] position not increasing, failed cnt: 114
[info] position not increasing, failed cnt: 115
[info] position not increasing, failed cnt: 116
[info] position not increasing, failed cnt: 117
[info] position not increasing, failed cnt: 118
[info] position not increasing, failed cnt: 119
[info] position not increasing, failed cnt: 120
[info] position not increasing, failed cnt: 121
[info] position not increasing, failed cnt: 122
[info] position not increasing, failed cnt: 123
[info] position not increasing, failed cnt: 124
[info] position not increasing, failed cnt: 125
[info] position not increasing, failed cnt: 126
[info] position not increasing, failed cnt: 127
[info] position not increasing, failed cnt: 128
[FATAL] model stuck, exiting ...
-- generated events: 750
-- time elapsed: 3.75 secs
5LlXalu5DZuQl7Q9CmNKp0 lyrics_all S2 ok=True fail=None 4.49s
-- generated events: 788
-- time elapsed: 4.16 secs
-- generated events: 455
-- time elapsed: 2.01 secs
5SifuCu1raOyB2mljEPWoM orig S2 ok=True fail=None 6.26s
5a7cNKUhxWPg9jWE0fUukb lyrics_all S2 ok=False fail=unsupported_meter 0.0s
-- generated events: 447
-- time elapsed: 1.89 secs
[info] position not increasing, failed cnt: 1
[info] position not increasing, failed cnt: 2
[info] position not increasing, failed cnt: 3
[info] position not increasing, failed cnt: 4
[info] position not increasing, failed cnt: 5
[info] position not increasing, failed cnt: 6
[info] position not increasing, failed cnt: 1
[info] position not increasing, failed cnt: 2
[info] position not increasing, failed cnt: 3
[info] error EOS occurs, failed eos: 1
[info] error EOS occurs, failed eos: 2
[info] error EOS occurs, failed eos: 3
[info] position not increasing, failed cnt: 1
[info] position not increasing, failed cnt: 1
[info] position not increasing, failed cnt: 1
[info] position not increasing, failed cnt: 2
[info] position not increasing, failed cnt: 3
[info] position not increasing, failed cnt: 4
[info] position not increasing, failed cnt: 5
[info] position not increasing, failed cnt: 6
[info] position not increasing, failed cnt: 7
[info] position not increasing, failed cnt: 8
[info] position not increasing, failed cnt: 9
[info] position not increasing, failed cnt: 10
[info] position not increasing, failed cnt: 11
[info] position not increasing, failed cnt: 12
[info] error EOS occurs, failed eos: 4
[info] error EOS occurs, failed eos: 5
[info] error EOS occurs, failed eos: 6
[info] error EOS occurs, failed eos: 7
[info] error EOS occurs, failed eos: 8
[info] error EOS occurs, failed eos: 9
[info] error EOS occurs, failed eos: 10
[info] error EOS occurs, failed eos: 11
[info] error EOS occurs, failed eos: 12
[info] error EOS occurs, failed eos: 13
[info] error EOS occurs, failed eos: 14
[info] error EOS occurs, failed eos: 15
[info] error EOS occurs, failed eos: 16
[info] error EOS occurs, failed eos: 17
[info] error EOS occurs, failed eos: 18
[info] error EOS occurs, failed eos: 19
[info] error EOS occurs, failed eos: 20
[info] error EOS occurs, failed eos: 21
[info] error EOS occurs, failed eos: 22
[info] error EOS occurs, failed eos: 23
[info] error EOS occurs, failed eos: 24
[info] error EOS occurs, failed eos: 25
[info] error EOS occurs, failed eos: 26
[info] error EOS occurs, failed eos: 27
[info] error EOS occurs, failed eos: 28
[info] error EOS occurs, failed eos: 29
[info] error EOS occurs, failed eos: 30
[info] error EOS occurs, failed eos: 31
[info] error EOS occurs, failed eos: 32
[info] error EOS occurs, failed eos: 33
[info] error EOS occurs, failed eos: 34
[info] error EOS occurs, failed eos: 35
[info] error EOS occurs, failed eos: 36
[info] error EOS occurs, failed eos: 37
[info] error EOS occurs, failed eos: 38
[info] error EOS occurs, failed eos: 39
[info] error EOS occurs, failed eos: 40
[info] error EOS occurs, failed eos: 41
[info] error EOS occurs, failed eos: 42
[info] error EOS occurs, failed eos: 43
[info] error EOS occurs, failed eos: 44
[info] error EOS occurs, failed eos: 45
[info] error EOS occurs, failed eos: 46
[info] error EOS occurs, failed eos: 47
[info] error EOS occurs, failed eos: 48
[info] error EOS occurs, failed eos: 49
[info] error EOS occurs, failed eos: 50
[info] error EOS occurs, failed eos: 51
[info] error EOS occurs, failed eos: 52
[info] error EOS occurs, failed eos: 53
[info] error EOS occurs, failed eos: 54
[info] error EOS occurs, failed eos: 55
[info] error EOS occurs, failed eos: 56
[info] error EOS occurs, failed eos: 57
[info] error EOS occurs, failed eos: 58
[info] error EOS occurs, failed eos: 59
[info] error EOS occurs, failed eos: 60
[info] error EOS occurs, failed eos: 61
[info] error EOS occurs, failed eos: 62
[info] error EOS occurs, failed eos: 63
[info] error EOS occurs, failed eos: 64
[info] error EOS occurs, failed eos: 65
[info] error EOS occurs, failed eos: 66
[info] error EOS occurs, failed eos: 67
[info] error EOS occurs, failed eos: 68
[info] error EOS occurs, failed eos: 69
[info] error EOS occurs, failed eos: 70
[info] error EOS occurs, failed eos: 71
[info] error EOS occurs, failed eos: 72
[info] error EOS occurs, failed eos: 73
[info] error EOS occurs, failed eos: 74
[info] error EOS occurs, failed eos: 75
[info] error EOS occurs, failed eos: 76
[info] error EOS occurs, failed eos: 77
[info] error EOS occurs, failed eos: 78
[info] error EOS occurs, failed eos: 79
[info] error EOS occurs, failed eos: 80
[info] error EOS occurs, failed eos: 81
[info] error EOS occurs, failed eos: 82
[info] error EOS occurs, failed eos: 83
[info] error EOS occurs, failed eos: 84
[info] error EOS occurs, failed eos: 85
[info] error EOS occurs, failed eos: 86
[info] error EOS occurs, failed eos: 87
[info] error EOS occurs, failed eos: 88
[info] error EOS occurs, failed eos: 89
[info] error EOS occurs, failed eos: 90
[info] error EOS occurs, failed eos: 91
[info] error EOS occurs, failed eos: 92
[info] error EOS occurs, failed eos: 93
[info] error EOS occurs, failed eos: 94
[info] error EOS occurs, failed eos: 95
[info] error EOS occurs, failed eos: 96
[info] error EOS occurs, failed eos: 97
[info] error EOS occurs, failed eos: 98
[info] error EOS occurs, failed eos: 99
[info] error EOS occurs, failed eos: 100
[info] error EOS occurs, failed eos: 101
[info] error EOS occurs, failed eos: 102
[info] error EOS occurs, failed eos: 103
[info] error EOS occurs, failed eos: 104
[info] error EOS occurs, failed eos: 105
[info] error EOS occurs, failed eos: 106
[info] error EOS occurs, failed eos: 107
[info] error EOS occurs, failed eos: 108
[info] error EOS occurs, failed eos: 109
[info] error EOS occurs, failed eos: 110
[info] error EOS occurs, failed eos: 111
[info] error EOS occurs, failed eos: 112
[info] error EOS occurs, failed eos: 113
[info] error EOS occurs, failed eos: 114
[info] error EOS occurs, failed eos: 115
[info] error EOS occurs, failed eos: 116
[info] error EOS occurs, failed eos: 117
[info] error EOS occurs, failed eos: 118
[info] error EOS occurs, failed eos: 119
[info] error EOS occurs, failed eos: 120
[info] error EOS occurs, failed eos: 121
[info] error EOS occurs, failed eos: 122
[info] error EOS occurs, failed eos: 123
[info] error EOS occurs, failed eos: 124
[info] error EOS occurs, failed eos: 125
[info] error EOS occurs, failed eos: 126
[info] error EOS occurs, failed eos: 127
[info] error EOS occurs, failed eos: 128
[FATAL] model stuck, eos error ...
[info] position not increasing, failed cnt: 1
[info] position not increasing, failed cnt: 2
[info] position not increasing, failed cnt: 3
[info] position not increasing, failed cnt: 4
[info] position not increasing, failed cnt: 5
-- generated events: 558
-- time elapsed: 2.45 secs
5bf4zyUkbC7Df7icueGtcR orig S2 ok=True fail=None 51.79s
-- generated events: 472
-- time elapsed: 2.00 secs
5dxFx2Ez14xXuqyOK3Pgxd lyrics_all S2 ok=True fail=None 2.05s
-- generated events: 827
-- time elapsed: 5.29 secs
-- generated events: 257
-- time elapsed: 1.06 secs
5fTRjBPvXscWyOOukAGtW5 orig S2 ok=True fail=None 6.44s
[info] position not increasing, failed cnt: 1
[info] position not increasing, failed cnt: 2
[info] position not increasing, failed cnt: 3
[info] position not increasing, failed cnt: 4
[info] position not increasing, failed cnt: 5
[info] position not increasing, failed cnt: 6
[info] position not increasing, failed cnt: 7
[info] position not increasing, failed cnt: 8
[info] position not increasing, failed cnt: 9
[info] position not increasing, failed cnt: 10
[info] position not increasing, failed cnt: 11
[info] position not increasing, failed cnt: 12
[info] position not increasing, failed cnt: 13
[info] position not increasing, failed cnt: 14
[info] position not increasing, failed cnt: 15
[info] position not increasing, failed cnt: 16
[info] position not increasing, failed cnt: 17
[info] position not increasing, failed cnt: 18
[info] position not increasing, failed cnt: 19
[info] position not increasing, failed cnt: 20
[info] position not increasing, failed cnt: 21
[info] position not increasing, failed cnt: 22
[info] position not increasing, failed cnt: 23
[info] position not increasing, failed cnt: 24
[info] position not increasing, failed cnt: 25
[info] position not increasing, failed cnt: 26
[info] position not increasing, failed cnt: 27
[info] position not increasing, failed cnt: 28
[info] position not increasing, failed cnt: 29
[info] position not increasing, failed cnt: 30
[info] position not increasing, failed cnt: 31
[info] position not increasing, failed cnt: 32
[info] position not increasing, failed cnt: 33
[info] position not increasing, failed cnt: 34
[info] position not increasing, failed cnt: 35
[info] position not increasing, failed cnt: 36
[info] position not increasing, failed cnt: 37
[info] position not increasing, failed cnt: 38
[info] position not increasing, failed cnt: 39
[info] position not increasing, failed cnt: 40
[info] position not increasing, failed cnt: 41
[info] position not increasing, failed cnt: 42
[info] position not increasing, failed cnt: 43
[info] position not increasing, failed cnt: 44
[info] position not increasing, failed cnt: 45
[info] position not increasing, failed cnt: 46
[info] position not increasing, failed cnt: 47
[info] position not increasing, failed cnt: 48
[info] position not increasing, failed cnt: 49
[info] position not increasing, failed cnt: 50
[info] position not increasing, failed cnt: 51
[info] position not increasing, failed cnt: 52
[info] position not increasing, failed cnt: 53
[info] position not increasing, failed cnt: 54
[info] position not increasing, failed cnt: 55
[info] position not increasing, failed cnt: 56
[info] position not increasing, failed cnt: 57
[info] position not increasing, failed cnt: 58
[info] position not increasing, failed cnt: 59
[info] position not increasing, failed cnt: 60
[info] position not increasing, failed cnt: 61
[info] position not increasing, failed cnt: 62
[info] position not increasing, failed cnt: 63
[info] position not increasing, failed cnt: 64
[info] position not increasing, failed cnt: 65
[info] position not increasing, failed cnt: 66
[info] position not increasing, failed cnt: 67
[info] position not increasing, failed cnt: 68
[info] position not increasing, failed cnt: 69
[info] position not increasing, failed cnt: 70
[info] position not increasing, failed cnt: 71
[info] position not increasing, failed cnt: 72
[info] position not increasing, failed cnt: 73
[info] position not increasing, failed cnt: 74
[info] position not increasing, failed cnt: 75
[info] position not increasing, failed cnt: 76
[info] position not increasing, failed cnt: 77
[info] position not increasing, failed cnt: 78
[info] position not increasing, failed cnt: 79
[info] position not increasing, failed cnt: 80
[info] position not increasing, failed cnt: 81
[info] position not increasing, failed cnt: 82
[info] position not increasing, failed cnt: 83
[info] position not increasing, failed cnt: 84
[info] position not increasing, failed cnt: 85
[info] position not increasing, failed cnt: 86
[info] position not increasing, failed cnt: 87
[info] position not increasing, failed cnt: 88
[info] position not increasing, failed cnt: 89
[info] position not increasing, failed cnt: 90
[info] position not increasing, failed cnt: 91
[info] position not increasing, failed cnt: 92
[info] position not increasing, failed cnt: 93
[info] position not increasing, failed cnt: 94
[info] position not increasing, failed cnt: 95
[info] position not increasing, failed cnt: 96
[info] position not increasing, failed cnt: 97
[info] position not increasing, failed cnt: 98
[info] position not increasing, failed cnt: 99
[info] position not increasing, failed cnt: 100
[info] position not increasing, failed cnt: 101
[info] position not increasing, failed cnt: 102
[info] position not increasing, failed cnt: 103
[info] position not increasing, failed cnt: 104
[info] position not increasing, failed cnt: 105
[info] position not increasing, failed cnt: 106
[info] position not increasing, failed cnt: 107
[info] position not increasing, failed cnt: 108
[info] position not increasing, failed cnt: 109
[info] position not increasing, failed cnt: 110
[info] position not increasing, failed cnt: 111
[info] position not increasing, failed cnt: 112
[info] position not increasing, failed cnt: 113
[info] position not increasing, failed cnt: 114
[info] position not increasing, failed cnt: 115
[info] position not increasing, failed cnt: 116
[info] position not increasing, failed cnt: 117
[info] position not increasing, failed cnt: 118
[info] position not increasing, failed cnt: 119
[info] position not increasing, failed cnt: 120
[info] position not increasing, failed cnt: 121
[info] position not increasing, failed cnt: 122
[info] position not increasing, failed cnt: 123
[info] position not increasing, failed cnt: 124
[info] position not increasing, failed cnt: 125
[info] position not increasing, failed cnt: 126
[info] position not increasing, failed cnt: 127
[info] position not increasing, failed cnt: 128
[FATAL] model stuck, exiting ...
-- generated events: 821
-- time elapsed: 4.64 secs
5gIW9IMReT6xicyfHKtcug lyrics_all S2 ok=True fail=None 8.06s
-- generated events: 493
-- time elapsed: 2.10 secs
-- generated events: 591
-- time elapsed: 8.42 secs
[info] position not increasing, failed cnt: 1
[info] position not increasing, failed cnt: 2
-- generated events: 349
-- time elapsed: 1.48 secs
5icriKgD89JhLxeSnd9o74 orig S2 ok=True fail=None 12.15s
-- generated events: 723
-- time elapsed: 3.41 secs
-- generated events: 721
-- time elapsed: 3.41 secs
5igSw7TE7vW1iKMCU9ACMJ lyrics_all S2 ok=True fail=None 6.93s
-- generated events: 1019
-- time elapsed: 5.88 secs
-- generated events: 95
-- time elapsed: 0.35 secs
5jwyaHQbtmpEPVmHwq19Fy orig S2 ok=True fail=None 6.32s
-- generated events: 816
-- time elapsed: 4.85 secs
-- generated events: 182
-- time elapsed: 0.70 secs
5kehUJhVBQAMgzY9IQXIOV lyrics_all S2 ok=True fail=None 5.63s
-- generated events: 878
-- time elapsed: 4.59 secs
-- generated events: 305
-- time elapsed: 1.20 secs
5ojQLq8MsewWoGbVQEBd8f orig S2 ok=True fail=None 5.87s
-- generated events: 767
-- time elapsed: 3.71 secs
-- generated events: 490
-- time elapsed: 2.05 secs
5pewA4rsox31wXDX26VMlr lyrics_all S2 ok=True fail=None 5.87s
-- generated events: 1410
-- time elapsed: 18.80 secs
5rc5x4FKWvrJb8qxFNp1bO orig S2 ok=True fail=None 18.85s
[info] position not increasing, failed cnt: 1
-- generated events: 994
-- time elapsed: 5.98 secs
5zpJSe86hLBaTpd6ZW3TFB lyrics_all S2 ok=True fail=None 6.03s
-- generated events: 1130
-- time elapsed: 7.50 secs
-- generated events: 402
-- time elapsed: 1.68 secs
64ksmDDLWaiY21WDVXBoYC orig S2 ok=True fail=None 9.28s
[info] position not increasing, failed cnt: 1
[info] position not increasing, failed cnt: 2
[info] position not increasing, failed cnt: 3
[info] position not increasing, failed cnt: 4
[info] position not increasing, failed cnt: 5
[info] position not increasing, failed cnt: 6
[info] position not increasing, failed cnt: 7
[info] position not increasing, failed cnt: 8
[info] position not increasing, failed cnt: 9
[info] position not increasing, failed cnt: 10
[info] position not increasing, failed cnt: 11
[info] position not increasing, failed cnt: 12
[info] position not increasing, failed cnt: 13
[info] position not increasing, failed cnt: 14
[info] position not increasing, failed cnt: 15
[info] position not increasing, failed cnt: 16
[info] position not increasing, failed cnt: 17
[info] position not increasing, failed cnt: 18
[info] position not increasing, failed cnt: 19
[info] position not increasing, failed cnt: 20
[info] position not increasing, failed cnt: 21
[info] position not increasing, failed cnt: 22
[info] position not increasing, failed cnt: 23
[info] position not increasing, failed cnt: 24
[info] position not increasing, failed cnt: 25
[info] position not increasing, failed cnt: 26
[info] position not increasing, failed cnt: 27
[info] position not increasing, failed cnt: 28
[info] position not increasing, failed cnt: 29
[info] position not increasing, failed cnt: 30
[info] position not increasing, failed cnt: 31
[info] position not increasing, failed cnt: 32
[info] position not increasing, failed cnt: 33
[info] position not increasing, failed cnt: 34
[info] position not increasing, failed cnt: 35
[info] position not increasing, failed cnt: 36
[info] position not increasing, failed cnt: 37
[info] position not increasing, failed cnt: 38
[info] position not increasing, failed cnt: 39
[info] position not increasing, failed cnt: 40
[info] position not increasing, failed cnt: 41
[info] position not increasing, failed cnt: 42
[info] position not increasing, failed cnt: 43
[info] position not increasing, failed cnt: 44
[info] position not increasing, failed cnt: 45
[info] position not increasing, failed cnt: 46
[info] position not increasing, failed cnt: 47
[info] position not increasing, failed cnt: 48
[info] position not increasing, failed cnt: 49
[info] position not increasing, failed cnt: 50
[info] position not increasing, failed cnt: 51
[info] position not increasing, failed cnt: 52
[info] position not increasing, failed cnt: 53
[info] position not increasing, failed cnt: 54
[info] position not increasing, failed cnt: 55
[info] position not increasing, failed cnt: 56
[info] position not increasing, failed cnt: 57
[info] position not increasing, failed cnt: 58
[info] position not increasing, failed cnt: 59
[info] position not increasing, failed cnt: 60
[info] position not increasing, failed cnt: 61
[info] position not increasing, failed cnt: 62
[info] position not increasing, failed cnt: 63
[info] position not increasing, failed cnt: 64
[info] position not increasing, failed cnt: 65
[info] position not increasing, failed cnt: 66
[info] position not increasing, failed cnt: 67
[info] position not increasing, failed cnt: 68
[info] position not increasing, failed cnt: 69
[info] position not increasing, failed cnt: 70
[info] position not increasing, failed cnt: 71
[info] position not increasing, failed cnt: 72
[info] position not increasing, failed cnt: 73
[info] position not increasing, failed cnt: 74
[info] position not increasing, failed cnt: 75
[info] position not increasing, failed cnt: 76
[info] position not increasing, failed cnt: 77
[info] position not increasing, failed cnt: 78
[info] position not increasing, failed cnt: 79
[info] position not increasing, failed cnt: 80
[info] position not increasing, failed cnt: 81
[info] position not increasing, failed cnt: 82
[info] position not increasing, failed cnt: 83
[info] position not increasing, failed cnt: 84
[info] position not increasing, failed cnt: 85
[info] position not increasing, failed cnt: 86
[info] position not increasing, failed cnt: 87
[info] position not increasing, failed cnt: 88
[info] position not increasing, failed cnt: 89
[info] position not increasing, failed cnt: 90
[info] position not increasing, failed cnt: 91
[info] position not increasing, failed cnt: 92
[info] position not increasing, failed cnt: 93
[info] position not increasing, failed cnt: 94
[info] position not increasing, failed cnt: 95
[info] position not increasing, failed cnt: 96
[info] position not increasing, failed cnt: 97
[info] position not increasing, failed cnt: 98
[info] position not increasing, failed cnt: 99
[info] position not increasing, failed cnt: 100
[info] position not increasing, failed cnt: 101
[info] position not increasing, failed cnt: 102
[info] position not increasing, failed cnt: 103
[info] position not increasing, failed cnt: 104
[info] position not increasing, failed cnt: 105
[info] position not increasing, failed cnt: 106
[info] position not increasing, failed cnt: 107
[info] position not increasing, failed cnt: 108
[info] position not increasing, failed cnt: 109
[info] position not increasing, failed cnt: 110
[info] position not increasing, failed cnt: 111
[info] position not increasing, failed cnt: 112
[info] position not increasing, failed cnt: 113
[info] position not increasing, failed cnt: 114
[info] position not increasing, failed cnt: 115
[info] position not increasing, failed cnt: 116
[info] position not increasing, failed cnt: 117
[info] position not increasing, failed cnt: 118
[info] position not increasing, failed cnt: 119
[info] position not increasing, failed cnt: 120
[info] position not increasing, failed cnt: 121
[info] position not increasing, failed cnt: 122
[info] position not increasing, failed cnt: 123
[info] position not increasing, failed cnt: 124
[info] position not increasing, failed cnt: 125
[info] position not increasing, failed cnt: 126
[info] position not increasing, failed cnt: 127
[info] position not increasing, failed cnt: 128
[FATAL] model stuck, exiting ...
-- generated events: 517
-- time elapsed: 2.26 secs
-- generated events: 506
-- time elapsed: 2.15 secs
-- generated events: 592
-- time elapsed: 2.59 secs
-- generated events: 135
-- time elapsed: 0.51 secs
65qUlixRrzCOI7RIHMZ8b0 lyrics_all S2 ok=True fail=None 8.42s
-- generated events: 821
-- time elapsed: 4.10 secs
-- generated events: 679
-- time elapsed: 3.32 secs
-- generated events: 311
-- time elapsed: 1.22 secs
6A4DbuFY7yg40irHQW5VL3 orig S2 ok=True fail=None 8.78s
[info] position not increasing, failed cnt: 1
[info] position not increasing, failed cnt: 2
[info] position not increasing, failed cnt: 3
[info] position not increasing, failed cnt: 4
[info] position not increasing, failed cnt: 5
[info] position not increasing, failed cnt: 1
[info] position not increasing, failed cnt: 2
[info] position not increasing, failed cnt: 3
[info] position not increasing, failed cnt: 4
[info] position not increasing, failed cnt: 5
[info] position not increasing, failed cnt: 6
[info] position not increasing, failed cnt: 7
[info] position not increasing, failed cnt: 8
[info] position not increasing, failed cnt: 9
[info] position not increasing, failed cnt: 10
[info] position not increasing, failed cnt: 11
[info] position not increasing, failed cnt: 12
[info] position not increasing, failed cnt: 13
[info] position not increasing, failed cnt: 14
[info] position not increasing, failed cnt: 15
[info] position not increasing, failed cnt: 16
[info] position not increasing, failed cnt: 17
[info] position not increasing, failed cnt: 18
[info] position not increasing, failed cnt: 19
[info] position not increasing, failed cnt: 20
[info] position not increasing, failed cnt: 21
[info] position not increasing, failed cnt: 22
[info] position not increasing, failed cnt: 23
[info] position not increasing, failed cnt: 24
[info] position not increasing, failed cnt: 25
[info] position not increasing, failed cnt: 26
[info] position not increasing, failed cnt: 27
[info] position not increasing, failed cnt: 28
[info] position not increasing, failed cnt: 29
[info] position not increasing, failed cnt: 30
[info] position not increasing, failed cnt: 31
[info] position not increasing, failed cnt: 32
[info] position not increasing, failed cnt: 33
[info] position not increasing, failed cnt: 34
[info] position not increasing, failed cnt: 35
[info] position not increasing, failed cnt: 36
[info] position not increasing, failed cnt: 37
[info] position not increasing, failed cnt: 38
[info] position not increasing, failed cnt: 39
[info] position not increasing, failed cnt: 40
[info] position not increasing, failed cnt: 41
[info] position not increasing, failed cnt: 42
[info] position not increasing, failed cnt: 43
[info] position not increasing, failed cnt: 44
[info] position not increasing, failed cnt: 45
[info] position not increasing, failed cnt: 46
[info] position not increasing, failed cnt: 47
[info] position not increasing, failed cnt: 48
[info] position not increasing, failed cnt: 49
[info] position not increasing, failed cnt: 50
[info] position not increasing, failed cnt: 51
[info] position not increasing, failed cnt: 52
[info] position not increasing, failed cnt: 53
[info] position not increasing, failed cnt: 54
[info] position not increasing, failed cnt: 55
[info] position not increasing, failed cnt: 56
[info] position not increasing, failed cnt: 57
[info] position not increasing, failed cnt: 58
[info] position not increasing, failed cnt: 59
[info] position not increasing, failed cnt: 60
[info] position not increasing, failed cnt: 61
[info] position not increasing, failed cnt: 62
[info] position not increasing, failed cnt: 63
[info] position not increasing, failed cnt: 64
[info] position not increasing, failed cnt: 65
[info] position not increasing, failed cnt: 66
[info] position not increasing, failed cnt: 67
[info] position not increasing, failed cnt: 68
[info] position not increasing, failed cnt: 69
[info] position not increasing, failed cnt: 70
[info] position not increasing, failed cnt: 71
[info] position not increasing, failed cnt: 72
[info] position not increasing, failed cnt: 73
[info] position not increasing, failed cnt: 74
[info] position not increasing, failed cnt: 75
[info] position not increasing, failed cnt: 76
[info] position not increasing, failed cnt: 77
[info] position not increasing, failed cnt: 78
[info] position not increasing, failed cnt: 79
[info] position not increasing, failed cnt: 80
[info] position not increasing, failed cnt: 81
[info] position not increasing, failed cnt: 82
[info] position not increasing, failed cnt: 83
[info] position not increasing, failed cnt: 84
[info] position not increasing, failed cnt: 85
[info] position not increasing, failed cnt: 86
[info] position not increasing, failed cnt: 87
[info] position not increasing, failed cnt: 88
[info] position not increasing, failed cnt: 89
[info] position not increasing, failed cnt: 90
[info] position not increasing, failed cnt: 91
[info] position not increasing, failed cnt: 92
[info] position not increasing, failed cnt: 93
[info] position not increasing, failed cnt: 94
[info] position not increasing, failed cnt: 95
[info] position not increasing, failed cnt: 96
[info] position not increasing, failed cnt: 97
[info] position not increasing, failed cnt: 98
[info] position not increasing, failed cnt: 99
[info] position not increasing, failed cnt: 100
[info] position not increasing, failed cnt: 101
[info] position not increasing, failed cnt: 102
[info] position not increasing, failed cnt: 103
[info] position not increasing, failed cnt: 104
[info] position not increasing, failed cnt: 105
[info] position not increasing, failed cnt: 106
[info] position not increasing, failed cnt: 107
[info] position not increasing, failed cnt: 108
[info] position not increasing, failed cnt: 109
[info] position not increasing, failed cnt: 110
[info] position not increasing, failed cnt: 111
[info] position not increasing, failed cnt: 112
[info] position not increasing, failed cnt: 113
[info] position not increasing, failed cnt: 114
[info] position not increasing, failed cnt: 115
[info] position not increasing, failed cnt: 116
[info] position not increasing, failed cnt: 117
[info] position not increasing, failed cnt: 118
[info] position not increasing, failed cnt: 119
[info] position not increasing, failed cnt: 120
[info] position not increasing, failed cnt: 121
[info] position not increasing, failed cnt: 122
[info] position not increasing, failed cnt: 123
[info] position not increasing, failed cnt: 124
[info] position not increasing, failed cnt: 125
[info] position not increasing, failed cnt: 126
[info] position not increasing, failed cnt: 127
[info] position not increasing, failed cnt: 128
[FATAL] model stuck, exiting ...
-- generated events: 929
-- time elapsed: 8.83 secs
-- generated events: 452
-- time elapsed: 1.88 secs
6FmfdFUbG8q6U2KbsNFo3y lyrics_all S2 ok=True fail=None 42.28s
-- generated events: 990
-- time elapsed: 5.54 secs
-- generated events: 725
-- time elapsed: 3.43 secs
6I3A7q18EJgbdZf2Zx1wxm orig S2 ok=True fail=None 9.07s
-- generated events: 1285
-- time elapsed: 10.87 secs
6M8dGV2alakIhqDFNFIEfg lyrics_all S2 ok=True fail=None 10.93s
6NgFmG5lumvnyBEpjye3Rd orig S2 ok=False fail=unsupported_meter 0.0s
-- generated events: 875
-- time elapsed: 4.64 secs
6NqPOID1RsXpj7IAEsgd2v lyrics_all S2 ok=True fail=None 4.69s
-- generated events: 976
-- time elapsed: 5.50 secs
-- generated events: 364
-- time elapsed: 1.49 secs
6URmER9CypxglzgwthpWTU orig S2 ok=True fail=None 7.09s
6W6bjaq3SpD6OMuxWgPM9X lyrics_all S2 ok=False fail=unsupported_meter 0.0s
[info] position not increasing, failed cnt: 1
[info] position not increasing, failed cnt: 2
-- generated events: 713
-- time elapsed: 3.35 secs
-- generated events: 265
-- time elapsed: 1.03 secs
6XwWuAFFTqL2IoPdeA4iis orig S2 ok=True fail=None 4.47s
[info] position not increasing, failed cnt: 1
[info] position not increasing, failed cnt: 2
[info] position not increasing, failed cnt: 3
[info] position not increasing, failed cnt: 4
[info] position not increasing, failed cnt: 5
[info] position not increasing, failed cnt: 6
[info] position not increasing, failed cnt: 7
[info] position not increasing, failed cnt: 8
[info] position not increasing, failed cnt: 9
[info] position not increasing, failed cnt: 10
[info] position not increasing, failed cnt: 11
[info] position not increasing, failed cnt: 12
[info] position not increasing, failed cnt: 13
[info] position not increasing, failed cnt: 14
[info] position not increasing, failed cnt: 15
[info] position not increasing, failed cnt: 16
[info] position not increasing, failed cnt: 17
[info] position not increasing, failed cnt: 18
[info] position not increasing, failed cnt: 19
[info] position not increasing, failed cnt: 20
[info] position not increasing, failed cnt: 21
[info] position not increasing, failed cnt: 22
[info] position not increasing, failed cnt: 23
[info] position not increasing, failed cnt: 24
[info] position not increasing, failed cnt: 25
[info] position not increasing, failed cnt: 26
[info] position not increasing, failed cnt: 27
[info] position not increasing, failed cnt: 28
[info] position not increasing, failed cnt: 29
[info] position not increasing, failed cnt: 30
[info] position not increasing, failed cnt: 31
[info] position not increasing, failed cnt: 32
[info] position not increasing, failed cnt: 33
[info] position not increasing, failed cnt: 34
[info] position not increasing, failed cnt: 35
[info] position not increasing, failed cnt: 36
[info] position not increasing, failed cnt: 37
[info] position not increasing, failed cnt: 38
[info] position not increasing, failed cnt: 39
[info] position not increasing, failed cnt: 40
[info] position not increasing, failed cnt: 41
[info] position not increasing, failed cnt: 42
[info] position not increasing, failed cnt: 43
[info] position not increasing, failed cnt: 44
[info] position not increasing, failed cnt: 45
[info] position not increasing, failed cnt: 46
[info] position not increasing, failed cnt: 47
[info] position not increasing, failed cnt: 48
[info] position not increasing, failed cnt: 49
[info] position not increasing, failed cnt: 50
[info] position not increasing, failed cnt: 51
[info] position not increasing, failed cnt: 52
[info] position not increasing, failed cnt: 53
[info] position not increasing, failed cnt: 54
[info] position not increasing, failed cnt: 55
[info] position not increasing, failed cnt: 56
[info] position not increasing, failed cnt: 57
[info] position not increasing, failed cnt: 58
[info] position not increasing, failed cnt: 59
[info] position not increasing, failed cnt: 60
[info] position not increasing, failed cnt: 61
[info] position not increasing, failed cnt: 62
[info] position not increasing, failed cnt: 63
[info] position not increasing, failed cnt: 64
[info] position not increasing, failed cnt: 65
[info] position not increasing, failed cnt: 66
[info] position not increasing, failed cnt: 67
[info] position not increasing, failed cnt: 68
[info] position not increasing, failed cnt: 69
[info] position not increasing, failed cnt: 70
[info] position not increasing, failed cnt: 71
[info] position not increasing, failed cnt: 72
[info] position not increasing, failed cnt: 73
[info] position not increasing, failed cnt: 74
[info] position not increasing, failed cnt: 75
[info] position not increasing, failed cnt: 76
[info] position not increasing, failed cnt: 77
[info] position not increasing, failed cnt: 78
[info] position not increasing, failed cnt: 79
[info] position not increasing, failed cnt: 80
[info] position not increasing, failed cnt: 81
[info] position not increasing, failed cnt: 82
[info] position not increasing, failed cnt: 83
[info] position not increasing, failed cnt: 84
[info] position not increasing, failed cnt: 85
[info] position not increasing, failed cnt: 86
[info] position not increasing, failed cnt: 87
[info] position not increasing, failed cnt: 88
[info] position not increasing, failed cnt: 89
[info] position not increasing, failed cnt: 90
[info] position not increasing, failed cnt: 91
[info] position not increasing, failed cnt: 92
[info] position not increasing, failed cnt: 93
[info] position not increasing, failed cnt: 94
[info] position not increasing, failed cnt: 95
[info] position not increasing, failed cnt: 96
[info] position not increasing, failed cnt: 97
[info] position not increasing, failed cnt: 98
[info] position not increasing, failed cnt: 99
[info] position not increasing, failed cnt: 100
[info] position not increasing, failed cnt: 101
[info] position not increasing, failed cnt: 102
[info] position not increasing, failed cnt: 103
[info] position not increasing, failed cnt: 104
[info] position not increasing, failed cnt: 105
[info] position not increasing, failed cnt: 106
[info] position not increasing, failed cnt: 107
[info] position not increasing, failed cnt: 108
[info] position not increasing, failed cnt: 109
[info] position not increasing, failed cnt: 110
[info] position not increasing, failed cnt: 111
[info] position not increasing, failed cnt: 112
[info] position not increasing, failed cnt: 113
[info] position not increasing, failed cnt: 114
[info] position not increasing, failed cnt: 115
[info] position not increasing, failed cnt: 116
[info] position not increasing, failed cnt: 117
[info] position not increasing, failed cnt: 118
[info] position not increasing, failed cnt: 119
[info] position not increasing, failed cnt: 120
[info] position not increasing, failed cnt: 121
[info] position not increasing, failed cnt: 122
[info] position not increasing, failed cnt: 123
[info] position not increasing, failed cnt: 124
[info] position not increasing, failed cnt: 125
[info] position not increasing, failed cnt: 126
[info] position not increasing, failed cnt: 127
[info] position not increasing, failed cnt: 128
[FATAL] model stuck, exiting ...
[info] position not increasing, failed cnt: 1
[info] position not increasing, failed cnt: 2
[info] position not increasing, failed cnt: 3
[info] position not increasing, failed cnt: 4
[info] position not increasing, failed cnt: 5
[info] position not increasing, failed cnt: 6
[info] position not increasing, failed cnt: 7
[info] position not increasing, failed cnt: 8
[info] position not increasing, failed cnt: 9
[info] position not increasing, failed cnt: 10
[info] position not increasing, failed cnt: 11
[info] position not increasing, failed cnt: 12
[info] position not increasing, failed cnt: 13
[info] position not increasing, failed cnt: 14
[info] position not increasing, failed cnt: 15
[info] position not increasing, failed cnt: 16
[info] position not increasing, failed cnt: 17
[info] position not increasing, failed cnt: 18
[info] position not increasing, failed cnt: 19
[info] position not increasing, failed cnt: 20
[info] position not increasing, failed cnt: 21
[info] position not increasing, failed cnt: 22
[info] position not increasing, failed cnt: 23
[info] position not increasing, failed cnt: 24
[info] position not increasing, failed cnt: 25
[info] position not increasing, failed cnt: 26
[info] position not increasing, failed cnt: 27
[info] position not increasing, failed cnt: 28
[info] position not increasing, failed cnt: 29
[info] position not increasing, failed cnt: 30
[info] position not increasing, failed cnt: 31
[info] position not increasing, failed cnt: 32
[info] position not increasing, failed cnt: 33
[info] position not increasing, failed cnt: 34
[info] position not increasing, failed cnt: 35
[info] position not increasing, failed cnt: 36
[info] position not increasing, failed cnt: 37
[info] position not increasing, failed cnt: 38
[info] position not increasing, failed cnt: 39
[info] position not increasing, failed cnt: 40
[info] position not increasing, failed cnt: 41
[info] position not increasing, failed cnt: 42
[info] position not increasing, failed cnt: 43
[info] position not increasing, failed cnt: 44
[info] position not increasing, failed cnt: 45
[info] position not increasing, failed cnt: 46
[info] position not increasing, failed cnt: 47
[info] position not increasing, failed cnt: 48
[info] position not increasing, failed cnt: 49
[info] position not increasing, failed cnt: 50
[info] position not increasing, failed cnt: 51
[info] position not increasing, failed cnt: 52
[info] position not increasing, failed cnt: 53
[info] position not increasing, failed cnt: 54
[info] position not increasing, failed cnt: 55
[info] position not increasing, failed cnt: 56
[info] position not increasing, failed cnt: 57
[info] position not increasing, failed cnt: 58
[info] position not increasing, failed cnt: 59
[info] position not increasing, failed cnt: 60
[info] position not increasing, failed cnt: 61
[info] position not increasing, failed cnt: 62
[info] position not increasing, failed cnt: 63
[info] position not increasing, failed cnt: 64
[info] position not increasing, failed cnt: 65
[info] position not increasing, failed cnt: 66
[info] position not increasing, failed cnt: 67
[info] position not increasing, failed cnt: 68
[info] position not increasing, failed cnt: 69
[info] position not increasing, failed cnt: 70
[info] position not increasing, failed cnt: 71
[info] position not increasing, failed cnt: 72
[info] position not increasing, failed cnt: 73
[info] position not increasing, failed cnt: 74
[info] position not increasing, failed cnt: 75
[info] position not increasing, failed cnt: 76
[info] position not increasing, failed cnt: 77
[info] position not increasing, failed cnt: 78
[info] position not increasing, failed cnt: 79
[info] position not increasing, failed cnt: 80
[info] position not increasing, failed cnt: 81
[info] position not increasing, failed cnt: 82
[info] position not increasing, failed cnt: 83
[info] position not increasing, failed cnt: 84
[info] position not increasing, failed cnt: 85
[info] position not increasing, failed cnt: 86
[info] position not increasing, failed cnt: 87
[info] position not increasing, failed cnt: 88
[info] position not increasing, failed cnt: 89
[info] position not increasing, failed cnt: 90
[info] position not increasing, failed cnt: 91
[info] position not increasing, failed cnt: 92
[info] position not increasing, failed cnt: 93
[info] position not increasing, failed cnt: 94
[info] position not increasing, failed cnt: 95
[info] position not increasing, failed cnt: 96
[info] position not increasing, failed cnt: 97
[info] position not increasing, failed cnt: 98
[info] position not increasing, failed cnt: 99
[info] position not increasing, failed cnt: 100
[info] position not increasing, failed cnt: 101
[info] position not increasing, failed cnt: 102
[info] position not increasing, failed cnt: 103
[info] position not increasing, failed cnt: 104
[info] position not increasing, failed cnt: 105
[info] position not increasing, failed cnt: 106
[info] position not increasing, failed cnt: 107
[info] position not increasing, failed cnt: 108
[info] position not increasing, failed cnt: 109
[info] position not increasing, failed cnt: 110
[info] position not increasing, failed cnt: 111
[info] position not increasing, failed cnt: 112
[info] position not increasing, failed cnt: 113
[info] position not increasing, failed cnt: 114
[info] position not increasing, failed cnt: 115
[info] position not increasing, failed cnt: 116
[info] position not increasing, failed cnt: 117
[info] position not increasing, failed cnt: 118
[info] position not increasing, failed cnt: 119
[info] position not increasing, failed cnt: 120
[info] position not increasing, failed cnt: 121
[info] position not increasing, failed cnt: 122
[info] position not increasing, failed cnt: 123
[info] position not increasing, failed cnt: 124
[info] position not increasing, failed cnt: 125
[info] position not increasing, failed cnt: 126
[info] position not increasing, failed cnt: 127
[info] position not increasing, failed cnt: 128
[FATAL] model stuck, exiting ...
-- generated events: 694
-- time elapsed: 3.28 secs
6alSXplRoBcYCNHKqJDWPz lyrics_all S2 ok=True fail=None 35.52s
-- generated events: 503
-- time elapsed: 2.11 secs
-- generated events: 193
-- time elapsed: 0.73 secs
6bPSr7yKukRjAGk9cIkJ4J orig S2 ok=True fail=None 2.93s
-- generated events: 648
-- time elapsed: 2.91 secs
-- generated events: 336
-- time elapsed: 1.35 secs
6ceBOPyGnJnumkJ2wOTt7D lyrics_all S2 ok=True fail=None 4.35s
[info] position not increasing, failed cnt: 1
[info] position not increasing, failed cnt: 2
[info] position not increasing, failed cnt: 3
[info] position not increasing, failed cnt: 4
[info] position not increasing, failed cnt: 5
[info] position not increasing, failed cnt: 6
[info] position not increasing, failed cnt: 7
[info] position not increasing, failed cnt: 8
[info] position not increasing, failed cnt: 9
[info] position not increasing, failed cnt: 10
[info] position not increasing, failed cnt: 11
[info] position not increasing, failed cnt: 12
[info] position not increasing, failed cnt: 13
[info] position not increasing, failed cnt: 14
[info] position not increasing, failed cnt: 15
[info] position not increasing, failed cnt: 16
[info] position not increasing, failed cnt: 17
[info] position not increasing, failed cnt: 18
[info] position not increasing, failed cnt: 19
[info] position not increasing, failed cnt: 20
[info] position not increasing, failed cnt: 21
[info] position not increasing, failed cnt: 22
[info] position not increasing, failed cnt: 23
[info] position not increasing, failed cnt: 24
[info] position not increasing, failed cnt: 25
[info] position not increasing, failed cnt: 26
[info] position not increasing, failed cnt: 27
[info] position not increasing, failed cnt: 28
[info] position not increasing, failed cnt: 29
[info] position not increasing, failed cnt: 30
[info] position not increasing, failed cnt: 31
[info] position not increasing, failed cnt: 32
[info] position not increasing, failed cnt: 33
[info] position not increasing, failed cnt: 34
[info] position not increasing, failed cnt: 35
[info] position not increasing, failed cnt: 36
[info] position not increasing, failed cnt: 37
[info] position not increasing, failed cnt: 38
[info] position not increasing, failed cnt: 39
[info] position not increasing, failed cnt: 40
[info] position not increasing, failed cnt: 41
[info] position not increasing, failed cnt: 42
[info] position not increasing, failed cnt: 43
[info] position not increasing, failed cnt: 44
[info] position not increasing, failed cnt: 45
[info] position not increasing, failed cnt: 46
[info] position not increasing, failed cnt: 47
[info] position not increasing, failed cnt: 48
[info] position not increasing, failed cnt: 49
[info] position not increasing, failed cnt: 50
[info] position not increasing, failed cnt: 51
[info] position not increasing, failed cnt: 52
[info] position not increasing, failed cnt: 53
[info] position not increasing, failed cnt: 54
[info] position not increasing, failed cnt: 55
[info] position not increasing, failed cnt: 56
[info] position not increasing, failed cnt: 57
[info] position not increasing, failed cnt: 58
[info] position not increasing, failed cnt: 59
[info] position not increasing, failed cnt: 60
[info] position not increasing, failed cnt: 61
[info] position not increasing, failed cnt: 62
[info] position not increasing, failed cnt: 63
[info] position not increasing, failed cnt: 64
[info] position not increasing, failed cnt: 65
[info] position not increasing, failed cnt: 66
[info] position not increasing, failed cnt: 67
[info] position not increasing, failed cnt: 68
[info] position not increasing, failed cnt: 69
[info] position not increasing, failed cnt: 70
[info] position not increasing, failed cnt: 71
[info] position not increasing, failed cnt: 72
[info] position not increasing, failed cnt: 73
[info] position not increasing, failed cnt: 74
[info] position not increasing, failed cnt: 75
[info] position not increasing, failed cnt: 76
[info] position not increasing, failed cnt: 77
[info] position not increasing, failed cnt: 78
[info] position not increasing, failed cnt: 79
[info] position not increasing, failed cnt: 80
[info] position not increasing, failed cnt: 81
[info] position not increasing, failed cnt: 82
[info] position not increasing, failed cnt: 83
[info] position not increasing, failed cnt: 84
[info] position not increasing, failed cnt: 85
[info] position not increasing, failed cnt: 86
[info] position not increasing, failed cnt: 87
[info] position not increasing, failed cnt: 88
[info] position not increasing, failed cnt: 89
[info] position not increasing, failed cnt: 90
[info] position not increasing, failed cnt: 91
[info] position not increasing, failed cnt: 92
[info] position not increasing, failed cnt: 93
[info] position not increasing, failed cnt: 94
[info] position not increasing, failed cnt: 95
[info] position not increasing, failed cnt: 96
[info] position not increasing, failed cnt: 97
[info] position not increasing, failed cnt: 98
[info] position not increasing, failed cnt: 99
[info] position not increasing, failed cnt: 100
[info] position not increasing, failed cnt: 101
[info] position not increasing, failed cnt: 102
[info] position not increasing, failed cnt: 103
[info] position not increasing, failed cnt: 104
[info] position not increasing, failed cnt: 105
[info] position not increasing, failed cnt: 106
[info] position not increasing, failed cnt: 107
[info] position not increasing, failed cnt: 108
[info] position not increasing, failed cnt: 109
[info] position not increasing, failed cnt: 110
[info] position not increasing, failed cnt: 111
[info] position not increasing, failed cnt: 112
[info] position not increasing, failed cnt: 113
[info] position not increasing, failed cnt: 114
[info] position not increasing, failed cnt: 115
[info] position not increasing, failed cnt: 116
[info] position not increasing, failed cnt: 117
[info] position not increasing, failed cnt: 118
[info] position not increasing, failed cnt: 119
[info] position not increasing, failed cnt: 120
[info] position not increasing, failed cnt: 121
[info] position not increasing, failed cnt: 122
[info] position not increasing, failed cnt: 123
[info] position not increasing, failed cnt: 124
[info] position not increasing, failed cnt: 125
[info] position not increasing, failed cnt: 126
[info] position not increasing, failed cnt: 127
[info] position not increasing, failed cnt: 128
[FATAL] model stuck, exiting ...
-- generated events: 784
-- time elapsed: 3.91 secs
-- generated events: 921
-- time elapsed: 4.89 secs
-- generated events: 180
-- time elapsed: 0.68 secs
6gkCBQjjSFX0UctwaFFdL2 orig S2 ok=True fail=None 39.91s
-- generated events: 1027
-- time elapsed: 5.83 secs
[info] position not increasing, failed cnt: 1
[info] position not increasing, failed cnt: 1
[info] position not increasing, failed cnt: 2
[info] position not increasing, failed cnt: 3
[info] position not increasing, failed cnt: 4
[info] position not increasing, failed cnt: 5
[info] position not increasing, failed cnt: 6
[info] position not increasing, failed cnt: 7
[info] position not increasing, failed cnt: 1
[info] error EOS occurs, failed eos: 1
[info] error EOS occurs, failed eos: 2
[info] error EOS occurs, failed eos: 3
[info] error EOS occurs, failed eos: 4
[info] error EOS occurs, failed eos: 5
[info] error EOS occurs, failed eos: 6
[info] error EOS occurs, failed eos: 7
[info] error EOS occurs, failed eos: 8
[info] error EOS occurs, failed eos: 9
[info] error EOS occurs, failed eos: 10
[info] error EOS occurs, failed eos: 11
[info] error EOS occurs, failed eos: 12
[info] error EOS occurs, failed eos: 13
[info] error EOS occurs, failed eos: 14
[info] error EOS occurs, failed eos: 15
[info] error EOS occurs, failed eos: 16
[info] error EOS occurs, failed eos: 17
[info] error EOS occurs, failed eos: 18
[info] error EOS occurs, failed eos: 19
[info] error EOS occurs, failed eos: 20
[info] error EOS occurs, failed eos: 21
[info] error EOS occurs, failed eos: 22
[info] error EOS occurs, failed eos: 23
[info] error EOS occurs, failed eos: 24
[info] error EOS occurs, failed eos: 25
[info] error EOS occurs, failed eos: 26
[info] error EOS occurs, failed eos: 27
[info] error EOS occurs, failed eos: 28
[info] error EOS occurs, failed eos: 29
[info] error EOS occurs, failed eos: 30
[info] error EOS occurs, failed eos: 31
[info] error EOS occurs, failed eos: 32
[info] error EOS occurs, failed eos: 33
[info] error EOS occurs, failed eos: 34
[info] error EOS occurs, failed eos: 35
[info] error EOS occurs, failed eos: 36
[info] error EOS occurs, failed eos: 37
[info] error EOS occurs, failed eos: 38
[info] error EOS occurs, failed eos: 39
[info] error EOS occurs, failed eos: 40
[info] error EOS occurs, failed eos: 41
[info] error EOS occurs, failed eos: 42
[info] error EOS occurs, failed eos: 43
[info] error EOS occurs, failed eos: 44
[info] error EOS occurs, failed eos: 45
[info] error EOS occurs, failed eos: 46
[info] error EOS occurs, failed eos: 47
[info] error EOS occurs, failed eos: 48
[info] error EOS occurs, failed eos: 49
[info] error EOS occurs, failed eos: 50
[info] error EOS occurs, failed eos: 51
[info] error EOS occurs, failed eos: 52
[info] error EOS occurs, failed eos: 53
[info] error EOS occurs, failed eos: 54
[info] error EOS occurs, failed eos: 55
[info] error EOS occurs, failed eos: 56
[info] error EOS occurs, failed eos: 57
[info] error EOS occurs, failed eos: 58
[info] error EOS occurs, failed eos: 59
[info] error EOS occurs, failed eos: 60
[info] error EOS occurs, failed eos: 61
[info] error EOS occurs, failed eos: 62
[info] error EOS occurs, failed eos: 63
[info] error EOS occurs, failed eos: 64
[info] error EOS occurs, failed eos: 65
[info] error EOS occurs, failed eos: 66
[info] error EOS occurs, failed eos: 67
[info] error EOS occurs, failed eos: 68
[info] error EOS occurs, failed eos: 69
[info] error EOS occurs, failed eos: 70
[info] error EOS occurs, failed eos: 71
[info] error EOS occurs, failed eos: 72
[info] error EOS occurs, failed eos: 73
[info] error EOS occurs, failed eos: 74
[info] error EOS occurs, failed eos: 75
[info] error EOS occurs, failed eos: 76
[info] error EOS occurs, failed eos: 77
[info] error EOS occurs, failed eos: 78
[info] error EOS occurs, failed eos: 79
[info] error EOS occurs, failed eos: 80
[info] error EOS occurs, failed eos: 81
[info] error EOS occurs, failed eos: 82
[info] error EOS occurs, failed eos: 83
[info] error EOS occurs, failed eos: 84
[info] error EOS occurs, failed eos: 85
[info] error EOS occurs, failed eos: 86
[info] error EOS occurs, failed eos: 87
[info] error EOS occurs, failed eos: 88
[info] error EOS occurs, failed eos: 89
[info] error EOS occurs, failed eos: 90
[info] error EOS occurs, failed eos: 91
[info] error EOS occurs, failed eos: 92
[info] error EOS occurs, failed eos: 93
[info] error EOS occurs, failed eos: 94
[info] error EOS occurs, failed eos: 95
[info] error EOS occurs, failed eos: 96
[info] error EOS occurs, failed eos: 97
[info] error EOS occurs, failed eos: 98
[info] error EOS occurs, failed eos: 99
[info] error EOS occurs, failed eos: 100
[info] error EOS occurs, failed eos: 101
[info] error EOS occurs, failed eos: 102
[info] error EOS occurs, failed eos: 103
[info] error EOS occurs, failed eos: 104
[info] error EOS occurs, failed eos: 105
[info] error EOS occurs, failed eos: 106
[info] error EOS occurs, failed eos: 107
[info] error EOS occurs, failed eos: 108
[info] error EOS occurs, failed eos: 109
[info] error EOS occurs, failed eos: 110
[info] error EOS occurs, failed eos: 111
[info] error EOS occurs, failed eos: 112
[info] error EOS occurs, failed eos: 113
[info] error EOS occurs, failed eos: 114
[info] error EOS occurs, failed eos: 115
[info] error EOS occurs, failed eos: 116
[info] error EOS occurs, failed eos: 117
[info] error EOS occurs, failed eos: 118
[info] error EOS occurs, failed eos: 119
[info] error EOS occurs, failed eos: 120
[info] error EOS occurs, failed eos: 121
[info] error EOS occurs, failed eos: 122
[info] error EOS occurs, failed eos: 123
[info] error EOS occurs, failed eos: 124
[info] error EOS occurs, failed eos: 125
[info] error EOS occurs, failed eos: 126
[info] error EOS occurs, failed eos: 127
[info] error EOS occurs, failed eos: 128
[FATAL] model stuck, eos error ...
-- generated events: 869
-- time elapsed: 4.54 secs
-- generated events: 107
-- time elapsed: 0.40 secs
6i6Lrq6Lkfsjw4WCLOr6zp lyrics_all S2 ok=True fail=None 48.88s
-- generated events: 883
-- time elapsed: 4.62 secs
-- generated events: 186
-- time elapsed: 0.70 secs
6lyPKJbCwZEiOtxwXxTDLD orig S2 ok=True fail=None 5.41s
-- generated events: 743
-- time elapsed: 3.51 secs
-- generated events: 367
-- time elapsed: 1.47 secs
6n5cdQsg6li2aDYUGUiL5l lyrics_all S2 ok=True fail=None 5.06s
-- generated events: 838
-- time elapsed: 4.21 secs
6ousLSFH3faAPCokCk2gCm orig S2 ok=True fail=None 4.25s
-- generated events: 857
-- time elapsed: 4.37 secs
-- generated events: 307
-- time elapsed: 1.21 secs
6pQe06VbPHfAD9MVV7y7ed lyrics_all S2 ok=True fail=None 5.67s
-- generated events: 603
-- time elapsed: 2.63 secs
-- generated events: 513
-- time elapsed: 2.14 secs
72HBFpZW26bT1E0POMsQUW orig S2 ok=True fail=None 4.86s
[info] position not increasing, failed cnt: 1
[info] position not increasing, failed cnt: 2
[info] position not increasing, failed cnt: 3
[info] position not increasing, failed cnt: 4
[info] position not increasing, failed cnt: 5
[info] position not increasing, failed cnt: 6
[info] position not increasing, failed cnt: 7
[info] position not increasing, failed cnt: 8
[info] position not increasing, failed cnt: 9
[info] position not increasing, failed cnt: 10
[info] position not increasing, failed cnt: 11
[info] position not increasing, failed cnt: 12
[info] position not increasing, failed cnt: 13
[info] position not increasing, failed cnt: 14
[info] position not increasing, failed cnt: 15
[info] position not increasing, failed cnt: 16
[info] position not increasing, failed cnt: 17
[info] position not increasing, failed cnt: 18
[info] position not increasing, failed cnt: 19
[info] position not increasing, failed cnt: 20
[info] position not increasing, failed cnt: 21
[info] position not increasing, failed cnt: 22
[info] position not increasing, failed cnt: 23
[info] position not increasing, failed cnt: 24
[info] position not increasing, failed cnt: 25
[info] position not increasing, failed cnt: 26
[info] position not increasing, failed cnt: 27
[info] position not increasing, failed cnt: 28
[info] position not increasing, failed cnt: 29
[info] position not increasing, failed cnt: 30
[info] position not increasing, failed cnt: 31
[info] position not increasing, failed cnt: 32
[info] position not increasing, failed cnt: 33
[info] position not increasing, failed cnt: 34
[info] position not increasing, failed cnt: 35
[info] position not increasing, failed cnt: 36
[info] position not increasing, failed cnt: 37
[info] position not increasing, failed cnt: 38
[info] position not increasing, failed cnt: 39
[info] position not increasing, failed cnt: 40
[info] position not increasing, failed cnt: 41
[info] position not increasing, failed cnt: 42
[info] position not increasing, failed cnt: 43
[info] position not increasing, failed cnt: 44
[info] position not increasing, failed cnt: 45
[info] position not increasing, failed cnt: 46
[info] position not increasing, failed cnt: 47
[info] position not increasing, failed cnt: 48
[info] position not increasing, failed cnt: 49
[info] position not increasing, failed cnt: 50
[info] position not increasing, failed cnt: 51
[info] position not increasing, failed cnt: 52
[info] position not increasing, failed cnt: 53
[info] position not increasing, failed cnt: 54
[info] position not increasing, failed cnt: 55
[info] position not increasing, failed cnt: 56
[info] position not increasing, failed cnt: 57
[info] position not increasing, failed cnt: 58
[info] position not increasing, failed cnt: 59
[info] position not increasing, failed cnt: 60
[info] position not increasing, failed cnt: 61
[info] position not increasing, failed cnt: 62
[info] position not increasing, failed cnt: 63
[info] position not increasing, failed cnt: 64
[info] position not increasing, failed cnt: 65
[info] position not increasing, failed cnt: 66
[info] position not increasing, failed cnt: 67
[info] position not increasing, failed cnt: 68
[info] position not increasing, failed cnt: 69
[info] position not increasing, failed cnt: 70
[info] position not increasing, failed cnt: 71
[info] position not increasing, failed cnt: 72
[info] position not increasing, failed cnt: 73
[info] position not increasing, failed cnt: 74
[info] position not increasing, failed cnt: 75
[info] position not increasing, failed cnt: 76
[info] position not increasing, failed cnt: 77
[info] position not increasing, failed cnt: 78
[info] position not increasing, failed cnt: 79
[info] position not increasing, failed cnt: 80
[info] position not increasing, failed cnt: 81
[info] position not increasing, failed cnt: 82
[info] position not increasing, failed cnt: 83
[info] position not increasing, failed cnt: 84
[info] position not increasing, failed cnt: 85
[info] position not increasing, failed cnt: 86
[info] position not increasing, failed cnt: 87
[info] position not increasing, failed cnt: 88
[info] position not increasing, failed cnt: 89
[info] position not increasing, failed cnt: 90
[info] position not increasing, failed cnt: 91
[info] position not increasing, failed cnt: 92
[info] position not increasing, failed cnt: 93
[info] position not increasing, failed cnt: 94
[info] position not increasing, failed cnt: 95
[info] position not increasing, failed cnt: 96
[info] position not increasing, failed cnt: 97
[info] position not increasing, failed cnt: 98
[info] position not increasing, failed cnt: 99
[info] position not increasing, failed cnt: 100
[info] position not increasing, failed cnt: 101
[info] position not increasing, failed cnt: 102
[info] position not increasing, failed cnt: 103
[info] position not increasing, failed cnt: 104
[info] position not increasing, failed cnt: 105
[info] position not increasing, failed cnt: 106
[info] position not increasing, failed cnt: 107
[info] position not increasing, failed cnt: 108
[info] position not increasing, failed cnt: 109
[info] position not increasing, failed cnt: 110
[info] position not increasing, failed cnt: 111
[info] position not increasing, failed cnt: 112
[info] position not increasing, failed cnt: 113
[info] position not increasing, failed cnt: 114
[info] position not increasing, failed cnt: 115
[info] position not increasing, failed cnt: 116
[info] position not increasing, failed cnt: 117
[info] position not increasing, failed cnt: 118
[info] position not increasing, failed cnt: 119
[info] position not increasing, failed cnt: 120
[info] position not increasing, failed cnt: 121
[info] position not increasing, failed cnt: 122
[info] position not increasing, failed cnt: 123
[info] position not increasing, failed cnt: 124
[info] position not increasing, failed cnt: 125
[info] position not increasing, failed cnt: 126
[info] position not increasing, failed cnt: 127
[info] position not increasing, failed cnt: 128
[FATAL] model stuck, exiting ...
-- generated events: 815
-- time elapsed: 4.08 secs
[info] position not increasing, failed cnt: 1
[info] position not increasing, failed cnt: 2
-- generated events: 261
-- time elapsed: 1.02 secs
72yPhoXJHKpAeCt99RLdK4 lyrics_all S2 ok=True fail=None 46.69s
-- generated events: 682
-- time elapsed: 3.12 secs
-- generated events: 297
-- time elapsed: 1.17 secs
7DWvcbGGWWtk0edvck09X3 orig S2 ok=True fail=None 4.37s
7DeY1fKszqaJKtXUk1NiiH lyrics_all S2 ok=False fail=unsupported_meter 0.0s
[info] position not increasing, failed cnt: 1
[info] position not increasing, failed cnt: 2
[info] position not increasing, failed cnt: 3
[info] position not increasing, failed cnt: 4
[info] position not increasing, failed cnt: 1
[info] position not increasing, failed cnt: 2
[info] position not increasing, failed cnt: 3
[info] position not increasing, failed cnt: 1
[info] position not increasing, failed cnt: 2
[info] position not increasing, failed cnt: 3
-- generated events: 670
-- time elapsed: 3.08 secs
[info] position not increasing, failed cnt: 1
[info] position not increasing, failed cnt: 2
[info] position not increasing, failed cnt: 3
[info] position not increasing, failed cnt: 4
[info] position not increasing, failed cnt: 5
[info] position not increasing, failed cnt: 6
[info] position not increasing, failed cnt: 7
[info] position not increasing, failed cnt: 8
[info] position not increasing, failed cnt: 9
[info] position not increasing, failed cnt: 10
[info] position not increasing, failed cnt: 11
[info] position not increasing, failed cnt: 12
[info] position not increasing, failed cnt: 13
[info] position not increasing, failed cnt: 14
[info] position not increasing, failed cnt: 15
[info] position not increasing, failed cnt: 16
[info] position not increasing, failed cnt: 17
[info] position not increasing, failed cnt: 18
[info] position not increasing, failed cnt: 19
[info] position not increasing, failed cnt: 20
[info] position not increasing, failed cnt: 21
[info] position not increasing, failed cnt: 22
-- generated events: 506
-- time elapsed: 2.22 secs
-- generated events: 473
-- time elapsed: 1.95 secs
7Ga5M55lfOVkuHxzUgk4ZX orig S2 ok=True fail=None 7.38s
-- generated events: 967
-- time elapsed: 5.30 secs
-- generated events: 892
-- time elapsed: 4.66 secs
7IE2jtO8pkWtcSdj71OnlT lyrics_all S2 ok=True fail=None 10.05s
-- generated events: 749
-- time elapsed: 3.57 secs
[info] position not increasing, failed cnt: 1
[info] position not increasing, failed cnt: 2
[info] position not increasing, failed cnt: 3
[info] position not increasing, failed cnt: 4
[info] position not increasing, failed cnt: 5
[info] position not increasing, failed cnt: 6
[info] position not increasing, failed cnt: 7
[info] position not increasing, failed cnt: 8
[info] position not increasing, failed cnt: 9
[info] position not increasing, failed cnt: 10
[info] position not increasing, failed cnt: 11
[info] position not increasing, failed cnt: 12
[info] position not increasing, failed cnt: 13
[info] position not increasing, failed cnt: 14
[info] position not increasing, failed cnt: 15
[info] position not increasing, failed cnt: 16
[info] position not increasing, failed cnt: 17
[info] position not increasing, failed cnt: 18
[info] position not increasing, failed cnt: 19
[info] position not increasing, failed cnt: 20
[info] position not increasing, failed cnt: 21
[info] position not increasing, failed cnt: 22
[info] position not increasing, failed cnt: 23
[info] position not increasing, failed cnt: 24
[info] position not increasing, failed cnt: 25
[info] position not increasing, failed cnt: 26
[info] position not increasing, failed cnt: 27
[info] position not increasing, failed cnt: 28
[info] position not increasing, failed cnt: 29
[info] position not increasing, failed cnt: 30
[info] position not increasing, failed cnt: 31
[info] position not increasing, failed cnt: 32
[info] position not increasing, failed cnt: 33
[info] position not increasing, failed cnt: 34
[info] position not increasing, failed cnt: 35
[info] position not increasing, failed cnt: 36
[info] position not increasing, failed cnt: 37
[info] position not increasing, failed cnt: 38
[info] position not increasing, failed cnt: 39
[info] position not increasing, failed cnt: 40
[info] position not increasing, failed cnt: 41
[info] position not increasing, failed cnt: 42
[info] position not increasing, failed cnt: 43
[info] position not increasing, failed cnt: 44
[info] position not increasing, failed cnt: 45
[info] position not increasing, failed cnt: 46
[info] position not increasing, failed cnt: 47
[info] position not increasing, failed cnt: 48
[info] position not increasing, failed cnt: 49
[info] position not increasing, failed cnt: 50
[info] position not increasing, failed cnt: 51
[info] position not increasing, failed cnt: 52
[info] position not increasing, failed cnt: 53
[info] position not increasing, failed cnt: 54
[info] position not increasing, failed cnt: 55
[info] position not increasing, failed cnt: 56
[info] position not increasing, failed cnt: 57
[info] position not increasing, failed cnt: 58
[info] position not increasing, failed cnt: 59
[info] position not increasing, failed cnt: 60
[info] position not increasing, failed cnt: 61
[info] position not increasing, failed cnt: 62
[info] position not increasing, failed cnt: 63
[info] position not increasing, failed cnt: 64
[info] position not increasing, failed cnt: 65
[info] position not increasing, failed cnt: 66
[info] position not increasing, failed cnt: 67
[info] position not increasing, failed cnt: 68
[info] position not increasing, failed cnt: 69
[info] position not increasing, failed cnt: 70
[info] position not increasing, failed cnt: 71
[info] position not increasing, failed cnt: 72
[info] position not increasing, failed cnt: 73
[info] position not increasing, failed cnt: 74
[info] position not increasing, failed cnt: 75
[info] position not increasing, failed cnt: 76
[info] position not increasing, failed cnt: 77
[info] position not increasing, failed cnt: 78
[info] position not increasing, failed cnt: 79
[info] position not increasing, failed cnt: 80
[info] position not increasing, failed cnt: 81
[info] position not increasing, failed cnt: 82
[info] position not increasing, failed cnt: 83
[info] position not increasing, failed cnt: 84
[info] position not increasing, failed cnt: 85
[info] position not increasing, failed cnt: 86
[info] position not increasing, failed cnt: 87
[info] position not increasing, failed cnt: 88
[info] position not increasing, failed cnt: 89
[info] position not increasing, failed cnt: 90
[info] position not increasing, failed cnt: 91
[info] position not increasing, failed cnt: 92
[info] position not increasing, failed cnt: 93
[info] position not increasing, failed cnt: 94
[info] position not increasing, failed cnt: 95
[info] position not increasing, failed cnt: 96
[info] position not increasing, failed cnt: 97
[info] position not increasing, failed cnt: 98
[info] position not increasing, failed cnt: 99
[info] position not increasing, failed cnt: 100
[info] position not increasing, failed cnt: 101
[info] position not increasing, failed cnt: 102
[info] position not increasing, failed cnt: 103
[info] position not increasing, failed cnt: 104
[info] position not increasing, failed cnt: 105
[info] position not increasing, failed cnt: 106
[info] position not increasing, failed cnt: 107
[info] position not increasing, failed cnt: 108
[info] position not increasing, failed cnt: 109
[info] position not increasing, failed cnt: 110
[info] position not increasing, failed cnt: 111
[info] position not increasing, failed cnt: 112
[info] position not increasing, failed cnt: 113
[info] position not increasing, failed cnt: 114
[info] position not increasing, failed cnt: 115
[info] position not increasing, failed cnt: 116
[info] position not increasing, failed cnt: 117
[info] position not increasing, failed cnt: 118
[info] position not increasing, failed cnt: 119
[info] position not increasing, failed cnt: 120
[info] position not increasing, failed cnt: 121
[info] position not increasing, failed cnt: 122
[info] position not increasing, failed cnt: 123
[info] position not increasing, failed cnt: 124
[info] position not increasing, failed cnt: 125
[info] position not increasing, failed cnt: 126
[info] position not increasing, failed cnt: 127
[info] position not increasing, failed cnt: 128
[FATAL] model stuck, exiting ...
[info] position not increasing, failed cnt: 1
[info] position not increasing, failed cnt: 2
[info] position not increasing, failed cnt: 3
[info] position not increasing, failed cnt: 4
[info] position not increasing, failed cnt: 5
[info] position not increasing, failed cnt: 6
[info] position not increasing, failed cnt: 7
[info] position not increasing, failed cnt: 8
[info] position not increasing, failed cnt: 9
[info] position not increasing, failed cnt: 10
[info] position not increasing, failed cnt: 11
[info] position not increasing, failed cnt: 12
[info] position not increasing, failed cnt: 13
[info] position not increasing, failed cnt: 14
[info] position not increasing, failed cnt: 15
[info] position not increasing, failed cnt: 16
[info] position not increasing, failed cnt: 17
[info] position not increasing, failed cnt: 18
[info] position not increasing, failed cnt: 19
[info] position not increasing, failed cnt: 20
[info] position not increasing, failed cnt: 21
[info] position not increasing, failed cnt: 22
[info] position not increasing, failed cnt: 23
[info] position not increasing, failed cnt: 24
[info] position not increasing, failed cnt: 25
[info] position not increasing, failed cnt: 26
[info] position not increasing, failed cnt: 27
[info] position not increasing, failed cnt: 28
[info] position not increasing, failed cnt: 29
[info] position not increasing, failed cnt: 30
[info] position not increasing, failed cnt: 31
[info] position not increasing, failed cnt: 32
[info] position not increasing, failed cnt: 33
[info] position not increasing, failed cnt: 34
[info] position not increasing, failed cnt: 35
[info] position not increasing, failed cnt: 36
[info] position not increasing, failed cnt: 37
[info] position not increasing, failed cnt: 38
[info] position not increasing, failed cnt: 39
[info] position not increasing, failed cnt: 40
[info] position not increasing, failed cnt: 41
[info] position not increasing, failed cnt: 42
[info] position not increasing, failed cnt: 43
[info] position not increasing, failed cnt: 44
[info] position not increasing, failed cnt: 45
[info] position not increasing, failed cnt: 46
[info] position not increasing, failed cnt: 47
[info] position not increasing, failed cnt: 48
[info] position not increasing, failed cnt: 49
[info] position not increasing, failed cnt: 50
[info] position not increasing, failed cnt: 51
[info] position not increasing, failed cnt: 52
[info] position not increasing, failed cnt: 53
[info] position not increasing, failed cnt: 54
[info] position not increasing, failed cnt: 55
[info] position not increasing, failed cnt: 56
[info] position not increasing, failed cnt: 57
[info] position not increasing, failed cnt: 58
[info] position not increasing, failed cnt: 59
[info] position not increasing, failed cnt: 60
[info] position not increasing, failed cnt: 61
[info] position not increasing, failed cnt: 62
[info] position not increasing, failed cnt: 63
[info] position not increasing, failed cnt: 64
[info] position not increasing, failed cnt: 65
[info] position not increasing, failed cnt: 66
[info] position not increasing, failed cnt: 67
[info] position not increasing, failed cnt: 68
[info] position not increasing, failed cnt: 69
[info] position not increasing, failed cnt: 70
[info] position not increasing, failed cnt: 71
[info] position not increasing, failed cnt: 72
[info] position not increasing, failed cnt: 73
[info] position not increasing, failed cnt: 74
[info] position not increasing, failed cnt: 75
[info] position not increasing, failed cnt: 76
[info] position not increasing, failed cnt: 77
[info] position not increasing, failed cnt: 78
[info] position not increasing, failed cnt: 79
[info] position not increasing, failed cnt: 80
[info] position not increasing, failed cnt: 81
[info] position not increasing, failed cnt: 82
[info] position not increasing, failed cnt: 83
[info] position not increasing, failed cnt: 84
[info] position not increasing, failed cnt: 85
[info] position not increasing, failed cnt: 86
[info] position not increasing, failed cnt: 87
[info] position not increasing, failed cnt: 88
[info] position not increasing, failed cnt: 89
[info] position not increasing, failed cnt: 90
[info] position not increasing, failed cnt: 91
[info] position not increasing, failed cnt: 92
[info] position not increasing, failed cnt: 93
[info] position not increasing, failed cnt: 94
[info] position not increasing, failed cnt: 95
[info] position not increasing, failed cnt: 96
[info] position not increasing, failed cnt: 97
[info] position not increasing, failed cnt: 98
[info] position not increasing, failed cnt: 99
[info] position not increasing, failed cnt: 100
[info] position not increasing, failed cnt: 101
[info] position not increasing, failed cnt: 102
[info] position not increasing, failed cnt: 103
[info] position not increasing, failed cnt: 104
[info] position not increasing, failed cnt: 105
[info] position not increasing, failed cnt: 106
[info] position not increasing, failed cnt: 107
[info] position not increasing, failed cnt: 108
[info] position not increasing, failed cnt: 109
[info] position not increasing, failed cnt: 110
[info] position not increasing, failed cnt: 111
[info] position not increasing, failed cnt: 112
[info] position not increasing, failed cnt: 113
[info] position not increasing, failed cnt: 114
[info] position not increasing, failed cnt: 115
[info] position not increasing, failed cnt: 116
[info] position not increasing, failed cnt: 117
[info] position not increasing, failed cnt: 118
[info] position not increasing, failed cnt: 119
[info] position not increasing, failed cnt: 120
[info] position not increasing, failed cnt: 121
[info] position not increasing, failed cnt: 122
[info] position not increasing, failed cnt: 123
[info] position not increasing, failed cnt: 124
[info] position not increasing, failed cnt: 125
[info] position not increasing, failed cnt: 126
[info] position not increasing, failed cnt: 127
[info] position not increasing, failed cnt: 128
[FATAL] model stuck, exiting ...
[info] position not increasing, failed cnt: 1
[info] position not increasing, failed cnt: 2
[info] position not increasing, failed cnt: 3
[info] position not increasing, failed cnt: 4
[info] position not increasing, failed cnt: 5
[info] position not increasing, failed cnt: 6
[info] position not increasing, failed cnt: 7
[info] position not increasing, failed cnt: 8
[info] position not increasing, failed cnt: 9
[info] position not increasing, failed cnt: 10
[info] position not increasing, failed cnt: 11
[info] position not increasing, failed cnt: 12
[info] position not increasing, failed cnt: 13
[info] position not increasing, failed cnt: 14
[info] position not increasing, failed cnt: 15
[info] position not increasing, failed cnt: 16
[info] position not increasing, failed cnt: 17
[info] position not increasing, failed cnt: 18
[info] position not increasing, failed cnt: 19
[info] position not increasing, failed cnt: 20
[info] position not increasing, failed cnt: 21
[info] position not increasing, failed cnt: 22
[info] position not increasing, failed cnt: 23
[info] position not increasing, failed cnt: 24
[info] position not increasing, failed cnt: 25
[info] position not increasing, failed cnt: 26
[info] position not increasing, failed cnt: 27
[info] position not increasing, failed cnt: 28
[info] position not increasing, failed cnt: 29
[info] position not increasing, failed cnt: 30
[info] position not increasing, failed cnt: 31
[info] position not increasing, failed cnt: 32
[info] position not increasing, failed cnt: 33
[info] position not increasing, failed cnt: 34
[info] position not increasing, failed cnt: 35
[info] position not increasing, failed cnt: 36
[info] position not increasing, failed cnt: 37
[info] position not increasing, failed cnt: 38
[info] position not increasing, failed cnt: 39
[info] position not increasing, failed cnt: 40
[info] position not increasing, failed cnt: 41
[info] position not increasing, failed cnt: 42
[info] position not increasing, failed cnt: 43
[info] position not increasing, failed cnt: 44
[info] position not increasing, failed cnt: 45
[info] position not increasing, failed cnt: 46
[info] position not increasing, failed cnt: 47
[info] position not increasing, failed cnt: 48
[info] position not increasing, failed cnt: 49
[info] position not increasing, failed cnt: 50
[info] position not increasing, failed cnt: 51
[info] position not increasing, failed cnt: 52
[info] position not increasing, failed cnt: 53
[info] position not increasing, failed cnt: 54
[info] position not increasing, failed cnt: 55
[info] position not increasing, failed cnt: 56
[info] position not increasing, failed cnt: 57
[info] position not increasing, failed cnt: 58
[info] position not increasing, failed cnt: 59
[info] position not increasing, failed cnt: 60
[info] position not increasing, failed cnt: 61
[info] position not increasing, failed cnt: 62
[info] position not increasing, failed cnt: 63
[info] position not increasing, failed cnt: 64
[info] position not increasing, failed cnt: 65
[info] position not increasing, failed cnt: 66
[info] position not increasing, failed cnt: 67
[info] position not increasing, failed cnt: 68
[info] position not increasing, failed cnt: 69
[info] position not increasing, failed cnt: 70
[info] position not increasing, failed cnt: 71
[info] position not increasing, failed cnt: 72
[info] position not increasing, failed cnt: 73
[info] position not increasing, failed cnt: 74
[info] position not increasing, failed cnt: 75
[info] position not increasing, failed cnt: 76
[info] position not increasing, failed cnt: 77
[info] position not increasing, failed cnt: 78
[info] position not increasing, failed cnt: 79
[info] position not increasing, failed cnt: 80
[info] position not increasing, failed cnt: 81
[info] position not increasing, failed cnt: 82
[info] position not increasing, failed cnt: 83
[info] position not increasing, failed cnt: 84
[info] position not increasing, failed cnt: 85
[info] position not increasing, failed cnt: 86
[info] position not increasing, failed cnt: 87
[info] position not increasing, failed cnt: 88
[info] position not increasing, failed cnt: 89
[info] position not increasing, failed cnt: 90
[info] position not increasing, failed cnt: 91
[info] position not increasing, failed cnt: 92
[info] position not increasing, failed cnt: 93
[info] position not increasing, failed cnt: 94
[info] position not increasing, failed cnt: 95
[info] position not increasing, failed cnt: 96
[info] position not increasing, failed cnt: 97
[info] position not increasing, failed cnt: 98
[info] position not increasing, failed cnt: 99
[info] position not increasing, failed cnt: 100
[info] position not increasing, failed cnt: 101
[info] position not increasing, failed cnt: 102
[info] position not increasing, failed cnt: 103
[info] position not increasing, failed cnt: 104
[info] position not increasing, failed cnt: 105
[info] position not increasing, failed cnt: 106
[info] position not increasing, failed cnt: 107
[info] position not increasing, failed cnt: 108
[info] position not increasing, failed cnt: 109
[info] position not increasing, failed cnt: 110
[info] position not increasing, failed cnt: 111
[info] position not increasing, failed cnt: 112
[info] position not increasing, failed cnt: 113
[info] position not increasing, failed cnt: 114
[info] position not increasing, failed cnt: 115
[info] position not increasing, failed cnt: 116
[info] position not increasing, failed cnt: 117
[info] position not increasing, failed cnt: 118
[info] position not increasing, failed cnt: 119
[info] position not increasing, failed cnt: 120
[info] position not increasing, failed cnt: 121
[info] position not increasing, failed cnt: 122
[info] position not increasing, failed cnt: 123
[info] position not increasing, failed cnt: 124
[info] position not increasing, failed cnt: 125
[info] position not increasing, failed cnt: 126
[info] position not increasing, failed cnt: 127
[info] position not increasing, failed cnt: 128
[FATAL] model stuck, exiting ...
-- generated events: 321
-- time elapsed: 1.28 secs
7iUYsnszotTdqXyh8tzQlZ orig S2 ok=True fail=None 64.32s
[info] position not increasing, failed cnt: 1
[info] position not increasing, failed cnt: 2
[info] position not increasing, failed cnt: 3
[info] position not increasing, failed cnt: 4
[info] position not increasing, failed cnt: 5
[info] position not increasing, failed cnt: 6
[info] position not increasing, failed cnt: 7
[info] position not increasing, failed cnt: 8
[info] position not increasing, failed cnt: 9
[info] position not increasing, failed cnt: 10
[info] position not increasing, failed cnt: 11
[info] position not increasing, failed cnt: 12
[info] position not increasing, failed cnt: 13
[info] position not increasing, failed cnt: 14
[info] position not increasing, failed cnt: 15
[info] position not increasing, failed cnt: 16
[info] position not increasing, failed cnt: 17
[info] position not increasing, failed cnt: 18
[info] position not increasing, failed cnt: 19
[info] position not increasing, failed cnt: 20
[info] position not increasing, failed cnt: 21
[info] position not increasing, failed cnt: 22
[info] position not increasing, failed cnt: 23
[info] position not increasing, failed cnt: 24
[info] position not increasing, failed cnt: 25
[info] position not increasing, failed cnt: 26
[info] position not increasing, failed cnt: 27
[info] position not increasing, failed cnt: 28
[info] position not increasing, failed cnt: 29
[info] position not increasing, failed cnt: 30
[info] position not increasing, failed cnt: 31
[info] position not increasing, failed cnt: 32
[info] position not increasing, failed cnt: 33
[info] position not increasing, failed cnt: 34
[info] position not increasing, failed cnt: 35
[info] position not increasing, failed cnt: 36
[info] position not increasing, failed cnt: 37
[info] position not increasing, failed cnt: 38
[info] position not increasing, failed cnt: 39
[info] position not increasing, failed cnt: 40
[info] position not increasing, failed cnt: 41
[info] position not increasing, failed cnt: 42
[info] position not increasing, failed cnt: 43
[info] position not increasing, failed cnt: 44
[info] position not increasing, failed cnt: 45
[info] position not increasing, failed cnt: 46
[info] position not increasing, failed cnt: 47
[info] position not increasing, failed cnt: 48
[info] position not increasing, failed cnt: 49
[info] position not increasing, failed cnt: 50
[info] position not increasing, failed cnt: 51
[info] position not increasing, failed cnt: 52
[info] position not increasing, failed cnt: 53
[info] position not increasing, failed cnt: 54
[info] position not increasing, failed cnt: 55
[info] position not increasing, failed cnt: 56
[info] position not increasing, failed cnt: 57
[info] position not increasing, failed cnt: 58
[info] position not increasing, failed cnt: 59
[info] position not increasing, failed cnt: 60
[info] position not increasing, failed cnt: 61
[info] position not increasing, failed cnt: 62
[info] position not increasing, failed cnt: 63
[info] position not increasing, failed cnt: 64
[info] position not increasing, failed cnt: 65
[info] position not increasing, failed cnt: 66
[info] position not increasing, failed cnt: 67
[info] position not increasing, failed cnt: 68
[info] position not increasing, failed cnt: 69
[info] position not increasing, failed cnt: 70
[info] position not increasing, failed cnt: 71
[info] position not increasing, failed cnt: 72
[info] position not increasing, failed cnt: 73
[info] position not increasing, failed cnt: 74
[info] position not increasing, failed cnt: 75
[info] position not increasing, failed cnt: 76
[info] position not increasing, failed cnt: 77
[info] position not increasing, failed cnt: 78
[info] position not increasing, failed cnt: 79
[info] position not increasing, failed cnt: 80
[info] position not increasing, failed cnt: 81
[info] position not increasing, failed cnt: 82
[info] position not increasing, failed cnt: 83
[info] position not increasing, failed cnt: 84
[info] position not increasing, failed cnt: 85
[info] position not increasing, failed cnt: 86
[info] position not increasing, failed cnt: 87
[info] position not increasing, failed cnt: 88
[info] position not increasing, failed cnt: 89
[info] position not increasing, failed cnt: 90
[info] position not increasing, failed cnt: 91
[info] position not increasing, failed cnt: 92
[info] position not increasing, failed cnt: 93
[info] position not increasing, failed cnt: 94
[info] position not increasing, failed cnt: 95
[info] position not increasing, failed cnt: 96
[info] position not increasing, failed cnt: 97
[info] position not increasing, failed cnt: 98
[info] position not increasing, failed cnt: 99
[info] position not increasing, failed cnt: 100
[info] position not increasing, failed cnt: 101
[info] position not increasing, failed cnt: 102
[info] position not increasing, failed cnt: 103
[info] position not increasing, failed cnt: 104
[info] position not increasing, failed cnt: 105
[info] position not increasing, failed cnt: 106
[info] position not increasing, failed cnt: 107
[info] position not increasing, failed cnt: 108
[info] position not increasing, failed cnt: 109
[info] position not increasing, failed cnt: 110
[info] position not increasing, failed cnt: 111
[info] position not increasing, failed cnt: 112
[info] position not increasing, failed cnt: 113
[info] position not increasing, failed cnt: 114
[info] position not increasing, failed cnt: 115
[info] position not increasing, failed cnt: 116
[info] position not increasing, failed cnt: 117
[info] position not increasing, failed cnt: 118
[info] position not increasing, failed cnt: 119
[info] position not increasing, failed cnt: 120
[info] position not increasing, failed cnt: 121
[info] position not increasing, failed cnt: 122
[info] position not increasing, failed cnt: 123
[info] position not increasing, failed cnt: 124
[info] position not increasing, failed cnt: 125
[info] position not increasing, failed cnt: 126
[info] position not increasing, failed cnt: 127
[info] position not increasing, failed cnt: 128
[FATAL] model stuck, exiting ...
-- generated events: 864
-- time elapsed: 4.46 secs
-- generated events: 217
-- time elapsed: 0.83 secs
7jDM04sebBiBcWysWcvSFx lyrics_all S2 ok=True fail=None 35.64s
-- generated events: 798
-- time elapsed: 4.32 secs
-- generated events: 504
-- time elapsed: 29.13 secs
7omMiE6h9Js24Cr22A0Fbv orig S2 ok=True fail=None 33.55s
[info] position not increasing, failed cnt: 1
[info] position not increasing, failed cnt: 2
[info] position not increasing, failed cnt: 3
[info] position not increasing, failed cnt: 4
[info] position not increasing, failed cnt: 5
[info] position not increasing, failed cnt: 6
[info] position not increasing, failed cnt: 7
[info] position not increasing, failed cnt: 8
[info] position not increasing, failed cnt: 9
[info] position not increasing, failed cnt: 10
[info] position not increasing, failed cnt: 11
[info] position not increasing, failed cnt: 12
[info] position not increasing, failed cnt: 13
[info] position not increasing, failed cnt: 14
[info] position not increasing, failed cnt: 15
[info] position not increasing, failed cnt: 16
[info] position not increasing, failed cnt: 17
[info] position not increasing, failed cnt: 18
[info] position not increasing, failed cnt: 19
[info] position not increasing, failed cnt: 20
[info] position not increasing, failed cnt: 21
[info] position not increasing, failed cnt: 22
[info] position not increasing, failed cnt: 23
[info] position not increasing, failed cnt: 24
[info] position not increasing, failed cnt: 25
[info] position not increasing, failed cnt: 26
[info] position not increasing, failed cnt: 27
[info] position not increasing, failed cnt: 28
[info] position not increasing, failed cnt: 29
[info] position not increasing, failed cnt: 30
[info] position not increasing, failed cnt: 31
[info] position not increasing, failed cnt: 32
[info] position not increasing, failed cnt: 33
[info] position not increasing, failed cnt: 34
[info] position not increasing, failed cnt: 35
[info] position not increasing, failed cnt: 36
[info] position not increasing, failed cnt: 37
[info] position not increasing, failed cnt: 38
[info] position not increasing, failed cnt: 39
[info] position not increasing, failed cnt: 40
[info] position not increasing, failed cnt: 41
[info] position not increasing, failed cnt: 42
[info] position not increasing, failed cnt: 43
[info] position not increasing, failed cnt: 44
[info] position not increasing, failed cnt: 45
[info] position not increasing, failed cnt: 46
[info] position not increasing, failed cnt: 47
[info] position not increasing, failed cnt: 48
[info] position not increasing, failed cnt: 49
[info] position not increasing, failed cnt: 50
[info] position not increasing, failed cnt: 51
[info] position not increasing, failed cnt: 52
[info] position not increasing, failed cnt: 53
[info] position not increasing, failed cnt: 54
[info] position not increasing, failed cnt: 55
[info] position not increasing, failed cnt: 56
[info] position not increasing, failed cnt: 57
[info] position not increasing, failed cnt: 58
[info] position not increasing, failed cnt: 59
[info] position not increasing, failed cnt: 60
[info] position not increasing, failed cnt: 61
[info] position not increasing, failed cnt: 62
[info] position not increasing, failed cnt: 63
[info] position not increasing, failed cnt: 64
[info] position not increasing, failed cnt: 65
[info] position not increasing, failed cnt: 66
[info] position not increasing, failed cnt: 67
[info] position not increasing, failed cnt: 68
[info] position not increasing, failed cnt: 69
[info] position not increasing, failed cnt: 70
[info] position not increasing, failed cnt: 71
[info] position not increasing, failed cnt: 72
[info] position not increasing, failed cnt: 73
[info] position not increasing, failed cnt: 74
[info] position not increasing, failed cnt: 75
[info] position not increasing, failed cnt: 76
[info] position not increasing, failed cnt: 77
[info] position not increasing, failed cnt: 78
[info] position not increasing, failed cnt: 79
[info] position not increasing, failed cnt: 80
[info] position not increasing, failed cnt: 81
[info] position not increasing, failed cnt: 82
[info] position not increasing, failed cnt: 83
[info] position not increasing, failed cnt: 84
[info] position not increasing, failed cnt: 85
[info] position not increasing, failed cnt: 86
[info] position not increasing, failed cnt: 87
[info] position not increasing, failed cnt: 88
[info] position not increasing, failed cnt: 89
[info] position not increasing, failed cnt: 90
[info] position not increasing, failed cnt: 91
[info] position not increasing, failed cnt: 92
[info] position not increasing, failed cnt: 93
[info] position not increasing, failed cnt: 94
[info] position not increasing, failed cnt: 95
[info] position not increasing, failed cnt: 96
[info] position not increasing, failed cnt: 97
[info] position not increasing, failed cnt: 98
[info] position not increasing, failed cnt: 99
[info] position not increasing, failed cnt: 100
[info] position not increasing, failed cnt: 101
[info] position not increasing, failed cnt: 102
[info] position not increasing, failed cnt: 103
[info] position not increasing, failed cnt: 104
[info] position not increasing, failed cnt: 105
[info] position not increasing, failed cnt: 106
[info] position not increasing, failed cnt: 107
[info] position not increasing, failed cnt: 108
[info] position not increasing, failed cnt: 109
[info] position not increasing, failed cnt: 110
[info] position not increasing, failed cnt: 111
[info] position not increasing, failed cnt: 112
[info] position not increasing, failed cnt: 113
[info] position not increasing, failed cnt: 114
[info] position not increasing, failed cnt: 115
[info] position not increasing, failed cnt: 116
[info] position not increasing, failed cnt: 117
[info] position not increasing, failed cnt: 118
[info] position not increasing, failed cnt: 119
[info] position not increasing, failed cnt: 120
[info] position not increasing, failed cnt: 121
[info] position not increasing, failed cnt: 122
[info] position not increasing, failed cnt: 123
[info] position not increasing, failed cnt: 124
[info] position not increasing, failed cnt: 125
[info] position not increasing, failed cnt: 126
[info] position not increasing, failed cnt: 127
[info] position not increasing, failed cnt: 128
[FATAL] model stuck, exiting ...
[info] position not increasing, failed cnt: 1
[info] position not increasing, failed cnt: 2
[info] error EOS occurs, failed eos: 1
[info] error EOS occurs, failed eos: 2
[info] position not increasing, failed cnt: 1
[info] error EOS occurs, failed eos: 3
[info] error EOS occurs, failed eos: 4
[info] error EOS occurs, failed eos: 5
[info] error EOS occurs, failed eos: 6
[info] error EOS occurs, failed eos: 7
[info] error EOS occurs, failed eos: 8
[info] error EOS occurs, failed eos: 9
[info] position not increasing, failed cnt: 2
[info] error EOS occurs, failed eos: 10
[info] error EOS occurs, failed eos: 11
[info] error EOS occurs, failed eos: 12
[info] position not increasing, failed cnt: 3
[info] error EOS occurs, failed eos: 13
[info] error EOS occurs, failed eos: 14
[info] error EOS occurs, failed eos: 15
[info] error EOS occurs, failed eos: 16
[info] error EOS occurs, failed eos: 17
[info] error EOS occurs, failed eos: 18
[info] position not increasing, failed cnt: 4
[info] error EOS occurs, failed eos: 19
[info] error EOS occurs, failed eos: 20
[info] error EOS occurs, failed eos: 21
[info] error EOS occurs, failed eos: 22
[info] error EOS occurs, failed eos: 23
[info] position not increasing, failed cnt: 5
[info] error EOS occurs, failed eos: 24
[info] error EOS occurs, failed eos: 25
[info] error EOS occurs, failed eos: 26
[info] position not increasing, failed cnt: 6
[info] position not increasing, failed cnt: 7
[info] error EOS occurs, failed eos: 27
[info] error EOS occurs, failed eos: 28
[info] error EOS occurs, failed eos: 29
[info] error EOS occurs, failed eos: 30
[info] position not increasing, failed cnt: 8
[info] error EOS occurs, failed eos: 31
[info] error EOS occurs, failed eos: 32
[info] error EOS occurs, failed eos: 33
[info] error EOS occurs, failed eos: 34
[info] position not increasing, failed cnt: 9
[info] position not increasing, failed cnt: 10
[info] error EOS occurs, failed eos: 35
[info] error EOS occurs, failed eos: 36
[info] error EOS occurs, failed eos: 37
[info] position not increasing, failed cnt: 11
[info] error EOS occurs, failed eos: 38
[info] error EOS occurs, failed eos: 39
[info] error EOS occurs, failed eos: 40
[info] error EOS occurs, failed eos: 41
[info] error EOS occurs, failed eos: 42
[info] error EOS occurs, failed eos: 43
[info] error EOS occurs, failed eos: 44
[info] position not increasing, failed cnt: 12
[info] error EOS occurs, failed eos: 45
[info] position not increasing, failed cnt: 13
[info] error EOS occurs, failed eos: 46
[info] error EOS occurs, failed eos: 47
[info] error EOS occurs, failed eos: 48
[info] position not increasing, failed cnt: 14
[info] error EOS occurs, failed eos: 49
[info] error EOS occurs, failed eos: 50
[info] error EOS occurs, failed eos: 51
[info] position not increasing, failed cnt: 15
[info] error EOS occurs, failed eos: 52
[info] error EOS occurs, failed eos: 53
[info] position not increasing, failed cnt: 16
[info] error EOS occurs, failed eos: 54
[info] position not increasing, failed cnt: 17
[info] error EOS occurs, failed eos: 55
[info] error EOS occurs, failed eos: 56
[info] error EOS occurs, failed eos: 57
[info] error EOS occurs, failed eos: 58
[info] error EOS occurs, failed eos: 59
[info] error EOS occurs, failed eos: 60
[info] error EOS occurs, failed eos: 61
[info] position not increasing, failed cnt: 18
[info] error EOS occurs, failed eos: 62
[info] error EOS occurs, failed eos: 63
[info] position not increasing, failed cnt: 19
[info] error EOS occurs, failed eos: 64
[info] error EOS occurs, failed eos: 65
[info] error EOS occurs, failed eos: 66
[info] error EOS occurs, failed eos: 67
[info] error EOS occurs, failed eos: 68
[info] error EOS occurs, failed eos: 69
[info] position not increasing, failed cnt: 20
[info] position not increasing, failed cnt: 21
[info] error EOS occurs, failed eos: 70
[info] error EOS occurs, failed eos: 71
[info] error EOS occurs, failed eos: 72
[info] error EOS occurs, failed eos: 73
[info] error EOS occurs, failed eos: 74
[info] error EOS occurs, failed eos: 75
[info] error EOS occurs, failed eos: 76
[info] error EOS occurs, failed eos: 77
[info] error EOS occurs, failed eos: 78
[info] error EOS occurs, failed eos: 79
[info] error EOS occurs, failed eos: 80
[info] error EOS occurs, failed eos: 81
[info] error EOS occurs, failed eos: 82
[info] error EOS occurs, failed eos: 83
[info] position not increasing, failed cnt: 22
[info] error EOS occurs, failed eos: 84
[info] error EOS occurs, failed eos: 85
[info] error EOS occurs, failed eos: 86
[info] error EOS occurs, failed eos: 87
[info] error EOS occurs, failed eos: 88
[info] error EOS occurs, failed eos: 89
[info] error EOS occurs, failed eos: 90
[info] error EOS occurs, failed eos: 91
[info] error EOS occurs, failed eos: 92
[info] error EOS occurs, failed eos: 93
[info] error EOS occurs, failed eos: 94
[info] position not increasing, failed cnt: 23
[info] error EOS occurs, failed eos: 95
[info] error EOS occurs, failed eos: 96
[info] position not increasing, failed cnt: 24
[info] error EOS occurs, failed eos: 97
[info] error EOS occurs, failed eos: 98
[info] position not increasing, failed cnt: 25
[info] position not increasing, failed cnt: 26
[info] error EOS occurs, failed eos: 99
[info] error EOS occurs, failed eos: 100
[info] error EOS occurs, failed eos: 101
[info] error EOS occurs, failed eos: 102
[info] position not increasing, failed cnt: 27
[info] error EOS occurs, failed eos: 103
[info] error EOS occurs, failed eos: 104
[info] position not increasing, failed cnt: 28
[info] error EOS occurs, failed eos: 105
[info] position not increasing, failed cnt: 29
[info] error EOS occurs, failed eos: 106
[info] error EOS occurs, failed eos: 107
[info] error EOS occurs, failed eos: 108
[info] error EOS occurs, failed eos: 109
[info] error EOS occurs, failed eos: 110
[info] position not increasing, failed cnt: 30
[info] position not increasing, failed cnt: 31
[info] position not increasing, failed cnt: 32
[info] error EOS occurs, failed eos: 111
[info] position not increasing, failed cnt: 33
[info] position not increasing, failed cnt: 34
[info] error EOS occurs, failed eos: 112
[info] error EOS occurs, failed eos: 113
[info] error EOS occurs, failed eos: 114
[info] position not increasing, failed cnt: 35
[info] error EOS occurs, failed eos: 115
[info] error EOS occurs, failed eos: 116
[info] error EOS occurs, failed eos: 117
[info] error EOS occurs, failed eos: 118
[info] position not increasing, failed cnt: 36
[info] position not increasing, failed cnt: 37
[info] error EOS occurs, failed eos: 119
[info] error EOS occurs, failed eos: 120
[info] error EOS occurs, failed eos: 121
[info] error EOS occurs, failed eos: 122
[info] error EOS occurs, failed eos: 123
[info] error EOS occurs, failed eos: 124
[info] error EOS occurs, failed eos: 125
[info] error EOS occurs, failed eos: 126
[info] position not increasing, failed cnt: 38
[info] error EOS occurs, failed eos: 127
[info] error EOS occurs, failed eos: 128
[FATAL] model stuck, eos error ...
-- generated events: 915
-- time elapsed: 4.87 secs
-- generated events: 28
-- time elapsed: 0.10 secs
7ozbJ4EX6Ps7AqVpZ2sDnT lyrics_all S2 ok=True fail=None 45.19s
[info] position not increasing, failed cnt: 1
[info] position not increasing, failed cnt: 2
[info] position not increasing, failed cnt: 3
[info] position not increasing, failed cnt: 4
[info] position not increasing, failed cnt: 1
[info] position not increasing, failed cnt: 2
[info] position not increasing, failed cnt: 3
[info] position not increasing, failed cnt: 1
-- generated events: 1119
-- time elapsed: 6.99 secs
-- generated events: 340
-- time elapsed: 1.35 secs
7qDiugtLVz4njwHDGCfdB5 orig S2 ok=True fail=None 8.42s
-- generated events: 602
-- time elapsed: 2.61 secs
-- generated events: 576
-- time elapsed: 2.47 secs
7urNxXDmuL6xVKEOoEY41E lyrics_all S2 ok=True fail=None 5.18s
-- generated events: 1029
-- time elapsed: 5.88 secs
-- generated events: 427
-- time elapsed: 1.73 secs
7ya27A8QscYolruZhE2dAy orig S2 ok=True fail=None 7.7s
[info] position not increasing, failed cnt: 1
-- generated events: 834
-- time elapsed: 4.17 secs
-- generated events: 209
-- time elapsed: 0.79 secs
7zvq0c9K75w1mijevp7GPQ lyrics_all S2 ok=True fail=None 5.05s
CSL_INFER_DONE
end=2026-09-29T11:20:42-07:00 GPU_OK
